<?xml version="1.0" encoding="UTF-8" standalone="no"?>
<!DOCTYPE log SYSTEM "logger.dtd">
<log>
<record>
  <date>2025-02-04T13:20:02.676010300Z</date>
  <millis>1738675202676</millis>
  <nanos>10300</nanos>
  <sequence>0</sequence>
  <level>START</level>
  <class>com.kms.katalon.core.logging.XmlKeywordLogger</class>
  <method>startSuite</method>
  <thread>1</thread>
  <message>Start Test Suite : Test Suites/Positive Cases</message>
  <nestedLevel>0</nestedLevel>
  <escapedJava>false</escapedJava>
  <property name="rerunTestFailImmediately">true</property>
  <property name="retryCount">3</property>
  <property name="name">Positive Cases</property>
  <property name="description"></property>
  <property name="id">Test Suites/Positive Cases</property>
</record>
<record>
  <date>2025-02-04T13:20:02.690366800Z</date>
  <millis>1738675202690</millis>
  <nanos>366800</nanos>
  <sequence>1</sequence>
  <level>RUN_DATA</level>
  <class>com.kms.katalon.core.logging.XmlKeywordLogger</class>
  <method>logMessage</method>
  <thread>1</thread>
  <message>hostName = ACER - LAPTOP-5GQHVTHK</message>
  <nestedLevel>0</nestedLevel>
  <escapedJava>false</escapedJava>
  <property name="hostName">ACER - LAPTOP-5GQHVTHK</property>
</record>
<record>
  <date>2025-02-04T13:20:02.691370800Z</date>
  <millis>1738675202691</millis>
  <nanos>370800</nanos>
  <sequence>2</sequence>
  <level>RUN_DATA</level>
  <class>com.kms.katalon.core.logging.XmlKeywordLogger</class>
  <method>logMessage</method>
  <thread>1</thread>
  <message>os = Windows 11 64bit</message>
  <nestedLevel>0</nestedLevel>
  <escapedJava>false</escapedJava>
  <property name="os">Windows 11 64bit</property>
</record>
<record>
  <date>2025-02-04T13:20:02.692368500Z</date>
  <millis>1738675202692</millis>
  <nanos>368500</nanos>
  <sequence>3</sequence>
  <level>RUN_DATA</level>
  <class>com.kms.katalon.core.logging.XmlKeywordLogger</class>
  <method>logMessage</method>
  <thread>1</thread>
  <message>hostAddress = 192.168.0.101</message>
  <nestedLevel>0</nestedLevel>
  <escapedJava>false</escapedJava>
  <property name="hostAddress">192.168.0.101</property>
</record>
<record>
  <date>2025-02-04T13:20:02.692368500Z</date>
  <millis>1738675202692</millis>
  <nanos>368500</nanos>
  <sequence>4</sequence>
  <level>RUN_DATA</level>
  <class>com.kms.katalon.core.logging.XmlKeywordLogger</class>
  <method>logMessage</method>
  <thread>1</thread>
  <message>katalonVersion = 9.7.4.223</message>
  <nestedLevel>0</nestedLevel>
  <escapedJava>false</escapedJava>
  <property name="katalonVersion">9.7.4.223</property>
</record>
<record>
  <date>2025-02-04T13:20:02.835900800Z</date>
  <millis>1738675202835</millis>
  <nanos>900800</nanos>
  <sequence>5</sequence>
  <level>START</level>
  <class>com.kms.katalon.core.logging.XmlKeywordLogger</class>
  <method>startTest</method>
  <thread>1</thread>
  <message>Start Test Case : Test Cases/Positive Cases - Add to Cart - Is Equal to 3 Items</message>
  <nestedLevel>1</nestedLevel>
  <escapedJava>false</escapedJava>
  <property name="remainingRetryCount">3</property>
  <property name="name">Test Cases/Positive Cases - Add to Cart - Is Equal to 3 Items</property>
  <property name="description"></property>
  <property name="iteration"></property>
  <property name="id">Test Cases/Positive Cases - Add to Cart - Is Equal to 3 Items</property>
  <property name="source">C:\Users\ACER\git\KatalonGitSwagLabsNew\Test Cases\Positive Cases - Add to Cart - Is Equal to 3 Items.tc</property>
  <property name="tag"></property>
  <property name="isOptional">false</property>
  <property name="currentRetryCount">0</property>
</record>
<record>
  <date>2025-02-04T13:20:03.061855200Z</date>
  <millis>1738675203061</millis>
  <nanos>855200</nanos>
  <sequence>7</sequence>
  <level>START</level>
  <class>com.kms.katalon.core.logging.XmlKeywordLogger</class>
  <method>startKeyword</method>
  <thread>1</thread>
  <message>Start action : openBrowser(&amp;quot;&amp;quot;)</message>
  <nestedLevel>1</nestedLevel>
  <escapedJava>false</escapedJava>
  <property name="startLine">20</property>
  <property name="stepIndex">1</property>
</record>
<record>
  <date>2025-02-04T13:20:03.298879Z</date>
  <millis>1738675203298</millis>
  <nanos>879000</nanos>
  <sequence>9</sequence>
  <level>INFO</level>
  <class>com.kms.katalon.core.logging.XmlKeywordLogger</class>
  <method>logMessage</method>
  <thread>1</thread>
  <message>Starting &amp;apos;Chrome&amp;apos; driver</message>
  <nestedLevel>1</nestedLevel>
  <escapedJava>false</escapedJava>
</record>
<record>
  <date>2025-02-04T13:20:03.340833400Z</date>
  <millis>1738675203340</millis>
  <nanos>833400</nanos>
  <sequence>11</sequence>
  <level>INFO</level>
  <class>com.kms.katalon.core.logging.XmlKeywordLogger</class>
  <method>logMessage</method>
  <thread>1</thread>
  <message>Action delay is set to 0 milliseconds</message>
  <nestedLevel>1</nestedLevel>
  <escapedJava>false</escapedJava>
</record>
<record>
  <date>2025-02-04T13:20:05.748337Z</date>
  <millis>1738675205748</millis>
  <nanos>337000</nanos>
  <sequence>13</sequence>
  <level>RUN_DATA</level>
  <class>com.kms.katalon.core.logging.XmlKeywordLogger</class>
  <method>logMessage</method>
  <thread>1</thread>
  <message>sessionId = fe4543c9331bc2f21db62b9aa27c1014</message>
  <nestedLevel>1</nestedLevel>
  <escapedJava>false</escapedJava>
  <property name="sessionId">fe4543c9331bc2f21db62b9aa27c1014</property>
</record>
<record>
  <date>2025-02-04T13:20:05.786624400Z</date>
  <millis>1738675205786</millis>
  <nanos>624400</nanos>
  <sequence>14</sequence>
  <level>RUN_DATA</level>
  <class>com.kms.katalon.core.logging.XmlKeywordLogger</class>
  <method>logMessage</method>
  <thread>1</thread>
  <message>browser = Chrome 132.0.0.0</message>
  <nestedLevel>1</nestedLevel>
  <escapedJava>false</escapedJava>
  <property name="browser">Chrome 132.0.0.0</property>
</record>
<record>
  <date>2025-02-04T13:20:05.787887600Z</date>
  <millis>1738675205787</millis>
  <nanos>887600</nanos>
  <sequence>15</sequence>
  <level>RUN_DATA</level>
  <class>com.kms.katalon.core.logging.XmlKeywordLogger</class>
  <method>logMessage</method>
  <thread>1</thread>
  <message>platform = Windows 11</message>
  <nestedLevel>1</nestedLevel>
  <escapedJava>false</escapedJava>
  <property name="platform">Windows 11</property>
</record>
<record>
  <date>2025-02-04T13:20:05.788897700Z</date>
  <millis>1738675205788</millis>
  <nanos>897700</nanos>
  <sequence>16</sequence>
  <level>RUN_DATA</level>
  <class>com.kms.katalon.core.logging.XmlKeywordLogger</class>
  <method>logMessage</method>
  <thread>1</thread>
  <message>seleniumVersion = 3.141.59</message>
  <nestedLevel>1</nestedLevel>
  <escapedJava>false</escapedJava>
  <property name="seleniumVersion">3.141.59</property>
</record>
<record>
  <date>2025-02-04T13:20:05.789899400Z</date>
  <millis>1738675205789</millis>
  <nanos>899400</nanos>
  <sequence>17</sequence>
  <level>RUN_DATA</level>
  <class>com.kms.katalon.core.logging.XmlKeywordLogger</class>
  <method>logMessage</method>
  <thread>1</thread>
  <message>proxyInformation = ProxyInformation { proxyOption=NO_PROXY, proxyServerType=HTTP, username=, password=********, proxyServerAddress=, proxyServerPort=0, executionList=&amp;quot;&amp;quot;, isApplyToDesiredCapabilities=true }</message>
  <nestedLevel>1</nestedLevel>
  <escapedJava>false</escapedJava>
  <property name="proxyInformation">ProxyInformation { proxyOption=NO_PROXY, proxyServerType=HTTP, username=, password=********, proxyServerAddress=, proxyServerPort=0, executionList=&quot;&quot;, isApplyToDesiredCapabilities=true }</property>
</record>
<record>
  <date>2025-02-04T13:20:05.811686100Z</date>
  <millis>1738675205811</millis>
  <nanos>686100</nanos>
  <sequence>18</sequence>
  <level>PASSED</level>
  <class>com.kms.katalon.core.logging.XmlKeywordLogger</class>
  <method>logMessage</method>
  <thread>1</thread>
  <message>Browser is opened with url: &amp;apos;&amp;apos;</message>
  <nestedLevel>1</nestedLevel>
  <escapedJava>false</escapedJava>
  <property name="testops-method-name">com.kms.katalon.core.webui.keyword.builtin.OpenBrowserKeyword.openBrowser</property>
  <property name="testops-execution-stacktrace"></property>
</record>
<record>
  <date>2025-02-04T13:20:05.815187700Z</date>
  <millis>1738675205815</millis>
  <nanos>187700</nanos>
  <sequence>19</sequence>
  <level>END</level>
  <class>com.kms.katalon.core.logging.XmlKeywordLogger</class>
  <method>endKeyword</method>
  <thread>1</thread>
  <message>End action : openBrowser(&amp;quot;&amp;quot;)</message>
  <nestedLevel>1</nestedLevel>
  <escapedJava>false</escapedJava>
</record>
<record>
  <date>2025-02-04T13:20:05.817179Z</date>
  <millis>1738675205817</millis>
  <nanos>179000</nanos>
  <sequence>20</sequence>
  <level>START</level>
  <class>com.kms.katalon.core.logging.XmlKeywordLogger</class>
  <method>startKeyword</method>
  <thread>1</thread>
  <message>Start action : navigateToUrl(&amp;quot;https://www.saucedemo.com/&amp;quot;)</message>
  <nestedLevel>1</nestedLevel>
  <escapedJava>false</escapedJava>
  <property name="startLine">22</property>
  <property name="stepIndex">2</property>
</record>
<record>
  <date>2025-02-04T13:20:06.943104300Z</date>
  <millis>1738675206943</millis>
  <nanos>104300</nanos>
  <sequence>23</sequence>
  <level>PASSED</level>
  <class>com.kms.katalon.core.logging.XmlKeywordLogger</class>
  <method>logMessage</method>
  <thread>1</thread>
  <message>Navigate to &amp;apos;https://www.saucedemo.com/&amp;apos; successfully</message>
  <nestedLevel>1</nestedLevel>
  <escapedJava>false</escapedJava>
  <property name="testops-method-name">com.kms.katalon.core.webui.keyword.builtin.NavigateToUrlKeyword.navigateToUrl</property>
  <property name="testops-execution-stacktrace"></property>
</record>
<record>
  <date>2025-02-04T13:20:06.947087500Z</date>
  <millis>1738675206947</millis>
  <nanos>87500</nanos>
  <sequence>24</sequence>
  <level>END</level>
  <class>com.kms.katalon.core.logging.XmlKeywordLogger</class>
  <method>endKeyword</method>
  <thread>1</thread>
  <message>End action : navigateToUrl(&amp;quot;https://www.saucedemo.com/&amp;quot;)</message>
  <nestedLevel>1</nestedLevel>
  <escapedJava>false</escapedJava>
</record>
<record>
  <date>2025-02-04T13:20:06.948084600Z</date>
  <millis>1738675206948</millis>
  <nanos>84600</nanos>
  <sequence>25</sequence>
  <level>START</level>
  <class>com.kms.katalon.core.logging.XmlKeywordLogger</class>
  <method>startKeyword</method>
  <thread>1</thread>
  <message>Start action : setText(findTestObject(&amp;quot;Page_Swag Labs/input_Swag Labs_user-name&amp;quot;), Username1)</message>
  <nestedLevel>1</nestedLevel>
  <escapedJava>false</escapedJava>
  <property name="startLine">24</property>
  <property name="stepIndex">3</property>
</record>
<record>
  <date>2025-02-04T13:20:07.384929100Z</date>
  <millis>1738675207384</millis>
  <nanos>929100</nanos>
  <sequence>32</sequence>
  <level>FAILED</level>
  <class>com.kms.katalon.core.logging.XmlKeywordLogger</class>
  <method>logMessage</method>
  <thread>1</thread>
  <message>Unable to set text &amp;apos;null&amp;apos; of object &amp;apos;Object Repository/Page_Swag Labs/input_Swag Labs_user-name&amp;apos; (Root cause: com.kms.katalon.core.exception.StepFailedException: Unable to set text &amp;apos;null&amp;apos; of object &amp;apos;Object Repository/Page_Swag Labs/input_Swag Labs_user-name&amp;apos;
	at com.kms.katalon.core.webui.keyword.internal.WebUIKeywordMain.stepFailed(WebUIKeywordMain.groovy:117)
	at com.kms.katalon.core.webui.keyword.internal.WebUIKeywordMain.runKeyword(WebUIKeywordMain.groovy:43)
	at com.kms.katalon.core.webui.keyword.builtin.SetTextKeyword.setText(SetTextKeyword.groovy:85)
	at com.kms.katalon.core.webui.keyword.builtin.SetTextKeyword.execute(SetTextKeyword.groovy:39)
	at com.kms.katalon.core.keyword.internal.KeywordExecutor.executeKeywordForPlatform(KeywordExecutor.groovy:74)
	at com.kms.katalon.core.webui.keyword.WebUiBuiltInKeywords.setText(WebUiBuiltInKeywords.groovy:1019)
	at Positive Cases - Add to Cart - Is Equal to 3 Items.run(Positive Cases - Add to Cart - Is Equal to 3 Items:24)
	at com.kms.katalon.core.main.ScriptEngine.run(ScriptEngine.java:194)
	at com.kms.katalon.core.main.ScriptEngine.runScriptAsRawText(ScriptEngine.java:119)
	at com.kms.katalon.core.main.TestCaseExecutor.runScript(TestCaseExecutor.java:448)
	at com.kms.katalon.core.main.TestCaseExecutor.doExecute(TestCaseExecutor.java:439)
	at com.kms.katalon.core.main.TestCaseExecutor.processExecutionPhase(TestCaseExecutor.java:418)
	at com.kms.katalon.core.main.TestCaseExecutor.accessMainPhase(TestCaseExecutor.java:410)
	at com.kms.katalon.core.main.TestCaseExecutor.execute(TestCaseExecutor.java:285)
	at com.kms.katalon.core.common.CommonExecutor.accessTestCaseMainPhase(CommonExecutor.java:65)
	at com.kms.katalon.core.main.TestSuiteExecutor.accessTestSuiteMainPhase(TestSuiteExecutor.java:150)
	at com.kms.katalon.core.main.TestSuiteExecutor.execute(TestSuiteExecutor.java:106)
	at com.kms.katalon.core.main.TestCaseMain.startTestSuite(TestCaseMain.java:180)
	at TempTestSuite1738675195040.run(TempTestSuite1738675195040.groovy:35)
	at java.base/jdk.internal.reflect.NativeMethodAccessorImpl.invoke0(Native Method)
	at java.base/jdk.internal.reflect.NativeMethodAccessorImpl.invoke(NativeMethodAccessorImpl.java:77)
	at java.base/jdk.internal.reflect.DelegatingMethodAccessorImpl.invoke(DelegatingMethodAccessorImpl.java:43)
Caused by: java.lang.IllegalArgumentException: Text is null
	at com.kms.katalon.core.webui.keyword.builtin.SetTextKeyword$_setText_closure1.doCall(SetTextKeyword.groovy:50)
	at com.kms.katalon.core.webui.keyword.builtin.SetTextKeyword$_setText_closure1.call(SetTextKeyword.groovy)
	at com.kms.katalon.core.webui.keyword.internal.WebUIKeywordMain.runKeyword(WebUIKeywordMain.groovy:35)
	at com.kms.katalon.core.webui.keyword.builtin.SetTextKeyword.setText(SetTextKeyword.groovy:85)
	at com.kms.katalon.core.webui.keyword.builtin.SetTextKeyword.execute(SetTextKeyword.groovy:39)
	at com.kms.katalon.core.keyword.internal.KeywordExecutor.executeKeywordForPlatform(KeywordExecutor.groovy:74)
	at com.kms.katalon.core.webui.keyword.WebUiBuiltInKeywords.setText(WebUiBuiltInKeywords.groovy:1019)
	at Script1737430890614.run(Script1737430890614.groovy:24)
	... 15 more
)</message>
  <nestedLevel>1</nestedLevel>
  <escapedJava>false</escapedJava>
  <property name="failed.exception.class">java.lang.IllegalArgumentException</property>
  <property name="attachment">1738675207226.png</property>
  <property name="failed.exception.stacktrace">java.lang.IllegalArgumentException: Text is null
	at com.kms.katalon.core.webui.keyword.builtin.SetTextKeyword$_setText_closure1.doCall(SetTextKeyword.groovy:50)
	at com.kms.katalon.core.webui.keyword.builtin.SetTextKeyword$_setText_closure1.call(SetTextKeyword.groovy)
	at com.kms.katalon.core.webui.keyword.internal.WebUIKeywordMain.runKeyword(WebUIKeywordMain.groovy:35)
	at com.kms.katalon.core.webui.keyword.builtin.SetTextKeyword.setText(SetTextKeyword.groovy:85)
	at com.kms.katalon.core.webui.keyword.builtin.SetTextKeyword.execute(SetTextKeyword.groovy:39)
	at com.kms.katalon.core.keyword.internal.KeywordExecutor.executeKeywordForPlatform(KeywordExecutor.groovy:74)
	at com.kms.katalon.core.webui.keyword.WebUiBuiltInKeywords.setText(WebUiBuiltInKeywords.groovy:1019)
	at Positive Cases - Add to Cart - Is Equal to 3 Items.run(Positive Cases - Add to Cart - Is Equal to 3 Items:24)
	at com.kms.katalon.core.main.ScriptEngine.run(ScriptEngine.java:194)
	at com.kms.katalon.core.main.ScriptEngine.runScriptAsRawText(ScriptEngine.java:119)
	at com.kms.katalon.core.main.TestCaseExecutor.runScript(TestCaseExecutor.java:448)
	at com.kms.katalon.core.main.TestCaseExecutor.doExecute(TestCaseExecutor.java:439)
	at com.kms.katalon.core.main.TestCaseExecutor.processExecutionPhase(TestCaseExecutor.java:418)
	at com.kms.katalon.core.main.TestCaseExecutor.accessMainPhase(TestCaseExecutor.java:410)
	at com.kms.katalon.core.main.TestCaseExecutor.execute(TestCaseExecutor.java:285)
	at com.kms.katalon.core.common.CommonExecutor.accessTestCaseMainPhase(CommonExecutor.java:65)
	at com.kms.katalon.core.main.TestSuiteExecutor.accessTestSuiteMainPhase(TestSuiteExecutor.java:150)
	at com.kms.katalon.core.main.TestSuiteExecutor.execute(TestSuiteExecutor.java:106)
	at com.kms.katalon.core.main.TestCaseMain.startTestSuite(TestCaseMain.java:180)
	at TempTestSuite1738675195040.run(TempTestSuite1738675195040.groovy:35)
	at java.base/jdk.internal.reflect.NativeMethodAccessorImpl.invoke0(Native Method)
	at java.base/jdk.internal.reflect.NativeMethodAccessorImpl.invoke(NativeMethodAccessorImpl.java:77)
	at java.base/jdk.internal.reflect.DelegatingMethodAccessorImpl.invoke(DelegatingMethodAccessorImpl.java:43)
</property>
  <property name="failed.exception.message">Text is null</property>
</record>
<record>
  <date>2025-02-04T13:20:07.388930900Z</date>
  <millis>1738675207388</millis>
  <nanos>930900</nanos>
  <sequence>35</sequence>
  <level>END</level>
  <class>com.kms.katalon.core.logging.XmlKeywordLogger</class>
  <method>endKeyword</method>
  <thread>1</thread>
  <message>End action : setText(findTestObject(&amp;quot;Page_Swag Labs/input_Swag Labs_user-name&amp;quot;), Username1)</message>
  <nestedLevel>1</nestedLevel>
  <escapedJava>false</escapedJava>
</record>
<record>
  <date>2025-02-04T13:20:07.391931600Z</date>
  <millis>1738675207391</millis>
  <nanos>931600</nanos>
  <sequence>38</sequence>
  <level>FAILED</level>
  <class>com.kms.katalon.core.logging.XmlKeywordLogger</class>
  <method>logMessage</method>
  <thread>1</thread>
  <message>Test Cases/Positive Cases - Add to Cart - Is Equal to 3 Items FAILED.
Reason:
com.kms.katalon.core.exception.StepFailedException: Unable to set text &amp;apos;null&amp;apos; of object &amp;apos;Object Repository/Page_Swag Labs/input_Swag Labs_user-name&amp;apos;
	at com.kms.katalon.core.webui.keyword.internal.WebUIKeywordMain.stepFailed(WebUIKeywordMain.groovy:117)
	at com.kms.katalon.core.webui.keyword.internal.WebUIKeywordMain.runKeyword(WebUIKeywordMain.groovy:43)
	at com.kms.katalon.core.webui.keyword.builtin.SetTextKeyword.setText(SetTextKeyword.groovy:85)
	at com.kms.katalon.core.webui.keyword.builtin.SetTextKeyword.execute(SetTextKeyword.groovy:39)
	at com.kms.katalon.core.keyword.internal.KeywordExecutor.executeKeywordForPlatform(KeywordExecutor.groovy:74)
	at com.kms.katalon.core.webui.keyword.WebUiBuiltInKeywords.setText(WebUiBuiltInKeywords.groovy:1019)
	at Positive Cases - Add to Cart - Is Equal to 3 Items.run(Positive Cases - Add to Cart - Is Equal to 3 Items:24)
	at com.kms.katalon.core.main.ScriptEngine.run(ScriptEngine.java:194)
	at com.kms.katalon.core.main.ScriptEngine.runScriptAsRawText(ScriptEngine.java:119)
	at com.kms.katalon.core.main.TestCaseExecutor.runScript(TestCaseExecutor.java:448)
	at com.kms.katalon.core.main.TestCaseExecutor.doExecute(TestCaseExecutor.java:439)
	at com.kms.katalon.core.main.TestCaseExecutor.processExecutionPhase(TestCaseExecutor.java:418)
	at com.kms.katalon.core.main.TestCaseExecutor.accessMainPhase(TestCaseExecutor.java:410)
	at com.kms.katalon.core.main.TestCaseExecutor.execute(TestCaseExecutor.java:285)
	at com.kms.katalon.core.common.CommonExecutor.accessTestCaseMainPhase(CommonExecutor.java:65)
	at com.kms.katalon.core.main.TestSuiteExecutor.accessTestSuiteMainPhase(TestSuiteExecutor.java:150)
	at com.kms.katalon.core.main.TestSuiteExecutor.execute(TestSuiteExecutor.java:106)
	at com.kms.katalon.core.main.TestCaseMain.startTestSuite(TestCaseMain.java:180)
	at TempTestSuite1738675195040.run(TempTestSuite1738675195040.groovy:35)
	at java.base/jdk.internal.reflect.NativeMethodAccessorImpl.invoke0(Native Method)
	at java.base/jdk.internal.reflect.NativeMethodAccessorImpl.invoke(NativeMethodAccessorImpl.java:77)
	at java.base/jdk.internal.reflect.DelegatingMethodAccessorImpl.invoke(DelegatingMethodAccessorImpl.java:43)
Caused by: java.lang.IllegalArgumentException: Text is null
	at com.kms.katalon.core.webui.keyword.builtin.SetTextKeyword$_setText_closure1.doCall(SetTextKeyword.groovy:50)
	at com.kms.katalon.core.webui.keyword.builtin.SetTextKeyword$_setText_closure1.call(SetTextKeyword.groovy)
	at com.kms.katalon.core.webui.keyword.internal.WebUIKeywordMain.runKeyword(WebUIKeywordMain.groovy:35)
	... 20 more
</message>
  <exception>
    <message>com.kms.katalon.core.exception.StepFailedException: Unable to set text 'null' of object 'Object Repository/Page_Swag Labs/input_Swag Labs_user-name'</message>
    <frame>
      <class>com.kms.katalon.core.webui.keyword.internal.WebUIKeywordMain</class>
      <method>stepFailed</method>
      <line>117</line>
    </frame>
    <frame>
      <class>com.kms.katalon.core.webui.keyword.internal.WebUIKeywordMain</class>
      <method>runKeyword</method>
      <line>43</line>
    </frame>
    <frame>
      <class>com.kms.katalon.core.webui.keyword.builtin.SetTextKeyword</class>
      <method>setText</method>
      <line>85</line>
    </frame>
    <frame>
      <class>com.kms.katalon.core.webui.keyword.builtin.SetTextKeyword</class>
      <method>execute</method>
      <line>39</line>
    </frame>
    <frame>
      <class>com.kms.katalon.core.keyword.internal.KeywordExecutor</class>
      <method>executeKeywordForPlatform</method>
      <line>74</line>
    </frame>
    <frame>
      <class>com.kms.katalon.core.webui.keyword.WebUiBuiltInKeywords</class>
      <method>setText</method>
      <line>1019</line>
    </frame>
    <frame>
      <class>Positive Cases - Add to Cart - Is Equal to 3 Items</class>
      <method>run</method>
      <line>24</line>
    </frame>
    <frame>
      <class>com.kms.katalon.core.main.ScriptEngine</class>
      <method>run</method>
      <line>194</line>
    </frame>
    <frame>
      <class>com.kms.katalon.core.main.ScriptEngine</class>
      <method>runScriptAsRawText</method>
      <line>119</line>
    </frame>
    <frame>
      <class>com.kms.katalon.core.main.TestCaseExecutor</class>
      <method>runScript</method>
      <line>448</line>
    </frame>
    <frame>
      <class>com.kms.katalon.core.main.TestCaseExecutor</class>
      <method>doExecute</method>
      <line>439</line>
    </frame>
    <frame>
      <class>com.kms.katalon.core.main.TestCaseExecutor</class>
      <method>processExecutionPhase</method>
      <line>418</line>
    </frame>
    <frame>
      <class>com.kms.katalon.core.main.TestCaseExecutor</class>
      <method>accessMainPhase</method>
      <line>410</line>
    </frame>
    <frame>
      <class>com.kms.katalon.core.main.TestCaseExecutor</class>
      <method>execute</method>
      <line>285</line>
    </frame>
    <frame>
      <class>com.kms.katalon.core.common.CommonExecutor</class>
      <method>accessTestCaseMainPhase</method>
      <line>65</line>
    </frame>
    <frame>
      <class>com.kms.katalon.core.main.TestSuiteExecutor</class>
      <method>accessTestSuiteMainPhase</method>
      <line>150</line>
    </frame>
    <frame>
      <class>com.kms.katalon.core.main.TestSuiteExecutor</class>
      <method>execute</method>
      <line>106</line>
    </frame>
    <frame>
      <class>com.kms.katalon.core.main.TestCaseMain</class>
      <method>startTestSuite</method>
      <line>180</line>
    </frame>
    <frame>
      <class>TempTestSuite1738675195040</class>
      <method>run</method>
      <line>35</line>
    </frame>
    <frame>
      <class>jdk.internal.reflect.NativeMethodAccessorImpl</class>
      <method>invoke0</method>
    </frame>
    <frame>
      <class>jdk.internal.reflect.NativeMethodAccessorImpl</class>
      <method>invoke</method>
      <line>77</line>
    </frame>
    <frame>
      <class>jdk.internal.reflect.DelegatingMethodAccessorImpl</class>
      <method>invoke</method>
      <line>43</line>
    </frame>
  </exception>
  <nestedLevel>0</nestedLevel>
  <escapedJava>false</escapedJava>
  <property name="failed.exception.stacktrace">java.lang.IllegalArgumentException: Text is null
	at com.kms.katalon.core.webui.keyword.builtin.SetTextKeyword$_setText_closure1.doCall(SetTextKeyword.groovy:50)
	at com.kms.katalon.core.webui.keyword.builtin.SetTextKeyword$_setText_closure1.call(SetTextKeyword.groovy)
	at com.kms.katalon.core.webui.keyword.internal.WebUIKeywordMain.runKeyword(WebUIKeywordMain.groovy:35)
	at com.kms.katalon.core.webui.keyword.builtin.SetTextKeyword.setText(SetTextKeyword.groovy:85)
	at com.kms.katalon.core.webui.keyword.builtin.SetTextKeyword.execute(SetTextKeyword.groovy:39)
	at com.kms.katalon.core.keyword.internal.KeywordExecutor.executeKeywordForPlatform(KeywordExecutor.groovy:74)
	at com.kms.katalon.core.webui.keyword.WebUiBuiltInKeywords.setText(WebUiBuiltInKeywords.groovy:1019)
	at Positive Cases - Add to Cart - Is Equal to 3 Items.run(Positive Cases - Add to Cart - Is Equal to 3 Items:24)
	at com.kms.katalon.core.main.ScriptEngine.run(ScriptEngine.java:194)
	at com.kms.katalon.core.main.ScriptEngine.runScriptAsRawText(ScriptEngine.java:119)
	at com.kms.katalon.core.main.TestCaseExecutor.runScript(TestCaseExecutor.java:448)
	at com.kms.katalon.core.main.TestCaseExecutor.doExecute(TestCaseExecutor.java:439)
	at com.kms.katalon.core.main.TestCaseExecutor.processExecutionPhase(TestCaseExecutor.java:418)
	at com.kms.katalon.core.main.TestCaseExecutor.accessMainPhase(TestCaseExecutor.java:410)
	at com.kms.katalon.core.main.TestCaseExecutor.execute(TestCaseExecutor.java:285)
	at com.kms.katalon.core.common.CommonExecutor.accessTestCaseMainPhase(CommonExecutor.java:65)
	at com.kms.katalon.core.main.TestSuiteExecutor.accessTestSuiteMainPhase(TestSuiteExecutor.java:150)
	at com.kms.katalon.core.main.TestSuiteExecutor.execute(TestSuiteExecutor.java:106)
	at com.kms.katalon.core.main.TestCaseMain.startTestSuite(TestCaseMain.java:180)
	at TempTestSuite1738675195040.run(TempTestSuite1738675195040.groovy:35)
	at java.base/jdk.internal.reflect.NativeMethodAccessorImpl.invoke0(Native Method)
	at java.base/jdk.internal.reflect.NativeMethodAccessorImpl.invoke(NativeMethodAccessorImpl.java:77)
	at java.base/jdk.internal.reflect.DelegatingMethodAccessorImpl.invoke(DelegatingMethodAccessorImpl.java:43)
</property>
  <property name="failed.exception.class">java.lang.IllegalArgumentException</property>
  <property name="failed.exception.message">Text is null</property>
</record>
<record>
  <date>2025-02-04T13:20:07.401262700Z</date>
  <millis>1738675207401</millis>
  <nanos>262700</nanos>
  <sequence>40</sequence>
  <level>END</level>
  <class>com.kms.katalon.core.logging.XmlKeywordLogger</class>
  <method>endTest</method>
  <thread>1</thread>
  <message>End Test Case : Test Cases/Positive Cases - Add to Cart - Is Equal to 3 Items</message>
  <nestedLevel>0</nestedLevel>
  <escapedJava>false</escapedJava>
  <property name="executionBindingVariables">[]</property>
  <property name="applitools">false</property>
  <property name="remainingRetryCount">3</property>
  <property name="currentRetryCount">0</property>
  <property name="keywordsUsage">{
  &quot;web_ui&quot;: true,
  &quot;web_service&quot;: false,
  &quot;cucumber&quot;: false,
  &quot;builtin&quot;: false,
  &quot;mobile&quot;: false,
  &quot;windows&quot;: false,
  &quot;testng&quot;: false
}</property>
</record>
<record>
  <date>2025-02-04T13:20:07.407884200Z</date>
  <millis>1738675207407</millis>
  <nanos>884200</nanos>
  <sequence>41</sequence>
  <level>START</level>
  <class>com.kms.katalon.core.logging.XmlKeywordLogger</class>
  <method>startTest</method>
  <thread>1</thread>
  <message>Start Test Case : Test Cases/Positive Cases - Add to Cart - Is Equal to 3 Items</message>
  <nestedLevel>1</nestedLevel>
  <escapedJava>false</escapedJava>
  <property name="remainingRetryCount">2</property>
  <property name="name">Test Cases/Positive Cases - Add to Cart - Is Equal to 3 Items</property>
  <property name="description"></property>
  <property name="iteration"></property>
  <property name="id">Test Cases/Positive Cases - Add to Cart - Is Equal to 3 Items</property>
  <property name="source">C:\Users\ACER\git\KatalonGitSwagLabsNew\Test Cases\Positive Cases - Add to Cart - Is Equal to 3 Items.tc</property>
  <property name="tag"></property>
  <property name="isOptional">false</property>
  <property name="currentRetryCount">1</property>
</record>
<record>
  <date>2025-02-04T13:20:07.430404300Z</date>
  <millis>1738675207430</millis>
  <nanos>404300</nanos>
  <sequence>43</sequence>
  <level>START</level>
  <class>com.kms.katalon.core.logging.XmlKeywordLogger</class>
  <method>startKeyword</method>
  <thread>1</thread>
  <message>Start action : openBrowser(&amp;quot;&amp;quot;)</message>
  <nestedLevel>1</nestedLevel>
  <escapedJava>false</escapedJava>
  <property name="startLine">20</property>
  <property name="stepIndex">1</property>
</record>
<record>
  <date>2025-02-04T13:20:07.453253700Z</date>
  <millis>1738675207453</millis>
  <nanos>253700</nanos>
  <sequence>45</sequence>
  <level>WARNING</level>
  <class>com.kms.katalon.core.logging.XmlKeywordLogger</class>
  <method>logMessage</method>
  <thread>1</thread>
  <message>A browser is already opened. Closing browser and opening a new one</message>
  <nestedLevel>1</nestedLevel>
  <escapedJava>false</escapedJava>
</record>
<record>
  <date>2025-02-04T13:20:07.813149200Z</date>
  <millis>1738675207813</millis>
  <nanos>149200</nanos>
  <sequence>46</sequence>
  <level>INFO</level>
  <class>com.kms.katalon.core.logging.XmlKeywordLogger</class>
  <method>logMessage</method>
  <thread>1</thread>
  <message>Starting &amp;apos;Chrome&amp;apos; driver</message>
  <nestedLevel>1</nestedLevel>
  <escapedJava>false</escapedJava>
</record>
<record>
  <date>2025-02-04T13:20:07.817156100Z</date>
  <millis>1738675207817</millis>
  <nanos>156100</nanos>
  <sequence>48</sequence>
  <level>INFO</level>
  <class>com.kms.katalon.core.logging.XmlKeywordLogger</class>
  <method>logMessage</method>
  <thread>1</thread>
  <message>Action delay is set to 0 milliseconds</message>
  <nestedLevel>1</nestedLevel>
  <escapedJava>false</escapedJava>
</record>
<record>
  <date>2025-02-04T13:20:09.127262300Z</date>
  <millis>1738675209127</millis>
  <nanos>262300</nanos>
  <sequence>50</sequence>
  <level>RUN_DATA</level>
  <class>com.kms.katalon.core.logging.XmlKeywordLogger</class>
  <method>logMessage</method>
  <thread>1</thread>
  <message>sessionId = 4b9b11df487e23a787681cfcc055dc80</message>
  <nestedLevel>1</nestedLevel>
  <escapedJava>false</escapedJava>
  <property name="sessionId">4b9b11df487e23a787681cfcc055dc80</property>
</record>
<record>
  <date>2025-02-04T13:20:09.146300400Z</date>
  <millis>1738675209146</millis>
  <nanos>300400</nanos>
  <sequence>51</sequence>
  <level>RUN_DATA</level>
  <class>com.kms.katalon.core.logging.XmlKeywordLogger</class>
  <method>logMessage</method>
  <thread>1</thread>
  <message>browser = Chrome 132.0.0.0</message>
  <nestedLevel>1</nestedLevel>
  <escapedJava>false</escapedJava>
  <property name="browser">Chrome 132.0.0.0</property>
</record>
<record>
  <date>2025-02-04T13:20:09.147300100Z</date>
  <millis>1738675209147</millis>
  <nanos>300100</nanos>
  <sequence>52</sequence>
  <level>RUN_DATA</level>
  <class>com.kms.katalon.core.logging.XmlKeywordLogger</class>
  <method>logMessage</method>
  <thread>1</thread>
  <message>platform = Windows 11</message>
  <nestedLevel>1</nestedLevel>
  <escapedJava>false</escapedJava>
  <property name="platform">Windows 11</property>
</record>
<record>
  <date>2025-02-04T13:20:09.148302100Z</date>
  <millis>1738675209148</millis>
  <nanos>302100</nanos>
  <sequence>53</sequence>
  <level>RUN_DATA</level>
  <class>com.kms.katalon.core.logging.XmlKeywordLogger</class>
  <method>logMessage</method>
  <thread>1</thread>
  <message>seleniumVersion = 3.141.59</message>
  <nestedLevel>1</nestedLevel>
  <escapedJava>false</escapedJava>
  <property name="seleniumVersion">3.141.59</property>
</record>
<record>
  <date>2025-02-04T13:20:09.149303200Z</date>
  <millis>1738675209149</millis>
  <nanos>303200</nanos>
  <sequence>54</sequence>
  <level>RUN_DATA</level>
  <class>com.kms.katalon.core.logging.XmlKeywordLogger</class>
  <method>logMessage</method>
  <thread>1</thread>
  <message>proxyInformation = ProxyInformation { proxyOption=NO_PROXY, proxyServerType=HTTP, username=, password=********, proxyServerAddress=, proxyServerPort=0, executionList=&amp;quot;&amp;quot;, isApplyToDesiredCapabilities=true }</message>
  <nestedLevel>1</nestedLevel>
  <escapedJava>false</escapedJava>
  <property name="proxyInformation">ProxyInformation { proxyOption=NO_PROXY, proxyServerType=HTTP, username=, password=********, proxyServerAddress=, proxyServerPort=0, executionList=&quot;&quot;, isApplyToDesiredCapabilities=true }</property>
</record>
<record>
  <date>2025-02-04T13:20:09.158301700Z</date>
  <millis>1738675209158</millis>
  <nanos>301700</nanos>
  <sequence>55</sequence>
  <level>PASSED</level>
  <class>com.kms.katalon.core.logging.XmlKeywordLogger</class>
  <method>logMessage</method>
  <thread>1</thread>
  <message>Browser is opened with url: &amp;apos;&amp;apos;</message>
  <nestedLevel>1</nestedLevel>
  <escapedJava>false</escapedJava>
  <property name="testops-method-name">com.kms.katalon.core.webui.keyword.builtin.OpenBrowserKeyword.openBrowser</property>
  <property name="testops-execution-stacktrace"></property>
</record>
<record>
  <date>2025-02-04T13:20:09.160303600Z</date>
  <millis>1738675209160</millis>
  <nanos>303600</nanos>
  <sequence>56</sequence>
  <level>END</level>
  <class>com.kms.katalon.core.logging.XmlKeywordLogger</class>
  <method>endKeyword</method>
  <thread>1</thread>
  <message>End action : openBrowser(&amp;quot;&amp;quot;)</message>
  <nestedLevel>1</nestedLevel>
  <escapedJava>false</escapedJava>
</record>
<record>
  <date>2025-02-04T13:20:09.161302600Z</date>
  <millis>1738675209161</millis>
  <nanos>302600</nanos>
  <sequence>57</sequence>
  <level>START</level>
  <class>com.kms.katalon.core.logging.XmlKeywordLogger</class>
  <method>startKeyword</method>
  <thread>1</thread>
  <message>Start action : navigateToUrl(&amp;quot;https://www.saucedemo.com/&amp;quot;)</message>
  <nestedLevel>1</nestedLevel>
  <escapedJava>false</escapedJava>
  <property name="startLine">22</property>
  <property name="stepIndex">2</property>
</record>
<record>
  <date>2025-02-04T13:20:09.690722200Z</date>
  <millis>1738675209690</millis>
  <nanos>722200</nanos>
  <sequence>60</sequence>
  <level>PASSED</level>
  <class>com.kms.katalon.core.logging.XmlKeywordLogger</class>
  <method>logMessage</method>
  <thread>1</thread>
  <message>Navigate to &amp;apos;https://www.saucedemo.com/&amp;apos; successfully</message>
  <nestedLevel>1</nestedLevel>
  <escapedJava>false</escapedJava>
  <property name="testops-method-name">com.kms.katalon.core.webui.keyword.builtin.NavigateToUrlKeyword.navigateToUrl</property>
  <property name="testops-execution-stacktrace"></property>
</record>
<record>
  <date>2025-02-04T13:20:09.695092300Z</date>
  <millis>1738675209695</millis>
  <nanos>92300</nanos>
  <sequence>61</sequence>
  <level>END</level>
  <class>com.kms.katalon.core.logging.XmlKeywordLogger</class>
  <method>endKeyword</method>
  <thread>1</thread>
  <message>End action : navigateToUrl(&amp;quot;https://www.saucedemo.com/&amp;quot;)</message>
  <nestedLevel>1</nestedLevel>
  <escapedJava>false</escapedJava>
</record>
<record>
  <date>2025-02-04T13:20:09.696097700Z</date>
  <millis>1738675209696</millis>
  <nanos>97700</nanos>
  <sequence>62</sequence>
  <level>START</level>
  <class>com.kms.katalon.core.logging.XmlKeywordLogger</class>
  <method>startKeyword</method>
  <thread>1</thread>
  <message>Start action : setText(findTestObject(&amp;quot;Page_Swag Labs/input_Swag Labs_user-name&amp;quot;), Username1)</message>
  <nestedLevel>1</nestedLevel>
  <escapedJava>false</escapedJava>
  <property name="startLine">24</property>
  <property name="stepIndex">3</property>
</record>
<record>
  <date>2025-02-04T13:20:09.906425800Z</date>
  <millis>1738675209906</millis>
  <nanos>425800</nanos>
  <sequence>69</sequence>
  <level>FAILED</level>
  <class>com.kms.katalon.core.logging.XmlKeywordLogger</class>
  <method>logMessage</method>
  <thread>1</thread>
  <message>Unable to set text &amp;apos;null&amp;apos; of object &amp;apos;Object Repository/Page_Swag Labs/input_Swag Labs_user-name&amp;apos; (Root cause: com.kms.katalon.core.exception.StepFailedException: Unable to set text &amp;apos;null&amp;apos; of object &amp;apos;Object Repository/Page_Swag Labs/input_Swag Labs_user-name&amp;apos;
	at com.kms.katalon.core.webui.keyword.internal.WebUIKeywordMain.stepFailed(WebUIKeywordMain.groovy:117)
	at com.kms.katalon.core.webui.keyword.internal.WebUIKeywordMain.runKeyword(WebUIKeywordMain.groovy:43)
	at com.kms.katalon.core.webui.keyword.builtin.SetTextKeyword.setText(SetTextKeyword.groovy:85)
	at com.kms.katalon.core.webui.keyword.builtin.SetTextKeyword.execute(SetTextKeyword.groovy:39)
	at com.kms.katalon.core.keyword.internal.KeywordExecutor.executeKeywordForPlatform(KeywordExecutor.groovy:74)
	at com.kms.katalon.core.webui.keyword.WebUiBuiltInKeywords.setText(WebUiBuiltInKeywords.groovy:1019)
	at Positive Cases - Add to Cart - Is Equal to 3 Items.run(Positive Cases - Add to Cart - Is Equal to 3 Items:24)
	at com.kms.katalon.core.main.ScriptEngine.run(ScriptEngine.java:194)
	at com.kms.katalon.core.main.ScriptEngine.runScriptAsRawText(ScriptEngine.java:119)
	at com.kms.katalon.core.main.TestCaseExecutor.runScript(TestCaseExecutor.java:448)
	at com.kms.katalon.core.main.TestCaseExecutor.doExecute(TestCaseExecutor.java:439)
	at com.kms.katalon.core.main.TestCaseExecutor.processExecutionPhase(TestCaseExecutor.java:418)
	at com.kms.katalon.core.main.TestCaseExecutor.accessMainPhase(TestCaseExecutor.java:410)
	at com.kms.katalon.core.main.TestCaseExecutor.execute(TestCaseExecutor.java:285)
	at com.kms.katalon.core.main.TestCaseExecutor.execute(TestCaseExecutor.java:369)
	at com.kms.katalon.core.common.CommonExecutor.accessTestCaseMainPhase(CommonExecutor.java:65)
	at com.kms.katalon.core.main.TestSuiteExecutor.accessTestSuiteMainPhase(TestSuiteExecutor.java:150)
	at com.kms.katalon.core.main.TestSuiteExecutor.execute(TestSuiteExecutor.java:106)
	at com.kms.katalon.core.main.TestCaseMain.startTestSuite(TestCaseMain.java:180)
	at TempTestSuite1738675195040.run(TempTestSuite1738675195040.groovy:35)
	at java.base/jdk.internal.reflect.NativeMethodAccessorImpl.invoke0(Native Method)
	at java.base/jdk.internal.reflect.NativeMethodAccessorImpl.invoke(NativeMethodAccessorImpl.java:77)
	at java.base/jdk.internal.reflect.DelegatingMethodAccessorImpl.invoke(DelegatingMethodAccessorImpl.java:43)
Caused by: java.lang.IllegalArgumentException: Text is null
	at com.kms.katalon.core.webui.keyword.builtin.SetTextKeyword$_setText_closure1.doCall(SetTextKeyword.groovy:50)
	at com.kms.katalon.core.webui.keyword.builtin.SetTextKeyword$_setText_closure1.call(SetTextKeyword.groovy)
	at com.kms.katalon.core.webui.keyword.internal.WebUIKeywordMain.runKeyword(WebUIKeywordMain.groovy:35)
	at com.kms.katalon.core.webui.keyword.builtin.SetTextKeyword.setText(SetTextKeyword.groovy:85)
	at com.kms.katalon.core.webui.keyword.builtin.SetTextKeyword.execute(SetTextKeyword.groovy:39)
	at com.kms.katalon.core.keyword.internal.KeywordExecutor.executeKeywordForPlatform(KeywordExecutor.groovy:74)
	at com.kms.katalon.core.webui.keyword.WebUiBuiltInKeywords.setText(WebUiBuiltInKeywords.groovy:1019)
	at Script1737430890614.run(Script1737430890614.groovy:24)
	... 16 more
)</message>
  <nestedLevel>1</nestedLevel>
  <escapedJava>false</escapedJava>
  <property name="failed.exception.class">java.lang.IllegalArgumentException</property>
  <property name="attachment">1738675209718.png</property>
  <property name="failed.exception.stacktrace">java.lang.IllegalArgumentException: Text is null
	at com.kms.katalon.core.webui.keyword.builtin.SetTextKeyword$_setText_closure1.doCall(SetTextKeyword.groovy:50)
	at com.kms.katalon.core.webui.keyword.builtin.SetTextKeyword$_setText_closure1.call(SetTextKeyword.groovy)
	at com.kms.katalon.core.webui.keyword.internal.WebUIKeywordMain.runKeyword(WebUIKeywordMain.groovy:35)
	at com.kms.katalon.core.webui.keyword.builtin.SetTextKeyword.setText(SetTextKeyword.groovy:85)
	at com.kms.katalon.core.webui.keyword.builtin.SetTextKeyword.execute(SetTextKeyword.groovy:39)
	at com.kms.katalon.core.keyword.internal.KeywordExecutor.executeKeywordForPlatform(KeywordExecutor.groovy:74)
	at com.kms.katalon.core.webui.keyword.WebUiBuiltInKeywords.setText(WebUiBuiltInKeywords.groovy:1019)
	at Positive Cases - Add to Cart - Is Equal to 3 Items.run(Positive Cases - Add to Cart - Is Equal to 3 Items:24)
	at com.kms.katalon.core.main.ScriptEngine.run(ScriptEngine.java:194)
	at com.kms.katalon.core.main.ScriptEngine.runScriptAsRawText(ScriptEngine.java:119)
	at com.kms.katalon.core.main.TestCaseExecutor.runScript(TestCaseExecutor.java:448)
	at com.kms.katalon.core.main.TestCaseExecutor.doExecute(TestCaseExecutor.java:439)
	at com.kms.katalon.core.main.TestCaseExecutor.processExecutionPhase(TestCaseExecutor.java:418)
	at com.kms.katalon.core.main.TestCaseExecutor.accessMainPhase(TestCaseExecutor.java:410)
	at com.kms.katalon.core.main.TestCaseExecutor.execute(TestCaseExecutor.java:285)
	at com.kms.katalon.core.main.TestCaseExecutor.execute(TestCaseExecutor.java:369)
	at com.kms.katalon.core.common.CommonExecutor.accessTestCaseMainPhase(CommonExecutor.java:65)
	at com.kms.katalon.core.main.TestSuiteExecutor.accessTestSuiteMainPhase(TestSuiteExecutor.java:150)
	at com.kms.katalon.core.main.TestSuiteExecutor.execute(TestSuiteExecutor.java:106)
	at com.kms.katalon.core.main.TestCaseMain.startTestSuite(TestCaseMain.java:180)
	at TempTestSuite1738675195040.run(TempTestSuite1738675195040.groovy:35)
	at java.base/jdk.internal.reflect.NativeMethodAccessorImpl.invoke0(Native Method)
	at java.base/jdk.internal.reflect.NativeMethodAccessorImpl.invoke(NativeMethodAccessorImpl.java:77)
	at java.base/jdk.internal.reflect.DelegatingMethodAccessorImpl.invoke(DelegatingMethodAccessorImpl.java:43)
</property>
  <property name="failed.exception.message">Text is null</property>
</record>
<record>
  <date>2025-02-04T13:20:09.908890900Z</date>
  <millis>1738675209908</millis>
  <nanos>890900</nanos>
  <sequence>72</sequence>
  <level>END</level>
  <class>com.kms.katalon.core.logging.XmlKeywordLogger</class>
  <method>endKeyword</method>
  <thread>1</thread>
  <message>End action : setText(findTestObject(&amp;quot;Page_Swag Labs/input_Swag Labs_user-name&amp;quot;), Username1)</message>
  <nestedLevel>1</nestedLevel>
  <escapedJava>false</escapedJava>
</record>
<record>
  <date>2025-02-04T13:20:09.910906Z</date>
  <millis>1738675209910</millis>
  <nanos>906000</nanos>
  <sequence>75</sequence>
  <level>FAILED</level>
  <class>com.kms.katalon.core.logging.XmlKeywordLogger</class>
  <method>logMessage</method>
  <thread>1</thread>
  <message>Test Cases/Positive Cases - Add to Cart - Is Equal to 3 Items FAILED.
Reason:
com.kms.katalon.core.exception.StepFailedException: Unable to set text &amp;apos;null&amp;apos; of object &amp;apos;Object Repository/Page_Swag Labs/input_Swag Labs_user-name&amp;apos;
	at com.kms.katalon.core.webui.keyword.internal.WebUIKeywordMain.stepFailed(WebUIKeywordMain.groovy:117)
	at com.kms.katalon.core.webui.keyword.internal.WebUIKeywordMain.runKeyword(WebUIKeywordMain.groovy:43)
	at com.kms.katalon.core.webui.keyword.builtin.SetTextKeyword.setText(SetTextKeyword.groovy:85)
	at com.kms.katalon.core.webui.keyword.builtin.SetTextKeyword.execute(SetTextKeyword.groovy:39)
	at com.kms.katalon.core.keyword.internal.KeywordExecutor.executeKeywordForPlatform(KeywordExecutor.groovy:74)
	at com.kms.katalon.core.webui.keyword.WebUiBuiltInKeywords.setText(WebUiBuiltInKeywords.groovy:1019)
	at Positive Cases - Add to Cart - Is Equal to 3 Items.run(Positive Cases - Add to Cart - Is Equal to 3 Items:24)
	at com.kms.katalon.core.main.ScriptEngine.run(ScriptEngine.java:194)
	at com.kms.katalon.core.main.ScriptEngine.runScriptAsRawText(ScriptEngine.java:119)
	at com.kms.katalon.core.main.TestCaseExecutor.runScript(TestCaseExecutor.java:448)
	at com.kms.katalon.core.main.TestCaseExecutor.doExecute(TestCaseExecutor.java:439)
	at com.kms.katalon.core.main.TestCaseExecutor.processExecutionPhase(TestCaseExecutor.java:418)
	at com.kms.katalon.core.main.TestCaseExecutor.accessMainPhase(TestCaseExecutor.java:410)
	at com.kms.katalon.core.main.TestCaseExecutor.execute(TestCaseExecutor.java:285)
	at com.kms.katalon.core.main.TestCaseExecutor.execute(TestCaseExecutor.java:369)
	at com.kms.katalon.core.common.CommonExecutor.accessTestCaseMainPhase(CommonExecutor.java:65)
	at com.kms.katalon.core.main.TestSuiteExecutor.accessTestSuiteMainPhase(TestSuiteExecutor.java:150)
	at com.kms.katalon.core.main.TestSuiteExecutor.execute(TestSuiteExecutor.java:106)
	at com.kms.katalon.core.main.TestCaseMain.startTestSuite(TestCaseMain.java:180)
	at TempTestSuite1738675195040.run(TempTestSuite1738675195040.groovy:35)
	at java.base/jdk.internal.reflect.NativeMethodAccessorImpl.invoke0(Native Method)
	at java.base/jdk.internal.reflect.NativeMethodAccessorImpl.invoke(NativeMethodAccessorImpl.java:77)
	at java.base/jdk.internal.reflect.DelegatingMethodAccessorImpl.invoke(DelegatingMethodAccessorImpl.java:43)
Caused by: java.lang.IllegalArgumentException: Text is null
	at com.kms.katalon.core.webui.keyword.builtin.SetTextKeyword$_setText_closure1.doCall(SetTextKeyword.groovy:50)
	at com.kms.katalon.core.webui.keyword.builtin.SetTextKeyword$_setText_closure1.call(SetTextKeyword.groovy)
	at com.kms.katalon.core.webui.keyword.internal.WebUIKeywordMain.runKeyword(WebUIKeywordMain.groovy:35)
	... 21 more
</message>
  <exception>
    <message>com.kms.katalon.core.exception.StepFailedException: Unable to set text 'null' of object 'Object Repository/Page_Swag Labs/input_Swag Labs_user-name'</message>
    <frame>
      <class>com.kms.katalon.core.webui.keyword.internal.WebUIKeywordMain</class>
      <method>stepFailed</method>
      <line>117</line>
    </frame>
    <frame>
      <class>com.kms.katalon.core.webui.keyword.internal.WebUIKeywordMain</class>
      <method>runKeyword</method>
      <line>43</line>
    </frame>
    <frame>
      <class>com.kms.katalon.core.webui.keyword.builtin.SetTextKeyword</class>
      <method>setText</method>
      <line>85</line>
    </frame>
    <frame>
      <class>com.kms.katalon.core.webui.keyword.builtin.SetTextKeyword</class>
      <method>execute</method>
      <line>39</line>
    </frame>
    <frame>
      <class>com.kms.katalon.core.keyword.internal.KeywordExecutor</class>
      <method>executeKeywordForPlatform</method>
      <line>74</line>
    </frame>
    <frame>
      <class>com.kms.katalon.core.webui.keyword.WebUiBuiltInKeywords</class>
      <method>setText</method>
      <line>1019</line>
    </frame>
    <frame>
      <class>Positive Cases - Add to Cart - Is Equal to 3 Items</class>
      <method>run</method>
      <line>24</line>
    </frame>
    <frame>
      <class>com.kms.katalon.core.main.ScriptEngine</class>
      <method>run</method>
      <line>194</line>
    </frame>
    <frame>
      <class>com.kms.katalon.core.main.ScriptEngine</class>
      <method>runScriptAsRawText</method>
      <line>119</line>
    </frame>
    <frame>
      <class>com.kms.katalon.core.main.TestCaseExecutor</class>
      <method>runScript</method>
      <line>448</line>
    </frame>
    <frame>
      <class>com.kms.katalon.core.main.TestCaseExecutor</class>
      <method>doExecute</method>
      <line>439</line>
    </frame>
    <frame>
      <class>com.kms.katalon.core.main.TestCaseExecutor</class>
      <method>processExecutionPhase</method>
      <line>418</line>
    </frame>
    <frame>
      <class>com.kms.katalon.core.main.TestCaseExecutor</class>
      <method>accessMainPhase</method>
      <line>410</line>
    </frame>
    <frame>
      <class>com.kms.katalon.core.main.TestCaseExecutor</class>
      <method>execute</method>
      <line>285</line>
    </frame>
    <frame>
      <class>com.kms.katalon.core.main.TestCaseExecutor</class>
      <method>execute</method>
      <line>369</line>
    </frame>
    <frame>
      <class>com.kms.katalon.core.common.CommonExecutor</class>
      <method>accessTestCaseMainPhase</method>
      <line>65</line>
    </frame>
    <frame>
      <class>com.kms.katalon.core.main.TestSuiteExecutor</class>
      <method>accessTestSuiteMainPhase</method>
      <line>150</line>
    </frame>
    <frame>
      <class>com.kms.katalon.core.main.TestSuiteExecutor</class>
      <method>execute</method>
      <line>106</line>
    </frame>
    <frame>
      <class>com.kms.katalon.core.main.TestCaseMain</class>
      <method>startTestSuite</method>
      <line>180</line>
    </frame>
    <frame>
      <class>TempTestSuite1738675195040</class>
      <method>run</method>
      <line>35</line>
    </frame>
    <frame>
      <class>jdk.internal.reflect.NativeMethodAccessorImpl</class>
      <method>invoke0</method>
    </frame>
    <frame>
      <class>jdk.internal.reflect.NativeMethodAccessorImpl</class>
      <method>invoke</method>
      <line>77</line>
    </frame>
    <frame>
      <class>jdk.internal.reflect.DelegatingMethodAccessorImpl</class>
      <method>invoke</method>
      <line>43</line>
    </frame>
  </exception>
  <nestedLevel>0</nestedLevel>
  <escapedJava>false</escapedJava>
  <property name="failed.exception.stacktrace">java.lang.IllegalArgumentException: Text is null
	at com.kms.katalon.core.webui.keyword.builtin.SetTextKeyword$_setText_closure1.doCall(SetTextKeyword.groovy:50)
	at com.kms.katalon.core.webui.keyword.builtin.SetTextKeyword$_setText_closure1.call(SetTextKeyword.groovy)
	at com.kms.katalon.core.webui.keyword.internal.WebUIKeywordMain.runKeyword(WebUIKeywordMain.groovy:35)
	at com.kms.katalon.core.webui.keyword.builtin.SetTextKeyword.setText(SetTextKeyword.groovy:85)
	at com.kms.katalon.core.webui.keyword.builtin.SetTextKeyword.execute(SetTextKeyword.groovy:39)
	at com.kms.katalon.core.keyword.internal.KeywordExecutor.executeKeywordForPlatform(KeywordExecutor.groovy:74)
	at com.kms.katalon.core.webui.keyword.WebUiBuiltInKeywords.setText(WebUiBuiltInKeywords.groovy:1019)
	at Positive Cases - Add to Cart - Is Equal to 3 Items.run(Positive Cases - Add to Cart - Is Equal to 3 Items:24)
	at com.kms.katalon.core.main.ScriptEngine.run(ScriptEngine.java:194)
	at com.kms.katalon.core.main.ScriptEngine.runScriptAsRawText(ScriptEngine.java:119)
	at com.kms.katalon.core.main.TestCaseExecutor.runScript(TestCaseExecutor.java:448)
	at com.kms.katalon.core.main.TestCaseExecutor.doExecute(TestCaseExecutor.java:439)
	at com.kms.katalon.core.main.TestCaseExecutor.processExecutionPhase(TestCaseExecutor.java:418)
	at com.kms.katalon.core.main.TestCaseExecutor.accessMainPhase(TestCaseExecutor.java:410)
	at com.kms.katalon.core.main.TestCaseExecutor.execute(TestCaseExecutor.java:285)
	at com.kms.katalon.core.main.TestCaseExecutor.execute(TestCaseExecutor.java:369)
	at com.kms.katalon.core.common.CommonExecutor.accessTestCaseMainPhase(CommonExecutor.java:65)
	at com.kms.katalon.core.main.TestSuiteExecutor.accessTestSuiteMainPhase(TestSuiteExecutor.java:150)
	at com.kms.katalon.core.main.TestSuiteExecutor.execute(TestSuiteExecutor.java:106)
	at com.kms.katalon.core.main.TestCaseMain.startTestSuite(TestCaseMain.java:180)
	at TempTestSuite1738675195040.run(TempTestSuite1738675195040.groovy:35)
	at java.base/jdk.internal.reflect.NativeMethodAccessorImpl.invoke0(Native Method)
	at java.base/jdk.internal.reflect.NativeMethodAccessorImpl.invoke(NativeMethodAccessorImpl.java:77)
	at java.base/jdk.internal.reflect.DelegatingMethodAccessorImpl.invoke(DelegatingMethodAccessorImpl.java:43)
</property>
  <property name="failed.exception.class">java.lang.IllegalArgumentException</property>
  <property name="failed.exception.message">Text is null</property>
</record>
<record>
  <date>2025-02-04T13:20:09.913904200Z</date>
  <millis>1738675209913</millis>
  <nanos>904200</nanos>
  <sequence>77</sequence>
  <level>END</level>
  <class>com.kms.katalon.core.logging.XmlKeywordLogger</class>
  <method>endTest</method>
  <thread>1</thread>
  <message>End Test Case : Test Cases/Positive Cases - Add to Cart - Is Equal to 3 Items</message>
  <nestedLevel>0</nestedLevel>
  <escapedJava>false</escapedJava>
  <property name="executionBindingVariables">[]</property>
  <property name="applitools">false</property>
  <property name="remainingRetryCount">2</property>
  <property name="currentRetryCount">1</property>
  <property name="keywordsUsage">{
  &quot;web_ui&quot;: true,
  &quot;web_service&quot;: false,
  &quot;cucumber&quot;: false,
  &quot;builtin&quot;: false,
  &quot;mobile&quot;: false,
  &quot;windows&quot;: false,
  &quot;testng&quot;: false
}</property>
</record>
<record>
  <date>2025-02-04T13:20:09.920939400Z</date>
  <millis>1738675209920</millis>
  <nanos>939400</nanos>
  <sequence>78</sequence>
  <level>START</level>
  <class>com.kms.katalon.core.logging.XmlKeywordLogger</class>
  <method>startTest</method>
  <thread>1</thread>
  <message>Start Test Case : Test Cases/Positive Cases - Add to Cart - Is Equal to 3 Items</message>
  <nestedLevel>1</nestedLevel>
  <escapedJava>false</escapedJava>
  <property name="remainingRetryCount">1</property>
  <property name="name">Test Cases/Positive Cases - Add to Cart - Is Equal to 3 Items</property>
  <property name="description"></property>
  <property name="iteration"></property>
  <property name="id">Test Cases/Positive Cases - Add to Cart - Is Equal to 3 Items</property>
  <property name="source">C:\Users\ACER\git\KatalonGitSwagLabsNew\Test Cases\Positive Cases - Add to Cart - Is Equal to 3 Items.tc</property>
  <property name="tag"></property>
  <property name="isOptional">false</property>
  <property name="currentRetryCount">2</property>
</record>
<record>
  <date>2025-02-04T13:20:09.947066900Z</date>
  <millis>1738675209947</millis>
  <nanos>66900</nanos>
  <sequence>80</sequence>
  <level>START</level>
  <class>com.kms.katalon.core.logging.XmlKeywordLogger</class>
  <method>startKeyword</method>
  <thread>1</thread>
  <message>Start action : openBrowser(&amp;quot;&amp;quot;)</message>
  <nestedLevel>1</nestedLevel>
  <escapedJava>false</escapedJava>
  <property name="startLine">20</property>
  <property name="stepIndex">1</property>
</record>
<record>
  <date>2025-02-04T13:20:09.959166100Z</date>
  <millis>1738675209959</millis>
  <nanos>166100</nanos>
  <sequence>82</sequence>
  <level>WARNING</level>
  <class>com.kms.katalon.core.logging.XmlKeywordLogger</class>
  <method>logMessage</method>
  <thread>1</thread>
  <message>A browser is already opened. Closing browser and opening a new one</message>
  <nestedLevel>1</nestedLevel>
  <escapedJava>false</escapedJava>
</record>
<record>
  <date>2025-02-04T13:20:10.360272100Z</date>
  <millis>1738675210360</millis>
  <nanos>272100</nanos>
  <sequence>83</sequence>
  <level>INFO</level>
  <class>com.kms.katalon.core.logging.XmlKeywordLogger</class>
  <method>logMessage</method>
  <thread>1</thread>
  <message>Starting &amp;apos;Chrome&amp;apos; driver</message>
  <nestedLevel>1</nestedLevel>
  <escapedJava>false</escapedJava>
</record>
<record>
  <date>2025-02-04T13:20:10.369272900Z</date>
  <millis>1738675210369</millis>
  <nanos>272900</nanos>
  <sequence>85</sequence>
  <level>INFO</level>
  <class>com.kms.katalon.core.logging.XmlKeywordLogger</class>
  <method>logMessage</method>
  <thread>1</thread>
  <message>Action delay is set to 0 milliseconds</message>
  <nestedLevel>1</nestedLevel>
  <escapedJava>false</escapedJava>
</record>
<record>
  <date>2025-02-04T13:20:11.559238200Z</date>
  <millis>1738675211559</millis>
  <nanos>238200</nanos>
  <sequence>87</sequence>
  <level>RUN_DATA</level>
  <class>com.kms.katalon.core.logging.XmlKeywordLogger</class>
  <method>logMessage</method>
  <thread>1</thread>
  <message>sessionId = febcc3cf57ba2f7c3a684286b6f8fe28</message>
  <nestedLevel>1</nestedLevel>
  <escapedJava>false</escapedJava>
  <property name="sessionId">febcc3cf57ba2f7c3a684286b6f8fe28</property>
</record>
<record>
  <date>2025-02-04T13:20:11.574483300Z</date>
  <millis>1738675211574</millis>
  <nanos>483300</nanos>
  <sequence>88</sequence>
  <level>RUN_DATA</level>
  <class>com.kms.katalon.core.logging.XmlKeywordLogger</class>
  <method>logMessage</method>
  <thread>1</thread>
  <message>browser = Chrome 132.0.0.0</message>
  <nestedLevel>1</nestedLevel>
  <escapedJava>false</escapedJava>
  <property name="browser">Chrome 132.0.0.0</property>
</record>
<record>
  <date>2025-02-04T13:20:11.574483300Z</date>
  <millis>1738675211574</millis>
  <nanos>483300</nanos>
  <sequence>89</sequence>
  <level>RUN_DATA</level>
  <class>com.kms.katalon.core.logging.XmlKeywordLogger</class>
  <method>logMessage</method>
  <thread>1</thread>
  <message>platform = Windows 11</message>
  <nestedLevel>1</nestedLevel>
  <escapedJava>false</escapedJava>
  <property name="platform">Windows 11</property>
</record>
<record>
  <date>2025-02-04T13:20:11.575482200Z</date>
  <millis>1738675211575</millis>
  <nanos>482200</nanos>
  <sequence>90</sequence>
  <level>RUN_DATA</level>
  <class>com.kms.katalon.core.logging.XmlKeywordLogger</class>
  <method>logMessage</method>
  <thread>1</thread>
  <message>seleniumVersion = 3.141.59</message>
  <nestedLevel>1</nestedLevel>
  <escapedJava>false</escapedJava>
  <property name="seleniumVersion">3.141.59</property>
</record>
<record>
  <date>2025-02-04T13:20:11.576485800Z</date>
  <millis>1738675211576</millis>
  <nanos>485800</nanos>
  <sequence>91</sequence>
  <level>RUN_DATA</level>
  <class>com.kms.katalon.core.logging.XmlKeywordLogger</class>
  <method>logMessage</method>
  <thread>1</thread>
  <message>proxyInformation = ProxyInformation { proxyOption=NO_PROXY, proxyServerType=HTTP, username=, password=********, proxyServerAddress=, proxyServerPort=0, executionList=&amp;quot;&amp;quot;, isApplyToDesiredCapabilities=true }</message>
  <nestedLevel>1</nestedLevel>
  <escapedJava>false</escapedJava>
  <property name="proxyInformation">ProxyInformation { proxyOption=NO_PROXY, proxyServerType=HTTP, username=, password=********, proxyServerAddress=, proxyServerPort=0, executionList=&quot;&quot;, isApplyToDesiredCapabilities=true }</property>
</record>
<record>
  <date>2025-02-04T13:20:11.591964200Z</date>
  <millis>1738675211591</millis>
  <nanos>964200</nanos>
  <sequence>92</sequence>
  <level>PASSED</level>
  <class>com.kms.katalon.core.logging.XmlKeywordLogger</class>
  <method>logMessage</method>
  <thread>1</thread>
  <message>Browser is opened with url: &amp;apos;&amp;apos;</message>
  <nestedLevel>1</nestedLevel>
  <escapedJava>false</escapedJava>
  <property name="testops-method-name">com.kms.katalon.core.webui.keyword.builtin.OpenBrowserKeyword.openBrowser</property>
  <property name="testops-execution-stacktrace"></property>
</record>
<record>
  <date>2025-02-04T13:20:11.592964400Z</date>
  <millis>1738675211592</millis>
  <nanos>964400</nanos>
  <sequence>93</sequence>
  <level>END</level>
  <class>com.kms.katalon.core.logging.XmlKeywordLogger</class>
  <method>endKeyword</method>
  <thread>1</thread>
  <message>End action : openBrowser(&amp;quot;&amp;quot;)</message>
  <nestedLevel>1</nestedLevel>
  <escapedJava>false</escapedJava>
</record>
<record>
  <date>2025-02-04T13:20:11.593964Z</date>
  <millis>1738675211593</millis>
  <nanos>964000</nanos>
  <sequence>94</sequence>
  <level>START</level>
  <class>com.kms.katalon.core.logging.XmlKeywordLogger</class>
  <method>startKeyword</method>
  <thread>1</thread>
  <message>Start action : navigateToUrl(&amp;quot;https://www.saucedemo.com/&amp;quot;)</message>
  <nestedLevel>1</nestedLevel>
  <escapedJava>false</escapedJava>
  <property name="startLine">22</property>
  <property name="stepIndex">2</property>
</record>
<record>
  <date>2025-02-04T13:20:11.746831500Z</date>
  <millis>1738675211746</millis>
  <nanos>831500</nanos>
  <sequence>97</sequence>
  <level>PASSED</level>
  <class>com.kms.katalon.core.logging.XmlKeywordLogger</class>
  <method>logMessage</method>
  <thread>1</thread>
  <message>Navigate to &amp;apos;https://www.saucedemo.com/&amp;apos; successfully</message>
  <nestedLevel>1</nestedLevel>
  <escapedJava>false</escapedJava>
  <property name="testops-method-name">com.kms.katalon.core.webui.keyword.builtin.NavigateToUrlKeyword.navigateToUrl</property>
  <property name="testops-execution-stacktrace"></property>
</record>
<record>
  <date>2025-02-04T13:20:11.748957400Z</date>
  <millis>1738675211748</millis>
  <nanos>957400</nanos>
  <sequence>98</sequence>
  <level>END</level>
  <class>com.kms.katalon.core.logging.XmlKeywordLogger</class>
  <method>endKeyword</method>
  <thread>1</thread>
  <message>End action : navigateToUrl(&amp;quot;https://www.saucedemo.com/&amp;quot;)</message>
  <nestedLevel>1</nestedLevel>
  <escapedJava>false</escapedJava>
</record>
<record>
  <date>2025-02-04T13:20:11.748957400Z</date>
  <millis>1738675211748</millis>
  <nanos>957400</nanos>
  <sequence>99</sequence>
  <level>START</level>
  <class>com.kms.katalon.core.logging.XmlKeywordLogger</class>
  <method>startKeyword</method>
  <thread>1</thread>
  <message>Start action : setText(findTestObject(&amp;quot;Page_Swag Labs/input_Swag Labs_user-name&amp;quot;), Username1)</message>
  <nestedLevel>1</nestedLevel>
  <escapedJava>false</escapedJava>
  <property name="startLine">24</property>
  <property name="stepIndex">3</property>
</record>
<record>
  <date>2025-02-04T13:20:15.458337800Z</date>
  <millis>1738675215458</millis>
  <nanos>337800</nanos>
  <sequence>106</sequence>
  <level>FAILED</level>
  <class>com.kms.katalon.core.logging.XmlKeywordLogger</class>
  <method>logMessage</method>
  <thread>1</thread>
  <message>Unable to set text &amp;apos;null&amp;apos; of object &amp;apos;Object Repository/Page_Swag Labs/input_Swag Labs_user-name&amp;apos; (Root cause: com.kms.katalon.core.exception.StepFailedException: Unable to set text &amp;apos;null&amp;apos; of object &amp;apos;Object Repository/Page_Swag Labs/input_Swag Labs_user-name&amp;apos;
	at com.kms.katalon.core.webui.keyword.internal.WebUIKeywordMain.stepFailed(WebUIKeywordMain.groovy:117)
	at com.kms.katalon.core.webui.keyword.internal.WebUIKeywordMain.runKeyword(WebUIKeywordMain.groovy:43)
	at com.kms.katalon.core.webui.keyword.builtin.SetTextKeyword.setText(SetTextKeyword.groovy:85)
	at com.kms.katalon.core.webui.keyword.builtin.SetTextKeyword.execute(SetTextKeyword.groovy:39)
	at com.kms.katalon.core.keyword.internal.KeywordExecutor.executeKeywordForPlatform(KeywordExecutor.groovy:74)
	at com.kms.katalon.core.webui.keyword.WebUiBuiltInKeywords.setText(WebUiBuiltInKeywords.groovy:1019)
	at Positive Cases - Add to Cart - Is Equal to 3 Items.run(Positive Cases - Add to Cart - Is Equal to 3 Items:24)
	at com.kms.katalon.core.main.ScriptEngine.run(ScriptEngine.java:194)
	at com.kms.katalon.core.main.ScriptEngine.runScriptAsRawText(ScriptEngine.java:119)
	at com.kms.katalon.core.main.TestCaseExecutor.runScript(TestCaseExecutor.java:448)
	at com.kms.katalon.core.main.TestCaseExecutor.doExecute(TestCaseExecutor.java:439)
	at com.kms.katalon.core.main.TestCaseExecutor.processExecutionPhase(TestCaseExecutor.java:418)
	at com.kms.katalon.core.main.TestCaseExecutor.accessMainPhase(TestCaseExecutor.java:410)
	at com.kms.katalon.core.main.TestCaseExecutor.execute(TestCaseExecutor.java:285)
	at com.kms.katalon.core.main.TestCaseExecutor.execute(TestCaseExecutor.java:369)
	at com.kms.katalon.core.main.TestCaseExecutor.execute(TestCaseExecutor.java:369)
	at com.kms.katalon.core.common.CommonExecutor.accessTestCaseMainPhase(CommonExecutor.java:65)
	at com.kms.katalon.core.main.TestSuiteExecutor.accessTestSuiteMainPhase(TestSuiteExecutor.java:150)
	at com.kms.katalon.core.main.TestSuiteExecutor.execute(TestSuiteExecutor.java:106)
	at com.kms.katalon.core.main.TestCaseMain.startTestSuite(TestCaseMain.java:180)
	at TempTestSuite1738675195040.run(TempTestSuite1738675195040.groovy:35)
	at java.base/jdk.internal.reflect.NativeMethodAccessorImpl.invoke0(Native Method)
	at java.base/jdk.internal.reflect.NativeMethodAccessorImpl.invoke(NativeMethodAccessorImpl.java:77)
	at java.base/jdk.internal.reflect.DelegatingMethodAccessorImpl.invoke(DelegatingMethodAccessorImpl.java:43)
Caused by: java.lang.IllegalArgumentException: Text is null
	at com.kms.katalon.core.webui.keyword.builtin.SetTextKeyword$_setText_closure1.doCall(SetTextKeyword.groovy:50)
	at com.kms.katalon.core.webui.keyword.builtin.SetTextKeyword$_setText_closure1.call(SetTextKeyword.groovy)
	at com.kms.katalon.core.webui.keyword.internal.WebUIKeywordMain.runKeyword(WebUIKeywordMain.groovy:35)
	at com.kms.katalon.core.webui.keyword.builtin.SetTextKeyword.setText(SetTextKeyword.groovy:85)
	at com.kms.katalon.core.webui.keyword.builtin.SetTextKeyword.execute(SetTextKeyword.groovy:39)
	at com.kms.katalon.core.keyword.internal.KeywordExecutor.executeKeywordForPlatform(KeywordExecutor.groovy:74)
	at com.kms.katalon.core.webui.keyword.WebUiBuiltInKeywords.setText(WebUiBuiltInKeywords.groovy:1019)
	at Script1737430890614.run(Script1737430890614.groovy:24)
	... 17 more
)</message>
  <nestedLevel>1</nestedLevel>
  <escapedJava>false</escapedJava>
  <property name="failed.exception.class">java.lang.IllegalArgumentException</property>
  <property name="attachment">1738675211761.png</property>
  <property name="failed.exception.stacktrace">java.lang.IllegalArgumentException: Text is null
	at com.kms.katalon.core.webui.keyword.builtin.SetTextKeyword$_setText_closure1.doCall(SetTextKeyword.groovy:50)
	at com.kms.katalon.core.webui.keyword.builtin.SetTextKeyword$_setText_closure1.call(SetTextKeyword.groovy)
	at com.kms.katalon.core.webui.keyword.internal.WebUIKeywordMain.runKeyword(WebUIKeywordMain.groovy:35)
	at com.kms.katalon.core.webui.keyword.builtin.SetTextKeyword.setText(SetTextKeyword.groovy:85)
	at com.kms.katalon.core.webui.keyword.builtin.SetTextKeyword.execute(SetTextKeyword.groovy:39)
	at com.kms.katalon.core.keyword.internal.KeywordExecutor.executeKeywordForPlatform(KeywordExecutor.groovy:74)
	at com.kms.katalon.core.webui.keyword.WebUiBuiltInKeywords.setText(WebUiBuiltInKeywords.groovy:1019)
	at Positive Cases - Add to Cart - Is Equal to 3 Items.run(Positive Cases - Add to Cart - Is Equal to 3 Items:24)
	at com.kms.katalon.core.main.ScriptEngine.run(ScriptEngine.java:194)
	at com.kms.katalon.core.main.ScriptEngine.runScriptAsRawText(ScriptEngine.java:119)
	at com.kms.katalon.core.main.TestCaseExecutor.runScript(TestCaseExecutor.java:448)
	at com.kms.katalon.core.main.TestCaseExecutor.doExecute(TestCaseExecutor.java:439)
	at com.kms.katalon.core.main.TestCaseExecutor.processExecutionPhase(TestCaseExecutor.java:418)
	at com.kms.katalon.core.main.TestCaseExecutor.accessMainPhase(TestCaseExecutor.java:410)
	at com.kms.katalon.core.main.TestCaseExecutor.execute(TestCaseExecutor.java:285)
	at com.kms.katalon.core.main.TestCaseExecutor.execute(TestCaseExecutor.java:369)
	at com.kms.katalon.core.main.TestCaseExecutor.execute(TestCaseExecutor.java:369)
	at com.kms.katalon.core.common.CommonExecutor.accessTestCaseMainPhase(CommonExecutor.java:65)
	at com.kms.katalon.core.main.TestSuiteExecutor.accessTestSuiteMainPhase(TestSuiteExecutor.java:150)
	at com.kms.katalon.core.main.TestSuiteExecutor.execute(TestSuiteExecutor.java:106)
	at com.kms.katalon.core.main.TestCaseMain.startTestSuite(TestCaseMain.java:180)
	at TempTestSuite1738675195040.run(TempTestSuite1738675195040.groovy:35)
	at java.base/jdk.internal.reflect.NativeMethodAccessorImpl.invoke0(Native Method)
	at java.base/jdk.internal.reflect.NativeMethodAccessorImpl.invoke(NativeMethodAccessorImpl.java:77)
	at java.base/jdk.internal.reflect.DelegatingMethodAccessorImpl.invoke(DelegatingMethodAccessorImpl.java:43)
</property>
  <property name="failed.exception.message">Text is null</property>
</record>
<record>
  <date>2025-02-04T13:20:15.460350500Z</date>
  <millis>1738675215460</millis>
  <nanos>350500</nanos>
  <sequence>109</sequence>
  <level>END</level>
  <class>com.kms.katalon.core.logging.XmlKeywordLogger</class>
  <method>endKeyword</method>
  <thread>1</thread>
  <message>End action : setText(findTestObject(&amp;quot;Page_Swag Labs/input_Swag Labs_user-name&amp;quot;), Username1)</message>
  <nestedLevel>1</nestedLevel>
  <escapedJava>false</escapedJava>
</record>
<record>
  <date>2025-02-04T13:20:15.462350100Z</date>
  <millis>1738675215462</millis>
  <nanos>350100</nanos>
  <sequence>112</sequence>
  <level>FAILED</level>
  <class>com.kms.katalon.core.logging.XmlKeywordLogger</class>
  <method>logMessage</method>
  <thread>1</thread>
  <message>Test Cases/Positive Cases - Add to Cart - Is Equal to 3 Items FAILED.
Reason:
com.kms.katalon.core.exception.StepFailedException: Unable to set text &amp;apos;null&amp;apos; of object &amp;apos;Object Repository/Page_Swag Labs/input_Swag Labs_user-name&amp;apos;
	at com.kms.katalon.core.webui.keyword.internal.WebUIKeywordMain.stepFailed(WebUIKeywordMain.groovy:117)
	at com.kms.katalon.core.webui.keyword.internal.WebUIKeywordMain.runKeyword(WebUIKeywordMain.groovy:43)
	at com.kms.katalon.core.webui.keyword.builtin.SetTextKeyword.setText(SetTextKeyword.groovy:85)
	at com.kms.katalon.core.webui.keyword.builtin.SetTextKeyword.execute(SetTextKeyword.groovy:39)
	at com.kms.katalon.core.keyword.internal.KeywordExecutor.executeKeywordForPlatform(KeywordExecutor.groovy:74)
	at com.kms.katalon.core.webui.keyword.WebUiBuiltInKeywords.setText(WebUiBuiltInKeywords.groovy:1019)
	at Positive Cases - Add to Cart - Is Equal to 3 Items.run(Positive Cases - Add to Cart - Is Equal to 3 Items:24)
	at com.kms.katalon.core.main.ScriptEngine.run(ScriptEngine.java:194)
	at com.kms.katalon.core.main.ScriptEngine.runScriptAsRawText(ScriptEngine.java:119)
	at com.kms.katalon.core.main.TestCaseExecutor.runScript(TestCaseExecutor.java:448)
	at com.kms.katalon.core.main.TestCaseExecutor.doExecute(TestCaseExecutor.java:439)
	at com.kms.katalon.core.main.TestCaseExecutor.processExecutionPhase(TestCaseExecutor.java:418)
	at com.kms.katalon.core.main.TestCaseExecutor.accessMainPhase(TestCaseExecutor.java:410)
	at com.kms.katalon.core.main.TestCaseExecutor.execute(TestCaseExecutor.java:285)
	at com.kms.katalon.core.main.TestCaseExecutor.execute(TestCaseExecutor.java:369)
	at com.kms.katalon.core.main.TestCaseExecutor.execute(TestCaseExecutor.java:369)
	at com.kms.katalon.core.common.CommonExecutor.accessTestCaseMainPhase(CommonExecutor.java:65)
	at com.kms.katalon.core.main.TestSuiteExecutor.accessTestSuiteMainPhase(TestSuiteExecutor.java:150)
	at com.kms.katalon.core.main.TestSuiteExecutor.execute(TestSuiteExecutor.java:106)
	at com.kms.katalon.core.main.TestCaseMain.startTestSuite(TestCaseMain.java:180)
	at TempTestSuite1738675195040.run(TempTestSuite1738675195040.groovy:35)
	at java.base/jdk.internal.reflect.NativeMethodAccessorImpl.invoke0(Native Method)
	at java.base/jdk.internal.reflect.NativeMethodAccessorImpl.invoke(NativeMethodAccessorImpl.java:77)
	at java.base/jdk.internal.reflect.DelegatingMethodAccessorImpl.invoke(DelegatingMethodAccessorImpl.java:43)
Caused by: java.lang.IllegalArgumentException: Text is null
	at com.kms.katalon.core.webui.keyword.builtin.SetTextKeyword$_setText_closure1.doCall(SetTextKeyword.groovy:50)
	at com.kms.katalon.core.webui.keyword.builtin.SetTextKeyword$_setText_closure1.call(SetTextKeyword.groovy)
	at com.kms.katalon.core.webui.keyword.internal.WebUIKeywordMain.runKeyword(WebUIKeywordMain.groovy:35)
	... 22 more
</message>
  <exception>
    <message>com.kms.katalon.core.exception.StepFailedException: Unable to set text 'null' of object 'Object Repository/Page_Swag Labs/input_Swag Labs_user-name'</message>
    <frame>
      <class>com.kms.katalon.core.webui.keyword.internal.WebUIKeywordMain</class>
      <method>stepFailed</method>
      <line>117</line>
    </frame>
    <frame>
      <class>com.kms.katalon.core.webui.keyword.internal.WebUIKeywordMain</class>
      <method>runKeyword</method>
      <line>43</line>
    </frame>
    <frame>
      <class>com.kms.katalon.core.webui.keyword.builtin.SetTextKeyword</class>
      <method>setText</method>
      <line>85</line>
    </frame>
    <frame>
      <class>com.kms.katalon.core.webui.keyword.builtin.SetTextKeyword</class>
      <method>execute</method>
      <line>39</line>
    </frame>
    <frame>
      <class>com.kms.katalon.core.keyword.internal.KeywordExecutor</class>
      <method>executeKeywordForPlatform</method>
      <line>74</line>
    </frame>
    <frame>
      <class>com.kms.katalon.core.webui.keyword.WebUiBuiltInKeywords</class>
      <method>setText</method>
      <line>1019</line>
    </frame>
    <frame>
      <class>Positive Cases - Add to Cart - Is Equal to 3 Items</class>
      <method>run</method>
      <line>24</line>
    </frame>
    <frame>
      <class>com.kms.katalon.core.main.ScriptEngine</class>
      <method>run</method>
      <line>194</line>
    </frame>
    <frame>
      <class>com.kms.katalon.core.main.ScriptEngine</class>
      <method>runScriptAsRawText</method>
      <line>119</line>
    </frame>
    <frame>
      <class>com.kms.katalon.core.main.TestCaseExecutor</class>
      <method>runScript</method>
      <line>448</line>
    </frame>
    <frame>
      <class>com.kms.katalon.core.main.TestCaseExecutor</class>
      <method>doExecute</method>
      <line>439</line>
    </frame>
    <frame>
      <class>com.kms.katalon.core.main.TestCaseExecutor</class>
      <method>processExecutionPhase</method>
      <line>418</line>
    </frame>
    <frame>
      <class>com.kms.katalon.core.main.TestCaseExecutor</class>
      <method>accessMainPhase</method>
      <line>410</line>
    </frame>
    <frame>
      <class>com.kms.katalon.core.main.TestCaseExecutor</class>
      <method>execute</method>
      <line>285</line>
    </frame>
    <frame>
      <class>com.kms.katalon.core.main.TestCaseExecutor</class>
      <method>execute</method>
      <line>369</line>
    </frame>
    <frame>
      <class>com.kms.katalon.core.main.TestCaseExecutor</class>
      <method>execute</method>
      <line>369</line>
    </frame>
    <frame>
      <class>com.kms.katalon.core.common.CommonExecutor</class>
      <method>accessTestCaseMainPhase</method>
      <line>65</line>
    </frame>
    <frame>
      <class>com.kms.katalon.core.main.TestSuiteExecutor</class>
      <method>accessTestSuiteMainPhase</method>
      <line>150</line>
    </frame>
    <frame>
      <class>com.kms.katalon.core.main.TestSuiteExecutor</class>
      <method>execute</method>
      <line>106</line>
    </frame>
    <frame>
      <class>com.kms.katalon.core.main.TestCaseMain</class>
      <method>startTestSuite</method>
      <line>180</line>
    </frame>
    <frame>
      <class>TempTestSuite1738675195040</class>
      <method>run</method>
      <line>35</line>
    </frame>
    <frame>
      <class>jdk.internal.reflect.NativeMethodAccessorImpl</class>
      <method>invoke0</method>
    </frame>
    <frame>
      <class>jdk.internal.reflect.NativeMethodAccessorImpl</class>
      <method>invoke</method>
      <line>77</line>
    </frame>
    <frame>
      <class>jdk.internal.reflect.DelegatingMethodAccessorImpl</class>
      <method>invoke</method>
      <line>43</line>
    </frame>
  </exception>
  <nestedLevel>0</nestedLevel>
  <escapedJava>false</escapedJava>
  <property name="failed.exception.stacktrace">java.lang.IllegalArgumentException: Text is null
	at com.kms.katalon.core.webui.keyword.builtin.SetTextKeyword$_setText_closure1.doCall(SetTextKeyword.groovy:50)
	at com.kms.katalon.core.webui.keyword.builtin.SetTextKeyword$_setText_closure1.call(SetTextKeyword.groovy)
	at com.kms.katalon.core.webui.keyword.internal.WebUIKeywordMain.runKeyword(WebUIKeywordMain.groovy:35)
	at com.kms.katalon.core.webui.keyword.builtin.SetTextKeyword.setText(SetTextKeyword.groovy:85)
	at com.kms.katalon.core.webui.keyword.builtin.SetTextKeyword.execute(SetTextKeyword.groovy:39)
	at com.kms.katalon.core.keyword.internal.KeywordExecutor.executeKeywordForPlatform(KeywordExecutor.groovy:74)
	at com.kms.katalon.core.webui.keyword.WebUiBuiltInKeywords.setText(WebUiBuiltInKeywords.groovy:1019)
	at Positive Cases - Add to Cart - Is Equal to 3 Items.run(Positive Cases - Add to Cart - Is Equal to 3 Items:24)
	at com.kms.katalon.core.main.ScriptEngine.run(ScriptEngine.java:194)
	at com.kms.katalon.core.main.ScriptEngine.runScriptAsRawText(ScriptEngine.java:119)
	at com.kms.katalon.core.main.TestCaseExecutor.runScript(TestCaseExecutor.java:448)
	at com.kms.katalon.core.main.TestCaseExecutor.doExecute(TestCaseExecutor.java:439)
	at com.kms.katalon.core.main.TestCaseExecutor.processExecutionPhase(TestCaseExecutor.java:418)
	at com.kms.katalon.core.main.TestCaseExecutor.accessMainPhase(TestCaseExecutor.java:410)
	at com.kms.katalon.core.main.TestCaseExecutor.execute(TestCaseExecutor.java:285)
	at com.kms.katalon.core.main.TestCaseExecutor.execute(TestCaseExecutor.java:369)
	at com.kms.katalon.core.main.TestCaseExecutor.execute(TestCaseExecutor.java:369)
	at com.kms.katalon.core.common.CommonExecutor.accessTestCaseMainPhase(CommonExecutor.java:65)
	at com.kms.katalon.core.main.TestSuiteExecutor.accessTestSuiteMainPhase(TestSuiteExecutor.java:150)
	at com.kms.katalon.core.main.TestSuiteExecutor.execute(TestSuiteExecutor.java:106)
	at com.kms.katalon.core.main.TestCaseMain.startTestSuite(TestCaseMain.java:180)
	at TempTestSuite1738675195040.run(TempTestSuite1738675195040.groovy:35)
	at java.base/jdk.internal.reflect.NativeMethodAccessorImpl.invoke0(Native Method)
	at java.base/jdk.internal.reflect.NativeMethodAccessorImpl.invoke(NativeMethodAccessorImpl.java:77)
	at java.base/jdk.internal.reflect.DelegatingMethodAccessorImpl.invoke(DelegatingMethodAccessorImpl.java:43)
</property>
  <property name="failed.exception.class">java.lang.IllegalArgumentException</property>
  <property name="failed.exception.message">Text is null</property>
</record>
<record>
  <date>2025-02-04T13:20:15.467359400Z</date>
  <millis>1738675215467</millis>
  <nanos>359400</nanos>
  <sequence>114</sequence>
  <level>END</level>
  <class>com.kms.katalon.core.logging.XmlKeywordLogger</class>
  <method>endTest</method>
  <thread>1</thread>
  <message>End Test Case : Test Cases/Positive Cases - Add to Cart - Is Equal to 3 Items</message>
  <nestedLevel>0</nestedLevel>
  <escapedJava>false</escapedJava>
  <property name="executionBindingVariables">[]</property>
  <property name="applitools">false</property>
  <property name="remainingRetryCount">1</property>
  <property name="currentRetryCount">2</property>
  <property name="keywordsUsage">{
  &quot;web_ui&quot;: true,
  &quot;web_service&quot;: false,
  &quot;cucumber&quot;: false,
  &quot;builtin&quot;: false,
  &quot;mobile&quot;: false,
  &quot;windows&quot;: false,
  &quot;testng&quot;: false
}</property>
</record>
<record>
  <date>2025-02-04T13:20:15.471657100Z</date>
  <millis>1738675215471</millis>
  <nanos>657100</nanos>
  <sequence>115</sequence>
  <level>START</level>
  <class>com.kms.katalon.core.logging.XmlKeywordLogger</class>
  <method>startTest</method>
  <thread>1</thread>
  <message>Start Test Case : Test Cases/Positive Cases - Add to Cart - Is Equal to 3 Items</message>
  <nestedLevel>1</nestedLevel>
  <escapedJava>false</escapedJava>
  <property name="remainingRetryCount">0</property>
  <property name="name">Test Cases/Positive Cases - Add to Cart - Is Equal to 3 Items</property>
  <property name="description"></property>
  <property name="iteration"></property>
  <property name="id">Test Cases/Positive Cases - Add to Cart - Is Equal to 3 Items</property>
  <property name="source">C:\Users\ACER\git\KatalonGitSwagLabsNew\Test Cases\Positive Cases - Add to Cart - Is Equal to 3 Items.tc</property>
  <property name="tag"></property>
  <property name="isOptional">false</property>
  <property name="currentRetryCount">3</property>
</record>
<record>
  <date>2025-02-04T13:20:15.492912300Z</date>
  <millis>1738675215492</millis>
  <nanos>912300</nanos>
  <sequence>117</sequence>
  <level>START</level>
  <class>com.kms.katalon.core.logging.XmlKeywordLogger</class>
  <method>startKeyword</method>
  <thread>1</thread>
  <message>Start action : openBrowser(&amp;quot;&amp;quot;)</message>
  <nestedLevel>1</nestedLevel>
  <escapedJava>false</escapedJava>
  <property name="startLine">20</property>
  <property name="stepIndex">1</property>
</record>
<record>
  <date>2025-02-04T13:20:15.501241Z</date>
  <millis>1738675215501</millis>
  <nanos>241000</nanos>
  <sequence>119</sequence>
  <level>WARNING</level>
  <class>com.kms.katalon.core.logging.XmlKeywordLogger</class>
  <method>logMessage</method>
  <thread>1</thread>
  <message>A browser is already opened. Closing browser and opening a new one</message>
  <nestedLevel>1</nestedLevel>
  <escapedJava>false</escapedJava>
</record>
<record>
  <date>2025-02-04T13:20:15.762767700Z</date>
  <millis>1738675215762</millis>
  <nanos>767700</nanos>
  <sequence>120</sequence>
  <level>INFO</level>
  <class>com.kms.katalon.core.logging.XmlKeywordLogger</class>
  <method>logMessage</method>
  <thread>1</thread>
  <message>Starting &amp;apos;Chrome&amp;apos; driver</message>
  <nestedLevel>1</nestedLevel>
  <escapedJava>false</escapedJava>
</record>
<record>
  <date>2025-02-04T13:20:15.767181200Z</date>
  <millis>1738675215767</millis>
  <nanos>181200</nanos>
  <sequence>122</sequence>
  <level>INFO</level>
  <class>com.kms.katalon.core.logging.XmlKeywordLogger</class>
  <method>logMessage</method>
  <thread>1</thread>
  <message>Action delay is set to 0 milliseconds</message>
  <nestedLevel>1</nestedLevel>
  <escapedJava>false</escapedJava>
</record>
<record>
  <date>2025-02-04T13:20:16.941073600Z</date>
  <millis>1738675216941</millis>
  <nanos>73600</nanos>
  <sequence>124</sequence>
  <level>RUN_DATA</level>
  <class>com.kms.katalon.core.logging.XmlKeywordLogger</class>
  <method>logMessage</method>
  <thread>1</thread>
  <message>sessionId = 6a1415f839d09c7258656f715e84d130</message>
  <nestedLevel>1</nestedLevel>
  <escapedJava>false</escapedJava>
  <property name="sessionId">6a1415f839d09c7258656f715e84d130</property>
</record>
<record>
  <date>2025-02-04T13:20:16.965887500Z</date>
  <millis>1738675216965</millis>
  <nanos>887500</nanos>
  <sequence>125</sequence>
  <level>RUN_DATA</level>
  <class>com.kms.katalon.core.logging.XmlKeywordLogger</class>
  <method>logMessage</method>
  <thread>1</thread>
  <message>browser = Chrome 132.0.0.0</message>
  <nestedLevel>1</nestedLevel>
  <escapedJava>false</escapedJava>
  <property name="browser">Chrome 132.0.0.0</property>
</record>
<record>
  <date>2025-02-04T13:20:16.966889600Z</date>
  <millis>1738675216966</millis>
  <nanos>889600</nanos>
  <sequence>126</sequence>
  <level>RUN_DATA</level>
  <class>com.kms.katalon.core.logging.XmlKeywordLogger</class>
  <method>logMessage</method>
  <thread>1</thread>
  <message>platform = Windows 11</message>
  <nestedLevel>1</nestedLevel>
  <escapedJava>false</escapedJava>
  <property name="platform">Windows 11</property>
</record>
<record>
  <date>2025-02-04T13:20:16.966889600Z</date>
  <millis>1738675216966</millis>
  <nanos>889600</nanos>
  <sequence>127</sequence>
  <level>RUN_DATA</level>
  <class>com.kms.katalon.core.logging.XmlKeywordLogger</class>
  <method>logMessage</method>
  <thread>1</thread>
  <message>seleniumVersion = 3.141.59</message>
  <nestedLevel>1</nestedLevel>
  <escapedJava>false</escapedJava>
  <property name="seleniumVersion">3.141.59</property>
</record>
<record>
  <date>2025-02-04T13:20:16.966889600Z</date>
  <millis>1738675216966</millis>
  <nanos>889600</nanos>
  <sequence>128</sequence>
  <level>RUN_DATA</level>
  <class>com.kms.katalon.core.logging.XmlKeywordLogger</class>
  <method>logMessage</method>
  <thread>1</thread>
  <message>proxyInformation = ProxyInformation { proxyOption=NO_PROXY, proxyServerType=HTTP, username=, password=********, proxyServerAddress=, proxyServerPort=0, executionList=&amp;quot;&amp;quot;, isApplyToDesiredCapabilities=true }</message>
  <nestedLevel>1</nestedLevel>
  <escapedJava>false</escapedJava>
  <property name="proxyInformation">ProxyInformation { proxyOption=NO_PROXY, proxyServerType=HTTP, username=, password=********, proxyServerAddress=, proxyServerPort=0, executionList=&quot;&quot;, isApplyToDesiredCapabilities=true }</property>
</record>
<record>
  <date>2025-02-04T13:20:16.972886900Z</date>
  <millis>1738675216972</millis>
  <nanos>886900</nanos>
  <sequence>129</sequence>
  <level>PASSED</level>
  <class>com.kms.katalon.core.logging.XmlKeywordLogger</class>
  <method>logMessage</method>
  <thread>1</thread>
  <message>Browser is opened with url: &amp;apos;&amp;apos;</message>
  <nestedLevel>1</nestedLevel>
  <escapedJava>false</escapedJava>
  <property name="testops-method-name">com.kms.katalon.core.webui.keyword.builtin.OpenBrowserKeyword.openBrowser</property>
  <property name="testops-execution-stacktrace"></property>
</record>
<record>
  <date>2025-02-04T13:20:16.973887800Z</date>
  <millis>1738675216973</millis>
  <nanos>887800</nanos>
  <sequence>130</sequence>
  <level>END</level>
  <class>com.kms.katalon.core.logging.XmlKeywordLogger</class>
  <method>endKeyword</method>
  <thread>1</thread>
  <message>End action : openBrowser(&amp;quot;&amp;quot;)</message>
  <nestedLevel>1</nestedLevel>
  <escapedJava>false</escapedJava>
</record>
<record>
  <date>2025-02-04T13:20:16.973887800Z</date>
  <millis>1738675216973</millis>
  <nanos>887800</nanos>
  <sequence>131</sequence>
  <level>START</level>
  <class>com.kms.katalon.core.logging.XmlKeywordLogger</class>
  <method>startKeyword</method>
  <thread>1</thread>
  <message>Start action : navigateToUrl(&amp;quot;https://www.saucedemo.com/&amp;quot;)</message>
  <nestedLevel>1</nestedLevel>
  <escapedJava>false</escapedJava>
  <property name="startLine">22</property>
  <property name="stepIndex">2</property>
</record>
<record>
  <date>2025-02-04T13:20:17.457189600Z</date>
  <millis>1738675217457</millis>
  <nanos>189600</nanos>
  <sequence>134</sequence>
  <level>PASSED</level>
  <class>com.kms.katalon.core.logging.XmlKeywordLogger</class>
  <method>logMessage</method>
  <thread>1</thread>
  <message>Navigate to &amp;apos;https://www.saucedemo.com/&amp;apos; successfully</message>
  <nestedLevel>1</nestedLevel>
  <escapedJava>false</escapedJava>
  <property name="testops-method-name">com.kms.katalon.core.webui.keyword.builtin.NavigateToUrlKeyword.navigateToUrl</property>
  <property name="testops-execution-stacktrace"></property>
</record>
<record>
  <date>2025-02-04T13:20:17.458188500Z</date>
  <millis>1738675217458</millis>
  <nanos>188500</nanos>
  <sequence>135</sequence>
  <level>END</level>
  <class>com.kms.katalon.core.logging.XmlKeywordLogger</class>
  <method>endKeyword</method>
  <thread>1</thread>
  <message>End action : navigateToUrl(&amp;quot;https://www.saucedemo.com/&amp;quot;)</message>
  <nestedLevel>1</nestedLevel>
  <escapedJava>false</escapedJava>
</record>
<record>
  <date>2025-02-04T13:20:17.458188500Z</date>
  <millis>1738675217458</millis>
  <nanos>188500</nanos>
  <sequence>136</sequence>
  <level>START</level>
  <class>com.kms.katalon.core.logging.XmlKeywordLogger</class>
  <method>startKeyword</method>
  <thread>1</thread>
  <message>Start action : setText(findTestObject(&amp;quot;Page_Swag Labs/input_Swag Labs_user-name&amp;quot;), Username1)</message>
  <nestedLevel>1</nestedLevel>
  <escapedJava>false</escapedJava>
  <property name="startLine">24</property>
  <property name="stepIndex">3</property>
</record>
<record>
  <date>2025-02-04T13:20:17.592015700Z</date>
  <millis>1738675217592</millis>
  <nanos>15700</nanos>
  <sequence>143</sequence>
  <level>FAILED</level>
  <class>com.kms.katalon.core.logging.XmlKeywordLogger</class>
  <method>logMessage</method>
  <thread>1</thread>
  <message>Unable to set text &amp;apos;null&amp;apos; of object &amp;apos;Object Repository/Page_Swag Labs/input_Swag Labs_user-name&amp;apos; (Root cause: com.kms.katalon.core.exception.StepFailedException: Unable to set text &amp;apos;null&amp;apos; of object &amp;apos;Object Repository/Page_Swag Labs/input_Swag Labs_user-name&amp;apos;
	at com.kms.katalon.core.webui.keyword.internal.WebUIKeywordMain.stepFailed(WebUIKeywordMain.groovy:117)
	at com.kms.katalon.core.webui.keyword.internal.WebUIKeywordMain.runKeyword(WebUIKeywordMain.groovy:43)
	at com.kms.katalon.core.webui.keyword.builtin.SetTextKeyword.setText(SetTextKeyword.groovy:85)
	at com.kms.katalon.core.webui.keyword.builtin.SetTextKeyword.execute(SetTextKeyword.groovy:39)
	at com.kms.katalon.core.keyword.internal.KeywordExecutor.executeKeywordForPlatform(KeywordExecutor.groovy:74)
	at com.kms.katalon.core.webui.keyword.WebUiBuiltInKeywords.setText(WebUiBuiltInKeywords.groovy:1019)
	at Positive Cases - Add to Cart - Is Equal to 3 Items.run(Positive Cases - Add to Cart - Is Equal to 3 Items:24)
	at com.kms.katalon.core.main.ScriptEngine.run(ScriptEngine.java:194)
	at com.kms.katalon.core.main.ScriptEngine.runScriptAsRawText(ScriptEngine.java:119)
	at com.kms.katalon.core.main.TestCaseExecutor.runScript(TestCaseExecutor.java:448)
	at com.kms.katalon.core.main.TestCaseExecutor.doExecute(TestCaseExecutor.java:439)
	at com.kms.katalon.core.main.TestCaseExecutor.processExecutionPhase(TestCaseExecutor.java:418)
	at com.kms.katalon.core.main.TestCaseExecutor.accessMainPhase(TestCaseExecutor.java:410)
	at com.kms.katalon.core.main.TestCaseExecutor.execute(TestCaseExecutor.java:285)
	at com.kms.katalon.core.main.TestCaseExecutor.execute(TestCaseExecutor.java:369)
	at com.kms.katalon.core.main.TestCaseExecutor.execute(TestCaseExecutor.java:369)
	at com.kms.katalon.core.main.TestCaseExecutor.execute(TestCaseExecutor.java:369)
	at com.kms.katalon.core.common.CommonExecutor.accessTestCaseMainPhase(CommonExecutor.java:65)
	at com.kms.katalon.core.main.TestSuiteExecutor.accessTestSuiteMainPhase(TestSuiteExecutor.java:150)
	at com.kms.katalon.core.main.TestSuiteExecutor.execute(TestSuiteExecutor.java:106)
	at com.kms.katalon.core.main.TestCaseMain.startTestSuite(TestCaseMain.java:180)
	at TempTestSuite1738675195040.run(TempTestSuite1738675195040.groovy:35)
	at java.base/jdk.internal.reflect.NativeMethodAccessorImpl.invoke0(Native Method)
	at java.base/jdk.internal.reflect.NativeMethodAccessorImpl.invoke(NativeMethodAccessorImpl.java:77)
	at java.base/jdk.internal.reflect.DelegatingMethodAccessorImpl.invoke(DelegatingMethodAccessorImpl.java:43)
Caused by: java.lang.IllegalArgumentException: Text is null
	at com.kms.katalon.core.webui.keyword.builtin.SetTextKeyword$_setText_closure1.doCall(SetTextKeyword.groovy:50)
	at com.kms.katalon.core.webui.keyword.builtin.SetTextKeyword$_setText_closure1.call(SetTextKeyword.groovy)
	at com.kms.katalon.core.webui.keyword.internal.WebUIKeywordMain.runKeyword(WebUIKeywordMain.groovy:35)
	at com.kms.katalon.core.webui.keyword.builtin.SetTextKeyword.setText(SetTextKeyword.groovy:85)
	at com.kms.katalon.core.webui.keyword.builtin.SetTextKeyword.execute(SetTextKeyword.groovy:39)
	at com.kms.katalon.core.keyword.internal.KeywordExecutor.executeKeywordForPlatform(KeywordExecutor.groovy:74)
	at com.kms.katalon.core.webui.keyword.WebUiBuiltInKeywords.setText(WebUiBuiltInKeywords.groovy:1019)
	at Script1737430890614.run(Script1737430890614.groovy:24)
	... 18 more
)</message>
  <nestedLevel>1</nestedLevel>
  <escapedJava>false</escapedJava>
  <property name="failed.exception.class">java.lang.IllegalArgumentException</property>
  <property name="attachment">1738675217473.png</property>
  <property name="failed.exception.stacktrace">java.lang.IllegalArgumentException: Text is null
	at com.kms.katalon.core.webui.keyword.builtin.SetTextKeyword$_setText_closure1.doCall(SetTextKeyword.groovy:50)
	at com.kms.katalon.core.webui.keyword.builtin.SetTextKeyword$_setText_closure1.call(SetTextKeyword.groovy)
	at com.kms.katalon.core.webui.keyword.internal.WebUIKeywordMain.runKeyword(WebUIKeywordMain.groovy:35)
	at com.kms.katalon.core.webui.keyword.builtin.SetTextKeyword.setText(SetTextKeyword.groovy:85)
	at com.kms.katalon.core.webui.keyword.builtin.SetTextKeyword.execute(SetTextKeyword.groovy:39)
	at com.kms.katalon.core.keyword.internal.KeywordExecutor.executeKeywordForPlatform(KeywordExecutor.groovy:74)
	at com.kms.katalon.core.webui.keyword.WebUiBuiltInKeywords.setText(WebUiBuiltInKeywords.groovy:1019)
	at Positive Cases - Add to Cart - Is Equal to 3 Items.run(Positive Cases - Add to Cart - Is Equal to 3 Items:24)
	at com.kms.katalon.core.main.ScriptEngine.run(ScriptEngine.java:194)
	at com.kms.katalon.core.main.ScriptEngine.runScriptAsRawText(ScriptEngine.java:119)
	at com.kms.katalon.core.main.TestCaseExecutor.runScript(TestCaseExecutor.java:448)
	at com.kms.katalon.core.main.TestCaseExecutor.doExecute(TestCaseExecutor.java:439)
	at com.kms.katalon.core.main.TestCaseExecutor.processExecutionPhase(TestCaseExecutor.java:418)
	at com.kms.katalon.core.main.TestCaseExecutor.accessMainPhase(TestCaseExecutor.java:410)
	at com.kms.katalon.core.main.TestCaseExecutor.execute(TestCaseExecutor.java:285)
	at com.kms.katalon.core.main.TestCaseExecutor.execute(TestCaseExecutor.java:369)
	at com.kms.katalon.core.main.TestCaseExecutor.execute(TestCaseExecutor.java:369)
	at com.kms.katalon.core.main.TestCaseExecutor.execute(TestCaseExecutor.java:369)
	at com.kms.katalon.core.common.CommonExecutor.accessTestCaseMainPhase(CommonExecutor.java:65)
	at com.kms.katalon.core.main.TestSuiteExecutor.accessTestSuiteMainPhase(TestSuiteExecutor.java:150)
	at com.kms.katalon.core.main.TestSuiteExecutor.execute(TestSuiteExecutor.java:106)
	at com.kms.katalon.core.main.TestCaseMain.startTestSuite(TestCaseMain.java:180)
	at TempTestSuite1738675195040.run(TempTestSuite1738675195040.groovy:35)
	at java.base/jdk.internal.reflect.NativeMethodAccessorImpl.invoke0(Native Method)
	at java.base/jdk.internal.reflect.NativeMethodAccessorImpl.invoke(NativeMethodAccessorImpl.java:77)
	at java.base/jdk.internal.reflect.DelegatingMethodAccessorImpl.invoke(DelegatingMethodAccessorImpl.java:43)
</property>
  <property name="failed.exception.message">Text is null</property>
</record>
<record>
  <date>2025-02-04T13:20:17.593014700Z</date>
  <millis>1738675217593</millis>
  <nanos>14700</nanos>
  <sequence>146</sequence>
  <level>END</level>
  <class>com.kms.katalon.core.logging.XmlKeywordLogger</class>
  <method>endKeyword</method>
  <thread>1</thread>
  <message>End action : setText(findTestObject(&amp;quot;Page_Swag Labs/input_Swag Labs_user-name&amp;quot;), Username1)</message>
  <nestedLevel>1</nestedLevel>
  <escapedJava>false</escapedJava>
</record>
<record>
  <date>2025-02-04T13:20:17.594014300Z</date>
  <millis>1738675217594</millis>
  <nanos>14300</nanos>
  <sequence>149</sequence>
  <level>FAILED</level>
  <class>com.kms.katalon.core.logging.XmlKeywordLogger</class>
  <method>logMessage</method>
  <thread>1</thread>
  <message>Test Cases/Positive Cases - Add to Cart - Is Equal to 3 Items FAILED.
Reason:
com.kms.katalon.core.exception.StepFailedException: Unable to set text &amp;apos;null&amp;apos; of object &amp;apos;Object Repository/Page_Swag Labs/input_Swag Labs_user-name&amp;apos;
	at com.kms.katalon.core.webui.keyword.internal.WebUIKeywordMain.stepFailed(WebUIKeywordMain.groovy:117)
	at com.kms.katalon.core.webui.keyword.internal.WebUIKeywordMain.runKeyword(WebUIKeywordMain.groovy:43)
	at com.kms.katalon.core.webui.keyword.builtin.SetTextKeyword.setText(SetTextKeyword.groovy:85)
	at com.kms.katalon.core.webui.keyword.builtin.SetTextKeyword.execute(SetTextKeyword.groovy:39)
	at com.kms.katalon.core.keyword.internal.KeywordExecutor.executeKeywordForPlatform(KeywordExecutor.groovy:74)
	at com.kms.katalon.core.webui.keyword.WebUiBuiltInKeywords.setText(WebUiBuiltInKeywords.groovy:1019)
	at Positive Cases - Add to Cart - Is Equal to 3 Items.run(Positive Cases - Add to Cart - Is Equal to 3 Items:24)
	at com.kms.katalon.core.main.ScriptEngine.run(ScriptEngine.java:194)
	at com.kms.katalon.core.main.ScriptEngine.runScriptAsRawText(ScriptEngine.java:119)
	at com.kms.katalon.core.main.TestCaseExecutor.runScript(TestCaseExecutor.java:448)
	at com.kms.katalon.core.main.TestCaseExecutor.doExecute(TestCaseExecutor.java:439)
	at com.kms.katalon.core.main.TestCaseExecutor.processExecutionPhase(TestCaseExecutor.java:418)
	at com.kms.katalon.core.main.TestCaseExecutor.accessMainPhase(TestCaseExecutor.java:410)
	at com.kms.katalon.core.main.TestCaseExecutor.execute(TestCaseExecutor.java:285)
	at com.kms.katalon.core.main.TestCaseExecutor.execute(TestCaseExecutor.java:369)
	at com.kms.katalon.core.main.TestCaseExecutor.execute(TestCaseExecutor.java:369)
	at com.kms.katalon.core.main.TestCaseExecutor.execute(TestCaseExecutor.java:369)
	at com.kms.katalon.core.common.CommonExecutor.accessTestCaseMainPhase(CommonExecutor.java:65)
	at com.kms.katalon.core.main.TestSuiteExecutor.accessTestSuiteMainPhase(TestSuiteExecutor.java:150)
	at com.kms.katalon.core.main.TestSuiteExecutor.execute(TestSuiteExecutor.java:106)
	at com.kms.katalon.core.main.TestCaseMain.startTestSuite(TestCaseMain.java:180)
	at TempTestSuite1738675195040.run(TempTestSuite1738675195040.groovy:35)
	at java.base/jdk.internal.reflect.NativeMethodAccessorImpl.invoke0(Native Method)
	at java.base/jdk.internal.reflect.NativeMethodAccessorImpl.invoke(NativeMethodAccessorImpl.java:77)
	at java.base/jdk.internal.reflect.DelegatingMethodAccessorImpl.invoke(DelegatingMethodAccessorImpl.java:43)
Caused by: java.lang.IllegalArgumentException: Text is null
	at com.kms.katalon.core.webui.keyword.builtin.SetTextKeyword$_setText_closure1.doCall(SetTextKeyword.groovy:50)
	at com.kms.katalon.core.webui.keyword.builtin.SetTextKeyword$_setText_closure1.call(SetTextKeyword.groovy)
	at com.kms.katalon.core.webui.keyword.internal.WebUIKeywordMain.runKeyword(WebUIKeywordMain.groovy:35)
	... 23 more
</message>
  <exception>
    <message>com.kms.katalon.core.exception.StepFailedException: Unable to set text 'null' of object 'Object Repository/Page_Swag Labs/input_Swag Labs_user-name'</message>
    <frame>
      <class>com.kms.katalon.core.webui.keyword.internal.WebUIKeywordMain</class>
      <method>stepFailed</method>
      <line>117</line>
    </frame>
    <frame>
      <class>com.kms.katalon.core.webui.keyword.internal.WebUIKeywordMain</class>
      <method>runKeyword</method>
      <line>43</line>
    </frame>
    <frame>
      <class>com.kms.katalon.core.webui.keyword.builtin.SetTextKeyword</class>
      <method>setText</method>
      <line>85</line>
    </frame>
    <frame>
      <class>com.kms.katalon.core.webui.keyword.builtin.SetTextKeyword</class>
      <method>execute</method>
      <line>39</line>
    </frame>
    <frame>
      <class>com.kms.katalon.core.keyword.internal.KeywordExecutor</class>
      <method>executeKeywordForPlatform</method>
      <line>74</line>
    </frame>
    <frame>
      <class>com.kms.katalon.core.webui.keyword.WebUiBuiltInKeywords</class>
      <method>setText</method>
      <line>1019</line>
    </frame>
    <frame>
      <class>Positive Cases - Add to Cart - Is Equal to 3 Items</class>
      <method>run</method>
      <line>24</line>
    </frame>
    <frame>
      <class>com.kms.katalon.core.main.ScriptEngine</class>
      <method>run</method>
      <line>194</line>
    </frame>
    <frame>
      <class>com.kms.katalon.core.main.ScriptEngine</class>
      <method>runScriptAsRawText</method>
      <line>119</line>
    </frame>
    <frame>
      <class>com.kms.katalon.core.main.TestCaseExecutor</class>
      <method>runScript</method>
      <line>448</line>
    </frame>
    <frame>
      <class>com.kms.katalon.core.main.TestCaseExecutor</class>
      <method>doExecute</method>
      <line>439</line>
    </frame>
    <frame>
      <class>com.kms.katalon.core.main.TestCaseExecutor</class>
      <method>processExecutionPhase</method>
      <line>418</line>
    </frame>
    <frame>
      <class>com.kms.katalon.core.main.TestCaseExecutor</class>
      <method>accessMainPhase</method>
      <line>410</line>
    </frame>
    <frame>
      <class>com.kms.katalon.core.main.TestCaseExecutor</class>
      <method>execute</method>
      <line>285</line>
    </frame>
    <frame>
      <class>com.kms.katalon.core.main.TestCaseExecutor</class>
      <method>execute</method>
      <line>369</line>
    </frame>
    <frame>
      <class>com.kms.katalon.core.main.TestCaseExecutor</class>
      <method>execute</method>
      <line>369</line>
    </frame>
    <frame>
      <class>com.kms.katalon.core.main.TestCaseExecutor</class>
      <method>execute</method>
      <line>369</line>
    </frame>
    <frame>
      <class>com.kms.katalon.core.common.CommonExecutor</class>
      <method>accessTestCaseMainPhase</method>
      <line>65</line>
    </frame>
    <frame>
      <class>com.kms.katalon.core.main.TestSuiteExecutor</class>
      <method>accessTestSuiteMainPhase</method>
      <line>150</line>
    </frame>
    <frame>
      <class>com.kms.katalon.core.main.TestSuiteExecutor</class>
      <method>execute</method>
      <line>106</line>
    </frame>
    <frame>
      <class>com.kms.katalon.core.main.TestCaseMain</class>
      <method>startTestSuite</method>
      <line>180</line>
    </frame>
    <frame>
      <class>TempTestSuite1738675195040</class>
      <method>run</method>
      <line>35</line>
    </frame>
    <frame>
      <class>jdk.internal.reflect.NativeMethodAccessorImpl</class>
      <method>invoke0</method>
    </frame>
    <frame>
      <class>jdk.internal.reflect.NativeMethodAccessorImpl</class>
      <method>invoke</method>
      <line>77</line>
    </frame>
    <frame>
      <class>jdk.internal.reflect.DelegatingMethodAccessorImpl</class>
      <method>invoke</method>
      <line>43</line>
    </frame>
  </exception>
  <nestedLevel>0</nestedLevel>
  <escapedJava>false</escapedJava>
  <property name="failed.exception.stacktrace">java.lang.IllegalArgumentException: Text is null
	at com.kms.katalon.core.webui.keyword.builtin.SetTextKeyword$_setText_closure1.doCall(SetTextKeyword.groovy:50)
	at com.kms.katalon.core.webui.keyword.builtin.SetTextKeyword$_setText_closure1.call(SetTextKeyword.groovy)
	at com.kms.katalon.core.webui.keyword.internal.WebUIKeywordMain.runKeyword(WebUIKeywordMain.groovy:35)
	at com.kms.katalon.core.webui.keyword.builtin.SetTextKeyword.setText(SetTextKeyword.groovy:85)
	at com.kms.katalon.core.webui.keyword.builtin.SetTextKeyword.execute(SetTextKeyword.groovy:39)
	at com.kms.katalon.core.keyword.internal.KeywordExecutor.executeKeywordForPlatform(KeywordExecutor.groovy:74)
	at com.kms.katalon.core.webui.keyword.WebUiBuiltInKeywords.setText(WebUiBuiltInKeywords.groovy:1019)
	at Positive Cases - Add to Cart - Is Equal to 3 Items.run(Positive Cases - Add to Cart - Is Equal to 3 Items:24)
	at com.kms.katalon.core.main.ScriptEngine.run(ScriptEngine.java:194)
	at com.kms.katalon.core.main.ScriptEngine.runScriptAsRawText(ScriptEngine.java:119)
	at com.kms.katalon.core.main.TestCaseExecutor.runScript(TestCaseExecutor.java:448)
	at com.kms.katalon.core.main.TestCaseExecutor.doExecute(TestCaseExecutor.java:439)
	at com.kms.katalon.core.main.TestCaseExecutor.processExecutionPhase(TestCaseExecutor.java:418)
	at com.kms.katalon.core.main.TestCaseExecutor.accessMainPhase(TestCaseExecutor.java:410)
	at com.kms.katalon.core.main.TestCaseExecutor.execute(TestCaseExecutor.java:285)
	at com.kms.katalon.core.main.TestCaseExecutor.execute(TestCaseExecutor.java:369)
	at com.kms.katalon.core.main.TestCaseExecutor.execute(TestCaseExecutor.java:369)
	at com.kms.katalon.core.main.TestCaseExecutor.execute(TestCaseExecutor.java:369)
	at com.kms.katalon.core.common.CommonExecutor.accessTestCaseMainPhase(CommonExecutor.java:65)
	at com.kms.katalon.core.main.TestSuiteExecutor.accessTestSuiteMainPhase(TestSuiteExecutor.java:150)
	at com.kms.katalon.core.main.TestSuiteExecutor.execute(TestSuiteExecutor.java:106)
	at com.kms.katalon.core.main.TestCaseMain.startTestSuite(TestCaseMain.java:180)
	at TempTestSuite1738675195040.run(TempTestSuite1738675195040.groovy:35)
	at java.base/jdk.internal.reflect.NativeMethodAccessorImpl.invoke0(Native Method)
	at java.base/jdk.internal.reflect.NativeMethodAccessorImpl.invoke(NativeMethodAccessorImpl.java:77)
	at java.base/jdk.internal.reflect.DelegatingMethodAccessorImpl.invoke(DelegatingMethodAccessorImpl.java:43)
</property>
  <property name="failed.exception.class">java.lang.IllegalArgumentException</property>
  <property name="failed.exception.message">Text is null</property>
</record>
<record>
  <date>2025-02-04T13:20:17.599622100Z</date>
  <millis>1738675217599</millis>
  <nanos>622100</nanos>
  <sequence>151</sequence>
  <level>END</level>
  <class>com.kms.katalon.core.logging.XmlKeywordLogger</class>
  <method>endTest</method>
  <thread>1</thread>
  <message>End Test Case : Test Cases/Positive Cases - Add to Cart - Is Equal to 3 Items</message>
  <nestedLevel>0</nestedLevel>
  <escapedJava>false</escapedJava>
  <property name="executionBindingVariables">[]</property>
  <property name="applitools">false</property>
  <property name="remainingRetryCount">0</property>
  <property name="currentRetryCount">3</property>
  <property name="keywordsUsage">{
  &quot;web_ui&quot;: true,
  &quot;web_service&quot;: false,
  &quot;cucumber&quot;: false,
  &quot;builtin&quot;: false,
  &quot;mobile&quot;: false,
  &quot;windows&quot;: false,
  &quot;testng&quot;: false
}</property>
</record>
<record>
  <date>2025-02-04T13:20:17.605642Z</date>
  <millis>1738675217605</millis>
  <nanos>642000</nanos>
  <sequence>152</sequence>
  <level>START</level>
  <class>com.kms.katalon.core.logging.XmlKeywordLogger</class>
  <method>startTest</method>
  <thread>1</thread>
  <message>Start Test Case : Test Cases/Positive Cases - Add to Cart</message>
  <nestedLevel>1</nestedLevel>
  <escapedJava>false</escapedJava>
  <property name="remainingRetryCount">3</property>
  <property name="name">Test Cases/Positive Cases - Add to Cart</property>
  <property name="description"></property>
  <property name="iteration"></property>
  <property name="id">Test Cases/Positive Cases - Add to Cart</property>
  <property name="source">C:\Users\ACER\git\KatalonGitSwagLabsNew\Test Cases\Positive Cases - Add to Cart.tc</property>
  <property name="tag"></property>
  <property name="isOptional">false</property>
  <property name="currentRetryCount">0</property>
</record>
<record>
  <date>2025-02-04T13:20:17.710511900Z</date>
  <millis>1738675217710</millis>
  <nanos>511900</nanos>
  <sequence>154</sequence>
  <level>START</level>
  <class>com.kms.katalon.core.logging.XmlKeywordLogger</class>
  <method>startKeyword</method>
  <thread>1</thread>
  <message>Start action : openBrowser(&amp;quot;&amp;quot;)</message>
  <nestedLevel>1</nestedLevel>
  <escapedJava>false</escapedJava>
  <property name="startLine">20</property>
  <property name="stepIndex">1</property>
</record>
<record>
  <date>2025-02-04T13:20:17.732527300Z</date>
  <millis>1738675217732</millis>
  <nanos>527300</nanos>
  <sequence>156</sequence>
  <level>WARNING</level>
  <class>com.kms.katalon.core.logging.XmlKeywordLogger</class>
  <method>logMessage</method>
  <thread>1</thread>
  <message>A browser is already opened. Closing browser and opening a new one</message>
  <nestedLevel>1</nestedLevel>
  <escapedJava>false</escapedJava>
</record>
<record>
  <date>2025-02-04T13:20:18.020436300Z</date>
  <millis>1738675218020</millis>
  <nanos>436300</nanos>
  <sequence>157</sequence>
  <level>INFO</level>
  <class>com.kms.katalon.core.logging.XmlKeywordLogger</class>
  <method>logMessage</method>
  <thread>1</thread>
  <message>Starting &amp;apos;Chrome&amp;apos; driver</message>
  <nestedLevel>1</nestedLevel>
  <escapedJava>false</escapedJava>
</record>
<record>
  <date>2025-02-04T13:20:18.023446Z</date>
  <millis>1738675218023</millis>
  <nanos>446000</nanos>
  <sequence>159</sequence>
  <level>INFO</level>
  <class>com.kms.katalon.core.logging.XmlKeywordLogger</class>
  <method>logMessage</method>
  <thread>1</thread>
  <message>Action delay is set to 0 milliseconds</message>
  <nestedLevel>1</nestedLevel>
  <escapedJava>false</escapedJava>
</record>
<record>
  <date>2025-02-04T13:20:19.142843200Z</date>
  <millis>1738675219142</millis>
  <nanos>843200</nanos>
  <sequence>161</sequence>
  <level>RUN_DATA</level>
  <class>com.kms.katalon.core.logging.XmlKeywordLogger</class>
  <method>logMessage</method>
  <thread>1</thread>
  <message>sessionId = 8722e18c3ab90ce9beaf4ea1526bd626</message>
  <nestedLevel>1</nestedLevel>
  <escapedJava>false</escapedJava>
  <property name="sessionId">8722e18c3ab90ce9beaf4ea1526bd626</property>
</record>
<record>
  <date>2025-02-04T13:20:19.155746600Z</date>
  <millis>1738675219155</millis>
  <nanos>746600</nanos>
  <sequence>162</sequence>
  <level>RUN_DATA</level>
  <class>com.kms.katalon.core.logging.XmlKeywordLogger</class>
  <method>logMessage</method>
  <thread>1</thread>
  <message>browser = Chrome 132.0.0.0</message>
  <nestedLevel>1</nestedLevel>
  <escapedJava>false</escapedJava>
  <property name="browser">Chrome 132.0.0.0</property>
</record>
<record>
  <date>2025-02-04T13:20:19.155746600Z</date>
  <millis>1738675219155</millis>
  <nanos>746600</nanos>
  <sequence>163</sequence>
  <level>RUN_DATA</level>
  <class>com.kms.katalon.core.logging.XmlKeywordLogger</class>
  <method>logMessage</method>
  <thread>1</thread>
  <message>platform = Windows 11</message>
  <nestedLevel>1</nestedLevel>
  <escapedJava>false</escapedJava>
  <property name="platform">Windows 11</property>
</record>
<record>
  <date>2025-02-04T13:20:19.156756200Z</date>
  <millis>1738675219156</millis>
  <nanos>756200</nanos>
  <sequence>164</sequence>
  <level>RUN_DATA</level>
  <class>com.kms.katalon.core.logging.XmlKeywordLogger</class>
  <method>logMessage</method>
  <thread>1</thread>
  <message>seleniumVersion = 3.141.59</message>
  <nestedLevel>1</nestedLevel>
  <escapedJava>false</escapedJava>
  <property name="seleniumVersion">3.141.59</property>
</record>
<record>
  <date>2025-02-04T13:20:19.156756200Z</date>
  <millis>1738675219156</millis>
  <nanos>756200</nanos>
  <sequence>165</sequence>
  <level>RUN_DATA</level>
  <class>com.kms.katalon.core.logging.XmlKeywordLogger</class>
  <method>logMessage</method>
  <thread>1</thread>
  <message>proxyInformation = ProxyInformation { proxyOption=NO_PROXY, proxyServerType=HTTP, username=, password=********, proxyServerAddress=, proxyServerPort=0, executionList=&amp;quot;&amp;quot;, isApplyToDesiredCapabilities=true }</message>
  <nestedLevel>1</nestedLevel>
  <escapedJava>false</escapedJava>
  <property name="proxyInformation">ProxyInformation { proxyOption=NO_PROXY, proxyServerType=HTTP, username=, password=********, proxyServerAddress=, proxyServerPort=0, executionList=&quot;&quot;, isApplyToDesiredCapabilities=true }</property>
</record>
<record>
  <date>2025-02-04T13:20:19.163758200Z</date>
  <millis>1738675219163</millis>
  <nanos>758200</nanos>
  <sequence>166</sequence>
  <level>PASSED</level>
  <class>com.kms.katalon.core.logging.XmlKeywordLogger</class>
  <method>logMessage</method>
  <thread>1</thread>
  <message>Browser is opened with url: &amp;apos;&amp;apos;</message>
  <nestedLevel>1</nestedLevel>
  <escapedJava>false</escapedJava>
  <property name="testops-method-name">com.kms.katalon.core.webui.keyword.builtin.OpenBrowserKeyword.openBrowser</property>
  <property name="testops-execution-stacktrace"></property>
</record>
<record>
  <date>2025-02-04T13:20:19.164751500Z</date>
  <millis>1738675219164</millis>
  <nanos>751500</nanos>
  <sequence>167</sequence>
  <level>END</level>
  <class>com.kms.katalon.core.logging.XmlKeywordLogger</class>
  <method>endKeyword</method>
  <thread>1</thread>
  <message>End action : openBrowser(&amp;quot;&amp;quot;)</message>
  <nestedLevel>1</nestedLevel>
  <escapedJava>false</escapedJava>
</record>
<record>
  <date>2025-02-04T13:20:19.165751700Z</date>
  <millis>1738675219165</millis>
  <nanos>751700</nanos>
  <sequence>168</sequence>
  <level>START</level>
  <class>com.kms.katalon.core.logging.XmlKeywordLogger</class>
  <method>startKeyword</method>
  <thread>1</thread>
  <message>Start action : navigateToUrl(&amp;quot;https://www.saucedemo.com/&amp;quot;)</message>
  <nestedLevel>1</nestedLevel>
  <escapedJava>false</escapedJava>
  <property name="startLine">22</property>
  <property name="stepIndex">2</property>
</record>
<record>
  <date>2025-02-04T13:20:19.655385700Z</date>
  <millis>1738675219655</millis>
  <nanos>385700</nanos>
  <sequence>171</sequence>
  <level>PASSED</level>
  <class>com.kms.katalon.core.logging.XmlKeywordLogger</class>
  <method>logMessage</method>
  <thread>1</thread>
  <message>Navigate to &amp;apos;https://www.saucedemo.com/&amp;apos; successfully</message>
  <nestedLevel>1</nestedLevel>
  <escapedJava>false</escapedJava>
  <property name="testops-method-name">com.kms.katalon.core.webui.keyword.builtin.NavigateToUrlKeyword.navigateToUrl</property>
  <property name="testops-execution-stacktrace"></property>
</record>
<record>
  <date>2025-02-04T13:20:19.659389200Z</date>
  <millis>1738675219659</millis>
  <nanos>389200</nanos>
  <sequence>172</sequence>
  <level>END</level>
  <class>com.kms.katalon.core.logging.XmlKeywordLogger</class>
  <method>endKeyword</method>
  <thread>1</thread>
  <message>End action : navigateToUrl(&amp;quot;https://www.saucedemo.com/&amp;quot;)</message>
  <nestedLevel>1</nestedLevel>
  <escapedJava>false</escapedJava>
</record>
<record>
  <date>2025-02-04T13:20:19.659389200Z</date>
  <millis>1738675219659</millis>
  <nanos>389200</nanos>
  <sequence>173</sequence>
  <level>START</level>
  <class>com.kms.katalon.core.logging.XmlKeywordLogger</class>
  <method>startKeyword</method>
  <thread>1</thread>
  <message>Start action : setText(findTestObject(&amp;quot;Page_Swag Labs/input_Swag Labs_user-name&amp;quot;), Username1)</message>
  <nestedLevel>1</nestedLevel>
  <escapedJava>false</escapedJava>
  <property name="startLine">24</property>
  <property name="stepIndex">3</property>
</record>
<record>
  <date>2025-02-04T13:20:19.793932400Z</date>
  <millis>1738675219793</millis>
  <nanos>932400</nanos>
  <sequence>180</sequence>
  <level>FAILED</level>
  <class>com.kms.katalon.core.logging.XmlKeywordLogger</class>
  <method>logMessage</method>
  <thread>1</thread>
  <message>Unable to set text &amp;apos;null&amp;apos; of object &amp;apos;Object Repository/Page_Swag Labs/input_Swag Labs_user-name&amp;apos; (Root cause: com.kms.katalon.core.exception.StepFailedException: Unable to set text &amp;apos;null&amp;apos; of object &amp;apos;Object Repository/Page_Swag Labs/input_Swag Labs_user-name&amp;apos;
	at com.kms.katalon.core.webui.keyword.internal.WebUIKeywordMain.stepFailed(WebUIKeywordMain.groovy:117)
	at com.kms.katalon.core.webui.keyword.internal.WebUIKeywordMain.runKeyword(WebUIKeywordMain.groovy:43)
	at com.kms.katalon.core.webui.keyword.builtin.SetTextKeyword.setText(SetTextKeyword.groovy:85)
	at com.kms.katalon.core.webui.keyword.builtin.SetTextKeyword.execute(SetTextKeyword.groovy:39)
	at com.kms.katalon.core.keyword.internal.KeywordExecutor.executeKeywordForPlatform(KeywordExecutor.groovy:74)
	at com.kms.katalon.core.webui.keyword.WebUiBuiltInKeywords.setText(WebUiBuiltInKeywords.groovy:1019)
	at Positive Cases - Add to Cart.run(Positive Cases - Add to Cart:24)
	at com.kms.katalon.core.main.ScriptEngine.run(ScriptEngine.java:194)
	at com.kms.katalon.core.main.ScriptEngine.runScriptAsRawText(ScriptEngine.java:119)
	at com.kms.katalon.core.main.TestCaseExecutor.runScript(TestCaseExecutor.java:448)
	at com.kms.katalon.core.main.TestCaseExecutor.doExecute(TestCaseExecutor.java:439)
	at com.kms.katalon.core.main.TestCaseExecutor.processExecutionPhase(TestCaseExecutor.java:418)
	at com.kms.katalon.core.main.TestCaseExecutor.accessMainPhase(TestCaseExecutor.java:410)
	at com.kms.katalon.core.main.TestCaseExecutor.execute(TestCaseExecutor.java:285)
	at com.kms.katalon.core.common.CommonExecutor.accessTestCaseMainPhase(CommonExecutor.java:65)
	at com.kms.katalon.core.main.TestSuiteExecutor.accessTestSuiteMainPhase(TestSuiteExecutor.java:150)
	at com.kms.katalon.core.main.TestSuiteExecutor.execute(TestSuiteExecutor.java:106)
	at com.kms.katalon.core.main.TestCaseMain.startTestSuite(TestCaseMain.java:180)
	at TempTestSuite1738675195040.run(TempTestSuite1738675195040.groovy:35)
	at java.base/jdk.internal.reflect.NativeMethodAccessorImpl.invoke0(Native Method)
	at java.base/jdk.internal.reflect.NativeMethodAccessorImpl.invoke(NativeMethodAccessorImpl.java:77)
	at java.base/jdk.internal.reflect.DelegatingMethodAccessorImpl.invoke(DelegatingMethodAccessorImpl.java:43)
Caused by: java.lang.IllegalArgumentException: Text is null
	at com.kms.katalon.core.webui.keyword.builtin.SetTextKeyword$_setText_closure1.doCall(SetTextKeyword.groovy:50)
	at com.kms.katalon.core.webui.keyword.builtin.SetTextKeyword$_setText_closure1.call(SetTextKeyword.groovy)
	at com.kms.katalon.core.webui.keyword.internal.WebUIKeywordMain.runKeyword(WebUIKeywordMain.groovy:35)
	at com.kms.katalon.core.webui.keyword.builtin.SetTextKeyword.setText(SetTextKeyword.groovy:85)
	at com.kms.katalon.core.webui.keyword.builtin.SetTextKeyword.execute(SetTextKeyword.groovy:39)
	at com.kms.katalon.core.keyword.internal.KeywordExecutor.executeKeywordForPlatform(KeywordExecutor.groovy:74)
	at com.kms.katalon.core.webui.keyword.WebUiBuiltInKeywords.setText(WebUiBuiltInKeywords.groovy:1019)
	at Script1737430890544.run(Script1737430890544.groovy:24)
	... 15 more
)</message>
  <nestedLevel>1</nestedLevel>
  <escapedJava>false</escapedJava>
  <property name="failed.exception.class">java.lang.IllegalArgumentException</property>
  <property name="attachment">1738675219672.png</property>
  <property name="failed.exception.stacktrace">java.lang.IllegalArgumentException: Text is null
	at com.kms.katalon.core.webui.keyword.builtin.SetTextKeyword$_setText_closure1.doCall(SetTextKeyword.groovy:50)
	at com.kms.katalon.core.webui.keyword.builtin.SetTextKeyword$_setText_closure1.call(SetTextKeyword.groovy)
	at com.kms.katalon.core.webui.keyword.internal.WebUIKeywordMain.runKeyword(WebUIKeywordMain.groovy:35)
	at com.kms.katalon.core.webui.keyword.builtin.SetTextKeyword.setText(SetTextKeyword.groovy:85)
	at com.kms.katalon.core.webui.keyword.builtin.SetTextKeyword.execute(SetTextKeyword.groovy:39)
	at com.kms.katalon.core.keyword.internal.KeywordExecutor.executeKeywordForPlatform(KeywordExecutor.groovy:74)
	at com.kms.katalon.core.webui.keyword.WebUiBuiltInKeywords.setText(WebUiBuiltInKeywords.groovy:1019)
	at Positive Cases - Add to Cart.run(Positive Cases - Add to Cart:24)
	at com.kms.katalon.core.main.ScriptEngine.run(ScriptEngine.java:194)
	at com.kms.katalon.core.main.ScriptEngine.runScriptAsRawText(ScriptEngine.java:119)
	at com.kms.katalon.core.main.TestCaseExecutor.runScript(TestCaseExecutor.java:448)
	at com.kms.katalon.core.main.TestCaseExecutor.doExecute(TestCaseExecutor.java:439)
	at com.kms.katalon.core.main.TestCaseExecutor.processExecutionPhase(TestCaseExecutor.java:418)
	at com.kms.katalon.core.main.TestCaseExecutor.accessMainPhase(TestCaseExecutor.java:410)
	at com.kms.katalon.core.main.TestCaseExecutor.execute(TestCaseExecutor.java:285)
	at com.kms.katalon.core.common.CommonExecutor.accessTestCaseMainPhase(CommonExecutor.java:65)
	at com.kms.katalon.core.main.TestSuiteExecutor.accessTestSuiteMainPhase(TestSuiteExecutor.java:150)
	at com.kms.katalon.core.main.TestSuiteExecutor.execute(TestSuiteExecutor.java:106)
	at com.kms.katalon.core.main.TestCaseMain.startTestSuite(TestCaseMain.java:180)
	at TempTestSuite1738675195040.run(TempTestSuite1738675195040.groovy:35)
	at java.base/jdk.internal.reflect.NativeMethodAccessorImpl.invoke0(Native Method)
	at java.base/jdk.internal.reflect.NativeMethodAccessorImpl.invoke(NativeMethodAccessorImpl.java:77)
	at java.base/jdk.internal.reflect.DelegatingMethodAccessorImpl.invoke(DelegatingMethodAccessorImpl.java:43)
</property>
  <property name="failed.exception.message">Text is null</property>
</record>
<record>
  <date>2025-02-04T13:20:19.795945500Z</date>
  <millis>1738675219795</millis>
  <nanos>945500</nanos>
  <sequence>183</sequence>
  <level>END</level>
  <class>com.kms.katalon.core.logging.XmlKeywordLogger</class>
  <method>endKeyword</method>
  <thread>1</thread>
  <message>End action : setText(findTestObject(&amp;quot;Page_Swag Labs/input_Swag Labs_user-name&amp;quot;), Username1)</message>
  <nestedLevel>1</nestedLevel>
  <escapedJava>false</escapedJava>
</record>
<record>
  <date>2025-02-04T13:20:19.796930600Z</date>
  <millis>1738675219796</millis>
  <nanos>930600</nanos>
  <sequence>186</sequence>
  <level>FAILED</level>
  <class>com.kms.katalon.core.logging.XmlKeywordLogger</class>
  <method>logMessage</method>
  <thread>1</thread>
  <message>Test Cases/Positive Cases - Add to Cart FAILED.
Reason:
com.kms.katalon.core.exception.StepFailedException: Unable to set text &amp;apos;null&amp;apos; of object &amp;apos;Object Repository/Page_Swag Labs/input_Swag Labs_user-name&amp;apos;
	at com.kms.katalon.core.webui.keyword.internal.WebUIKeywordMain.stepFailed(WebUIKeywordMain.groovy:117)
	at com.kms.katalon.core.webui.keyword.internal.WebUIKeywordMain.runKeyword(WebUIKeywordMain.groovy:43)
	at com.kms.katalon.core.webui.keyword.builtin.SetTextKeyword.setText(SetTextKeyword.groovy:85)
	at com.kms.katalon.core.webui.keyword.builtin.SetTextKeyword.execute(SetTextKeyword.groovy:39)
	at com.kms.katalon.core.keyword.internal.KeywordExecutor.executeKeywordForPlatform(KeywordExecutor.groovy:74)
	at com.kms.katalon.core.webui.keyword.WebUiBuiltInKeywords.setText(WebUiBuiltInKeywords.groovy:1019)
	at Positive Cases - Add to Cart.run(Positive Cases - Add to Cart:24)
	at com.kms.katalon.core.main.ScriptEngine.run(ScriptEngine.java:194)
	at com.kms.katalon.core.main.ScriptEngine.runScriptAsRawText(ScriptEngine.java:119)
	at com.kms.katalon.core.main.TestCaseExecutor.runScript(TestCaseExecutor.java:448)
	at com.kms.katalon.core.main.TestCaseExecutor.doExecute(TestCaseExecutor.java:439)
	at com.kms.katalon.core.main.TestCaseExecutor.processExecutionPhase(TestCaseExecutor.java:418)
	at com.kms.katalon.core.main.TestCaseExecutor.accessMainPhase(TestCaseExecutor.java:410)
	at com.kms.katalon.core.main.TestCaseExecutor.execute(TestCaseExecutor.java:285)
	at com.kms.katalon.core.common.CommonExecutor.accessTestCaseMainPhase(CommonExecutor.java:65)
	at com.kms.katalon.core.main.TestSuiteExecutor.accessTestSuiteMainPhase(TestSuiteExecutor.java:150)
	at com.kms.katalon.core.main.TestSuiteExecutor.execute(TestSuiteExecutor.java:106)
	at com.kms.katalon.core.main.TestCaseMain.startTestSuite(TestCaseMain.java:180)
	at TempTestSuite1738675195040.run(TempTestSuite1738675195040.groovy:35)
	at java.base/jdk.internal.reflect.NativeMethodAccessorImpl.invoke0(Native Method)
	at java.base/jdk.internal.reflect.NativeMethodAccessorImpl.invoke(NativeMethodAccessorImpl.java:77)
	at java.base/jdk.internal.reflect.DelegatingMethodAccessorImpl.invoke(DelegatingMethodAccessorImpl.java:43)
Caused by: java.lang.IllegalArgumentException: Text is null
	at com.kms.katalon.core.webui.keyword.builtin.SetTextKeyword$_setText_closure1.doCall(SetTextKeyword.groovy:50)
	at com.kms.katalon.core.webui.keyword.builtin.SetTextKeyword$_setText_closure1.call(SetTextKeyword.groovy)
	at com.kms.katalon.core.webui.keyword.internal.WebUIKeywordMain.runKeyword(WebUIKeywordMain.groovy:35)
	... 20 more
</message>
  <exception>
    <message>com.kms.katalon.core.exception.StepFailedException: Unable to set text 'null' of object 'Object Repository/Page_Swag Labs/input_Swag Labs_user-name'</message>
    <frame>
      <class>com.kms.katalon.core.webui.keyword.internal.WebUIKeywordMain</class>
      <method>stepFailed</method>
      <line>117</line>
    </frame>
    <frame>
      <class>com.kms.katalon.core.webui.keyword.internal.WebUIKeywordMain</class>
      <method>runKeyword</method>
      <line>43</line>
    </frame>
    <frame>
      <class>com.kms.katalon.core.webui.keyword.builtin.SetTextKeyword</class>
      <method>setText</method>
      <line>85</line>
    </frame>
    <frame>
      <class>com.kms.katalon.core.webui.keyword.builtin.SetTextKeyword</class>
      <method>execute</method>
      <line>39</line>
    </frame>
    <frame>
      <class>com.kms.katalon.core.keyword.internal.KeywordExecutor</class>
      <method>executeKeywordForPlatform</method>
      <line>74</line>
    </frame>
    <frame>
      <class>com.kms.katalon.core.webui.keyword.WebUiBuiltInKeywords</class>
      <method>setText</method>
      <line>1019</line>
    </frame>
    <frame>
      <class>Positive Cases - Add to Cart</class>
      <method>run</method>
      <line>24</line>
    </frame>
    <frame>
      <class>com.kms.katalon.core.main.ScriptEngine</class>
      <method>run</method>
      <line>194</line>
    </frame>
    <frame>
      <class>com.kms.katalon.core.main.ScriptEngine</class>
      <method>runScriptAsRawText</method>
      <line>119</line>
    </frame>
    <frame>
      <class>com.kms.katalon.core.main.TestCaseExecutor</class>
      <method>runScript</method>
      <line>448</line>
    </frame>
    <frame>
      <class>com.kms.katalon.core.main.TestCaseExecutor</class>
      <method>doExecute</method>
      <line>439</line>
    </frame>
    <frame>
      <class>com.kms.katalon.core.main.TestCaseExecutor</class>
      <method>processExecutionPhase</method>
      <line>418</line>
    </frame>
    <frame>
      <class>com.kms.katalon.core.main.TestCaseExecutor</class>
      <method>accessMainPhase</method>
      <line>410</line>
    </frame>
    <frame>
      <class>com.kms.katalon.core.main.TestCaseExecutor</class>
      <method>execute</method>
      <line>285</line>
    </frame>
    <frame>
      <class>com.kms.katalon.core.common.CommonExecutor</class>
      <method>accessTestCaseMainPhase</method>
      <line>65</line>
    </frame>
    <frame>
      <class>com.kms.katalon.core.main.TestSuiteExecutor</class>
      <method>accessTestSuiteMainPhase</method>
      <line>150</line>
    </frame>
    <frame>
      <class>com.kms.katalon.core.main.TestSuiteExecutor</class>
      <method>execute</method>
      <line>106</line>
    </frame>
    <frame>
      <class>com.kms.katalon.core.main.TestCaseMain</class>
      <method>startTestSuite</method>
      <line>180</line>
    </frame>
    <frame>
      <class>TempTestSuite1738675195040</class>
      <method>run</method>
      <line>35</line>
    </frame>
    <frame>
      <class>jdk.internal.reflect.NativeMethodAccessorImpl</class>
      <method>invoke0</method>
    </frame>
    <frame>
      <class>jdk.internal.reflect.NativeMethodAccessorImpl</class>
      <method>invoke</method>
      <line>77</line>
    </frame>
    <frame>
      <class>jdk.internal.reflect.DelegatingMethodAccessorImpl</class>
      <method>invoke</method>
      <line>43</line>
    </frame>
  </exception>
  <nestedLevel>0</nestedLevel>
  <escapedJava>false</escapedJava>
  <property name="failed.exception.stacktrace">java.lang.IllegalArgumentException: Text is null
	at com.kms.katalon.core.webui.keyword.builtin.SetTextKeyword$_setText_closure1.doCall(SetTextKeyword.groovy:50)
	at com.kms.katalon.core.webui.keyword.builtin.SetTextKeyword$_setText_closure1.call(SetTextKeyword.groovy)
	at com.kms.katalon.core.webui.keyword.internal.WebUIKeywordMain.runKeyword(WebUIKeywordMain.groovy:35)
	at com.kms.katalon.core.webui.keyword.builtin.SetTextKeyword.setText(SetTextKeyword.groovy:85)
	at com.kms.katalon.core.webui.keyword.builtin.SetTextKeyword.execute(SetTextKeyword.groovy:39)
	at com.kms.katalon.core.keyword.internal.KeywordExecutor.executeKeywordForPlatform(KeywordExecutor.groovy:74)
	at com.kms.katalon.core.webui.keyword.WebUiBuiltInKeywords.setText(WebUiBuiltInKeywords.groovy:1019)
	at Positive Cases - Add to Cart.run(Positive Cases - Add to Cart:24)
	at com.kms.katalon.core.main.ScriptEngine.run(ScriptEngine.java:194)
	at com.kms.katalon.core.main.ScriptEngine.runScriptAsRawText(ScriptEngine.java:119)
	at com.kms.katalon.core.main.TestCaseExecutor.runScript(TestCaseExecutor.java:448)
	at com.kms.katalon.core.main.TestCaseExecutor.doExecute(TestCaseExecutor.java:439)
	at com.kms.katalon.core.main.TestCaseExecutor.processExecutionPhase(TestCaseExecutor.java:418)
	at com.kms.katalon.core.main.TestCaseExecutor.accessMainPhase(TestCaseExecutor.java:410)
	at com.kms.katalon.core.main.TestCaseExecutor.execute(TestCaseExecutor.java:285)
	at com.kms.katalon.core.common.CommonExecutor.accessTestCaseMainPhase(CommonExecutor.java:65)
	at com.kms.katalon.core.main.TestSuiteExecutor.accessTestSuiteMainPhase(TestSuiteExecutor.java:150)
	at com.kms.katalon.core.main.TestSuiteExecutor.execute(TestSuiteExecutor.java:106)
	at com.kms.katalon.core.main.TestCaseMain.startTestSuite(TestCaseMain.java:180)
	at TempTestSuite1738675195040.run(TempTestSuite1738675195040.groovy:35)
	at java.base/jdk.internal.reflect.NativeMethodAccessorImpl.invoke0(Native Method)
	at java.base/jdk.internal.reflect.NativeMethodAccessorImpl.invoke(NativeMethodAccessorImpl.java:77)
	at java.base/jdk.internal.reflect.DelegatingMethodAccessorImpl.invoke(DelegatingMethodAccessorImpl.java:43)
</property>
  <property name="failed.exception.class">java.lang.IllegalArgumentException</property>
  <property name="failed.exception.message">Text is null</property>
</record>
<record>
  <date>2025-02-04T13:20:19.800928700Z</date>
  <millis>1738675219800</millis>
  <nanos>928700</nanos>
  <sequence>188</sequence>
  <level>END</level>
  <class>com.kms.katalon.core.logging.XmlKeywordLogger</class>
  <method>endTest</method>
  <thread>1</thread>
  <message>End Test Case : Test Cases/Positive Cases - Add to Cart</message>
  <nestedLevel>0</nestedLevel>
  <escapedJava>false</escapedJava>
  <property name="executionBindingVariables">[]</property>
  <property name="applitools">false</property>
  <property name="remainingRetryCount">3</property>
  <property name="currentRetryCount">0</property>
  <property name="keywordsUsage">{
  &quot;web_ui&quot;: true,
  &quot;web_service&quot;: false,
  &quot;cucumber&quot;: false,
  &quot;builtin&quot;: false,
  &quot;mobile&quot;: false,
  &quot;windows&quot;: false,
  &quot;testng&quot;: false
}</property>
</record>
<record>
  <date>2025-02-04T13:20:19.804086100Z</date>
  <millis>1738675219804</millis>
  <nanos>86100</nanos>
  <sequence>189</sequence>
  <level>START</level>
  <class>com.kms.katalon.core.logging.XmlKeywordLogger</class>
  <method>startTest</method>
  <thread>1</thread>
  <message>Start Test Case : Test Cases/Positive Cases - Add to Cart</message>
  <nestedLevel>1</nestedLevel>
  <escapedJava>false</escapedJava>
  <property name="remainingRetryCount">2</property>
  <property name="name">Test Cases/Positive Cases - Add to Cart</property>
  <property name="description"></property>
  <property name="iteration"></property>
  <property name="id">Test Cases/Positive Cases - Add to Cart</property>
  <property name="source">C:\Users\ACER\git\KatalonGitSwagLabsNew\Test Cases\Positive Cases - Add to Cart.tc</property>
  <property name="tag"></property>
  <property name="isOptional">false</property>
  <property name="currentRetryCount">1</property>
</record>
<record>
  <date>2025-02-04T13:20:19.820544100Z</date>
  <millis>1738675219820</millis>
  <nanos>544100</nanos>
  <sequence>191</sequence>
  <level>START</level>
  <class>com.kms.katalon.core.logging.XmlKeywordLogger</class>
  <method>startKeyword</method>
  <thread>1</thread>
  <message>Start action : openBrowser(&amp;quot;&amp;quot;)</message>
  <nestedLevel>1</nestedLevel>
  <escapedJava>false</escapedJava>
  <property name="startLine">20</property>
  <property name="stepIndex">1</property>
</record>
<record>
  <date>2025-02-04T13:20:19.826596600Z</date>
  <millis>1738675219826</millis>
  <nanos>596600</nanos>
  <sequence>193</sequence>
  <level>WARNING</level>
  <class>com.kms.katalon.core.logging.XmlKeywordLogger</class>
  <method>logMessage</method>
  <thread>1</thread>
  <message>A browser is already opened. Closing browser and opening a new one</message>
  <nestedLevel>1</nestedLevel>
  <escapedJava>false</escapedJava>
</record>
<record>
  <date>2025-02-04T13:20:20.006833600Z</date>
  <millis>1738675220006</millis>
  <nanos>833600</nanos>
  <sequence>194</sequence>
  <level>INFO</level>
  <class>com.kms.katalon.core.logging.XmlKeywordLogger</class>
  <method>logMessage</method>
  <thread>1</thread>
  <message>Starting &amp;apos;Chrome&amp;apos; driver</message>
  <nestedLevel>1</nestedLevel>
  <escapedJava>false</escapedJava>
</record>
<record>
  <date>2025-02-04T13:20:20.011590100Z</date>
  <millis>1738675220011</millis>
  <nanos>590100</nanos>
  <sequence>196</sequence>
  <level>INFO</level>
  <class>com.kms.katalon.core.logging.XmlKeywordLogger</class>
  <method>logMessage</method>
  <thread>1</thread>
  <message>Action delay is set to 0 milliseconds</message>
  <nestedLevel>1</nestedLevel>
  <escapedJava>false</escapedJava>
</record>
<record>
  <date>2025-02-04T13:20:20.946727400Z</date>
  <millis>1738675220946</millis>
  <nanos>727400</nanos>
  <sequence>198</sequence>
  <level>RUN_DATA</level>
  <class>com.kms.katalon.core.logging.XmlKeywordLogger</class>
  <method>logMessage</method>
  <thread>1</thread>
  <message>sessionId = 8c825f22a6edb7f6cc9dccf5e018a03d</message>
  <nestedLevel>1</nestedLevel>
  <escapedJava>false</escapedJava>
  <property name="sessionId">8c825f22a6edb7f6cc9dccf5e018a03d</property>
</record>
<record>
  <date>2025-02-04T13:20:20.959052500Z</date>
  <millis>1738675220959</millis>
  <nanos>52500</nanos>
  <sequence>199</sequence>
  <level>RUN_DATA</level>
  <class>com.kms.katalon.core.logging.XmlKeywordLogger</class>
  <method>logMessage</method>
  <thread>1</thread>
  <message>browser = Chrome 132.0.0.0</message>
  <nestedLevel>1</nestedLevel>
  <escapedJava>false</escapedJava>
  <property name="browser">Chrome 132.0.0.0</property>
</record>
<record>
  <date>2025-02-04T13:20:20.960052900Z</date>
  <millis>1738675220960</millis>
  <nanos>52900</nanos>
  <sequence>200</sequence>
  <level>RUN_DATA</level>
  <class>com.kms.katalon.core.logging.XmlKeywordLogger</class>
  <method>logMessage</method>
  <thread>1</thread>
  <message>platform = Windows 11</message>
  <nestedLevel>1</nestedLevel>
  <escapedJava>false</escapedJava>
  <property name="platform">Windows 11</property>
</record>
<record>
  <date>2025-02-04T13:20:20.960052900Z</date>
  <millis>1738675220960</millis>
  <nanos>52900</nanos>
  <sequence>201</sequence>
  <level>RUN_DATA</level>
  <class>com.kms.katalon.core.logging.XmlKeywordLogger</class>
  <method>logMessage</method>
  <thread>1</thread>
  <message>seleniumVersion = 3.141.59</message>
  <nestedLevel>1</nestedLevel>
  <escapedJava>false</escapedJava>
  <property name="seleniumVersion">3.141.59</property>
</record>
<record>
  <date>2025-02-04T13:20:20.962050400Z</date>
  <millis>1738675220962</millis>
  <nanos>50400</nanos>
  <sequence>202</sequence>
  <level>RUN_DATA</level>
  <class>com.kms.katalon.core.logging.XmlKeywordLogger</class>
  <method>logMessage</method>
  <thread>1</thread>
  <message>proxyInformation = ProxyInformation { proxyOption=NO_PROXY, proxyServerType=HTTP, username=, password=********, proxyServerAddress=, proxyServerPort=0, executionList=&amp;quot;&amp;quot;, isApplyToDesiredCapabilities=true }</message>
  <nestedLevel>1</nestedLevel>
  <escapedJava>false</escapedJava>
  <property name="proxyInformation">ProxyInformation { proxyOption=NO_PROXY, proxyServerType=HTTP, username=, password=********, proxyServerAddress=, proxyServerPort=0, executionList=&quot;&quot;, isApplyToDesiredCapabilities=true }</property>
</record>
<record>
  <date>2025-02-04T13:20:20.970048900Z</date>
  <millis>1738675220970</millis>
  <nanos>48900</nanos>
  <sequence>203</sequence>
  <level>PASSED</level>
  <class>com.kms.katalon.core.logging.XmlKeywordLogger</class>
  <method>logMessage</method>
  <thread>1</thread>
  <message>Browser is opened with url: &amp;apos;&amp;apos;</message>
  <nestedLevel>1</nestedLevel>
  <escapedJava>false</escapedJava>
  <property name="testops-method-name">com.kms.katalon.core.webui.keyword.builtin.OpenBrowserKeyword.openBrowser</property>
  <property name="testops-execution-stacktrace"></property>
</record>
<record>
  <date>2025-02-04T13:20:20.971048500Z</date>
  <millis>1738675220971</millis>
  <nanos>48500</nanos>
  <sequence>204</sequence>
  <level>END</level>
  <class>com.kms.katalon.core.logging.XmlKeywordLogger</class>
  <method>endKeyword</method>
  <thread>1</thread>
  <message>End action : openBrowser(&amp;quot;&amp;quot;)</message>
  <nestedLevel>1</nestedLevel>
  <escapedJava>false</escapedJava>
</record>
<record>
  <date>2025-02-04T13:20:20.972215700Z</date>
  <millis>1738675220972</millis>
  <nanos>215700</nanos>
  <sequence>205</sequence>
  <level>START</level>
  <class>com.kms.katalon.core.logging.XmlKeywordLogger</class>
  <method>startKeyword</method>
  <thread>1</thread>
  <message>Start action : navigateToUrl(&amp;quot;https://www.saucedemo.com/&amp;quot;)</message>
  <nestedLevel>1</nestedLevel>
  <escapedJava>false</escapedJava>
  <property name="startLine">22</property>
  <property name="stepIndex">2</property>
</record>
<record>
  <date>2025-02-04T13:20:21.435802300Z</date>
  <millis>1738675221435</millis>
  <nanos>802300</nanos>
  <sequence>208</sequence>
  <level>PASSED</level>
  <class>com.kms.katalon.core.logging.XmlKeywordLogger</class>
  <method>logMessage</method>
  <thread>1</thread>
  <message>Navigate to &amp;apos;https://www.saucedemo.com/&amp;apos; successfully</message>
  <nestedLevel>1</nestedLevel>
  <escapedJava>false</escapedJava>
  <property name="testops-method-name">com.kms.katalon.core.webui.keyword.builtin.NavigateToUrlKeyword.navigateToUrl</property>
  <property name="testops-execution-stacktrace"></property>
</record>
<record>
  <date>2025-02-04T13:20:21.436799800Z</date>
  <millis>1738675221436</millis>
  <nanos>799800</nanos>
  <sequence>209</sequence>
  <level>END</level>
  <class>com.kms.katalon.core.logging.XmlKeywordLogger</class>
  <method>endKeyword</method>
  <thread>1</thread>
  <message>End action : navigateToUrl(&amp;quot;https://www.saucedemo.com/&amp;quot;)</message>
  <nestedLevel>1</nestedLevel>
  <escapedJava>false</escapedJava>
</record>
<record>
  <date>2025-02-04T13:20:21.437799500Z</date>
  <millis>1738675221437</millis>
  <nanos>799500</nanos>
  <sequence>210</sequence>
  <level>START</level>
  <class>com.kms.katalon.core.logging.XmlKeywordLogger</class>
  <method>startKeyword</method>
  <thread>1</thread>
  <message>Start action : setText(findTestObject(&amp;quot;Page_Swag Labs/input_Swag Labs_user-name&amp;quot;), Username1)</message>
  <nestedLevel>1</nestedLevel>
  <escapedJava>false</escapedJava>
  <property name="startLine">24</property>
  <property name="stepIndex">3</property>
</record>
<record>
  <date>2025-02-04T13:20:21.591732300Z</date>
  <millis>1738675221591</millis>
  <nanos>732300</nanos>
  <sequence>217</sequence>
  <level>FAILED</level>
  <class>com.kms.katalon.core.logging.XmlKeywordLogger</class>
  <method>logMessage</method>
  <thread>1</thread>
  <message>Unable to set text &amp;apos;null&amp;apos; of object &amp;apos;Object Repository/Page_Swag Labs/input_Swag Labs_user-name&amp;apos; (Root cause: com.kms.katalon.core.exception.StepFailedException: Unable to set text &amp;apos;null&amp;apos; of object &amp;apos;Object Repository/Page_Swag Labs/input_Swag Labs_user-name&amp;apos;
	at com.kms.katalon.core.webui.keyword.internal.WebUIKeywordMain.stepFailed(WebUIKeywordMain.groovy:117)
	at com.kms.katalon.core.webui.keyword.internal.WebUIKeywordMain.runKeyword(WebUIKeywordMain.groovy:43)
	at com.kms.katalon.core.webui.keyword.builtin.SetTextKeyword.setText(SetTextKeyword.groovy:85)
	at com.kms.katalon.core.webui.keyword.builtin.SetTextKeyword.execute(SetTextKeyword.groovy:39)
	at com.kms.katalon.core.keyword.internal.KeywordExecutor.executeKeywordForPlatform(KeywordExecutor.groovy:74)
	at com.kms.katalon.core.webui.keyword.WebUiBuiltInKeywords.setText(WebUiBuiltInKeywords.groovy:1019)
	at Positive Cases - Add to Cart.run(Positive Cases - Add to Cart:24)
	at com.kms.katalon.core.main.ScriptEngine.run(ScriptEngine.java:194)
	at com.kms.katalon.core.main.ScriptEngine.runScriptAsRawText(ScriptEngine.java:119)
	at com.kms.katalon.core.main.TestCaseExecutor.runScript(TestCaseExecutor.java:448)
	at com.kms.katalon.core.main.TestCaseExecutor.doExecute(TestCaseExecutor.java:439)
	at com.kms.katalon.core.main.TestCaseExecutor.processExecutionPhase(TestCaseExecutor.java:418)
	at com.kms.katalon.core.main.TestCaseExecutor.accessMainPhase(TestCaseExecutor.java:410)
	at com.kms.katalon.core.main.TestCaseExecutor.execute(TestCaseExecutor.java:285)
	at com.kms.katalon.core.main.TestCaseExecutor.execute(TestCaseExecutor.java:369)
	at com.kms.katalon.core.common.CommonExecutor.accessTestCaseMainPhase(CommonExecutor.java:65)
	at com.kms.katalon.core.main.TestSuiteExecutor.accessTestSuiteMainPhase(TestSuiteExecutor.java:150)
	at com.kms.katalon.core.main.TestSuiteExecutor.execute(TestSuiteExecutor.java:106)
	at com.kms.katalon.core.main.TestCaseMain.startTestSuite(TestCaseMain.java:180)
	at TempTestSuite1738675195040.run(TempTestSuite1738675195040.groovy:35)
	at java.base/jdk.internal.reflect.NativeMethodAccessorImpl.invoke0(Native Method)
	at java.base/jdk.internal.reflect.NativeMethodAccessorImpl.invoke(NativeMethodAccessorImpl.java:77)
	at java.base/jdk.internal.reflect.DelegatingMethodAccessorImpl.invoke(DelegatingMethodAccessorImpl.java:43)
Caused by: java.lang.IllegalArgumentException: Text is null
	at com.kms.katalon.core.webui.keyword.builtin.SetTextKeyword$_setText_closure1.doCall(SetTextKeyword.groovy:50)
	at com.kms.katalon.core.webui.keyword.builtin.SetTextKeyword$_setText_closure1.call(SetTextKeyword.groovy)
	at com.kms.katalon.core.webui.keyword.internal.WebUIKeywordMain.runKeyword(WebUIKeywordMain.groovy:35)
	at com.kms.katalon.core.webui.keyword.builtin.SetTextKeyword.setText(SetTextKeyword.groovy:85)
	at com.kms.katalon.core.webui.keyword.builtin.SetTextKeyword.execute(SetTextKeyword.groovy:39)
	at com.kms.katalon.core.keyword.internal.KeywordExecutor.executeKeywordForPlatform(KeywordExecutor.groovy:74)
	at com.kms.katalon.core.webui.keyword.WebUiBuiltInKeywords.setText(WebUiBuiltInKeywords.groovy:1019)
	at Script1737430890544.run(Script1737430890544.groovy:24)
	... 16 more
)</message>
  <nestedLevel>1</nestedLevel>
  <escapedJava>false</escapedJava>
  <property name="failed.exception.class">java.lang.IllegalArgumentException</property>
  <property name="attachment">1738675221450.png</property>
  <property name="failed.exception.stacktrace">java.lang.IllegalArgumentException: Text is null
	at com.kms.katalon.core.webui.keyword.builtin.SetTextKeyword$_setText_closure1.doCall(SetTextKeyword.groovy:50)
	at com.kms.katalon.core.webui.keyword.builtin.SetTextKeyword$_setText_closure1.call(SetTextKeyword.groovy)
	at com.kms.katalon.core.webui.keyword.internal.WebUIKeywordMain.runKeyword(WebUIKeywordMain.groovy:35)
	at com.kms.katalon.core.webui.keyword.builtin.SetTextKeyword.setText(SetTextKeyword.groovy:85)
	at com.kms.katalon.core.webui.keyword.builtin.SetTextKeyword.execute(SetTextKeyword.groovy:39)
	at com.kms.katalon.core.keyword.internal.KeywordExecutor.executeKeywordForPlatform(KeywordExecutor.groovy:74)
	at com.kms.katalon.core.webui.keyword.WebUiBuiltInKeywords.setText(WebUiBuiltInKeywords.groovy:1019)
	at Positive Cases - Add to Cart.run(Positive Cases - Add to Cart:24)
	at com.kms.katalon.core.main.ScriptEngine.run(ScriptEngine.java:194)
	at com.kms.katalon.core.main.ScriptEngine.runScriptAsRawText(ScriptEngine.java:119)
	at com.kms.katalon.core.main.TestCaseExecutor.runScript(TestCaseExecutor.java:448)
	at com.kms.katalon.core.main.TestCaseExecutor.doExecute(TestCaseExecutor.java:439)
	at com.kms.katalon.core.main.TestCaseExecutor.processExecutionPhase(TestCaseExecutor.java:418)
	at com.kms.katalon.core.main.TestCaseExecutor.accessMainPhase(TestCaseExecutor.java:410)
	at com.kms.katalon.core.main.TestCaseExecutor.execute(TestCaseExecutor.java:285)
	at com.kms.katalon.core.main.TestCaseExecutor.execute(TestCaseExecutor.java:369)
	at com.kms.katalon.core.common.CommonExecutor.accessTestCaseMainPhase(CommonExecutor.java:65)
	at com.kms.katalon.core.main.TestSuiteExecutor.accessTestSuiteMainPhase(TestSuiteExecutor.java:150)
	at com.kms.katalon.core.main.TestSuiteExecutor.execute(TestSuiteExecutor.java:106)
	at com.kms.katalon.core.main.TestCaseMain.startTestSuite(TestCaseMain.java:180)
	at TempTestSuite1738675195040.run(TempTestSuite1738675195040.groovy:35)
	at java.base/jdk.internal.reflect.NativeMethodAccessorImpl.invoke0(Native Method)
	at java.base/jdk.internal.reflect.NativeMethodAccessorImpl.invoke(NativeMethodAccessorImpl.java:77)
	at java.base/jdk.internal.reflect.DelegatingMethodAccessorImpl.invoke(DelegatingMethodAccessorImpl.java:43)
</property>
  <property name="failed.exception.message">Text is null</property>
</record>
<record>
  <date>2025-02-04T13:20:21.592731200Z</date>
  <millis>1738675221592</millis>
  <nanos>731200</nanos>
  <sequence>220</sequence>
  <level>END</level>
  <class>com.kms.katalon.core.logging.XmlKeywordLogger</class>
  <method>endKeyword</method>
  <thread>1</thread>
  <message>End action : setText(findTestObject(&amp;quot;Page_Swag Labs/input_Swag Labs_user-name&amp;quot;), Username1)</message>
  <nestedLevel>1</nestedLevel>
  <escapedJava>false</escapedJava>
</record>
<record>
  <date>2025-02-04T13:20:21.593736500Z</date>
  <millis>1738675221593</millis>
  <nanos>736500</nanos>
  <sequence>223</sequence>
  <level>FAILED</level>
  <class>com.kms.katalon.core.logging.XmlKeywordLogger</class>
  <method>logMessage</method>
  <thread>1</thread>
  <message>Test Cases/Positive Cases - Add to Cart FAILED.
Reason:
com.kms.katalon.core.exception.StepFailedException: Unable to set text &amp;apos;null&amp;apos; of object &amp;apos;Object Repository/Page_Swag Labs/input_Swag Labs_user-name&amp;apos;
	at com.kms.katalon.core.webui.keyword.internal.WebUIKeywordMain.stepFailed(WebUIKeywordMain.groovy:117)
	at com.kms.katalon.core.webui.keyword.internal.WebUIKeywordMain.runKeyword(WebUIKeywordMain.groovy:43)
	at com.kms.katalon.core.webui.keyword.builtin.SetTextKeyword.setText(SetTextKeyword.groovy:85)
	at com.kms.katalon.core.webui.keyword.builtin.SetTextKeyword.execute(SetTextKeyword.groovy:39)
	at com.kms.katalon.core.keyword.internal.KeywordExecutor.executeKeywordForPlatform(KeywordExecutor.groovy:74)
	at com.kms.katalon.core.webui.keyword.WebUiBuiltInKeywords.setText(WebUiBuiltInKeywords.groovy:1019)
	at Positive Cases - Add to Cart.run(Positive Cases - Add to Cart:24)
	at com.kms.katalon.core.main.ScriptEngine.run(ScriptEngine.java:194)
	at com.kms.katalon.core.main.ScriptEngine.runScriptAsRawText(ScriptEngine.java:119)
	at com.kms.katalon.core.main.TestCaseExecutor.runScript(TestCaseExecutor.java:448)
	at com.kms.katalon.core.main.TestCaseExecutor.doExecute(TestCaseExecutor.java:439)
	at com.kms.katalon.core.main.TestCaseExecutor.processExecutionPhase(TestCaseExecutor.java:418)
	at com.kms.katalon.core.main.TestCaseExecutor.accessMainPhase(TestCaseExecutor.java:410)
	at com.kms.katalon.core.main.TestCaseExecutor.execute(TestCaseExecutor.java:285)
	at com.kms.katalon.core.main.TestCaseExecutor.execute(TestCaseExecutor.java:369)
	at com.kms.katalon.core.common.CommonExecutor.accessTestCaseMainPhase(CommonExecutor.java:65)
	at com.kms.katalon.core.main.TestSuiteExecutor.accessTestSuiteMainPhase(TestSuiteExecutor.java:150)
	at com.kms.katalon.core.main.TestSuiteExecutor.execute(TestSuiteExecutor.java:106)
	at com.kms.katalon.core.main.TestCaseMain.startTestSuite(TestCaseMain.java:180)
	at TempTestSuite1738675195040.run(TempTestSuite1738675195040.groovy:35)
	at java.base/jdk.internal.reflect.NativeMethodAccessorImpl.invoke0(Native Method)
	at java.base/jdk.internal.reflect.NativeMethodAccessorImpl.invoke(NativeMethodAccessorImpl.java:77)
	at java.base/jdk.internal.reflect.DelegatingMethodAccessorImpl.invoke(DelegatingMethodAccessorImpl.java:43)
Caused by: java.lang.IllegalArgumentException: Text is null
	at com.kms.katalon.core.webui.keyword.builtin.SetTextKeyword$_setText_closure1.doCall(SetTextKeyword.groovy:50)
	at com.kms.katalon.core.webui.keyword.builtin.SetTextKeyword$_setText_closure1.call(SetTextKeyword.groovy)
	at com.kms.katalon.core.webui.keyword.internal.WebUIKeywordMain.runKeyword(WebUIKeywordMain.groovy:35)
	... 21 more
</message>
  <exception>
    <message>com.kms.katalon.core.exception.StepFailedException: Unable to set text 'null' of object 'Object Repository/Page_Swag Labs/input_Swag Labs_user-name'</message>
    <frame>
      <class>com.kms.katalon.core.webui.keyword.internal.WebUIKeywordMain</class>
      <method>stepFailed</method>
      <line>117</line>
    </frame>
    <frame>
      <class>com.kms.katalon.core.webui.keyword.internal.WebUIKeywordMain</class>
      <method>runKeyword</method>
      <line>43</line>
    </frame>
    <frame>
      <class>com.kms.katalon.core.webui.keyword.builtin.SetTextKeyword</class>
      <method>setText</method>
      <line>85</line>
    </frame>
    <frame>
      <class>com.kms.katalon.core.webui.keyword.builtin.SetTextKeyword</class>
      <method>execute</method>
      <line>39</line>
    </frame>
    <frame>
      <class>com.kms.katalon.core.keyword.internal.KeywordExecutor</class>
      <method>executeKeywordForPlatform</method>
      <line>74</line>
    </frame>
    <frame>
      <class>com.kms.katalon.core.webui.keyword.WebUiBuiltInKeywords</class>
      <method>setText</method>
      <line>1019</line>
    </frame>
    <frame>
      <class>Positive Cases - Add to Cart</class>
      <method>run</method>
      <line>24</line>
    </frame>
    <frame>
      <class>com.kms.katalon.core.main.ScriptEngine</class>
      <method>run</method>
      <line>194</line>
    </frame>
    <frame>
      <class>com.kms.katalon.core.main.ScriptEngine</class>
      <method>runScriptAsRawText</method>
      <line>119</line>
    </frame>
    <frame>
      <class>com.kms.katalon.core.main.TestCaseExecutor</class>
      <method>runScript</method>
      <line>448</line>
    </frame>
    <frame>
      <class>com.kms.katalon.core.main.TestCaseExecutor</class>
      <method>doExecute</method>
      <line>439</line>
    </frame>
    <frame>
      <class>com.kms.katalon.core.main.TestCaseExecutor</class>
      <method>processExecutionPhase</method>
      <line>418</line>
    </frame>
    <frame>
      <class>com.kms.katalon.core.main.TestCaseExecutor</class>
      <method>accessMainPhase</method>
      <line>410</line>
    </frame>
    <frame>
      <class>com.kms.katalon.core.main.TestCaseExecutor</class>
      <method>execute</method>
      <line>285</line>
    </frame>
    <frame>
      <class>com.kms.katalon.core.main.TestCaseExecutor</class>
      <method>execute</method>
      <line>369</line>
    </frame>
    <frame>
      <class>com.kms.katalon.core.common.CommonExecutor</class>
      <method>accessTestCaseMainPhase</method>
      <line>65</line>
    </frame>
    <frame>
      <class>com.kms.katalon.core.main.TestSuiteExecutor</class>
      <method>accessTestSuiteMainPhase</method>
      <line>150</line>
    </frame>
    <frame>
      <class>com.kms.katalon.core.main.TestSuiteExecutor</class>
      <method>execute</method>
      <line>106</line>
    </frame>
    <frame>
      <class>com.kms.katalon.core.main.TestCaseMain</class>
      <method>startTestSuite</method>
      <line>180</line>
    </frame>
    <frame>
      <class>TempTestSuite1738675195040</class>
      <method>run</method>
      <line>35</line>
    </frame>
    <frame>
      <class>jdk.internal.reflect.NativeMethodAccessorImpl</class>
      <method>invoke0</method>
    </frame>
    <frame>
      <class>jdk.internal.reflect.NativeMethodAccessorImpl</class>
      <method>invoke</method>
      <line>77</line>
    </frame>
    <frame>
      <class>jdk.internal.reflect.DelegatingMethodAccessorImpl</class>
      <method>invoke</method>
      <line>43</line>
    </frame>
  </exception>
  <nestedLevel>0</nestedLevel>
  <escapedJava>false</escapedJava>
  <property name="failed.exception.stacktrace">java.lang.IllegalArgumentException: Text is null
	at com.kms.katalon.core.webui.keyword.builtin.SetTextKeyword$_setText_closure1.doCall(SetTextKeyword.groovy:50)
	at com.kms.katalon.core.webui.keyword.builtin.SetTextKeyword$_setText_closure1.call(SetTextKeyword.groovy)
	at com.kms.katalon.core.webui.keyword.internal.WebUIKeywordMain.runKeyword(WebUIKeywordMain.groovy:35)
	at com.kms.katalon.core.webui.keyword.builtin.SetTextKeyword.setText(SetTextKeyword.groovy:85)
	at com.kms.katalon.core.webui.keyword.builtin.SetTextKeyword.execute(SetTextKeyword.groovy:39)
	at com.kms.katalon.core.keyword.internal.KeywordExecutor.executeKeywordForPlatform(KeywordExecutor.groovy:74)
	at com.kms.katalon.core.webui.keyword.WebUiBuiltInKeywords.setText(WebUiBuiltInKeywords.groovy:1019)
	at Positive Cases - Add to Cart.run(Positive Cases - Add to Cart:24)
	at com.kms.katalon.core.main.ScriptEngine.run(ScriptEngine.java:194)
	at com.kms.katalon.core.main.ScriptEngine.runScriptAsRawText(ScriptEngine.java:119)
	at com.kms.katalon.core.main.TestCaseExecutor.runScript(TestCaseExecutor.java:448)
	at com.kms.katalon.core.main.TestCaseExecutor.doExecute(TestCaseExecutor.java:439)
	at com.kms.katalon.core.main.TestCaseExecutor.processExecutionPhase(TestCaseExecutor.java:418)
	at com.kms.katalon.core.main.TestCaseExecutor.accessMainPhase(TestCaseExecutor.java:410)
	at com.kms.katalon.core.main.TestCaseExecutor.execute(TestCaseExecutor.java:285)
	at com.kms.katalon.core.main.TestCaseExecutor.execute(TestCaseExecutor.java:369)
	at com.kms.katalon.core.common.CommonExecutor.accessTestCaseMainPhase(CommonExecutor.java:65)
	at com.kms.katalon.core.main.TestSuiteExecutor.accessTestSuiteMainPhase(TestSuiteExecutor.java:150)
	at com.kms.katalon.core.main.TestSuiteExecutor.execute(TestSuiteExecutor.java:106)
	at com.kms.katalon.core.main.TestCaseMain.startTestSuite(TestCaseMain.java:180)
	at TempTestSuite1738675195040.run(TempTestSuite1738675195040.groovy:35)
	at java.base/jdk.internal.reflect.NativeMethodAccessorImpl.invoke0(Native Method)
	at java.base/jdk.internal.reflect.NativeMethodAccessorImpl.invoke(NativeMethodAccessorImpl.java:77)
	at java.base/jdk.internal.reflect.DelegatingMethodAccessorImpl.invoke(DelegatingMethodAccessorImpl.java:43)
</property>
  <property name="failed.exception.class">java.lang.IllegalArgumentException</property>
  <property name="failed.exception.message">Text is null</property>
</record>
<record>
  <date>2025-02-04T13:20:21.596021600Z</date>
  <millis>1738675221596</millis>
  <nanos>21600</nanos>
  <sequence>225</sequence>
  <level>END</level>
  <class>com.kms.katalon.core.logging.XmlKeywordLogger</class>
  <method>endTest</method>
  <thread>1</thread>
  <message>End Test Case : Test Cases/Positive Cases - Add to Cart</message>
  <nestedLevel>0</nestedLevel>
  <escapedJava>false</escapedJava>
  <property name="executionBindingVariables">[]</property>
  <property name="applitools">false</property>
  <property name="remainingRetryCount">2</property>
  <property name="currentRetryCount">1</property>
  <property name="keywordsUsage">{
  &quot;web_ui&quot;: true,
  &quot;web_service&quot;: false,
  &quot;cucumber&quot;: false,
  &quot;builtin&quot;: false,
  &quot;mobile&quot;: false,
  &quot;windows&quot;: false,
  &quot;testng&quot;: false
}</property>
</record>
<record>
  <date>2025-02-04T13:20:21.601020200Z</date>
  <millis>1738675221601</millis>
  <nanos>20200</nanos>
  <sequence>226</sequence>
  <level>START</level>
  <class>com.kms.katalon.core.logging.XmlKeywordLogger</class>
  <method>startTest</method>
  <thread>1</thread>
  <message>Start Test Case : Test Cases/Positive Cases - Add to Cart</message>
  <nestedLevel>1</nestedLevel>
  <escapedJava>false</escapedJava>
  <property name="remainingRetryCount">1</property>
  <property name="name">Test Cases/Positive Cases - Add to Cart</property>
  <property name="description"></property>
  <property name="iteration"></property>
  <property name="id">Test Cases/Positive Cases - Add to Cart</property>
  <property name="source">C:\Users\ACER\git\KatalonGitSwagLabsNew\Test Cases\Positive Cases - Add to Cart.tc</property>
  <property name="tag"></property>
  <property name="isOptional">false</property>
  <property name="currentRetryCount">2</property>
</record>
<record>
  <date>2025-02-04T13:20:21.614032700Z</date>
  <millis>1738675221614</millis>
  <nanos>32700</nanos>
  <sequence>228</sequence>
  <level>START</level>
  <class>com.kms.katalon.core.logging.XmlKeywordLogger</class>
  <method>startKeyword</method>
  <thread>1</thread>
  <message>Start action : openBrowser(&amp;quot;&amp;quot;)</message>
  <nestedLevel>1</nestedLevel>
  <escapedJava>false</escapedJava>
  <property name="startLine">20</property>
  <property name="stepIndex">1</property>
</record>
<record>
  <date>2025-02-04T13:20:21.619022700Z</date>
  <millis>1738675221619</millis>
  <nanos>22700</nanos>
  <sequence>230</sequence>
  <level>WARNING</level>
  <class>com.kms.katalon.core.logging.XmlKeywordLogger</class>
  <method>logMessage</method>
  <thread>1</thread>
  <message>A browser is already opened. Closing browser and opening a new one</message>
  <nestedLevel>1</nestedLevel>
  <escapedJava>false</escapedJava>
</record>
<record>
  <date>2025-02-04T13:20:21.768408100Z</date>
  <millis>1738675221768</millis>
  <nanos>408100</nanos>
  <sequence>231</sequence>
  <level>INFO</level>
  <class>com.kms.katalon.core.logging.XmlKeywordLogger</class>
  <method>logMessage</method>
  <thread>1</thread>
  <message>Starting &amp;apos;Chrome&amp;apos; driver</message>
  <nestedLevel>1</nestedLevel>
  <escapedJava>false</escapedJava>
</record>
<record>
  <date>2025-02-04T13:20:21.771399600Z</date>
  <millis>1738675221771</millis>
  <nanos>399600</nanos>
  <sequence>233</sequence>
  <level>INFO</level>
  <class>com.kms.katalon.core.logging.XmlKeywordLogger</class>
  <method>logMessage</method>
  <thread>1</thread>
  <message>Action delay is set to 0 milliseconds</message>
  <nestedLevel>1</nestedLevel>
  <escapedJava>false</escapedJava>
</record>
<record>
  <date>2025-02-04T13:20:22.588866400Z</date>
  <millis>1738675222588</millis>
  <nanos>866400</nanos>
  <sequence>235</sequence>
  <level>RUN_DATA</level>
  <class>com.kms.katalon.core.logging.XmlKeywordLogger</class>
  <method>logMessage</method>
  <thread>1</thread>
  <message>sessionId = 3de9828c3dfcc3b7da9875aca8e58334</message>
  <nestedLevel>1</nestedLevel>
  <escapedJava>false</escapedJava>
  <property name="sessionId">3de9828c3dfcc3b7da9875aca8e58334</property>
</record>
<record>
  <date>2025-02-04T13:20:22.638330900Z</date>
  <millis>1738675222638</millis>
  <nanos>330900</nanos>
  <sequence>236</sequence>
  <level>RUN_DATA</level>
  <class>com.kms.katalon.core.logging.XmlKeywordLogger</class>
  <method>logMessage</method>
  <thread>1</thread>
  <message>browser = Chrome 132.0.0.0</message>
  <nestedLevel>1</nestedLevel>
  <escapedJava>false</escapedJava>
  <property name="browser">Chrome 132.0.0.0</property>
</record>
<record>
  <date>2025-02-04T13:20:22.638330900Z</date>
  <millis>1738675222638</millis>
  <nanos>330900</nanos>
  <sequence>237</sequence>
  <level>RUN_DATA</level>
  <class>com.kms.katalon.core.logging.XmlKeywordLogger</class>
  <method>logMessage</method>
  <thread>1</thread>
  <message>platform = Windows 11</message>
  <nestedLevel>1</nestedLevel>
  <escapedJava>false</escapedJava>
  <property name="platform">Windows 11</property>
</record>
<record>
  <date>2025-02-04T13:20:22.639327800Z</date>
  <millis>1738675222639</millis>
  <nanos>327800</nanos>
  <sequence>238</sequence>
  <level>RUN_DATA</level>
  <class>com.kms.katalon.core.logging.XmlKeywordLogger</class>
  <method>logMessage</method>
  <thread>1</thread>
  <message>seleniumVersion = 3.141.59</message>
  <nestedLevel>1</nestedLevel>
  <escapedJava>false</escapedJava>
  <property name="seleniumVersion">3.141.59</property>
</record>
<record>
  <date>2025-02-04T13:20:22.639327800Z</date>
  <millis>1738675222639</millis>
  <nanos>327800</nanos>
  <sequence>239</sequence>
  <level>RUN_DATA</level>
  <class>com.kms.katalon.core.logging.XmlKeywordLogger</class>
  <method>logMessage</method>
  <thread>1</thread>
  <message>proxyInformation = ProxyInformation { proxyOption=NO_PROXY, proxyServerType=HTTP, username=, password=********, proxyServerAddress=, proxyServerPort=0, executionList=&amp;quot;&amp;quot;, isApplyToDesiredCapabilities=true }</message>
  <nestedLevel>1</nestedLevel>
  <escapedJava>false</escapedJava>
  <property name="proxyInformation">ProxyInformation { proxyOption=NO_PROXY, proxyServerType=HTTP, username=, password=********, proxyServerAddress=, proxyServerPort=0, executionList=&quot;&quot;, isApplyToDesiredCapabilities=true }</property>
</record>
<record>
  <date>2025-02-04T13:20:22.646328600Z</date>
  <millis>1738675222646</millis>
  <nanos>328600</nanos>
  <sequence>240</sequence>
  <level>PASSED</level>
  <class>com.kms.katalon.core.logging.XmlKeywordLogger</class>
  <method>logMessage</method>
  <thread>1</thread>
  <message>Browser is opened with url: &amp;apos;&amp;apos;</message>
  <nestedLevel>1</nestedLevel>
  <escapedJava>false</escapedJava>
  <property name="testops-method-name">com.kms.katalon.core.webui.keyword.builtin.OpenBrowserKeyword.openBrowser</property>
  <property name="testops-execution-stacktrace"></property>
</record>
<record>
  <date>2025-02-04T13:20:22.646328600Z</date>
  <millis>1738675222646</millis>
  <nanos>328600</nanos>
  <sequence>241</sequence>
  <level>END</level>
  <class>com.kms.katalon.core.logging.XmlKeywordLogger</class>
  <method>endKeyword</method>
  <thread>1</thread>
  <message>End action : openBrowser(&amp;quot;&amp;quot;)</message>
  <nestedLevel>1</nestedLevel>
  <escapedJava>false</escapedJava>
</record>
<record>
  <date>2025-02-04T13:20:22.646328600Z</date>
  <millis>1738675222646</millis>
  <nanos>328600</nanos>
  <sequence>242</sequence>
  <level>START</level>
  <class>com.kms.katalon.core.logging.XmlKeywordLogger</class>
  <method>startKeyword</method>
  <thread>1</thread>
  <message>Start action : navigateToUrl(&amp;quot;https://www.saucedemo.com/&amp;quot;)</message>
  <nestedLevel>1</nestedLevel>
  <escapedJava>false</escapedJava>
  <property name="startLine">22</property>
  <property name="stepIndex">2</property>
</record>
<record>
  <date>2025-02-04T13:20:23.268294100Z</date>
  <millis>1738675223268</millis>
  <nanos>294100</nanos>
  <sequence>245</sequence>
  <level>PASSED</level>
  <class>com.kms.katalon.core.logging.XmlKeywordLogger</class>
  <method>logMessage</method>
  <thread>1</thread>
  <message>Navigate to &amp;apos;https://www.saucedemo.com/&amp;apos; successfully</message>
  <nestedLevel>1</nestedLevel>
  <escapedJava>false</escapedJava>
  <property name="testops-method-name">com.kms.katalon.core.webui.keyword.builtin.NavigateToUrlKeyword.navigateToUrl</property>
  <property name="testops-execution-stacktrace"></property>
</record>
<record>
  <date>2025-02-04T13:20:23.269294800Z</date>
  <millis>1738675223269</millis>
  <nanos>294800</nanos>
  <sequence>246</sequence>
  <level>END</level>
  <class>com.kms.katalon.core.logging.XmlKeywordLogger</class>
  <method>endKeyword</method>
  <thread>1</thread>
  <message>End action : navigateToUrl(&amp;quot;https://www.saucedemo.com/&amp;quot;)</message>
  <nestedLevel>1</nestedLevel>
  <escapedJava>false</escapedJava>
</record>
<record>
  <date>2025-02-04T13:20:23.269294800Z</date>
  <millis>1738675223269</millis>
  <nanos>294800</nanos>
  <sequence>247</sequence>
  <level>START</level>
  <class>com.kms.katalon.core.logging.XmlKeywordLogger</class>
  <method>startKeyword</method>
  <thread>1</thread>
  <message>Start action : setText(findTestObject(&amp;quot;Page_Swag Labs/input_Swag Labs_user-name&amp;quot;), Username1)</message>
  <nestedLevel>1</nestedLevel>
  <escapedJava>false</escapedJava>
  <property name="startLine">24</property>
  <property name="stepIndex">3</property>
</record>
<record>
  <date>2025-02-04T13:20:23.424972200Z</date>
  <millis>1738675223424</millis>
  <nanos>972200</nanos>
  <sequence>254</sequence>
  <level>FAILED</level>
  <class>com.kms.katalon.core.logging.XmlKeywordLogger</class>
  <method>logMessage</method>
  <thread>1</thread>
  <message>Unable to set text &amp;apos;null&amp;apos; of object &amp;apos;Object Repository/Page_Swag Labs/input_Swag Labs_user-name&amp;apos; (Root cause: com.kms.katalon.core.exception.StepFailedException: Unable to set text &amp;apos;null&amp;apos; of object &amp;apos;Object Repository/Page_Swag Labs/input_Swag Labs_user-name&amp;apos;
	at com.kms.katalon.core.webui.keyword.internal.WebUIKeywordMain.stepFailed(WebUIKeywordMain.groovy:117)
	at com.kms.katalon.core.webui.keyword.internal.WebUIKeywordMain.runKeyword(WebUIKeywordMain.groovy:43)
	at com.kms.katalon.core.webui.keyword.builtin.SetTextKeyword.setText(SetTextKeyword.groovy:85)
	at com.kms.katalon.core.webui.keyword.builtin.SetTextKeyword.execute(SetTextKeyword.groovy:39)
	at com.kms.katalon.core.keyword.internal.KeywordExecutor.executeKeywordForPlatform(KeywordExecutor.groovy:74)
	at com.kms.katalon.core.webui.keyword.WebUiBuiltInKeywords.setText(WebUiBuiltInKeywords.groovy:1019)
	at Positive Cases - Add to Cart.run(Positive Cases - Add to Cart:24)
	at com.kms.katalon.core.main.ScriptEngine.run(ScriptEngine.java:194)
	at com.kms.katalon.core.main.ScriptEngine.runScriptAsRawText(ScriptEngine.java:119)
	at com.kms.katalon.core.main.TestCaseExecutor.runScript(TestCaseExecutor.java:448)
	at com.kms.katalon.core.main.TestCaseExecutor.doExecute(TestCaseExecutor.java:439)
	at com.kms.katalon.core.main.TestCaseExecutor.processExecutionPhase(TestCaseExecutor.java:418)
	at com.kms.katalon.core.main.TestCaseExecutor.accessMainPhase(TestCaseExecutor.java:410)
	at com.kms.katalon.core.main.TestCaseExecutor.execute(TestCaseExecutor.java:285)
	at com.kms.katalon.core.main.TestCaseExecutor.execute(TestCaseExecutor.java:369)
	at com.kms.katalon.core.main.TestCaseExecutor.execute(TestCaseExecutor.java:369)
	at com.kms.katalon.core.common.CommonExecutor.accessTestCaseMainPhase(CommonExecutor.java:65)
	at com.kms.katalon.core.main.TestSuiteExecutor.accessTestSuiteMainPhase(TestSuiteExecutor.java:150)
	at com.kms.katalon.core.main.TestSuiteExecutor.execute(TestSuiteExecutor.java:106)
	at com.kms.katalon.core.main.TestCaseMain.startTestSuite(TestCaseMain.java:180)
	at TempTestSuite1738675195040.run(TempTestSuite1738675195040.groovy:35)
	at java.base/jdk.internal.reflect.NativeMethodAccessorImpl.invoke0(Native Method)
	at java.base/jdk.internal.reflect.NativeMethodAccessorImpl.invoke(NativeMethodAccessorImpl.java:77)
	at java.base/jdk.internal.reflect.DelegatingMethodAccessorImpl.invoke(DelegatingMethodAccessorImpl.java:43)
Caused by: java.lang.IllegalArgumentException: Text is null
	at com.kms.katalon.core.webui.keyword.builtin.SetTextKeyword$_setText_closure1.doCall(SetTextKeyword.groovy:50)
	at com.kms.katalon.core.webui.keyword.builtin.SetTextKeyword$_setText_closure1.call(SetTextKeyword.groovy)
	at com.kms.katalon.core.webui.keyword.internal.WebUIKeywordMain.runKeyword(WebUIKeywordMain.groovy:35)
	at com.kms.katalon.core.webui.keyword.builtin.SetTextKeyword.setText(SetTextKeyword.groovy:85)
	at com.kms.katalon.core.webui.keyword.builtin.SetTextKeyword.execute(SetTextKeyword.groovy:39)
	at com.kms.katalon.core.keyword.internal.KeywordExecutor.executeKeywordForPlatform(KeywordExecutor.groovy:74)
	at com.kms.katalon.core.webui.keyword.WebUiBuiltInKeywords.setText(WebUiBuiltInKeywords.groovy:1019)
	at Script1737430890544.run(Script1737430890544.groovy:24)
	... 17 more
)</message>
  <nestedLevel>1</nestedLevel>
  <escapedJava>false</escapedJava>
  <property name="failed.exception.class">java.lang.IllegalArgumentException</property>
  <property name="attachment">1738675223275.png</property>
  <property name="failed.exception.stacktrace">java.lang.IllegalArgumentException: Text is null
	at com.kms.katalon.core.webui.keyword.builtin.SetTextKeyword$_setText_closure1.doCall(SetTextKeyword.groovy:50)
	at com.kms.katalon.core.webui.keyword.builtin.SetTextKeyword$_setText_closure1.call(SetTextKeyword.groovy)
	at com.kms.katalon.core.webui.keyword.internal.WebUIKeywordMain.runKeyword(WebUIKeywordMain.groovy:35)
	at com.kms.katalon.core.webui.keyword.builtin.SetTextKeyword.setText(SetTextKeyword.groovy:85)
	at com.kms.katalon.core.webui.keyword.builtin.SetTextKeyword.execute(SetTextKeyword.groovy:39)
	at com.kms.katalon.core.keyword.internal.KeywordExecutor.executeKeywordForPlatform(KeywordExecutor.groovy:74)
	at com.kms.katalon.core.webui.keyword.WebUiBuiltInKeywords.setText(WebUiBuiltInKeywords.groovy:1019)
	at Positive Cases - Add to Cart.run(Positive Cases - Add to Cart:24)
	at com.kms.katalon.core.main.ScriptEngine.run(ScriptEngine.java:194)
	at com.kms.katalon.core.main.ScriptEngine.runScriptAsRawText(ScriptEngine.java:119)
	at com.kms.katalon.core.main.TestCaseExecutor.runScript(TestCaseExecutor.java:448)
	at com.kms.katalon.core.main.TestCaseExecutor.doExecute(TestCaseExecutor.java:439)
	at com.kms.katalon.core.main.TestCaseExecutor.processExecutionPhase(TestCaseExecutor.java:418)
	at com.kms.katalon.core.main.TestCaseExecutor.accessMainPhase(TestCaseExecutor.java:410)
	at com.kms.katalon.core.main.TestCaseExecutor.execute(TestCaseExecutor.java:285)
	at com.kms.katalon.core.main.TestCaseExecutor.execute(TestCaseExecutor.java:369)
	at com.kms.katalon.core.main.TestCaseExecutor.execute(TestCaseExecutor.java:369)
	at com.kms.katalon.core.common.CommonExecutor.accessTestCaseMainPhase(CommonExecutor.java:65)
	at com.kms.katalon.core.main.TestSuiteExecutor.accessTestSuiteMainPhase(TestSuiteExecutor.java:150)
	at com.kms.katalon.core.main.TestSuiteExecutor.execute(TestSuiteExecutor.java:106)
	at com.kms.katalon.core.main.TestCaseMain.startTestSuite(TestCaseMain.java:180)
	at TempTestSuite1738675195040.run(TempTestSuite1738675195040.groovy:35)
	at java.base/jdk.internal.reflect.NativeMethodAccessorImpl.invoke0(Native Method)
	at java.base/jdk.internal.reflect.NativeMethodAccessorImpl.invoke(NativeMethodAccessorImpl.java:77)
	at java.base/jdk.internal.reflect.DelegatingMethodAccessorImpl.invoke(DelegatingMethodAccessorImpl.java:43)
</property>
  <property name="failed.exception.message">Text is null</property>
</record>
<record>
  <date>2025-02-04T13:20:23.425968300Z</date>
  <millis>1738675223425</millis>
  <nanos>968300</nanos>
  <sequence>257</sequence>
  <level>END</level>
  <class>com.kms.katalon.core.logging.XmlKeywordLogger</class>
  <method>endKeyword</method>
  <thread>1</thread>
  <message>End action : setText(findTestObject(&amp;quot;Page_Swag Labs/input_Swag Labs_user-name&amp;quot;), Username1)</message>
  <nestedLevel>1</nestedLevel>
  <escapedJava>false</escapedJava>
</record>
<record>
  <date>2025-02-04T13:20:23.427971300Z</date>
  <millis>1738675223427</millis>
  <nanos>971300</nanos>
  <sequence>260</sequence>
  <level>FAILED</level>
  <class>com.kms.katalon.core.logging.XmlKeywordLogger</class>
  <method>logMessage</method>
  <thread>1</thread>
  <message>Test Cases/Positive Cases - Add to Cart FAILED.
Reason:
com.kms.katalon.core.exception.StepFailedException: Unable to set text &amp;apos;null&amp;apos; of object &amp;apos;Object Repository/Page_Swag Labs/input_Swag Labs_user-name&amp;apos;
	at com.kms.katalon.core.webui.keyword.internal.WebUIKeywordMain.stepFailed(WebUIKeywordMain.groovy:117)
	at com.kms.katalon.core.webui.keyword.internal.WebUIKeywordMain.runKeyword(WebUIKeywordMain.groovy:43)
	at com.kms.katalon.core.webui.keyword.builtin.SetTextKeyword.setText(SetTextKeyword.groovy:85)
	at com.kms.katalon.core.webui.keyword.builtin.SetTextKeyword.execute(SetTextKeyword.groovy:39)
	at com.kms.katalon.core.keyword.internal.KeywordExecutor.executeKeywordForPlatform(KeywordExecutor.groovy:74)
	at com.kms.katalon.core.webui.keyword.WebUiBuiltInKeywords.setText(WebUiBuiltInKeywords.groovy:1019)
	at Positive Cases - Add to Cart.run(Positive Cases - Add to Cart:24)
	at com.kms.katalon.core.main.ScriptEngine.run(ScriptEngine.java:194)
	at com.kms.katalon.core.main.ScriptEngine.runScriptAsRawText(ScriptEngine.java:119)
	at com.kms.katalon.core.main.TestCaseExecutor.runScript(TestCaseExecutor.java:448)
	at com.kms.katalon.core.main.TestCaseExecutor.doExecute(TestCaseExecutor.java:439)
	at com.kms.katalon.core.main.TestCaseExecutor.processExecutionPhase(TestCaseExecutor.java:418)
	at com.kms.katalon.core.main.TestCaseExecutor.accessMainPhase(TestCaseExecutor.java:410)
	at com.kms.katalon.core.main.TestCaseExecutor.execute(TestCaseExecutor.java:285)
	at com.kms.katalon.core.main.TestCaseExecutor.execute(TestCaseExecutor.java:369)
	at com.kms.katalon.core.main.TestCaseExecutor.execute(TestCaseExecutor.java:369)
	at com.kms.katalon.core.common.CommonExecutor.accessTestCaseMainPhase(CommonExecutor.java:65)
	at com.kms.katalon.core.main.TestSuiteExecutor.accessTestSuiteMainPhase(TestSuiteExecutor.java:150)
	at com.kms.katalon.core.main.TestSuiteExecutor.execute(TestSuiteExecutor.java:106)
	at com.kms.katalon.core.main.TestCaseMain.startTestSuite(TestCaseMain.java:180)
	at TempTestSuite1738675195040.run(TempTestSuite1738675195040.groovy:35)
	at java.base/jdk.internal.reflect.NativeMethodAccessorImpl.invoke0(Native Method)
	at java.base/jdk.internal.reflect.NativeMethodAccessorImpl.invoke(NativeMethodAccessorImpl.java:77)
	at java.base/jdk.internal.reflect.DelegatingMethodAccessorImpl.invoke(DelegatingMethodAccessorImpl.java:43)
Caused by: java.lang.IllegalArgumentException: Text is null
	at com.kms.katalon.core.webui.keyword.builtin.SetTextKeyword$_setText_closure1.doCall(SetTextKeyword.groovy:50)
	at com.kms.katalon.core.webui.keyword.builtin.SetTextKeyword$_setText_closure1.call(SetTextKeyword.groovy)
	at com.kms.katalon.core.webui.keyword.internal.WebUIKeywordMain.runKeyword(WebUIKeywordMain.groovy:35)
	... 22 more
</message>
  <exception>
    <message>com.kms.katalon.core.exception.StepFailedException: Unable to set text 'null' of object 'Object Repository/Page_Swag Labs/input_Swag Labs_user-name'</message>
    <frame>
      <class>com.kms.katalon.core.webui.keyword.internal.WebUIKeywordMain</class>
      <method>stepFailed</method>
      <line>117</line>
    </frame>
    <frame>
      <class>com.kms.katalon.core.webui.keyword.internal.WebUIKeywordMain</class>
      <method>runKeyword</method>
      <line>43</line>
    </frame>
    <frame>
      <class>com.kms.katalon.core.webui.keyword.builtin.SetTextKeyword</class>
      <method>setText</method>
      <line>85</line>
    </frame>
    <frame>
      <class>com.kms.katalon.core.webui.keyword.builtin.SetTextKeyword</class>
      <method>execute</method>
      <line>39</line>
    </frame>
    <frame>
      <class>com.kms.katalon.core.keyword.internal.KeywordExecutor</class>
      <method>executeKeywordForPlatform</method>
      <line>74</line>
    </frame>
    <frame>
      <class>com.kms.katalon.core.webui.keyword.WebUiBuiltInKeywords</class>
      <method>setText</method>
      <line>1019</line>
    </frame>
    <frame>
      <class>Positive Cases - Add to Cart</class>
      <method>run</method>
      <line>24</line>
    </frame>
    <frame>
      <class>com.kms.katalon.core.main.ScriptEngine</class>
      <method>run</method>
      <line>194</line>
    </frame>
    <frame>
      <class>com.kms.katalon.core.main.ScriptEngine</class>
      <method>runScriptAsRawText</method>
      <line>119</line>
    </frame>
    <frame>
      <class>com.kms.katalon.core.main.TestCaseExecutor</class>
      <method>runScript</method>
      <line>448</line>
    </frame>
    <frame>
      <class>com.kms.katalon.core.main.TestCaseExecutor</class>
      <method>doExecute</method>
      <line>439</line>
    </frame>
    <frame>
      <class>com.kms.katalon.core.main.TestCaseExecutor</class>
      <method>processExecutionPhase</method>
      <line>418</line>
    </frame>
    <frame>
      <class>com.kms.katalon.core.main.TestCaseExecutor</class>
      <method>accessMainPhase</method>
      <line>410</line>
    </frame>
    <frame>
      <class>com.kms.katalon.core.main.TestCaseExecutor</class>
      <method>execute</method>
      <line>285</line>
    </frame>
    <frame>
      <class>com.kms.katalon.core.main.TestCaseExecutor</class>
      <method>execute</method>
      <line>369</line>
    </frame>
    <frame>
      <class>com.kms.katalon.core.main.TestCaseExecutor</class>
      <method>execute</method>
      <line>369</line>
    </frame>
    <frame>
      <class>com.kms.katalon.core.common.CommonExecutor</class>
      <method>accessTestCaseMainPhase</method>
      <line>65</line>
    </frame>
    <frame>
      <class>com.kms.katalon.core.main.TestSuiteExecutor</class>
      <method>accessTestSuiteMainPhase</method>
      <line>150</line>
    </frame>
    <frame>
      <class>com.kms.katalon.core.main.TestSuiteExecutor</class>
      <method>execute</method>
      <line>106</line>
    </frame>
    <frame>
      <class>com.kms.katalon.core.main.TestCaseMain</class>
      <method>startTestSuite</method>
      <line>180</line>
    </frame>
    <frame>
      <class>TempTestSuite1738675195040</class>
      <method>run</method>
      <line>35</line>
    </frame>
    <frame>
      <class>jdk.internal.reflect.NativeMethodAccessorImpl</class>
      <method>invoke0</method>
    </frame>
    <frame>
      <class>jdk.internal.reflect.NativeMethodAccessorImpl</class>
      <method>invoke</method>
      <line>77</line>
    </frame>
    <frame>
      <class>jdk.internal.reflect.DelegatingMethodAccessorImpl</class>
      <method>invoke</method>
      <line>43</line>
    </frame>
  </exception>
  <nestedLevel>0</nestedLevel>
  <escapedJava>false</escapedJava>
  <property name="failed.exception.stacktrace">java.lang.IllegalArgumentException: Text is null
	at com.kms.katalon.core.webui.keyword.builtin.SetTextKeyword$_setText_closure1.doCall(SetTextKeyword.groovy:50)
	at com.kms.katalon.core.webui.keyword.builtin.SetTextKeyword$_setText_closure1.call(SetTextKeyword.groovy)
	at com.kms.katalon.core.webui.keyword.internal.WebUIKeywordMain.runKeyword(WebUIKeywordMain.groovy:35)
	at com.kms.katalon.core.webui.keyword.builtin.SetTextKeyword.setText(SetTextKeyword.groovy:85)
	at com.kms.katalon.core.webui.keyword.builtin.SetTextKeyword.execute(SetTextKeyword.groovy:39)
	at com.kms.katalon.core.keyword.internal.KeywordExecutor.executeKeywordForPlatform(KeywordExecutor.groovy:74)
	at com.kms.katalon.core.webui.keyword.WebUiBuiltInKeywords.setText(WebUiBuiltInKeywords.groovy:1019)
	at Positive Cases - Add to Cart.run(Positive Cases - Add to Cart:24)
	at com.kms.katalon.core.main.ScriptEngine.run(ScriptEngine.java:194)
	at com.kms.katalon.core.main.ScriptEngine.runScriptAsRawText(ScriptEngine.java:119)
	at com.kms.katalon.core.main.TestCaseExecutor.runScript(TestCaseExecutor.java:448)
	at com.kms.katalon.core.main.TestCaseExecutor.doExecute(TestCaseExecutor.java:439)
	at com.kms.katalon.core.main.TestCaseExecutor.processExecutionPhase(TestCaseExecutor.java:418)
	at com.kms.katalon.core.main.TestCaseExecutor.accessMainPhase(TestCaseExecutor.java:410)
	at com.kms.katalon.core.main.TestCaseExecutor.execute(TestCaseExecutor.java:285)
	at com.kms.katalon.core.main.TestCaseExecutor.execute(TestCaseExecutor.java:369)
	at com.kms.katalon.core.main.TestCaseExecutor.execute(TestCaseExecutor.java:369)
	at com.kms.katalon.core.common.CommonExecutor.accessTestCaseMainPhase(CommonExecutor.java:65)
	at com.kms.katalon.core.main.TestSuiteExecutor.accessTestSuiteMainPhase(TestSuiteExecutor.java:150)
	at com.kms.katalon.core.main.TestSuiteExecutor.execute(TestSuiteExecutor.java:106)
	at com.kms.katalon.core.main.TestCaseMain.startTestSuite(TestCaseMain.java:180)
	at TempTestSuite1738675195040.run(TempTestSuite1738675195040.groovy:35)
	at java.base/jdk.internal.reflect.NativeMethodAccessorImpl.invoke0(Native Method)
	at java.base/jdk.internal.reflect.NativeMethodAccessorImpl.invoke(NativeMethodAccessorImpl.java:77)
	at java.base/jdk.internal.reflect.DelegatingMethodAccessorImpl.invoke(DelegatingMethodAccessorImpl.java:43)
</property>
  <property name="failed.exception.class">java.lang.IllegalArgumentException</property>
  <property name="failed.exception.message">Text is null</property>
</record>
<record>
  <date>2025-02-04T13:20:23.428772900Z</date>
  <millis>1738675223428</millis>
  <nanos>772900</nanos>
  <sequence>262</sequence>
  <level>END</level>
  <class>com.kms.katalon.core.logging.XmlKeywordLogger</class>
  <method>endTest</method>
  <thread>1</thread>
  <message>End Test Case : Test Cases/Positive Cases - Add to Cart</message>
  <nestedLevel>0</nestedLevel>
  <escapedJava>false</escapedJava>
  <property name="executionBindingVariables">[]</property>
  <property name="applitools">false</property>
  <property name="remainingRetryCount">1</property>
  <property name="currentRetryCount">2</property>
  <property name="keywordsUsage">{
  &quot;web_ui&quot;: true,
  &quot;web_service&quot;: false,
  &quot;cucumber&quot;: false,
  &quot;builtin&quot;: false,
  &quot;mobile&quot;: false,
  &quot;windows&quot;: false,
  &quot;testng&quot;: false
}</property>
</record>
<record>
  <date>2025-02-04T13:20:23.435346500Z</date>
  <millis>1738675223435</millis>
  <nanos>346500</nanos>
  <sequence>263</sequence>
  <level>START</level>
  <class>com.kms.katalon.core.logging.XmlKeywordLogger</class>
  <method>startTest</method>
  <thread>1</thread>
  <message>Start Test Case : Test Cases/Positive Cases - Add to Cart</message>
  <nestedLevel>1</nestedLevel>
  <escapedJava>false</escapedJava>
  <property name="remainingRetryCount">0</property>
  <property name="name">Test Cases/Positive Cases - Add to Cart</property>
  <property name="description"></property>
  <property name="iteration"></property>
  <property name="id">Test Cases/Positive Cases - Add to Cart</property>
  <property name="source">C:\Users\ACER\git\KatalonGitSwagLabsNew\Test Cases\Positive Cases - Add to Cart.tc</property>
  <property name="tag"></property>
  <property name="isOptional">false</property>
  <property name="currentRetryCount">3</property>
</record>
<record>
  <date>2025-02-04T13:20:23.456339600Z</date>
  <millis>1738675223456</millis>
  <nanos>339600</nanos>
  <sequence>265</sequence>
  <level>START</level>
  <class>com.kms.katalon.core.logging.XmlKeywordLogger</class>
  <method>startKeyword</method>
  <thread>1</thread>
  <message>Start action : openBrowser(&amp;quot;&amp;quot;)</message>
  <nestedLevel>1</nestedLevel>
  <escapedJava>false</escapedJava>
  <property name="startLine">20</property>
  <property name="stepIndex">1</property>
</record>
<record>
  <date>2025-02-04T13:20:23.464481500Z</date>
  <millis>1738675223464</millis>
  <nanos>481500</nanos>
  <sequence>267</sequence>
  <level>WARNING</level>
  <class>com.kms.katalon.core.logging.XmlKeywordLogger</class>
  <method>logMessage</method>
  <thread>1</thread>
  <message>A browser is already opened. Closing browser and opening a new one</message>
  <nestedLevel>1</nestedLevel>
  <escapedJava>false</escapedJava>
</record>
<record>
  <date>2025-02-04T13:20:23.627966500Z</date>
  <millis>1738675223627</millis>
  <nanos>966500</nanos>
  <sequence>268</sequence>
  <level>INFO</level>
  <class>com.kms.katalon.core.logging.XmlKeywordLogger</class>
  <method>logMessage</method>
  <thread>1</thread>
  <message>Starting &amp;apos;Chrome&amp;apos; driver</message>
  <nestedLevel>1</nestedLevel>
  <escapedJava>false</escapedJava>
</record>
<record>
  <date>2025-02-04T13:20:23.629977500Z</date>
  <millis>1738675223629</millis>
  <nanos>977500</nanos>
  <sequence>270</sequence>
  <level>INFO</level>
  <class>com.kms.katalon.core.logging.XmlKeywordLogger</class>
  <method>logMessage</method>
  <thread>1</thread>
  <message>Action delay is set to 0 milliseconds</message>
  <nestedLevel>1</nestedLevel>
  <escapedJava>false</escapedJava>
</record>
<record>
  <date>2025-02-04T13:20:24.471963Z</date>
  <millis>1738675224471</millis>
  <nanos>963000</nanos>
  <sequence>272</sequence>
  <level>RUN_DATA</level>
  <class>com.kms.katalon.core.logging.XmlKeywordLogger</class>
  <method>logMessage</method>
  <thread>1</thread>
  <message>sessionId = c24a447133456aca4c9af416bd811465</message>
  <nestedLevel>1</nestedLevel>
  <escapedJava>false</escapedJava>
  <property name="sessionId">c24a447133456aca4c9af416bd811465</property>
</record>
<record>
  <date>2025-02-04T13:20:24.484656700Z</date>
  <millis>1738675224484</millis>
  <nanos>656700</nanos>
  <sequence>273</sequence>
  <level>RUN_DATA</level>
  <class>com.kms.katalon.core.logging.XmlKeywordLogger</class>
  <method>logMessage</method>
  <thread>1</thread>
  <message>browser = Chrome 132.0.0.0</message>
  <nestedLevel>1</nestedLevel>
  <escapedJava>false</escapedJava>
  <property name="browser">Chrome 132.0.0.0</property>
</record>
<record>
  <date>2025-02-04T13:20:24.485655200Z</date>
  <millis>1738675224485</millis>
  <nanos>655200</nanos>
  <sequence>274</sequence>
  <level>RUN_DATA</level>
  <class>com.kms.katalon.core.logging.XmlKeywordLogger</class>
  <method>logMessage</method>
  <thread>1</thread>
  <message>platform = Windows 11</message>
  <nestedLevel>1</nestedLevel>
  <escapedJava>false</escapedJava>
  <property name="platform">Windows 11</property>
</record>
<record>
  <date>2025-02-04T13:20:24.485655200Z</date>
  <millis>1738675224485</millis>
  <nanos>655200</nanos>
  <sequence>275</sequence>
  <level>RUN_DATA</level>
  <class>com.kms.katalon.core.logging.XmlKeywordLogger</class>
  <method>logMessage</method>
  <thread>1</thread>
  <message>seleniumVersion = 3.141.59</message>
  <nestedLevel>1</nestedLevel>
  <escapedJava>false</escapedJava>
  <property name="seleniumVersion">3.141.59</property>
</record>
<record>
  <date>2025-02-04T13:20:24.487664700Z</date>
  <millis>1738675224487</millis>
  <nanos>664700</nanos>
  <sequence>276</sequence>
  <level>RUN_DATA</level>
  <class>com.kms.katalon.core.logging.XmlKeywordLogger</class>
  <method>logMessage</method>
  <thread>1</thread>
  <message>proxyInformation = ProxyInformation { proxyOption=NO_PROXY, proxyServerType=HTTP, username=, password=********, proxyServerAddress=, proxyServerPort=0, executionList=&amp;quot;&amp;quot;, isApplyToDesiredCapabilities=true }</message>
  <nestedLevel>1</nestedLevel>
  <escapedJava>false</escapedJava>
  <property name="proxyInformation">ProxyInformation { proxyOption=NO_PROXY, proxyServerType=HTTP, username=, password=********, proxyServerAddress=, proxyServerPort=0, executionList=&quot;&quot;, isApplyToDesiredCapabilities=true }</property>
</record>
<record>
  <date>2025-02-04T13:20:24.494663500Z</date>
  <millis>1738675224494</millis>
  <nanos>663500</nanos>
  <sequence>277</sequence>
  <level>PASSED</level>
  <class>com.kms.katalon.core.logging.XmlKeywordLogger</class>
  <method>logMessage</method>
  <thread>1</thread>
  <message>Browser is opened with url: &amp;apos;&amp;apos;</message>
  <nestedLevel>1</nestedLevel>
  <escapedJava>false</escapedJava>
  <property name="testops-method-name">com.kms.katalon.core.webui.keyword.builtin.OpenBrowserKeyword.openBrowser</property>
  <property name="testops-execution-stacktrace"></property>
</record>
<record>
  <date>2025-02-04T13:20:24.495657400Z</date>
  <millis>1738675224495</millis>
  <nanos>657400</nanos>
  <sequence>278</sequence>
  <level>END</level>
  <class>com.kms.katalon.core.logging.XmlKeywordLogger</class>
  <method>endKeyword</method>
  <thread>1</thread>
  <message>End action : openBrowser(&amp;quot;&amp;quot;)</message>
  <nestedLevel>1</nestedLevel>
  <escapedJava>false</escapedJava>
</record>
<record>
  <date>2025-02-04T13:20:24.495657400Z</date>
  <millis>1738675224495</millis>
  <nanos>657400</nanos>
  <sequence>279</sequence>
  <level>START</level>
  <class>com.kms.katalon.core.logging.XmlKeywordLogger</class>
  <method>startKeyword</method>
  <thread>1</thread>
  <message>Start action : navigateToUrl(&amp;quot;https://www.saucedemo.com/&amp;quot;)</message>
  <nestedLevel>1</nestedLevel>
  <escapedJava>false</escapedJava>
  <property name="startLine">22</property>
  <property name="stepIndex">2</property>
</record>
<record>
  <date>2025-02-04T13:20:24.970067900Z</date>
  <millis>1738675224970</millis>
  <nanos>67900</nanos>
  <sequence>282</sequence>
  <level>PASSED</level>
  <class>com.kms.katalon.core.logging.XmlKeywordLogger</class>
  <method>logMessage</method>
  <thread>1</thread>
  <message>Navigate to &amp;apos;https://www.saucedemo.com/&amp;apos; successfully</message>
  <nestedLevel>1</nestedLevel>
  <escapedJava>false</escapedJava>
  <property name="testops-method-name">com.kms.katalon.core.webui.keyword.builtin.NavigateToUrlKeyword.navigateToUrl</property>
  <property name="testops-execution-stacktrace"></property>
</record>
<record>
  <date>2025-02-04T13:20:24.973362300Z</date>
  <millis>1738675224973</millis>
  <nanos>362300</nanos>
  <sequence>283</sequence>
  <level>END</level>
  <class>com.kms.katalon.core.logging.XmlKeywordLogger</class>
  <method>endKeyword</method>
  <thread>1</thread>
  <message>End action : navigateToUrl(&amp;quot;https://www.saucedemo.com/&amp;quot;)</message>
  <nestedLevel>1</nestedLevel>
  <escapedJava>false</escapedJava>
</record>
<record>
  <date>2025-02-04T13:20:24.973362300Z</date>
  <millis>1738675224973</millis>
  <nanos>362300</nanos>
  <sequence>284</sequence>
  <level>START</level>
  <class>com.kms.katalon.core.logging.XmlKeywordLogger</class>
  <method>startKeyword</method>
  <thread>1</thread>
  <message>Start action : setText(findTestObject(&amp;quot;Page_Swag Labs/input_Swag Labs_user-name&amp;quot;), Username1)</message>
  <nestedLevel>1</nestedLevel>
  <escapedJava>false</escapedJava>
  <property name="startLine">24</property>
  <property name="stepIndex">3</property>
</record>
<record>
  <date>2025-02-04T13:20:25.101012900Z</date>
  <millis>1738675225101</millis>
  <nanos>12900</nanos>
  <sequence>291</sequence>
  <level>FAILED</level>
  <class>com.kms.katalon.core.logging.XmlKeywordLogger</class>
  <method>logMessage</method>
  <thread>1</thread>
  <message>Unable to set text &amp;apos;null&amp;apos; of object &amp;apos;Object Repository/Page_Swag Labs/input_Swag Labs_user-name&amp;apos; (Root cause: com.kms.katalon.core.exception.StepFailedException: Unable to set text &amp;apos;null&amp;apos; of object &amp;apos;Object Repository/Page_Swag Labs/input_Swag Labs_user-name&amp;apos;
	at com.kms.katalon.core.webui.keyword.internal.WebUIKeywordMain.stepFailed(WebUIKeywordMain.groovy:117)
	at com.kms.katalon.core.webui.keyword.internal.WebUIKeywordMain.runKeyword(WebUIKeywordMain.groovy:43)
	at com.kms.katalon.core.webui.keyword.builtin.SetTextKeyword.setText(SetTextKeyword.groovy:85)
	at com.kms.katalon.core.webui.keyword.builtin.SetTextKeyword.execute(SetTextKeyword.groovy:39)
	at com.kms.katalon.core.keyword.internal.KeywordExecutor.executeKeywordForPlatform(KeywordExecutor.groovy:74)
	at com.kms.katalon.core.webui.keyword.WebUiBuiltInKeywords.setText(WebUiBuiltInKeywords.groovy:1019)
	at Positive Cases - Add to Cart.run(Positive Cases - Add to Cart:24)
	at com.kms.katalon.core.main.ScriptEngine.run(ScriptEngine.java:194)
	at com.kms.katalon.core.main.ScriptEngine.runScriptAsRawText(ScriptEngine.java:119)
	at com.kms.katalon.core.main.TestCaseExecutor.runScript(TestCaseExecutor.java:448)
	at com.kms.katalon.core.main.TestCaseExecutor.doExecute(TestCaseExecutor.java:439)
	at com.kms.katalon.core.main.TestCaseExecutor.processExecutionPhase(TestCaseExecutor.java:418)
	at com.kms.katalon.core.main.TestCaseExecutor.accessMainPhase(TestCaseExecutor.java:410)
	at com.kms.katalon.core.main.TestCaseExecutor.execute(TestCaseExecutor.java:285)
	at com.kms.katalon.core.main.TestCaseExecutor.execute(TestCaseExecutor.java:369)
	at com.kms.katalon.core.main.TestCaseExecutor.execute(TestCaseExecutor.java:369)
	at com.kms.katalon.core.main.TestCaseExecutor.execute(TestCaseExecutor.java:369)
	at com.kms.katalon.core.common.CommonExecutor.accessTestCaseMainPhase(CommonExecutor.java:65)
	at com.kms.katalon.core.main.TestSuiteExecutor.accessTestSuiteMainPhase(TestSuiteExecutor.java:150)
	at com.kms.katalon.core.main.TestSuiteExecutor.execute(TestSuiteExecutor.java:106)
	at com.kms.katalon.core.main.TestCaseMain.startTestSuite(TestCaseMain.java:180)
	at TempTestSuite1738675195040.run(TempTestSuite1738675195040.groovy:35)
	at java.base/jdk.internal.reflect.NativeMethodAccessorImpl.invoke0(Native Method)
	at java.base/jdk.internal.reflect.NativeMethodAccessorImpl.invoke(NativeMethodAccessorImpl.java:77)
	at java.base/jdk.internal.reflect.DelegatingMethodAccessorImpl.invoke(DelegatingMethodAccessorImpl.java:43)
Caused by: java.lang.IllegalArgumentException: Text is null
	at com.kms.katalon.core.webui.keyword.builtin.SetTextKeyword$_setText_closure1.doCall(SetTextKeyword.groovy:50)
	at com.kms.katalon.core.webui.keyword.builtin.SetTextKeyword$_setText_closure1.call(SetTextKeyword.groovy)
	at com.kms.katalon.core.webui.keyword.internal.WebUIKeywordMain.runKeyword(WebUIKeywordMain.groovy:35)
	at com.kms.katalon.core.webui.keyword.builtin.SetTextKeyword.setText(SetTextKeyword.groovy:85)
	at com.kms.katalon.core.webui.keyword.builtin.SetTextKeyword.execute(SetTextKeyword.groovy:39)
	at com.kms.katalon.core.keyword.internal.KeywordExecutor.executeKeywordForPlatform(KeywordExecutor.groovy:74)
	at com.kms.katalon.core.webui.keyword.WebUiBuiltInKeywords.setText(WebUiBuiltInKeywords.groovy:1019)
	at Script1737430890544.run(Script1737430890544.groovy:24)
	... 18 more
)</message>
  <nestedLevel>1</nestedLevel>
  <escapedJava>false</escapedJava>
  <property name="failed.exception.class">java.lang.IllegalArgumentException</property>
  <property name="attachment">1738675224985.png</property>
  <property name="failed.exception.stacktrace">java.lang.IllegalArgumentException: Text is null
	at com.kms.katalon.core.webui.keyword.builtin.SetTextKeyword$_setText_closure1.doCall(SetTextKeyword.groovy:50)
	at com.kms.katalon.core.webui.keyword.builtin.SetTextKeyword$_setText_closure1.call(SetTextKeyword.groovy)
	at com.kms.katalon.core.webui.keyword.internal.WebUIKeywordMain.runKeyword(WebUIKeywordMain.groovy:35)
	at com.kms.katalon.core.webui.keyword.builtin.SetTextKeyword.setText(SetTextKeyword.groovy:85)
	at com.kms.katalon.core.webui.keyword.builtin.SetTextKeyword.execute(SetTextKeyword.groovy:39)
	at com.kms.katalon.core.keyword.internal.KeywordExecutor.executeKeywordForPlatform(KeywordExecutor.groovy:74)
	at com.kms.katalon.core.webui.keyword.WebUiBuiltInKeywords.setText(WebUiBuiltInKeywords.groovy:1019)
	at Positive Cases - Add to Cart.run(Positive Cases - Add to Cart:24)
	at com.kms.katalon.core.main.ScriptEngine.run(ScriptEngine.java:194)
	at com.kms.katalon.core.main.ScriptEngine.runScriptAsRawText(ScriptEngine.java:119)
	at com.kms.katalon.core.main.TestCaseExecutor.runScript(TestCaseExecutor.java:448)
	at com.kms.katalon.core.main.TestCaseExecutor.doExecute(TestCaseExecutor.java:439)
	at com.kms.katalon.core.main.TestCaseExecutor.processExecutionPhase(TestCaseExecutor.java:418)
	at com.kms.katalon.core.main.TestCaseExecutor.accessMainPhase(TestCaseExecutor.java:410)
	at com.kms.katalon.core.main.TestCaseExecutor.execute(TestCaseExecutor.java:285)
	at com.kms.katalon.core.main.TestCaseExecutor.execute(TestCaseExecutor.java:369)
	at com.kms.katalon.core.main.TestCaseExecutor.execute(TestCaseExecutor.java:369)
	at com.kms.katalon.core.main.TestCaseExecutor.execute(TestCaseExecutor.java:369)
	at com.kms.katalon.core.common.CommonExecutor.accessTestCaseMainPhase(CommonExecutor.java:65)
	at com.kms.katalon.core.main.TestSuiteExecutor.accessTestSuiteMainPhase(TestSuiteExecutor.java:150)
	at com.kms.katalon.core.main.TestSuiteExecutor.execute(TestSuiteExecutor.java:106)
	at com.kms.katalon.core.main.TestCaseMain.startTestSuite(TestCaseMain.java:180)
	at TempTestSuite1738675195040.run(TempTestSuite1738675195040.groovy:35)
	at java.base/jdk.internal.reflect.NativeMethodAccessorImpl.invoke0(Native Method)
	at java.base/jdk.internal.reflect.NativeMethodAccessorImpl.invoke(NativeMethodAccessorImpl.java:77)
	at java.base/jdk.internal.reflect.DelegatingMethodAccessorImpl.invoke(DelegatingMethodAccessorImpl.java:43)
</property>
  <property name="failed.exception.message">Text is null</property>
</record>
<record>
  <date>2025-02-04T13:20:25.103012Z</date>
  <millis>1738675225103</millis>
  <nanos>12000</nanos>
  <sequence>294</sequence>
  <level>END</level>
  <class>com.kms.katalon.core.logging.XmlKeywordLogger</class>
  <method>endKeyword</method>
  <thread>1</thread>
  <message>End action : setText(findTestObject(&amp;quot;Page_Swag Labs/input_Swag Labs_user-name&amp;quot;), Username1)</message>
  <nestedLevel>1</nestedLevel>
  <escapedJava>false</escapedJava>
</record>
<record>
  <date>2025-02-04T13:20:25.104016300Z</date>
  <millis>1738675225104</millis>
  <nanos>16300</nanos>
  <sequence>297</sequence>
  <level>FAILED</level>
  <class>com.kms.katalon.core.logging.XmlKeywordLogger</class>
  <method>logMessage</method>
  <thread>1</thread>
  <message>Test Cases/Positive Cases - Add to Cart FAILED.
Reason:
com.kms.katalon.core.exception.StepFailedException: Unable to set text &amp;apos;null&amp;apos; of object &amp;apos;Object Repository/Page_Swag Labs/input_Swag Labs_user-name&amp;apos;
	at com.kms.katalon.core.webui.keyword.internal.WebUIKeywordMain.stepFailed(WebUIKeywordMain.groovy:117)
	at com.kms.katalon.core.webui.keyword.internal.WebUIKeywordMain.runKeyword(WebUIKeywordMain.groovy:43)
	at com.kms.katalon.core.webui.keyword.builtin.SetTextKeyword.setText(SetTextKeyword.groovy:85)
	at com.kms.katalon.core.webui.keyword.builtin.SetTextKeyword.execute(SetTextKeyword.groovy:39)
	at com.kms.katalon.core.keyword.internal.KeywordExecutor.executeKeywordForPlatform(KeywordExecutor.groovy:74)
	at com.kms.katalon.core.webui.keyword.WebUiBuiltInKeywords.setText(WebUiBuiltInKeywords.groovy:1019)
	at Positive Cases - Add to Cart.run(Positive Cases - Add to Cart:24)
	at com.kms.katalon.core.main.ScriptEngine.run(ScriptEngine.java:194)
	at com.kms.katalon.core.main.ScriptEngine.runScriptAsRawText(ScriptEngine.java:119)
	at com.kms.katalon.core.main.TestCaseExecutor.runScript(TestCaseExecutor.java:448)
	at com.kms.katalon.core.main.TestCaseExecutor.doExecute(TestCaseExecutor.java:439)
	at com.kms.katalon.core.main.TestCaseExecutor.processExecutionPhase(TestCaseExecutor.java:418)
	at com.kms.katalon.core.main.TestCaseExecutor.accessMainPhase(TestCaseExecutor.java:410)
	at com.kms.katalon.core.main.TestCaseExecutor.execute(TestCaseExecutor.java:285)
	at com.kms.katalon.core.main.TestCaseExecutor.execute(TestCaseExecutor.java:369)
	at com.kms.katalon.core.main.TestCaseExecutor.execute(TestCaseExecutor.java:369)
	at com.kms.katalon.core.main.TestCaseExecutor.execute(TestCaseExecutor.java:369)
	at com.kms.katalon.core.common.CommonExecutor.accessTestCaseMainPhase(CommonExecutor.java:65)
	at com.kms.katalon.core.main.TestSuiteExecutor.accessTestSuiteMainPhase(TestSuiteExecutor.java:150)
	at com.kms.katalon.core.main.TestSuiteExecutor.execute(TestSuiteExecutor.java:106)
	at com.kms.katalon.core.main.TestCaseMain.startTestSuite(TestCaseMain.java:180)
	at TempTestSuite1738675195040.run(TempTestSuite1738675195040.groovy:35)
	at java.base/jdk.internal.reflect.NativeMethodAccessorImpl.invoke0(Native Method)
	at java.base/jdk.internal.reflect.NativeMethodAccessorImpl.invoke(NativeMethodAccessorImpl.java:77)
	at java.base/jdk.internal.reflect.DelegatingMethodAccessorImpl.invoke(DelegatingMethodAccessorImpl.java:43)
Caused by: java.lang.IllegalArgumentException: Text is null
	at com.kms.katalon.core.webui.keyword.builtin.SetTextKeyword$_setText_closure1.doCall(SetTextKeyword.groovy:50)
	at com.kms.katalon.core.webui.keyword.builtin.SetTextKeyword$_setText_closure1.call(SetTextKeyword.groovy)
	at com.kms.katalon.core.webui.keyword.internal.WebUIKeywordMain.runKeyword(WebUIKeywordMain.groovy:35)
	... 23 more
</message>
  <exception>
    <message>com.kms.katalon.core.exception.StepFailedException: Unable to set text 'null' of object 'Object Repository/Page_Swag Labs/input_Swag Labs_user-name'</message>
    <frame>
      <class>com.kms.katalon.core.webui.keyword.internal.WebUIKeywordMain</class>
      <method>stepFailed</method>
      <line>117</line>
    </frame>
    <frame>
      <class>com.kms.katalon.core.webui.keyword.internal.WebUIKeywordMain</class>
      <method>runKeyword</method>
      <line>43</line>
    </frame>
    <frame>
      <class>com.kms.katalon.core.webui.keyword.builtin.SetTextKeyword</class>
      <method>setText</method>
      <line>85</line>
    </frame>
    <frame>
      <class>com.kms.katalon.core.webui.keyword.builtin.SetTextKeyword</class>
      <method>execute</method>
      <line>39</line>
    </frame>
    <frame>
      <class>com.kms.katalon.core.keyword.internal.KeywordExecutor</class>
      <method>executeKeywordForPlatform</method>
      <line>74</line>
    </frame>
    <frame>
      <class>com.kms.katalon.core.webui.keyword.WebUiBuiltInKeywords</class>
      <method>setText</method>
      <line>1019</line>
    </frame>
    <frame>
      <class>Positive Cases - Add to Cart</class>
      <method>run</method>
      <line>24</line>
    </frame>
    <frame>
      <class>com.kms.katalon.core.main.ScriptEngine</class>
      <method>run</method>
      <line>194</line>
    </frame>
    <frame>
      <class>com.kms.katalon.core.main.ScriptEngine</class>
      <method>runScriptAsRawText</method>
      <line>119</line>
    </frame>
    <frame>
      <class>com.kms.katalon.core.main.TestCaseExecutor</class>
      <method>runScript</method>
      <line>448</line>
    </frame>
    <frame>
      <class>com.kms.katalon.core.main.TestCaseExecutor</class>
      <method>doExecute</method>
      <line>439</line>
    </frame>
    <frame>
      <class>com.kms.katalon.core.main.TestCaseExecutor</class>
      <method>processExecutionPhase</method>
      <line>418</line>
    </frame>
    <frame>
      <class>com.kms.katalon.core.main.TestCaseExecutor</class>
      <method>accessMainPhase</method>
      <line>410</line>
    </frame>
    <frame>
      <class>com.kms.katalon.core.main.TestCaseExecutor</class>
      <method>execute</method>
      <line>285</line>
    </frame>
    <frame>
      <class>com.kms.katalon.core.main.TestCaseExecutor</class>
      <method>execute</method>
      <line>369</line>
    </frame>
    <frame>
      <class>com.kms.katalon.core.main.TestCaseExecutor</class>
      <method>execute</method>
      <line>369</line>
    </frame>
    <frame>
      <class>com.kms.katalon.core.main.TestCaseExecutor</class>
      <method>execute</method>
      <line>369</line>
    </frame>
    <frame>
      <class>com.kms.katalon.core.common.CommonExecutor</class>
      <method>accessTestCaseMainPhase</method>
      <line>65</line>
    </frame>
    <frame>
      <class>com.kms.katalon.core.main.TestSuiteExecutor</class>
      <method>accessTestSuiteMainPhase</method>
      <line>150</line>
    </frame>
    <frame>
      <class>com.kms.katalon.core.main.TestSuiteExecutor</class>
      <method>execute</method>
      <line>106</line>
    </frame>
    <frame>
      <class>com.kms.katalon.core.main.TestCaseMain</class>
      <method>startTestSuite</method>
      <line>180</line>
    </frame>
    <frame>
      <class>TempTestSuite1738675195040</class>
      <method>run</method>
      <line>35</line>
    </frame>
    <frame>
      <class>jdk.internal.reflect.NativeMethodAccessorImpl</class>
      <method>invoke0</method>
    </frame>
    <frame>
      <class>jdk.internal.reflect.NativeMethodAccessorImpl</class>
      <method>invoke</method>
      <line>77</line>
    </frame>
    <frame>
      <class>jdk.internal.reflect.DelegatingMethodAccessorImpl</class>
      <method>invoke</method>
      <line>43</line>
    </frame>
  </exception>
  <nestedLevel>0</nestedLevel>
  <escapedJava>false</escapedJava>
  <property name="failed.exception.stacktrace">java.lang.IllegalArgumentException: Text is null
	at com.kms.katalon.core.webui.keyword.builtin.SetTextKeyword$_setText_closure1.doCall(SetTextKeyword.groovy:50)
	at com.kms.katalon.core.webui.keyword.builtin.SetTextKeyword$_setText_closure1.call(SetTextKeyword.groovy)
	at com.kms.katalon.core.webui.keyword.internal.WebUIKeywordMain.runKeyword(WebUIKeywordMain.groovy:35)
	at com.kms.katalon.core.webui.keyword.builtin.SetTextKeyword.setText(SetTextKeyword.groovy:85)
	at com.kms.katalon.core.webui.keyword.builtin.SetTextKeyword.execute(SetTextKeyword.groovy:39)
	at com.kms.katalon.core.keyword.internal.KeywordExecutor.executeKeywordForPlatform(KeywordExecutor.groovy:74)
	at com.kms.katalon.core.webui.keyword.WebUiBuiltInKeywords.setText(WebUiBuiltInKeywords.groovy:1019)
	at Positive Cases - Add to Cart.run(Positive Cases - Add to Cart:24)
	at com.kms.katalon.core.main.ScriptEngine.run(ScriptEngine.java:194)
	at com.kms.katalon.core.main.ScriptEngine.runScriptAsRawText(ScriptEngine.java:119)
	at com.kms.katalon.core.main.TestCaseExecutor.runScript(TestCaseExecutor.java:448)
	at com.kms.katalon.core.main.TestCaseExecutor.doExecute(TestCaseExecutor.java:439)
	at com.kms.katalon.core.main.TestCaseExecutor.processExecutionPhase(TestCaseExecutor.java:418)
	at com.kms.katalon.core.main.TestCaseExecutor.accessMainPhase(TestCaseExecutor.java:410)
	at com.kms.katalon.core.main.TestCaseExecutor.execute(TestCaseExecutor.java:285)
	at com.kms.katalon.core.main.TestCaseExecutor.execute(TestCaseExecutor.java:369)
	at com.kms.katalon.core.main.TestCaseExecutor.execute(TestCaseExecutor.java:369)
	at com.kms.katalon.core.main.TestCaseExecutor.execute(TestCaseExecutor.java:369)
	at com.kms.katalon.core.common.CommonExecutor.accessTestCaseMainPhase(CommonExecutor.java:65)
	at com.kms.katalon.core.main.TestSuiteExecutor.accessTestSuiteMainPhase(TestSuiteExecutor.java:150)
	at com.kms.katalon.core.main.TestSuiteExecutor.execute(TestSuiteExecutor.java:106)
	at com.kms.katalon.core.main.TestCaseMain.startTestSuite(TestCaseMain.java:180)
	at TempTestSuite1738675195040.run(TempTestSuite1738675195040.groovy:35)
	at java.base/jdk.internal.reflect.NativeMethodAccessorImpl.invoke0(Native Method)
	at java.base/jdk.internal.reflect.NativeMethodAccessorImpl.invoke(NativeMethodAccessorImpl.java:77)
	at java.base/jdk.internal.reflect.DelegatingMethodAccessorImpl.invoke(DelegatingMethodAccessorImpl.java:43)
</property>
  <property name="failed.exception.class">java.lang.IllegalArgumentException</property>
  <property name="failed.exception.message">Text is null</property>
</record>
<record>
  <date>2025-02-04T13:20:25.107014800Z</date>
  <millis>1738675225107</millis>
  <nanos>14800</nanos>
  <sequence>299</sequence>
  <level>END</level>
  <class>com.kms.katalon.core.logging.XmlKeywordLogger</class>
  <method>endTest</method>
  <thread>1</thread>
  <message>End Test Case : Test Cases/Positive Cases - Add to Cart</message>
  <nestedLevel>0</nestedLevel>
  <escapedJava>false</escapedJava>
  <property name="executionBindingVariables">[]</property>
  <property name="applitools">false</property>
  <property name="remainingRetryCount">0</property>
  <property name="currentRetryCount">3</property>
  <property name="keywordsUsage">{
  &quot;web_ui&quot;: true,
  &quot;web_service&quot;: false,
  &quot;cucumber&quot;: false,
  &quot;builtin&quot;: false,
  &quot;mobile&quot;: false,
  &quot;windows&quot;: false,
  &quot;testng&quot;: false
}</property>
</record>
<record>
  <date>2025-02-04T13:20:25.115014Z</date>
  <millis>1738675225115</millis>
  <nanos>14000</nanos>
  <sequence>300</sequence>
  <level>START</level>
  <class>com.kms.katalon.core.logging.XmlKeywordLogger</class>
  <method>startTest</method>
  <thread>1</thread>
  <message>Start Test Case : Test Cases/Positive Cases - Login SwagLabs</message>
  <nestedLevel>1</nestedLevel>
  <escapedJava>false</escapedJava>
  <property name="remainingRetryCount">3</property>
  <property name="name">Test Cases/Positive Cases - Login SwagLabs</property>
  <property name="description"></property>
  <property name="iteration"></property>
  <property name="id">Test Cases/Positive Cases - Login SwagLabs</property>
  <property name="source">C:\Users\ACER\git\KatalonGitSwagLabsNew\Test Cases\Positive Cases - Login SwagLabs.tc</property>
  <property name="tag"></property>
  <property name="isOptional">false</property>
  <property name="currentRetryCount">0</property>
</record>
<record>
  <date>2025-02-04T13:20:25.184293500Z</date>
  <millis>1738675225184</millis>
  <nanos>293500</nanos>
  <sequence>302</sequence>
  <level>START</level>
  <class>com.kms.katalon.core.logging.XmlKeywordLogger</class>
  <method>startKeyword</method>
  <thread>1</thread>
  <message>Start action : openBrowser(&amp;quot;&amp;quot;)</message>
  <nestedLevel>1</nestedLevel>
  <escapedJava>false</escapedJava>
  <property name="startLine">20</property>
  <property name="stepIndex">1</property>
</record>
<record>
  <date>2025-02-04T13:20:25.189437300Z</date>
  <millis>1738675225189</millis>
  <nanos>437300</nanos>
  <sequence>304</sequence>
  <level>WARNING</level>
  <class>com.kms.katalon.core.logging.XmlKeywordLogger</class>
  <method>logMessage</method>
  <thread>1</thread>
  <message>A browser is already opened. Closing browser and opening a new one</message>
  <nestedLevel>1</nestedLevel>
  <escapedJava>false</escapedJava>
</record>
<record>
  <date>2025-02-04T13:20:25.351994700Z</date>
  <millis>1738675225351</millis>
  <nanos>994700</nanos>
  <sequence>305</sequence>
  <level>INFO</level>
  <class>com.kms.katalon.core.logging.XmlKeywordLogger</class>
  <method>logMessage</method>
  <thread>1</thread>
  <message>Starting &amp;apos;Chrome&amp;apos; driver</message>
  <nestedLevel>1</nestedLevel>
  <escapedJava>false</escapedJava>
</record>
<record>
  <date>2025-02-04T13:20:25.355000300Z</date>
  <millis>1738675225355</millis>
  <nanos>300</nanos>
  <sequence>307</sequence>
  <level>INFO</level>
  <class>com.kms.katalon.core.logging.XmlKeywordLogger</class>
  <method>logMessage</method>
  <thread>1</thread>
  <message>Action delay is set to 0 milliseconds</message>
  <nestedLevel>1</nestedLevel>
  <escapedJava>false</escapedJava>
</record>
<record>
  <date>2025-02-04T13:20:26.247895Z</date>
  <millis>1738675226247</millis>
  <nanos>895000</nanos>
  <sequence>309</sequence>
  <level>RUN_DATA</level>
  <class>com.kms.katalon.core.logging.XmlKeywordLogger</class>
  <method>logMessage</method>
  <thread>1</thread>
  <message>sessionId = 9409e34f0500d18790e9f159f8acc911</message>
  <nestedLevel>1</nestedLevel>
  <escapedJava>false</escapedJava>
  <property name="sessionId">9409e34f0500d18790e9f159f8acc911</property>
</record>
<record>
  <date>2025-02-04T13:20:26.259897100Z</date>
  <millis>1738675226259</millis>
  <nanos>897100</nanos>
  <sequence>310</sequence>
  <level>RUN_DATA</level>
  <class>com.kms.katalon.core.logging.XmlKeywordLogger</class>
  <method>logMessage</method>
  <thread>1</thread>
  <message>browser = Chrome 132.0.0.0</message>
  <nestedLevel>1</nestedLevel>
  <escapedJava>false</escapedJava>
  <property name="browser">Chrome 132.0.0.0</property>
</record>
<record>
  <date>2025-02-04T13:20:26.260899600Z</date>
  <millis>1738675226260</millis>
  <nanos>899600</nanos>
  <sequence>311</sequence>
  <level>RUN_DATA</level>
  <class>com.kms.katalon.core.logging.XmlKeywordLogger</class>
  <method>logMessage</method>
  <thread>1</thread>
  <message>platform = Windows 11</message>
  <nestedLevel>1</nestedLevel>
  <escapedJava>false</escapedJava>
  <property name="platform">Windows 11</property>
</record>
<record>
  <date>2025-02-04T13:20:26.260899600Z</date>
  <millis>1738675226260</millis>
  <nanos>899600</nanos>
  <sequence>312</sequence>
  <level>RUN_DATA</level>
  <class>com.kms.katalon.core.logging.XmlKeywordLogger</class>
  <method>logMessage</method>
  <thread>1</thread>
  <message>seleniumVersion = 3.141.59</message>
  <nestedLevel>1</nestedLevel>
  <escapedJava>false</escapedJava>
  <property name="seleniumVersion">3.141.59</property>
</record>
<record>
  <date>2025-02-04T13:20:26.261620900Z</date>
  <millis>1738675226261</millis>
  <nanos>620900</nanos>
  <sequence>313</sequence>
  <level>RUN_DATA</level>
  <class>com.kms.katalon.core.logging.XmlKeywordLogger</class>
  <method>logMessage</method>
  <thread>1</thread>
  <message>proxyInformation = ProxyInformation { proxyOption=NO_PROXY, proxyServerType=HTTP, username=, password=********, proxyServerAddress=, proxyServerPort=0, executionList=&amp;quot;&amp;quot;, isApplyToDesiredCapabilities=true }</message>
  <nestedLevel>1</nestedLevel>
  <escapedJava>false</escapedJava>
  <property name="proxyInformation">ProxyInformation { proxyOption=NO_PROXY, proxyServerType=HTTP, username=, password=********, proxyServerAddress=, proxyServerPort=0, executionList=&quot;&quot;, isApplyToDesiredCapabilities=true }</property>
</record>
<record>
  <date>2025-02-04T13:20:26.261620900Z</date>
  <millis>1738675226261</millis>
  <nanos>620900</nanos>
  <sequence>314</sequence>
  <level>PASSED</level>
  <class>com.kms.katalon.core.logging.XmlKeywordLogger</class>
  <method>logMessage</method>
  <thread>1</thread>
  <message>Browser is opened with url: &amp;apos;&amp;apos;</message>
  <nestedLevel>1</nestedLevel>
  <escapedJava>false</escapedJava>
  <property name="testops-method-name">com.kms.katalon.core.webui.keyword.builtin.OpenBrowserKeyword.openBrowser</property>
  <property name="testops-execution-stacktrace"></property>
</record>
<record>
  <date>2025-02-04T13:20:26.261620900Z</date>
  <millis>1738675226261</millis>
  <nanos>620900</nanos>
  <sequence>315</sequence>
  <level>END</level>
  <class>com.kms.katalon.core.logging.XmlKeywordLogger</class>
  <method>endKeyword</method>
  <thread>1</thread>
  <message>End action : openBrowser(&amp;quot;&amp;quot;)</message>
  <nestedLevel>1</nestedLevel>
  <escapedJava>false</escapedJava>
</record>
<record>
  <date>2025-02-04T13:20:26.274433400Z</date>
  <millis>1738675226274</millis>
  <nanos>433400</nanos>
  <sequence>316</sequence>
  <level>START</level>
  <class>com.kms.katalon.core.logging.XmlKeywordLogger</class>
  <method>startKeyword</method>
  <thread>1</thread>
  <message>Start action : navigateToUrl(&amp;quot;https://www.saucedemo.com/&amp;quot;)</message>
  <nestedLevel>1</nestedLevel>
  <escapedJava>false</escapedJava>
  <property name="startLine">22</property>
  <property name="stepIndex">2</property>
</record>
<record>
  <date>2025-02-04T13:20:26.822938300Z</date>
  <millis>1738675226822</millis>
  <nanos>938300</nanos>
  <sequence>319</sequence>
  <level>PASSED</level>
  <class>com.kms.katalon.core.logging.XmlKeywordLogger</class>
  <method>logMessage</method>
  <thread>1</thread>
  <message>Navigate to &amp;apos;https://www.saucedemo.com/&amp;apos; successfully</message>
  <nestedLevel>1</nestedLevel>
  <escapedJava>false</escapedJava>
  <property name="testops-method-name">com.kms.katalon.core.webui.keyword.builtin.NavigateToUrlKeyword.navigateToUrl</property>
  <property name="testops-execution-stacktrace"></property>
</record>
<record>
  <date>2025-02-04T13:20:26.824936400Z</date>
  <millis>1738675226824</millis>
  <nanos>936400</nanos>
  <sequence>320</sequence>
  <level>END</level>
  <class>com.kms.katalon.core.logging.XmlKeywordLogger</class>
  <method>endKeyword</method>
  <thread>1</thread>
  <message>End action : navigateToUrl(&amp;quot;https://www.saucedemo.com/&amp;quot;)</message>
  <nestedLevel>1</nestedLevel>
  <escapedJava>false</escapedJava>
</record>
<record>
  <date>2025-02-04T13:20:26.825944700Z</date>
  <millis>1738675226825</millis>
  <nanos>944700</nanos>
  <sequence>321</sequence>
  <level>START</level>
  <class>com.kms.katalon.core.logging.XmlKeywordLogger</class>
  <method>startKeyword</method>
  <thread>1</thread>
  <message>Start action : setText(findTestObject(&amp;quot;Object Repository/Page_Swag Labs/input_Swag Labs_user-name&amp;quot;), &amp;quot;standard_user&amp;quot;)</message>
  <nestedLevel>1</nestedLevel>
  <escapedJava>false</escapedJava>
  <property name="startLine">24</property>
  <property name="stepIndex">3</property>
</record>
<record>
  <date>2025-02-04T13:20:29.026821800Z</date>
  <millis>1738675229026</millis>
  <nanos>821800</nanos>
  <sequence>337</sequence>
  <level>PASSED</level>
  <class>com.kms.katalon.core.logging.XmlKeywordLogger</class>
  <method>logMessage</method>
  <thread>1</thread>
  <message>Text &amp;apos;standard_user&amp;apos; is set on object &amp;apos;Object Repository/Page_Swag Labs/input_Swag Labs_user-name&amp;apos;</message>
  <nestedLevel>1</nestedLevel>
  <escapedJava>false</escapedJava>
  <property name="testops-method-name">com.kms.katalon.core.webui.keyword.builtin.SetTextKeyword.setText</property>
  <property name="testops-execution-stacktrace"></property>
</record>
<record>
  <date>2025-02-04T13:20:29.027781400Z</date>
  <millis>1738675229027</millis>
  <nanos>781400</nanos>
  <sequence>338</sequence>
  <level>END</level>
  <class>com.kms.katalon.core.logging.XmlKeywordLogger</class>
  <method>endKeyword</method>
  <thread>1</thread>
  <message>End action : setText(findTestObject(&amp;quot;Object Repository/Page_Swag Labs/input_Swag Labs_user-name&amp;quot;), &amp;quot;standard_user&amp;quot;)</message>
  <nestedLevel>1</nestedLevel>
  <escapedJava>false</escapedJava>
</record>
<record>
  <date>2025-02-04T13:20:29.028783200Z</date>
  <millis>1738675229028</millis>
  <nanos>783200</nanos>
  <sequence>339</sequence>
  <level>START</level>
  <class>com.kms.katalon.core.logging.XmlKeywordLogger</class>
  <method>startKeyword</method>
  <thread>1</thread>
  <message>Start action : setEncryptedText(findTestObject(&amp;quot;Object Repository/Page_Swag Labs/input_Swag Labs_password&amp;quot;), &amp;quot;qcu24s4901FyWDTwXGr6XA==&amp;quot;)</message>
  <nestedLevel>1</nestedLevel>
  <escapedJava>false</escapedJava>
  <property name="startLine">26</property>
  <property name="stepIndex">4</property>
</record>
<record>
  <date>2025-02-04T13:20:29.378532700Z</date>
  <millis>1738675229378</millis>
  <nanos>532700</nanos>
  <sequence>350</sequence>
  <level>PASSED</level>
  <class>com.kms.katalon.core.logging.XmlKeywordLogger</class>
  <method>logMessage</method>
  <thread>1</thread>
  <message>Text ****** has been set on object &amp;apos;Object Repository/Page_Swag Labs/input_Swag Labs_password&amp;apos;</message>
  <nestedLevel>1</nestedLevel>
  <escapedJava>false</escapedJava>
  <property name="testops-method-name">com.kms.katalon.core.webui.keyword.builtin.SetEncryptedTextKeyword.setEncryptedText</property>
  <property name="testops-execution-stacktrace"></property>
</record>
<record>
  <date>2025-02-04T13:20:29.379531200Z</date>
  <millis>1738675229379</millis>
  <nanos>531200</nanos>
  <sequence>351</sequence>
  <level>END</level>
  <class>com.kms.katalon.core.logging.XmlKeywordLogger</class>
  <method>endKeyword</method>
  <thread>1</thread>
  <message>End action : setEncryptedText(findTestObject(&amp;quot;Object Repository/Page_Swag Labs/input_Swag Labs_password&amp;quot;), &amp;quot;qcu24s4901FyWDTwXGr6XA==&amp;quot;)</message>
  <nestedLevel>1</nestedLevel>
  <escapedJava>false</escapedJava>
</record>
<record>
  <date>2025-02-04T13:20:29.379531200Z</date>
  <millis>1738675229379</millis>
  <nanos>531200</nanos>
  <sequence>352</sequence>
  <level>START</level>
  <class>com.kms.katalon.core.logging.XmlKeywordLogger</class>
  <method>startKeyword</method>
  <thread>1</thread>
  <message>Start action : click(findTestObject(&amp;quot;Object Repository/Page_Swag Labs/input_Swag Labs_login-button&amp;quot;))</message>
  <nestedLevel>1</nestedLevel>
  <escapedJava>false</escapedJava>
  <property name="startLine">28</property>
  <property name="stepIndex">5</property>
</record>
<record>
  <date>2025-02-04T13:20:29.756434800Z</date>
  <millis>1738675229756</millis>
  <nanos>434800</nanos>
  <sequence>362</sequence>
  <level>PASSED</level>
  <class>com.kms.katalon.core.logging.XmlKeywordLogger</class>
  <method>logMessage</method>
  <thread>1</thread>
  <message>Object: &amp;apos;Object Repository/Page_Swag Labs/input_Swag Labs_login-button&amp;apos; is clicked on</message>
  <nestedLevel>1</nestedLevel>
  <escapedJava>false</escapedJava>
  <property name="testops-method-name">com.kms.katalon.core.webui.keyword.builtin.ClickKeyword.click</property>
  <property name="testops-execution-stacktrace"></property>
</record>
<record>
  <date>2025-02-04T13:20:29.757444800Z</date>
  <millis>1738675229757</millis>
  <nanos>444800</nanos>
  <sequence>363</sequence>
  <level>END</level>
  <class>com.kms.katalon.core.logging.XmlKeywordLogger</class>
  <method>endKeyword</method>
  <thread>1</thread>
  <message>End action : click(findTestObject(&amp;quot;Object Repository/Page_Swag Labs/input_Swag Labs_login-button&amp;quot;))</message>
  <nestedLevel>1</nestedLevel>
  <escapedJava>false</escapedJava>
</record>
<record>
  <date>2025-02-04T13:20:29.757444800Z</date>
  <millis>1738675229757</millis>
  <nanos>444800</nanos>
  <sequence>364</sequence>
  <level>START</level>
  <class>com.kms.katalon.core.logging.XmlKeywordLogger</class>
  <method>startKeyword</method>
  <thread>1</thread>
  <message>Start action : verifyTextPresent(&amp;quot;Products&amp;quot;, false)</message>
  <nestedLevel>1</nestedLevel>
  <escapedJava>false</escapedJava>
  <property name="startLine">30</property>
  <property name="stepIndex">6</property>
</record>
<record>
  <date>2025-02-04T13:20:30.261331Z</date>
  <millis>1738675230261</millis>
  <nanos>331000</nanos>
  <sequence>368</sequence>
  <level>PASSED</level>
  <class>com.kms.katalon.core.logging.XmlKeywordLogger</class>
  <method>logMessage</method>
  <thread>1</thread>
  <message>Text &amp;apos;Products&amp;apos; is present on page </message>
  <nestedLevel>1</nestedLevel>
  <escapedJava>false</escapedJava>
  <property name="testops-is-assertion">true</property>
  <property name="testops-method-name">com.kms.katalon.core.webui.keyword.builtin.VerifyTextPresentKeyword.verifyTextPresent</property>
  <property name="testops-execution-stacktrace"></property>
</record>
<record>
  <date>2025-02-04T13:20:30.262363Z</date>
  <millis>1738675230262</millis>
  <nanos>363000</nanos>
  <sequence>369</sequence>
  <level>END</level>
  <class>com.kms.katalon.core.logging.XmlKeywordLogger</class>
  <method>endKeyword</method>
  <thread>1</thread>
  <message>End action : verifyTextPresent(&amp;quot;Products&amp;quot;, false)</message>
  <nestedLevel>1</nestedLevel>
  <escapedJava>false</escapedJava>
</record>
<record>
  <date>2025-02-04T13:20:30.262363Z</date>
  <millis>1738675230262</millis>
  <nanos>363000</nanos>
  <sequence>370</sequence>
  <level>START</level>
  <class>com.kms.katalon.core.logging.XmlKeywordLogger</class>
  <method>startKeyword</method>
  <thread>1</thread>
  <message>Start action : closeBrowser()</message>
  <nestedLevel>1</nestedLevel>
  <escapedJava>false</escapedJava>
  <property name="startLine">32</property>
  <property name="stepIndex">7</property>
</record>
<record>
  <date>2025-02-04T13:20:30.430414600Z</date>
  <millis>1738675230430</millis>
  <nanos>414600</nanos>
  <sequence>372</sequence>
  <level>PASSED</level>
  <class>com.kms.katalon.core.logging.XmlKeywordLogger</class>
  <method>logMessage</method>
  <thread>1</thread>
  <message>Browser is closed</message>
  <nestedLevel>1</nestedLevel>
  <escapedJava>false</escapedJava>
  <property name="testops-method-name">com.kms.katalon.core.webui.keyword.builtin.CloseBrowserKeyword.closeBrowser</property>
  <property name="testops-execution-stacktrace"></property>
</record>
<record>
  <date>2025-02-04T13:20:30.431420300Z</date>
  <millis>1738675230431</millis>
  <nanos>420300</nanos>
  <sequence>373</sequence>
  <level>END</level>
  <class>com.kms.katalon.core.logging.XmlKeywordLogger</class>
  <method>endKeyword</method>
  <thread>1</thread>
  <message>End action : closeBrowser()</message>
  <nestedLevel>1</nestedLevel>
  <escapedJava>false</escapedJava>
</record>
<record>
  <date>2025-02-04T13:20:30.431420300Z</date>
  <millis>1738675230431</millis>
  <nanos>420300</nanos>
  <sequence>374</sequence>
  <level>PASSED</level>
  <class>com.kms.katalon.core.logging.XmlKeywordLogger</class>
  <method>logMessage</method>
  <thread>1</thread>
  <message>Test Cases/Positive Cases - Login SwagLabs</message>
  <nestedLevel>1</nestedLevel>
  <escapedJava>false</escapedJava>
</record>
<record>
  <date>2025-02-04T13:20:30.431420300Z</date>
  <millis>1738675230431</millis>
  <nanos>420300</nanos>
  <sequence>375</sequence>
  <level>END</level>
  <class>com.kms.katalon.core.logging.XmlKeywordLogger</class>
  <method>endTest</method>
  <thread>1</thread>
  <message>End Test Case : Test Cases/Positive Cases - Login SwagLabs</message>
  <nestedLevel>0</nestedLevel>
  <escapedJava>false</escapedJava>
  <property name="executionBindingVariables">[]</property>
  <property name="applitools">false</property>
  <property name="remainingRetryCount">3</property>
  <property name="currentRetryCount">0</property>
  <property name="keywordsUsage">{
  &quot;web_ui&quot;: true,
  &quot;web_service&quot;: false,
  &quot;cucumber&quot;: false,
  &quot;builtin&quot;: false,
  &quot;mobile&quot;: false,
  &quot;windows&quot;: false,
  &quot;testng&quot;: false
}</property>
</record>
<record>
  <date>2025-02-04T13:20:30.432423600Z</date>
  <millis>1738675230432</millis>
  <nanos>423600</nanos>
  <sequence>376</sequence>
  <level>START</level>
  <class>com.kms.katalon.core.logging.XmlKeywordLogger</class>
  <method>startKeyword</method>
  <thread>1</thread>
  <message>Start listener action : exportKatalonReports</message>
  <nestedLevel>0</nestedLevel>
  <escapedJava>false</escapedJava>
</record>
<record>
  <date>2025-02-04T13:20:30.668520500Z</date>
  <millis>1738675230668</millis>
  <nanos>520500</nanos>
  <sequence>772</sequence>
  <level>INFO</level>
  <class>com.kms.katalon.core.logging.XmlKeywordLogger</class>
  <method>logMessage</method>
  <thread>1</thread>
  <message>Start generating HTML report folder at: C:\Users\ACER\git\KatalonGitSwagLabsNew\Reports\20250204_201955\Positive Cases\20250204_201955...</message>
  <nestedLevel>0</nestedLevel>
  <escapedJava>false</escapedJava>
</record>
<record>
  <date>2025-02-04T13:20:30.776668900Z</date>
  <millis>1738675230776</millis>
  <nanos>668900</nanos>
  <sequence>773</sequence>
  <level>INFO</level>
  <class>com.kms.katalon.core.logging.XmlKeywordLogger</class>
  <method>logMessage</method>
  <thread>1</thread>
  <message>HTML report generated</message>
  <nestedLevel>0</nestedLevel>
  <escapedJava>false</escapedJava>
</record>
<record>
  <date>2025-02-04T13:20:30.777669Z</date>
  <millis>1738675230777</millis>
  <nanos>669000</nanos>
  <sequence>774</sequence>
  <level>INFO</level>
  <class>com.kms.katalon.core.logging.XmlKeywordLogger</class>
  <method>logMessage</method>
  <thread>1</thread>
  <message>Start generating CSV report folder at: C:\Users\ACER\git\KatalonGitSwagLabsNew\Reports\20250204_201955\Positive Cases\20250204_201955...</message>
  <nestedLevel>0</nestedLevel>
  <escapedJava>false</escapedJava>
</record>
<record>
  <date>2025-02-04T13:20:30.799741700Z</date>
  <millis>1738675230799</millis>
  <nanos>741700</nanos>
  <sequence>775</sequence>
  <level>INFO</level>
  <class>com.kms.katalon.core.logging.XmlKeywordLogger</class>
  <method>logMessage</method>
  <thread>1</thread>
  <message>CSV report generated</message>
  <nestedLevel>0</nestedLevel>
  <escapedJava>false</escapedJava>
</record>
<record>
  <date>2025-02-04T13:20:30.800751Z</date>
  <millis>1738675230800</millis>
  <nanos>751000</nanos>
  <sequence>776</sequence>
  <level>INFO</level>
  <class>com.kms.katalon.core.logging.XmlKeywordLogger</class>
  <method>logMessage</method>
  <thread>1</thread>
  <message>Start generating PDF report folder at: C:\Users\ACER\git\KatalonGitSwagLabsNew\Reports\20250204_201955\Positive Cases\20250204_201955...</message>
  <nestedLevel>0</nestedLevel>
  <escapedJava>false</escapedJava>
</record>
<record>
  <date>2025-02-04T13:20:35.015181200Z</date>
  <millis>1738675235015</millis>
  <nanos>181200</nanos>
  <sequence>777</sequence>
  <level>INFO</level>
  <class>com.kms.katalon.core.logging.XmlKeywordLogger</class>
  <method>logMessage</method>
  <thread>1</thread>
  <message>PDF report generated</message>
  <nestedLevel>0</nestedLevel>
  <escapedJava>false</escapedJava>
</record>
<record>
  <date>2025-02-04T13:20:35.991764800Z</date>
  <millis>1738675235991</millis>
  <nanos>764800</nanos>
  <sequence>779</sequence>
  <level>END</level>
  <class>com.kms.katalon.core.logging.XmlKeywordLogger</class>
  <method>endKeyword</method>
  <thread>1</thread>
  <message>End listener action : exportKatalonReports</message>
  <nestedLevel>0</nestedLevel>
  <escapedJava>false</escapedJava>
</record>
<record>
  <date>2025-02-04T13:20:35.992756900Z</date>
  <millis>1738675235992</millis>
  <nanos>756900</nanos>
  <sequence>780</sequence>
  <level>END</level>
  <class>com.kms.katalon.core.logging.XmlKeywordLogger</class>
  <method>endSuite</method>
  <thread>1</thread>
  <message>End Test Suite : Test Suites/Positive Cases</message>
  <nestedLevel>0</nestedLevel>
  <escapedJava>false</escapedJava>
</record>
</log>
