<?xml version="1.0" encoding="UTF-8" standalone="no"?>
<!DOCTYPE log SYSTEM "logger.dtd">
<log>
<record>
  <date>2025-01-31T14:45:43.451575700Z</date>
  <millis>1738334743451</millis>
  <nanos>575700</nanos>
  <sequence>0</sequence>
  <level>START</level>
  <class>com.kms.katalon.core.logging.XmlKeywordLogger</class>
  <method>startSuite</method>
  <thread>1</thread>
  <message>Start Test Suite : Test Suites/Login by Different Account</message>
  <nestedLevel>0</nestedLevel>
  <escapedJava>false</escapedJava>
  <property name="rerunTestFailImmediately">true</property>
  <property name="retryCount">3</property>
  <property name="name">Login by Different Account</property>
  <property name="description"></property>
  <property name="id">Test Suites/Login by Different Account</property>
</record>
<record>
  <date>2025-01-31T14:45:43.473578Z</date>
  <millis>1738334743473</millis>
  <nanos>578000</nanos>
  <sequence>1</sequence>
  <level>RUN_DATA</level>
  <class>com.kms.katalon.core.logging.XmlKeywordLogger</class>
  <method>logMessage</method>
  <thread>1</thread>
  <message>hostName = ACER - LAPTOP-5GQHVTHK</message>
  <nestedLevel>0</nestedLevel>
  <escapedJava>false</escapedJava>
  <property name="hostName">ACER - LAPTOP-5GQHVTHK</property>
</record>
<record>
  <date>2025-01-31T14:45:43.474564Z</date>
  <millis>1738334743474</millis>
  <nanos>564000</nanos>
  <sequence>2</sequence>
  <level>RUN_DATA</level>
  <class>com.kms.katalon.core.logging.XmlKeywordLogger</class>
  <method>logMessage</method>
  <thread>1</thread>
  <message>os = Windows 11 64bit</message>
  <nestedLevel>0</nestedLevel>
  <escapedJava>false</escapedJava>
  <property name="os">Windows 11 64bit</property>
</record>
<record>
  <date>2025-01-31T14:45:43.474564Z</date>
  <millis>1738334743474</millis>
  <nanos>564000</nanos>
  <sequence>3</sequence>
  <level>RUN_DATA</level>
  <class>com.kms.katalon.core.logging.XmlKeywordLogger</class>
  <method>logMessage</method>
  <thread>1</thread>
  <message>hostAddress = 192.168.0.101</message>
  <nestedLevel>0</nestedLevel>
  <escapedJava>false</escapedJava>
  <property name="hostAddress">192.168.0.101</property>
</record>
<record>
  <date>2025-01-31T14:45:43.475586300Z</date>
  <millis>1738334743475</millis>
  <nanos>586300</nanos>
  <sequence>4</sequence>
  <level>RUN_DATA</level>
  <class>com.kms.katalon.core.logging.XmlKeywordLogger</class>
  <method>logMessage</method>
  <thread>1</thread>
  <message>katalonVersion = 9.7.4.223</message>
  <nestedLevel>0</nestedLevel>
  <escapedJava>false</escapedJava>
  <property name="katalonVersion">9.7.4.223</property>
</record>
<record>
  <date>2025-01-31T14:45:43.624596Z</date>
  <millis>1738334743624</millis>
  <nanos>596000</nanos>
  <sequence>5</sequence>
  <level>START</level>
  <class>com.kms.katalon.core.logging.XmlKeywordLogger</class>
  <method>startTest</method>
  <thread>1</thread>
  <message>Start Test Case : Test Cases/Login by Fifth Account - error_user</message>
  <nestedLevel>1</nestedLevel>
  <escapedJava>false</escapedJava>
  <property name="remainingRetryCount">3</property>
  <property name="name">Test Cases/Login by Fifth Account - error_user</property>
  <property name="description"></property>
  <property name="iteration"></property>
  <property name="id">Test Cases/Login by Fifth Account - error_user</property>
  <property name="source">C:\Users\ACER\git\KatalonGitSwagLabsNew\Test Cases\Login by Fifth Account - error_user.tc</property>
  <property name="tag"></property>
  <property name="isOptional">false</property>
  <property name="currentRetryCount">0</property>
</record>
<record>
  <date>2025-01-31T14:45:43.842076Z</date>
  <millis>1738334743842</millis>
  <nanos>76000</nanos>
  <sequence>7</sequence>
  <level>START</level>
  <class>com.kms.katalon.core.logging.XmlKeywordLogger</class>
  <method>startKeyword</method>
  <thread>1</thread>
  <message>Start action : openBrowser(&amp;quot;&amp;quot;)</message>
  <nestedLevel>1</nestedLevel>
  <escapedJava>false</escapedJava>
  <property name="startLine">20</property>
  <property name="stepIndex">1</property>
</record>
<record>
  <date>2025-01-31T14:45:44.181049500Z</date>
  <millis>1738334744181</millis>
  <nanos>49500</nanos>
  <sequence>9</sequence>
  <level>INFO</level>
  <class>com.kms.katalon.core.logging.XmlKeywordLogger</class>
  <method>logMessage</method>
  <thread>1</thread>
  <message>User set preference: [&amp;apos;os&amp;apos;, &amp;apos;windows&amp;apos;]</message>
  <nestedLevel>1</nestedLevel>
  <escapedJava>false</escapedJava>
</record>
<record>
  <date>2025-01-31T14:45:44.182067900Z</date>
  <millis>1738334744182</millis>
  <nanos>67900</nanos>
  <sequence>10</sequence>
  <level>INFO</level>
  <class>com.kms.katalon.core.logging.XmlKeywordLogger</class>
  <method>logMessage</method>
  <thread>1</thread>
  <message>User set preference: [&amp;apos;browserVersion&amp;apos;, &amp;apos;133&amp;apos;]</message>
  <nestedLevel>1</nestedLevel>
  <escapedJava>false</escapedJava>
</record>
<record>
  <date>2025-01-31T14:45:44.183055Z</date>
  <millis>1738334744183</millis>
  <nanos>55000</nanos>
  <sequence>11</sequence>
  <level>INFO</level>
  <class>com.kms.katalon.core.logging.XmlKeywordLogger</class>
  <method>logMessage</method>
  <thread>1</thread>
  <message>User set preference: [&amp;apos;browserName&amp;apos;, &amp;apos;chrome&amp;apos;]</message>
  <nestedLevel>1</nestedLevel>
  <escapedJava>false</escapedJava>
</record>
<record>
  <date>2025-01-31T14:45:44.183055Z</date>
  <millis>1738334744183</millis>
  <nanos>55000</nanos>
  <sequence>12</sequence>
  <level>INFO</level>
  <class>com.kms.katalon.core.logging.XmlKeywordLogger</class>
  <method>logMessage</method>
  <thread>1</thread>
  <message>User set preference: [&amp;apos;katalon:option&amp;apos;, &amp;apos;{organizationId=1906073, usingTunnel=true}&amp;apos;]</message>
  <nestedLevel>1</nestedLevel>
  <escapedJava>false</escapedJava>
</record>
<record>
  <date>2025-01-31T14:45:44.191068400Z</date>
  <millis>1738334744191</millis>
  <nanos>68400</nanos>
  <sequence>13</sequence>
  <level>INFO</level>
  <class>com.kms.katalon.core.logging.XmlKeywordLogger</class>
  <method>logMessage</method>
  <thread>1</thread>
  <message>Connecting to remote web server &amp;apos;testcloud.katalon.com/hub&amp;apos; with type &amp;apos;Selenium&amp;apos;</message>
  <nestedLevel>1</nestedLevel>
  <escapedJava>false</escapedJava>
</record>
<record>
  <date>2025-01-31T14:45:44.635922700Z</date>
  <millis>1738334744635</millis>
  <nanos>922700</nanos>
  <sequence>14</sequence>
  <level>INFO</level>
  <class>com.kms.katalon.core.logging.XmlKeywordLogger</class>
  <method>logMessage</method>
  <thread>1</thread>
  <message>Action delay is set to 0 milliseconds</message>
  <nestedLevel>1</nestedLevel>
  <escapedJava>false</escapedJava>
</record>
<record>
  <date>2025-01-31T14:46:16.207968700Z</date>
  <millis>1738334776207</millis>
  <nanos>968700</nanos>
  <sequence>16</sequence>
  <level>RUN_DATA</level>
  <class>com.kms.katalon.core.logging.XmlKeywordLogger</class>
  <method>logMessage</method>
  <thread>1</thread>
  <message>remoteDriverUrl = testcloud.katalon.com/hub</message>
  <nestedLevel>1</nestedLevel>
  <escapedJava>false</escapedJava>
  <property name="remoteDriverUrl">testcloud.katalon.com/hub</property>
</record>
<record>
  <date>2025-01-31T14:46:16.209956Z</date>
  <millis>1738334776209</millis>
  <nanos>956000</nanos>
  <sequence>17</sequence>
  <level>RUN_DATA</level>
  <class>com.kms.katalon.core.logging.XmlKeywordLogger</class>
  <method>logMessage</method>
  <thread>1</thread>
  <message>remoteOS = Windows</message>
  <nestedLevel>1</nestedLevel>
  <escapedJava>false</escapedJava>
  <property name="remoteOS">Windows</property>
</record>
<record>
  <date>2025-01-31T14:46:16.215955900Z</date>
  <millis>1738334776215</millis>
  <nanos>955900</nanos>
  <sequence>18</sequence>
  <level>RUN_DATA</level>
  <class>com.kms.katalon.core.logging.XmlKeywordLogger</class>
  <method>logMessage</method>
  <thread>1</thread>
  <message>desiredCapabilities = {
  &amp;quot;timeouts&amp;quot;: {
    &amp;quot;implicit&amp;quot;: 0,
    &amp;quot;pageLoad&amp;quot;: 300000,
    &amp;quot;script&amp;quot;: 30000
  },
  &amp;quot;se:cdpEnabled&amp;quot;: false,
  &amp;quot;platform&amp;quot;: &amp;quot;WINDOWS&amp;quot;,
  &amp;quot;goog:chromeOptions&amp;quot;: {
    &amp;quot;debuggerAddress&amp;quot;: &amp;quot;localhost:9225&amp;quot;
  },
  &amp;quot;webauthn:extension:credBlob&amp;quot;: true,
  &amp;quot;acceptInsecureCerts&amp;quot;: false,
  &amp;quot;browserVersion&amp;quot;: &amp;quot;133.0.0.0&amp;quot;,
  &amp;quot;fedcm:accounts&amp;quot;: true,
  &amp;quot;kt:requestId&amp;quot;: &amp;quot;8e9303ed-b899-4a23-9706-9eb6afd66250&amp;quot;,
  &amp;quot;browserName&amp;quot;: &amp;quot;chrome&amp;quot;,
  &amp;quot;javascriptEnabled&amp;quot;: true,
  &amp;quot;platformName&amp;quot;: &amp;quot;WINDOWS&amp;quot;,
  &amp;quot;setWindowRect&amp;quot;: true,
  &amp;quot;webauthn:extension:largeBlob&amp;quot;: true,
  &amp;quot;networkConnectionEnabled&amp;quot;: false,
  &amp;quot;chrome&amp;quot;: {
    &amp;quot;chromedriverVersion&amp;quot;: &amp;quot;133.0.6847.2 (7e95e23d2d1f87886163822aa701370c1187bfa1-refs/branch-heads/6847@{#6})&amp;quot;,
    &amp;quot;userDataDir&amp;quot;: &amp;quot;C:\\Program Files\\scoped_dir1516_1228858017&amp;quot;
  },
  &amp;quot;kt:rid&amp;quot;: &amp;quot;8e9303ed-b899-4a23-9706-9eb6afd66250&amp;quot;,
  &amp;quot;pageLoadStrategy&amp;quot;: &amp;quot;normal&amp;quot;,
  &amp;quot;unhandledPromptBehavior&amp;quot;: &amp;quot;dismiss and notify&amp;quot;,
  &amp;quot;strictFileInteractability&amp;quot;: false,
  &amp;quot;se:bidiEnabled&amp;quot;: false,
  &amp;quot;proxy&amp;quot;: {
    &amp;quot;proxyType&amp;quot;: &amp;quot;UNSPECIFIED&amp;quot;,
    &amp;quot;autodetect&amp;quot;: false
  },
  &amp;quot;webauthn:extension:minPinLength&amp;quot;: true,
  &amp;quot;webauthn:extension:prf&amp;quot;: true,
  &amp;quot;katalon:caps&amp;quot;: {
    &amp;quot;executionId&amp;quot;: &amp;quot;2aef68cf-3bf6-49ac-9508-5953ae87a5ac&amp;quot;,
    &amp;quot;executionSessionId&amp;quot;: &amp;quot;8e9303ed-b899-4a23-9706-9eb6afd66250&amp;quot;
  },
  &amp;quot;katalon:options&amp;quot;: {
    &amp;quot;executionId&amp;quot;: &amp;quot;2aef68cf-3bf6-49ac-9508-5953ae87a5ac&amp;quot;,
    &amp;quot;executionSessionId&amp;quot;: &amp;quot;8e9303ed-b899-4a23-9706-9eb6afd66250&amp;quot;,
    &amp;quot;group&amp;quot;: &amp;quot;9ab6bac5-1cc1-4a31-be02-e9541dffa2d0&amp;quot;,
    &amp;quot;metadata&amp;quot;: {
      &amp;quot;usingTunnel&amp;quot;: false,
      &amp;quot;accountUuid&amp;quot;: &amp;quot;fda32340-531c-49aa-a0b7-40d478ba5457&amp;quot;,
      &amp;quot;organizationId&amp;quot;: &amp;quot;1906073&amp;quot;
    },
    &amp;quot;organizationId&amp;quot;: &amp;quot;1906073&amp;quot;,
    &amp;quot;runFromTestCloud&amp;quot;: true,
    &amp;quot;tenant&amp;quot;: &amp;quot;TestOps&amp;quot;,
    &amp;quot;tunnelMetadataId&amp;quot;: &amp;quot;47bf9c75-9831-4539-a455-bf21b2504b03&amp;quot;,
    &amp;quot;userId&amp;quot;: 1648280,
    &amp;quot;username&amp;quot;: &amp;quot;innocent.beaver.duja@instantletter.net&amp;quot;,
    &amp;quot;usingTunnel&amp;quot;: true
  },
  &amp;quot;webauthn:virtualAuthenticators&amp;quot;: true
}</message>
  <nestedLevel>1</nestedLevel>
  <escapedJava>false</escapedJava>
  <property name="desiredCapabilities">{
  &quot;timeouts&quot;: {
    &quot;implicit&quot;: 0,
    &quot;pageLoad&quot;: 300000,
    &quot;script&quot;: 30000
  },
  &quot;se:cdpEnabled&quot;: false,
  &quot;platform&quot;: &quot;WINDOWS&quot;,
  &quot;goog:chromeOptions&quot;: {
    &quot;debuggerAddress&quot;: &quot;localhost:9225&quot;
  },
  &quot;webauthn:extension:credBlob&quot;: true,
  &quot;acceptInsecureCerts&quot;: false,
  &quot;browserVersion&quot;: &quot;133.0.0.0&quot;,
  &quot;fedcm:accounts&quot;: true,
  &quot;kt:requestId&quot;: &quot;8e9303ed-b899-4a23-9706-9eb6afd66250&quot;,
  &quot;browserName&quot;: &quot;chrome&quot;,
  &quot;javascriptEnabled&quot;: true,
  &quot;platformName&quot;: &quot;WINDOWS&quot;,
  &quot;setWindowRect&quot;: true,
  &quot;webauthn:extension:largeBlob&quot;: true,
  &quot;networkConnectionEnabled&quot;: false,
  &quot;chrome&quot;: {
    &quot;chromedriverVersion&quot;: &quot;133.0.6847.2 (7e95e23d2d1f87886163822aa701370c1187bfa1-refs/branch-heads/6847@{#6})&quot;,
    &quot;userDataDir&quot;: &quot;C:\\Program Files\\scoped_dir1516_1228858017&quot;
  },
  &quot;kt:rid&quot;: &quot;8e9303ed-b899-4a23-9706-9eb6afd66250&quot;,
  &quot;pageLoadStrategy&quot;: &quot;normal&quot;,
  &quot;unhandledPromptBehavior&quot;: &quot;dismiss and notify&quot;,
  &quot;strictFileInteractability&quot;: false,
  &quot;se:bidiEnabled&quot;: false,
  &quot;proxy&quot;: {
    &quot;proxyType&quot;: &quot;UNSPECIFIED&quot;,
    &quot;autodetect&quot;: false
  },
  &quot;webauthn:extension:minPinLength&quot;: true,
  &quot;webauthn:extension:prf&quot;: true,
  &quot;katalon:caps&quot;: {
    &quot;executionId&quot;: &quot;2aef68cf-3bf6-49ac-9508-5953ae87a5ac&quot;,
    &quot;executionSessionId&quot;: &quot;8e9303ed-b899-4a23-9706-9eb6afd66250&quot;
  },
  &quot;katalon:options&quot;: {
    &quot;executionId&quot;: &quot;2aef68cf-3bf6-49ac-9508-5953ae87a5ac&quot;,
    &quot;executionSessionId&quot;: &quot;8e9303ed-b899-4a23-9706-9eb6afd66250&quot;,
    &quot;group&quot;: &quot;9ab6bac5-1cc1-4a31-be02-e9541dffa2d0&quot;,
    &quot;metadata&quot;: {
      &quot;usingTunnel&quot;: false,
      &quot;accountUuid&quot;: &quot;fda32340-531c-49aa-a0b7-40d478ba5457&quot;,
      &quot;organizationId&quot;: &quot;1906073&quot;
    },
    &quot;organizationId&quot;: &quot;1906073&quot;,
    &quot;runFromTestCloud&quot;: true,
    &quot;tenant&quot;: &quot;TestOps&quot;,
    &quot;tunnelMetadataId&quot;: &quot;47bf9c75-9831-4539-a455-bf21b2504b03&quot;,
    &quot;userId&quot;: 1648280,
    &quot;username&quot;: &quot;innocent.beaver.duja@instantletter.net&quot;,
    &quot;usingTunnel&quot;: true
  },
  &quot;webauthn:virtualAuthenticators&quot;: true
}</property>
</record>
<record>
  <date>2025-01-31T14:46:16.224356900Z</date>
  <millis>1738334776224</millis>
  <nanos>356900</nanos>
  <sequence>19</sequence>
  <level>RUN_DATA</level>
  <class>com.kms.katalon.core.logging.XmlKeywordLogger</class>
  <method>logMessage</method>
  <thread>1</thread>
  <message>sessionId = 42b521d68d5b4bdf4484d9a77e20630e</message>
  <nestedLevel>1</nestedLevel>
  <escapedJava>false</escapedJava>
  <property name="sessionId">42b521d68d5b4bdf4484d9a77e20630e</property>
</record>
<record>
  <date>2025-01-31T14:46:16.520221500Z</date>
  <millis>1738334776520</millis>
  <nanos>221500</nanos>
  <sequence>20</sequence>
  <level>RUN_DATA</level>
  <class>com.kms.katalon.core.logging.XmlKeywordLogger</class>
  <method>logMessage</method>
  <thread>1</thread>
  <message>browser = Chrome 133.0.0.0</message>
  <nestedLevel>1</nestedLevel>
  <escapedJava>false</escapedJava>
  <property name="browser">Chrome 133.0.0.0</property>
</record>
<record>
  <date>2025-01-31T14:46:16.521220800Z</date>
  <millis>1738334776521</millis>
  <nanos>220800</nanos>
  <sequence>21</sequence>
  <level>RUN_DATA</level>
  <class>com.kms.katalon.core.logging.XmlKeywordLogger</class>
  <method>logMessage</method>
  <thread>1</thread>
  <message>platform = Windows 11</message>
  <nestedLevel>1</nestedLevel>
  <escapedJava>false</escapedJava>
  <property name="platform">Windows 11</property>
</record>
<record>
  <date>2025-01-31T14:46:16.522221400Z</date>
  <millis>1738334776522</millis>
  <nanos>221400</nanos>
  <sequence>22</sequence>
  <level>RUN_DATA</level>
  <class>com.kms.katalon.core.logging.XmlKeywordLogger</class>
  <method>logMessage</method>
  <thread>1</thread>
  <message>seleniumVersion = 3.141.59</message>
  <nestedLevel>1</nestedLevel>
  <escapedJava>false</escapedJava>
  <property name="seleniumVersion">3.141.59</property>
</record>
<record>
  <date>2025-01-31T14:46:16.524233400Z</date>
  <millis>1738334776524</millis>
  <nanos>233400</nanos>
  <sequence>23</sequence>
  <level>RUN_DATA</level>
  <class>com.kms.katalon.core.logging.XmlKeywordLogger</class>
  <method>logMessage</method>
  <thread>1</thread>
  <message>proxyInformation = ProxyInformation { proxyOption=NO_PROXY, proxyServerType=HTTP, username=, password=********, proxyServerAddress=, proxyServerPort=0, executionList=&amp;quot;&amp;quot;, isApplyToDesiredCapabilities=true }</message>
  <nestedLevel>1</nestedLevel>
  <escapedJava>false</escapedJava>
  <property name="proxyInformation">ProxyInformation { proxyOption=NO_PROXY, proxyServerType=HTTP, username=, password=********, proxyServerAddress=, proxyServerPort=0, executionList=&quot;&quot;, isApplyToDesiredCapabilities=true }</property>
</record>
<record>
  <date>2025-01-31T14:46:17.137815900Z</date>
  <millis>1738334777137</millis>
  <nanos>815900</nanos>
  <sequence>24</sequence>
  <level>PASSED</level>
  <class>com.kms.katalon.core.logging.XmlKeywordLogger</class>
  <method>logMessage</method>
  <thread>1</thread>
  <message>Browser is opened with url: &amp;apos;&amp;apos;</message>
  <nestedLevel>1</nestedLevel>
  <escapedJava>false</escapedJava>
  <property name="testops-method-name">com.kms.katalon.core.webui.keyword.builtin.OpenBrowserKeyword.openBrowser</property>
  <property name="testops-execution-stacktrace"></property>
</record>
<record>
  <date>2025-01-31T14:46:17.143812200Z</date>
  <millis>1738334777143</millis>
  <nanos>812200</nanos>
  <sequence>25</sequence>
  <level>END</level>
  <class>com.kms.katalon.core.logging.XmlKeywordLogger</class>
  <method>endKeyword</method>
  <thread>1</thread>
  <message>End action : openBrowser(&amp;quot;&amp;quot;)</message>
  <nestedLevel>1</nestedLevel>
  <escapedJava>false</escapedJava>
</record>
<record>
  <date>2025-01-31T14:46:17.144815900Z</date>
  <millis>1738334777144</millis>
  <nanos>815900</nanos>
  <sequence>26</sequence>
  <level>START</level>
  <class>com.kms.katalon.core.logging.XmlKeywordLogger</class>
  <method>startKeyword</method>
  <thread>1</thread>
  <message>Start action : navigateToUrl(&amp;quot;https://www.saucedemo.com/&amp;quot;)</message>
  <nestedLevel>1</nestedLevel>
  <escapedJava>false</escapedJava>
  <property name="startLine">22</property>
  <property name="stepIndex">2</property>
</record>
<record>
  <date>2025-01-31T14:46:18.561154700Z</date>
  <millis>1738334778561</millis>
  <nanos>154700</nanos>
  <sequence>29</sequence>
  <level>PASSED</level>
  <class>com.kms.katalon.core.logging.XmlKeywordLogger</class>
  <method>logMessage</method>
  <thread>1</thread>
  <message>Navigate to &amp;apos;https://www.saucedemo.com/&amp;apos; successfully</message>
  <nestedLevel>1</nestedLevel>
  <escapedJava>false</escapedJava>
  <property name="testops-method-name">com.kms.katalon.core.webui.keyword.builtin.NavigateToUrlKeyword.navigateToUrl</property>
  <property name="testops-execution-stacktrace"></property>
</record>
<record>
  <date>2025-01-31T14:46:18.568154400Z</date>
  <millis>1738334778568</millis>
  <nanos>154400</nanos>
  <sequence>30</sequence>
  <level>END</level>
  <class>com.kms.katalon.core.logging.XmlKeywordLogger</class>
  <method>endKeyword</method>
  <thread>1</thread>
  <message>End action : navigateToUrl(&amp;quot;https://www.saucedemo.com/&amp;quot;)</message>
  <nestedLevel>1</nestedLevel>
  <escapedJava>false</escapedJava>
</record>
<record>
  <date>2025-01-31T14:46:18.569157100Z</date>
  <millis>1738334778569</millis>
  <nanos>157100</nanos>
  <sequence>31</sequence>
  <level>START</level>
  <class>com.kms.katalon.core.logging.XmlKeywordLogger</class>
  <method>startKeyword</method>
  <thread>1</thread>
  <message>Start action : com.test.swaglabs.CustomLogin.WebLoginFifthAccount()</message>
  <nestedLevel>1</nestedLevel>
  <escapedJava>false</escapedJava>
  <property name="startLine">24</property>
  <property name="stepIndex">3</property>
</record>
<record>
  <date>2025-01-31T14:46:36.003103800Z</date>
  <millis>1738334796003</millis>
  <nanos>103800</nanos>
  <sequence>65</sequence>
  <level>WARNING</level>
  <class>com.kms.katalon.core.logging.XmlKeywordLogger</class>
  <method>logMessage</method>
  <thread>1</thread>
  <message>[SELF-HEALING] Failed to find element with id &amp;apos;Object Repository/Page_Swag Labs/input_Swag Labs_user-name&amp;apos;. Try using Self-healing.</message>
  <nestedLevel>1</nestedLevel>
  <escapedJava>false</escapedJava>
</record>
<record>
  <date>2025-01-31T14:46:36.601578900Z</date>
  <millis>1738334796601</millis>
  <nanos>578900</nanos>
  <sequence>68</sequence>
  <level>WARNING</level>
  <class>com.kms.katalon.core.logging.XmlKeywordLogger</class>
  <method>logMessage</method>
  <thread>1</thread>
  <message>[SELF-HEALING] invalid session id
Build info: version: &amp;apos;3.141.59&amp;apos;, revision: &amp;apos;unknown&amp;apos;, time: &amp;apos;unknown&amp;apos;
System info: host: &amp;apos;LAPTOP-5GQHVTHK&amp;apos;, ip: &amp;apos;192.168.0.101&amp;apos;, os.name: &amp;apos;Windows 11&amp;apos;, os.arch: &amp;apos;amd64&amp;apos;, os.version: &amp;apos;10.0&amp;apos;, java.version: &amp;apos;17.0.7&amp;apos;
Driver info: com.kms.katalon.selenium.driver.CRemoteWebDriver
Capabilities {acceptInsecureCerts: false, browserName: chrome, browserVersion: 133.0.6847.2, chrome: {chromedriverVersion: 133.0.6847.2 (7e95e23d2d1f8..., userDataDir: C:\Program Files\scoped_dir...}, fedcm:accounts: true, goog:chromeOptions: {debuggerAddress: localhost:9225}, javascriptEnabled: true, katalon:caps: {executionId: 2aef68cf-3bf6-49ac-9508-595..., executionSessionId: 8e9303ed-b899-4a23-9706-9eb...}, katalon:options: {executionId: 2aef68cf-3bf6-49ac-9508-595..., executionSessionId: 8e9303ed-b899-4a23-9706-9eb..., group: 9ab6bac5-1cc1-4a31-be02-e95..., metadata: {accountUuid: fda32340-531c-49aa-a0b7-40d..., organizationId: 1906073, usingTunnel: false}, organizationId: 1906073, runFromTestCloud: true, tenant: TestOps, tunnelMetadataId: 47bf9c75-9831-4539-a455-bf2..., userId: 1648280, username: innocent.beaver.duja@instan..., usingTunnel: true}, kt:requestId: 8e9303ed-b899-4a23-9706-9eb..., kt:rid: 8e9303ed-b899-4a23-9706-9eb..., networkConnectionEnabled: false, pageLoadStrategy: normal, platform: WINDOWS, platformName: WINDOWS, proxy: Proxy(), se:bidiEnabled: false, se:cdpEnabled: false, setWindowRect: true, strictFileInteractability: false, timeouts: {implicit: 0, pageLoad: 300000, script: 30000}, unhandledPromptBehavior: dismiss and notify, webauthn:extension:credBlob: true, webauthn:extension:largeBlob: true, webauthn:extension:minPinLength: true, webauthn:extension:prf: true, webauthn:virtualAuthenticators: true}
Session ID: 42b521d68d5b4bdf4484d9a77e20630e
*** Element info: {Using=xpath, value=//input[@id=&amp;apos;user-name&amp;apos;]}</message>
  <nestedLevel>1</nestedLevel>
  <escapedJava>false</escapedJava>
  <property name="failed.exception.class">org.openqa.selenium.NoSuchSessionException</property>
  <property name="failed.exception.stacktrace">org.openqa.selenium.NoSuchSessionException: invalid session id
Build info: version: &apos;3.141.59&apos;, revision: &apos;unknown&apos;, time: &apos;unknown&apos;
System info: host: &apos;LAPTOP-5GQHVTHK&apos;, ip: &apos;192.168.0.101&apos;, os.name: &apos;Windows 11&apos;, os.arch: &apos;amd64&apos;, os.version: &apos;10.0&apos;, java.version: &apos;17.0.7&apos;
Driver info: com.kms.katalon.selenium.driver.CRemoteWebDriver
Capabilities {acceptInsecureCerts: false, browserName: chrome, browserVersion: 133.0.6847.2, chrome: {chromedriverVersion: 133.0.6847.2 (7e95e23d2d1f8..., userDataDir: C:\Program Files\scoped_dir...}, fedcm:accounts: true, goog:chromeOptions: {debuggerAddress: localhost:9225}, javascriptEnabled: true, katalon:caps: {executionId: 2aef68cf-3bf6-49ac-9508-595..., executionSessionId: 8e9303ed-b899-4a23-9706-9eb...}, katalon:options: {executionId: 2aef68cf-3bf6-49ac-9508-595..., executionSessionId: 8e9303ed-b899-4a23-9706-9eb..., group: 9ab6bac5-1cc1-4a31-be02-e95..., metadata: {accountUuid: fda32340-531c-49aa-a0b7-40d..., organizationId: 1906073, usingTunnel: false}, organizationId: 1906073, runFromTestCloud: true, tenant: TestOps, tunnelMetadataId: 47bf9c75-9831-4539-a455-bf2..., userId: 1648280, username: innocent.beaver.duja@instan..., usingTunnel: true}, kt:requestId: 8e9303ed-b899-4a23-9706-9eb..., kt:rid: 8e9303ed-b899-4a23-9706-9eb..., networkConnectionEnabled: false, pageLoadStrategy: normal, platform: WINDOWS, platformName: WINDOWS, proxy: Proxy(), se:bidiEnabled: false, se:cdpEnabled: false, setWindowRect: true, strictFileInteractability: false, timeouts: {implicit: 0, pageLoad: 300000, script: 30000}, unhandledPromptBehavior: dismiss and notify, webauthn:extension:credBlob: true, webauthn:extension:largeBlob: true, webauthn:extension:minPinLength: true, webauthn:extension:prf: true, webauthn:virtualAuthenticators: true}
Session ID: 42b521d68d5b4bdf4484d9a77e20630e
*** Element info: {Using=xpath, value=//input[@id=&apos;user-name&apos;]}
	at java.base/jdk.internal.reflect.NativeConstructorAccessorImpl.newInstance0(Native Method)
	at java.base/jdk.internal.reflect.NativeConstructorAccessorImpl.newInstance(NativeConstructorAccessorImpl.java:77)
	at java.base/jdk.internal.reflect.DelegatingConstructorAccessorImpl.newInstance(DelegatingConstructorAccessorImpl.java:45)
	at org.openqa.selenium.remote.http.W3CHttpResponseCodec.createException(W3CHttpResponseCodec.java:187)
	at org.openqa.selenium.remote.http.W3CHttpResponseCodec.decode(W3CHttpResponseCodec.java:122)
	at org.openqa.selenium.remote.http.W3CHttpResponseCodec.decode(W3CHttpResponseCodec.java:49)
	at org.openqa.selenium.remote.HttpCommandExecutor.execute(HttpCommandExecutor.java:158)
	at org.openqa.selenium.remote.RemoteWebDriver.execute(RemoteWebDriver.java:552)
	at com.kms.katalon.selenium.driver.CRemoteWebDriver.execute(CRemoteWebDriver.java:30)
	at org.openqa.selenium.remote.RemoteWebDriver.findElements(RemoteWebDriver.java:353)
	at org.openqa.selenium.remote.RemoteWebDriver.findElementsByXPath(RemoteWebDriver.java:432)
	at org.openqa.selenium.By$ByXPath.findElements(By.java:348)
	at org.openqa.selenium.remote.RemoteWebDriver.findElements(RemoteWebDriver.java:311)
	at jdk.internal.reflect.GeneratedMethodAccessor8.invoke(Unknown Source)
	at java.base/jdk.internal.reflect.DelegatingMethodAccessorImpl.invoke(DelegatingMethodAccessorImpl.java:43)
	at org.openqa.selenium.support.events.EventFiringWebDriver.lambda$new$1(EventFiringWebDriver.java:105)
	at jdk.proxy2/jdk.proxy2.$Proxy23.findElements(Unknown Source)
	at org.openqa.selenium.support.events.EventFiringWebDriver.findElements(EventFiringWebDriver.java:182)
	at com.kms.katalon.core.webui.common.WebUiCommonHelper.findWebElementsWithSmartXPath(WebUiCommonHelper.java:1110)
	at com.kms.katalon.core.webui.common.WebUiCommonHelper.findElementsBySelectedMethod(WebUiCommonHelper.java:923)
	at com.kms.katalon.core.webui.common.WebUiCommonHelper.findElementsWithSelfHealing(WebUiCommonHelper.java:815)
	at com.kms.katalon.core.webui.common.WebUiCommonHelper.findWebElements(WebUiCommonHelper.java:727)
	at com.kms.katalon.core.webui.common.WebUiCommonHelper.findWebElement(WebUiCommonHelper.java:1413)
	at com.kms.katalon.core.webui.keyword.internal.WebUIAbstractKeyword.findWebElement(WebUIAbstractKeyword.groovy:27)
	at com.kms.katalon.core.webui.keyword.internal.WebUIAbstractKeyword.findWebElement(WebUIAbstractKeyword.groovy:26)
	at com.kms.katalon.core.webui.keyword.builtin.SetTextKeyword$_setText_closure1.doCall(SetTextKeyword.groovy:53)
	at com.kms.katalon.core.webui.keyword.builtin.SetTextKeyword$_setText_closure1.call(SetTextKeyword.groovy)
	at com.kms.katalon.core.webui.keyword.internal.WebUIKeywordMain.runKeyword(WebUIKeywordMain.groovy:35)
	at com.kms.katalon.core.webui.keyword.builtin.SetTextKeyword.setText(SetTextKeyword.groovy:85)
	at com.kms.katalon.core.webui.keyword.builtin.SetTextKeyword.execute(SetTextKeyword.groovy:39)
	at com.kms.katalon.core.keyword.internal.KeywordExecutor.executeKeywordForPlatform(KeywordExecutor.groovy:74)
	at com.kms.katalon.core.webui.keyword.WebUiBuiltInKeywords.setText(WebUiBuiltInKeywords.groovy:1019)
	at com.test.swaglabs.CustomLogin.WebLoginFifthAccount(CustomLogin.groovy:71)
	at java.base/jdk.internal.reflect.NativeMethodAccessorImpl.invoke0(Native Method)
	at java.base/jdk.internal.reflect.NativeMethodAccessorImpl.invoke(NativeMethodAccessorImpl.java:77)
	at java.base/jdk.internal.reflect.DelegatingMethodAccessorImpl.invoke(DelegatingMethodAccessorImpl.java:43)
	at com.kms.katalon.core.main.CustomKeywordDelegatingMetaClass.invokeStaticMethod(CustomKeywordDelegatingMetaClass.java:55)
	at Login by Fifth Account - error_user.run(Login by Fifth Account - error_user:24)
	at com.kms.katalon.core.main.ScriptEngine.run(ScriptEngine.java:194)
	at com.kms.katalon.core.main.ScriptEngine.runScriptAsRawText(ScriptEngine.java:119)
	at com.kms.katalon.core.main.TestCaseExecutor.runScript(TestCaseExecutor.java:448)
	at com.kms.katalon.core.main.TestCaseExecutor.doExecute(TestCaseExecutor.java:439)
	at com.kms.katalon.core.main.TestCaseExecutor.processExecutionPhase(TestCaseExecutor.java:418)
	at com.kms.katalon.core.main.TestCaseExecutor.accessMainPhase(TestCaseExecutor.java:410)
	at com.kms.katalon.core.main.TestCaseExecutor.execute(TestCaseExecutor.java:285)
	at com.kms.katalon.core.common.CommonExecutor.accessTestCaseMainPhase(CommonExecutor.java:65)
	at com.kms.katalon.core.main.TestSuiteExecutor.accessTestSuiteMainPhase(TestSuiteExecutor.java:150)
	at com.kms.katalon.core.main.TestSuiteExecutor.execute(TestSuiteExecutor.java:106)
	at com.kms.katalon.core.main.TestCaseMain.startTestSuite(TestCaseMain.java:180)
	at TempTestSuite1738334733685.run(TempTestSuite1738334733685.groovy:35)
	at java.base/jdk.internal.reflect.NativeMethodAccessorImpl.invoke0(Native Method)
	at java.base/jdk.internal.reflect.NativeMethodAccessorImpl.invoke(NativeMethodAccessorImpl.java:77)
	at java.base/jdk.internal.reflect.DelegatingMethodAccessorImpl.invoke(DelegatingMethodAccessorImpl.java:43)
</property>
  <property name="failed.exception.message">invalid session id
Build info: version: &apos;3.141.59&apos;, revision: &apos;unknown&apos;, time: &apos;unknown&apos;
System info: host: &apos;LAPTOP-5GQHVTHK&apos;, ip: &apos;192.168.0.101&apos;, os.name: &apos;Windows 11&apos;, os.arch: &apos;amd64&apos;, os.version: &apos;10.0&apos;, java.version: &apos;17.0.7&apos;
Driver info: com.kms.katalon.selenium.driver.CRemoteWebDriver
Capabilities {acceptInsecureCerts: false, browserName: chrome, browserVersion: 133.0.6847.2, chrome: {chromedriverVersion: 133.0.6847.2 (7e95e23d2d1f8..., userDataDir: C:\Program Files\scoped_dir...}, fedcm:accounts: true, goog:chromeOptions: {debuggerAddress: localhost:9225}, javascriptEnabled: true, katalon:caps: {executionId: 2aef68cf-3bf6-49ac-9508-595..., executionSessionId: 8e9303ed-b899-4a23-9706-9eb...}, katalon:options: {executionId: 2aef68cf-3bf6-49ac-9508-595..., executionSessionId: 8e9303ed-b899-4a23-9706-9eb..., group: 9ab6bac5-1cc1-4a31-be02-e95..., metadata: {accountUuid: fda32340-531c-49aa-a0b7-40d..., organizationId: 1906073, usingTunnel: false}, organizationId: 1906073, runFromTestCloud: true, tenant: TestOps, tunnelMetadataId: 47bf9c75-9831-4539-a455-bf2..., userId: 1648280, username: innocent.beaver.duja@instan..., usingTunnel: true}, kt:requestId: 8e9303ed-b899-4a23-9706-9eb..., kt:rid: 8e9303ed-b899-4a23-9706-9eb..., networkConnectionEnabled: false, pageLoadStrategy: normal, platform: WINDOWS, platformName: WINDOWS, proxy: Proxy(), se:bidiEnabled: false, se:cdpEnabled: false, setWindowRect: true, strictFileInteractability: false, timeouts: {implicit: 0, pageLoad: 300000, script: 30000}, unhandledPromptBehavior: dismiss and notify, webauthn:extension:credBlob: true, webauthn:extension:largeBlob: true, webauthn:extension:minPinLength: true, webauthn:extension:prf: true, webauthn:virtualAuthenticators: true}
Session ID: 42b521d68d5b4bdf4484d9a77e20630e
*** Element info: {Using=xpath, value=//input[@id=&apos;user-name&apos;]}</property>
</record>
<record>
  <date>2025-01-31T14:46:38.450309900Z</date>
  <millis>1738334798450</millis>
  <nanos>309900</nanos>
  <sequence>72</sequence>
  <level>WARNING</level>
  <class>com.kms.katalon.core.logging.XmlKeywordLogger</class>
  <method>logMessage</method>
  <thread>1</thread>
  <message>[SELF-HEALING] invalid session id
Build info: version: &amp;apos;3.141.59&amp;apos;, revision: &amp;apos;unknown&amp;apos;, time: &amp;apos;unknown&amp;apos;
System info: host: &amp;apos;LAPTOP-5GQHVTHK&amp;apos;, ip: &amp;apos;192.168.0.101&amp;apos;, os.name: &amp;apos;Windows 11&amp;apos;, os.arch: &amp;apos;amd64&amp;apos;, os.version: &amp;apos;10.0&amp;apos;, java.version: &amp;apos;17.0.7&amp;apos;
Driver info: com.kms.katalon.selenium.driver.CRemoteWebDriver
Capabilities {acceptInsecureCerts: false, browserName: chrome, browserVersion: 133.0.6847.2, chrome: {chromedriverVersion: 133.0.6847.2 (7e95e23d2d1f8..., userDataDir: C:\Program Files\scoped_dir...}, fedcm:accounts: true, goog:chromeOptions: {debuggerAddress: localhost:9225}, javascriptEnabled: true, katalon:caps: {executionId: 2aef68cf-3bf6-49ac-9508-595..., executionSessionId: 8e9303ed-b899-4a23-9706-9eb...}, katalon:options: {executionId: 2aef68cf-3bf6-49ac-9508-595..., executionSessionId: 8e9303ed-b899-4a23-9706-9eb..., group: 9ab6bac5-1cc1-4a31-be02-e95..., metadata: {accountUuid: fda32340-531c-49aa-a0b7-40d..., organizationId: 1906073, usingTunnel: false}, organizationId: 1906073, runFromTestCloud: true, tenant: TestOps, tunnelMetadataId: 47bf9c75-9831-4539-a455-bf2..., userId: 1648280, username: innocent.beaver.duja@instan..., usingTunnel: true}, kt:requestId: 8e9303ed-b899-4a23-9706-9eb..., kt:rid: 8e9303ed-b899-4a23-9706-9eb..., networkConnectionEnabled: false, pageLoadStrategy: normal, platform: WINDOWS, platformName: WINDOWS, proxy: Proxy(), se:bidiEnabled: false, se:cdpEnabled: false, setWindowRect: true, strictFileInteractability: false, timeouts: {implicit: 0, pageLoad: 300000, script: 30000}, unhandledPromptBehavior: dismiss and notify, webauthn:extension:credBlob: true, webauthn:extension:largeBlob: true, webauthn:extension:minPinLength: true, webauthn:extension:prf: true, webauthn:virtualAuthenticators: true}
Session ID: 42b521d68d5b4bdf4484d9a77e20630e
*** Element info: {Using=xpath, value=//*[@placeholder = &amp;apos;Username&amp;apos; and @type = &amp;apos;text&amp;apos; and @id = &amp;apos;user-name&amp;apos; and @name = &amp;apos;user-name&amp;apos;]}</message>
  <nestedLevel>1</nestedLevel>
  <escapedJava>false</escapedJava>
  <property name="failed.exception.class">org.openqa.selenium.NoSuchSessionException</property>
  <property name="failed.exception.stacktrace">org.openqa.selenium.NoSuchSessionException: invalid session id
Build info: version: &apos;3.141.59&apos;, revision: &apos;unknown&apos;, time: &apos;unknown&apos;
System info: host: &apos;LAPTOP-5GQHVTHK&apos;, ip: &apos;192.168.0.101&apos;, os.name: &apos;Windows 11&apos;, os.arch: &apos;amd64&apos;, os.version: &apos;10.0&apos;, java.version: &apos;17.0.7&apos;
Driver info: com.kms.katalon.selenium.driver.CRemoteWebDriver
Capabilities {acceptInsecureCerts: false, browserName: chrome, browserVersion: 133.0.6847.2, chrome: {chromedriverVersion: 133.0.6847.2 (7e95e23d2d1f8..., userDataDir: C:\Program Files\scoped_dir...}, fedcm:accounts: true, goog:chromeOptions: {debuggerAddress: localhost:9225}, javascriptEnabled: true, katalon:caps: {executionId: 2aef68cf-3bf6-49ac-9508-595..., executionSessionId: 8e9303ed-b899-4a23-9706-9eb...}, katalon:options: {executionId: 2aef68cf-3bf6-49ac-9508-595..., executionSessionId: 8e9303ed-b899-4a23-9706-9eb..., group: 9ab6bac5-1cc1-4a31-be02-e95..., metadata: {accountUuid: fda32340-531c-49aa-a0b7-40d..., organizationId: 1906073, usingTunnel: false}, organizationId: 1906073, runFromTestCloud: true, tenant: TestOps, tunnelMetadataId: 47bf9c75-9831-4539-a455-bf2..., userId: 1648280, username: innocent.beaver.duja@instan..., usingTunnel: true}, kt:requestId: 8e9303ed-b899-4a23-9706-9eb..., kt:rid: 8e9303ed-b899-4a23-9706-9eb..., networkConnectionEnabled: false, pageLoadStrategy: normal, platform: WINDOWS, platformName: WINDOWS, proxy: Proxy(), se:bidiEnabled: false, se:cdpEnabled: false, setWindowRect: true, strictFileInteractability: false, timeouts: {implicit: 0, pageLoad: 300000, script: 30000}, unhandledPromptBehavior: dismiss and notify, webauthn:extension:credBlob: true, webauthn:extension:largeBlob: true, webauthn:extension:minPinLength: true, webauthn:extension:prf: true, webauthn:virtualAuthenticators: true}
Session ID: 42b521d68d5b4bdf4484d9a77e20630e
*** Element info: {Using=xpath, value=//*[@placeholder = &apos;Username&apos; and @type = &apos;text&apos; and @id = &apos;user-name&apos; and @name = &apos;user-name&apos;]}
	at java.base/jdk.internal.reflect.NativeConstructorAccessorImpl.newInstance0(Native Method)
	at java.base/jdk.internal.reflect.NativeConstructorAccessorImpl.newInstance(NativeConstructorAccessorImpl.java:77)
	at java.base/jdk.internal.reflect.DelegatingConstructorAccessorImpl.newInstance(DelegatingConstructorAccessorImpl.java:45)
	at org.openqa.selenium.remote.http.W3CHttpResponseCodec.createException(W3CHttpResponseCodec.java:187)
	at org.openqa.selenium.remote.http.W3CHttpResponseCodec.decode(W3CHttpResponseCodec.java:122)
	at org.openqa.selenium.remote.http.W3CHttpResponseCodec.decode(W3CHttpResponseCodec.java:49)
	at org.openqa.selenium.remote.HttpCommandExecutor.execute(HttpCommandExecutor.java:158)
	at org.openqa.selenium.remote.RemoteWebDriver.execute(RemoteWebDriver.java:552)
	at com.kms.katalon.selenium.driver.CRemoteWebDriver.execute(CRemoteWebDriver.java:30)
	at org.openqa.selenium.remote.RemoteWebDriver.findElements(RemoteWebDriver.java:353)
	at org.openqa.selenium.remote.RemoteWebDriver.findElementsByXPath(RemoteWebDriver.java:432)
	at org.openqa.selenium.By$ByXPath.findElements(By.java:348)
	at org.openqa.selenium.remote.RemoteWebDriver.findElements(RemoteWebDriver.java:311)
	at jdk.internal.reflect.GeneratedMethodAccessor8.invoke(Unknown Source)
	at java.base/jdk.internal.reflect.DelegatingMethodAccessorImpl.invoke(DelegatingMethodAccessorImpl.java:43)
	at org.openqa.selenium.support.events.EventFiringWebDriver.lambda$new$1(EventFiringWebDriver.java:105)
	at jdk.proxy2/jdk.proxy2.$Proxy23.findElements(Unknown Source)
	at org.openqa.selenium.support.events.EventFiringWebDriver.findElements(EventFiringWebDriver.java:182)
	at com.kms.katalon.core.webui.common.WebUiCommonHelper.findElementByNormalMethods(WebUiCommonHelper.java:1033)
	at com.kms.katalon.core.webui.common.WebUiCommonHelper.findElementsBySelectedMethod(WebUiCommonHelper.java:918)
	at com.kms.katalon.core.webui.common.WebUiCommonHelper.findElementsWithSelfHealing(WebUiCommonHelper.java:815)
	at com.kms.katalon.core.webui.common.WebUiCommonHelper.findWebElements(WebUiCommonHelper.java:727)
	at com.kms.katalon.core.webui.common.WebUiCommonHelper.findWebElement(WebUiCommonHelper.java:1413)
	at com.kms.katalon.core.webui.keyword.internal.WebUIAbstractKeyword.findWebElement(WebUIAbstractKeyword.groovy:27)
	at com.kms.katalon.core.webui.keyword.internal.WebUIAbstractKeyword.findWebElement(WebUIAbstractKeyword.groovy:26)
	at com.kms.katalon.core.webui.keyword.builtin.SetTextKeyword$_setText_closure1.doCall(SetTextKeyword.groovy:53)
	at com.kms.katalon.core.webui.keyword.builtin.SetTextKeyword$_setText_closure1.call(SetTextKeyword.groovy)
	at com.kms.katalon.core.webui.keyword.internal.WebUIKeywordMain.runKeyword(WebUIKeywordMain.groovy:35)
	at com.kms.katalon.core.webui.keyword.builtin.SetTextKeyword.setText(SetTextKeyword.groovy:85)
	at com.kms.katalon.core.webui.keyword.builtin.SetTextKeyword.execute(SetTextKeyword.groovy:39)
	at com.kms.katalon.core.keyword.internal.KeywordExecutor.executeKeywordForPlatform(KeywordExecutor.groovy:74)
	at com.kms.katalon.core.webui.keyword.WebUiBuiltInKeywords.setText(WebUiBuiltInKeywords.groovy:1019)
	at com.test.swaglabs.CustomLogin.WebLoginFifthAccount(CustomLogin.groovy:71)
	at java.base/jdk.internal.reflect.NativeMethodAccessorImpl.invoke0(Native Method)
	at java.base/jdk.internal.reflect.NativeMethodAccessorImpl.invoke(NativeMethodAccessorImpl.java:77)
	at java.base/jdk.internal.reflect.DelegatingMethodAccessorImpl.invoke(DelegatingMethodAccessorImpl.java:43)
	at com.kms.katalon.core.main.CustomKeywordDelegatingMetaClass.invokeStaticMethod(CustomKeywordDelegatingMetaClass.java:55)
	at Login by Fifth Account - error_user.run(Login by Fifth Account - error_user:24)
	at com.kms.katalon.core.main.ScriptEngine.run(ScriptEngine.java:194)
	at com.kms.katalon.core.main.ScriptEngine.runScriptAsRawText(ScriptEngine.java:119)
	at com.kms.katalon.core.main.TestCaseExecutor.runScript(TestCaseExecutor.java:448)
	at com.kms.katalon.core.main.TestCaseExecutor.doExecute(TestCaseExecutor.java:439)
	at com.kms.katalon.core.main.TestCaseExecutor.processExecutionPhase(TestCaseExecutor.java:418)
	at com.kms.katalon.core.main.TestCaseExecutor.accessMainPhase(TestCaseExecutor.java:410)
	at com.kms.katalon.core.main.TestCaseExecutor.execute(TestCaseExecutor.java:285)
	at com.kms.katalon.core.common.CommonExecutor.accessTestCaseMainPhase(CommonExecutor.java:65)
	at com.kms.katalon.core.main.TestSuiteExecutor.accessTestSuiteMainPhase(TestSuiteExecutor.java:150)
	at com.kms.katalon.core.main.TestSuiteExecutor.execute(TestSuiteExecutor.java:106)
	at com.kms.katalon.core.main.TestCaseMain.startTestSuite(TestCaseMain.java:180)
	at TempTestSuite1738334733685.run(TempTestSuite1738334733685.groovy:35)
	at java.base/jdk.internal.reflect.NativeMethodAccessorImpl.invoke0(Native Method)
	at java.base/jdk.internal.reflect.NativeMethodAccessorImpl.invoke(NativeMethodAccessorImpl.java:77)
	at java.base/jdk.internal.reflect.DelegatingMethodAccessorImpl.invoke(DelegatingMethodAccessorImpl.java:43)
</property>
  <property name="failed.exception.message">invalid session id
Build info: version: &apos;3.141.59&apos;, revision: &apos;unknown&apos;, time: &apos;unknown&apos;
System info: host: &apos;LAPTOP-5GQHVTHK&apos;, ip: &apos;192.168.0.101&apos;, os.name: &apos;Windows 11&apos;, os.arch: &apos;amd64&apos;, os.version: &apos;10.0&apos;, java.version: &apos;17.0.7&apos;
Driver info: com.kms.katalon.selenium.driver.CRemoteWebDriver
Capabilities {acceptInsecureCerts: false, browserName: chrome, browserVersion: 133.0.6847.2, chrome: {chromedriverVersion: 133.0.6847.2 (7e95e23d2d1f8..., userDataDir: C:\Program Files\scoped_dir...}, fedcm:accounts: true, goog:chromeOptions: {debuggerAddress: localhost:9225}, javascriptEnabled: true, katalon:caps: {executionId: 2aef68cf-3bf6-49ac-9508-595..., executionSessionId: 8e9303ed-b899-4a23-9706-9eb...}, katalon:options: {executionId: 2aef68cf-3bf6-49ac-9508-595..., executionSessionId: 8e9303ed-b899-4a23-9706-9eb..., group: 9ab6bac5-1cc1-4a31-be02-e95..., metadata: {accountUuid: fda32340-531c-49aa-a0b7-40d..., organizationId: 1906073, usingTunnel: false}, organizationId: 1906073, runFromTestCloud: true, tenant: TestOps, tunnelMetadataId: 47bf9c75-9831-4539-a455-bf2..., userId: 1648280, username: innocent.beaver.duja@instan..., usingTunnel: true}, kt:requestId: 8e9303ed-b899-4a23-9706-9eb..., kt:rid: 8e9303ed-b899-4a23-9706-9eb..., networkConnectionEnabled: false, pageLoadStrategy: normal, platform: WINDOWS, platformName: WINDOWS, proxy: Proxy(), se:bidiEnabled: false, se:cdpEnabled: false, setWindowRect: true, strictFileInteractability: false, timeouts: {implicit: 0, pageLoad: 300000, script: 30000}, unhandledPromptBehavior: dismiss and notify, webauthn:extension:credBlob: true, webauthn:extension:largeBlob: true, webauthn:extension:minPinLength: true, webauthn:extension:prf: true, webauthn:virtualAuthenticators: true}
Session ID: 42b521d68d5b4bdf4484d9a77e20630e
*** Element info: {Using=xpath, value=//*[@placeholder = &apos;Username&apos; and @type = &apos;text&apos; and @id = &apos;user-name&apos; and @name = &apos;user-name&apos;]}</property>
</record>
<record>
  <date>2025-01-31T14:46:39.026362800Z</date>
  <millis>1738334799026</millis>
  <nanos>362800</nanos>
  <sequence>76</sequence>
  <level>WARNING</level>
  <class>com.kms.katalon.core.logging.XmlKeywordLogger</class>
  <method>logMessage</method>
  <thread>1</thread>
  <message>[SELF-HEALING] invalid session id
Build info: version: &amp;apos;3.141.59&amp;apos;, revision: &amp;apos;unknown&amp;apos;, time: &amp;apos;unknown&amp;apos;
System info: host: &amp;apos;LAPTOP-5GQHVTHK&amp;apos;, ip: &amp;apos;192.168.0.101&amp;apos;, os.name: &amp;apos;Windows 11&amp;apos;, os.arch: &amp;apos;amd64&amp;apos;, os.version: &amp;apos;10.0&amp;apos;, java.version: &amp;apos;17.0.7&amp;apos;
Driver info: com.kms.katalon.selenium.driver.CRemoteWebDriver
Capabilities {acceptInsecureCerts: false, browserName: chrome, browserVersion: 133.0.6847.2, chrome: {chromedriverVersion: 133.0.6847.2 (7e95e23d2d1f8..., userDataDir: C:\Program Files\scoped_dir...}, fedcm:accounts: true, goog:chromeOptions: {debuggerAddress: localhost:9225}, javascriptEnabled: true, katalon:caps: {executionId: 2aef68cf-3bf6-49ac-9508-595..., executionSessionId: 8e9303ed-b899-4a23-9706-9eb...}, katalon:options: {executionId: 2aef68cf-3bf6-49ac-9508-595..., executionSessionId: 8e9303ed-b899-4a23-9706-9eb..., group: 9ab6bac5-1cc1-4a31-be02-e95..., metadata: {accountUuid: fda32340-531c-49aa-a0b7-40d..., organizationId: 1906073, usingTunnel: false}, organizationId: 1906073, runFromTestCloud: true, tenant: TestOps, tunnelMetadataId: 47bf9c75-9831-4539-a455-bf2..., userId: 1648280, username: innocent.beaver.duja@instan..., usingTunnel: true}, kt:requestId: 8e9303ed-b899-4a23-9706-9eb..., kt:rid: 8e9303ed-b899-4a23-9706-9eb..., networkConnectionEnabled: false, pageLoadStrategy: normal, platform: WINDOWS, platformName: WINDOWS, proxy: Proxy(), se:bidiEnabled: false, se:cdpEnabled: false, setWindowRect: true, strictFileInteractability: false, timeouts: {implicit: 0, pageLoad: 300000, script: 30000}, unhandledPromptBehavior: dismiss and notify, webauthn:extension:credBlob: true, webauthn:extension:largeBlob: true, webauthn:extension:minPinLength: true, webauthn:extension:prf: true, webauthn:virtualAuthenticators: true}
Session ID: 42b521d68d5b4bdf4484d9a77e20630e
*** Element info: {Using=css selector, value=#user-name}</message>
  <nestedLevel>1</nestedLevel>
  <escapedJava>false</escapedJava>
  <property name="failed.exception.class">org.openqa.selenium.NoSuchSessionException</property>
  <property name="failed.exception.stacktrace">org.openqa.selenium.NoSuchSessionException: invalid session id
Build info: version: &apos;3.141.59&apos;, revision: &apos;unknown&apos;, time: &apos;unknown&apos;
System info: host: &apos;LAPTOP-5GQHVTHK&apos;, ip: &apos;192.168.0.101&apos;, os.name: &apos;Windows 11&apos;, os.arch: &apos;amd64&apos;, os.version: &apos;10.0&apos;, java.version: &apos;17.0.7&apos;
Driver info: com.kms.katalon.selenium.driver.CRemoteWebDriver
Capabilities {acceptInsecureCerts: false, browserName: chrome, browserVersion: 133.0.6847.2, chrome: {chromedriverVersion: 133.0.6847.2 (7e95e23d2d1f8..., userDataDir: C:\Program Files\scoped_dir...}, fedcm:accounts: true, goog:chromeOptions: {debuggerAddress: localhost:9225}, javascriptEnabled: true, katalon:caps: {executionId: 2aef68cf-3bf6-49ac-9508-595..., executionSessionId: 8e9303ed-b899-4a23-9706-9eb...}, katalon:options: {executionId: 2aef68cf-3bf6-49ac-9508-595..., executionSessionId: 8e9303ed-b899-4a23-9706-9eb..., group: 9ab6bac5-1cc1-4a31-be02-e95..., metadata: {accountUuid: fda32340-531c-49aa-a0b7-40d..., organizationId: 1906073, usingTunnel: false}, organizationId: 1906073, runFromTestCloud: true, tenant: TestOps, tunnelMetadataId: 47bf9c75-9831-4539-a455-bf2..., userId: 1648280, username: innocent.beaver.duja@instan..., usingTunnel: true}, kt:requestId: 8e9303ed-b899-4a23-9706-9eb..., kt:rid: 8e9303ed-b899-4a23-9706-9eb..., networkConnectionEnabled: false, pageLoadStrategy: normal, platform: WINDOWS, platformName: WINDOWS, proxy: Proxy(), se:bidiEnabled: false, se:cdpEnabled: false, setWindowRect: true, strictFileInteractability: false, timeouts: {implicit: 0, pageLoad: 300000, script: 30000}, unhandledPromptBehavior: dismiss and notify, webauthn:extension:credBlob: true, webauthn:extension:largeBlob: true, webauthn:extension:minPinLength: true, webauthn:extension:prf: true, webauthn:virtualAuthenticators: true}
Session ID: 42b521d68d5b4bdf4484d9a77e20630e
*** Element info: {Using=css selector, value=#user-name}
	at java.base/jdk.internal.reflect.NativeConstructorAccessorImpl.newInstance0(Native Method)
	at java.base/jdk.internal.reflect.NativeConstructorAccessorImpl.newInstance(NativeConstructorAccessorImpl.java:77)
	at java.base/jdk.internal.reflect.DelegatingConstructorAccessorImpl.newInstance(DelegatingConstructorAccessorImpl.java:45)
	at org.openqa.selenium.remote.http.W3CHttpResponseCodec.createException(W3CHttpResponseCodec.java:187)
	at org.openqa.selenium.remote.http.W3CHttpResponseCodec.decode(W3CHttpResponseCodec.java:122)
	at org.openqa.selenium.remote.http.W3CHttpResponseCodec.decode(W3CHttpResponseCodec.java:49)
	at org.openqa.selenium.remote.HttpCommandExecutor.execute(HttpCommandExecutor.java:158)
	at org.openqa.selenium.remote.RemoteWebDriver.execute(RemoteWebDriver.java:552)
	at com.kms.katalon.selenium.driver.CRemoteWebDriver.execute(CRemoteWebDriver.java:30)
	at org.openqa.selenium.remote.RemoteWebDriver.findElements(RemoteWebDriver.java:353)
	at org.openqa.selenium.remote.RemoteWebDriver.findElementsByCssSelector(RemoteWebDriver.java:424)
	at org.openqa.selenium.By$ByCssSelector.findElements(By.java:441)
	at org.openqa.selenium.remote.RemoteWebDriver.findElements(RemoteWebDriver.java:311)
	at jdk.internal.reflect.GeneratedMethodAccessor8.invoke(Unknown Source)
	at java.base/jdk.internal.reflect.DelegatingMethodAccessorImpl.invoke(DelegatingMethodAccessorImpl.java:43)
	at org.openqa.selenium.support.events.EventFiringWebDriver.lambda$new$1(EventFiringWebDriver.java:105)
	at jdk.proxy2/jdk.proxy2.$Proxy23.findElements(Unknown Source)
	at org.openqa.selenium.support.events.EventFiringWebDriver.findElements(EventFiringWebDriver.java:182)
	at com.kms.katalon.core.webui.common.WebUiCommonHelper.findElementByNormalMethods(WebUiCommonHelper.java:1033)
	at com.kms.katalon.core.webui.common.WebUiCommonHelper.findElementsBySelectedMethod(WebUiCommonHelper.java:920)
	at com.kms.katalon.core.webui.common.WebUiCommonHelper.findElementsWithSelfHealing(WebUiCommonHelper.java:815)
	at com.kms.katalon.core.webui.common.WebUiCommonHelper.findWebElements(WebUiCommonHelper.java:727)
	at com.kms.katalon.core.webui.common.WebUiCommonHelper.findWebElement(WebUiCommonHelper.java:1413)
	at com.kms.katalon.core.webui.keyword.internal.WebUIAbstractKeyword.findWebElement(WebUIAbstractKeyword.groovy:27)
	at com.kms.katalon.core.webui.keyword.internal.WebUIAbstractKeyword.findWebElement(WebUIAbstractKeyword.groovy:26)
	at com.kms.katalon.core.webui.keyword.builtin.SetTextKeyword$_setText_closure1.doCall(SetTextKeyword.groovy:53)
	at com.kms.katalon.core.webui.keyword.builtin.SetTextKeyword$_setText_closure1.call(SetTextKeyword.groovy)
	at com.kms.katalon.core.webui.keyword.internal.WebUIKeywordMain.runKeyword(WebUIKeywordMain.groovy:35)
	at com.kms.katalon.core.webui.keyword.builtin.SetTextKeyword.setText(SetTextKeyword.groovy:85)
	at com.kms.katalon.core.webui.keyword.builtin.SetTextKeyword.execute(SetTextKeyword.groovy:39)
	at com.kms.katalon.core.keyword.internal.KeywordExecutor.executeKeywordForPlatform(KeywordExecutor.groovy:74)
	at com.kms.katalon.core.webui.keyword.WebUiBuiltInKeywords.setText(WebUiBuiltInKeywords.groovy:1019)
	at com.test.swaglabs.CustomLogin.WebLoginFifthAccount(CustomLogin.groovy:71)
	at java.base/jdk.internal.reflect.NativeMethodAccessorImpl.invoke0(Native Method)
	at java.base/jdk.internal.reflect.NativeMethodAccessorImpl.invoke(NativeMethodAccessorImpl.java:77)
	at java.base/jdk.internal.reflect.DelegatingMethodAccessorImpl.invoke(DelegatingMethodAccessorImpl.java:43)
	at com.kms.katalon.core.main.CustomKeywordDelegatingMetaClass.invokeStaticMethod(CustomKeywordDelegatingMetaClass.java:55)
	at Login by Fifth Account - error_user.run(Login by Fifth Account - error_user:24)
	at com.kms.katalon.core.main.ScriptEngine.run(ScriptEngine.java:194)
	at com.kms.katalon.core.main.ScriptEngine.runScriptAsRawText(ScriptEngine.java:119)
	at com.kms.katalon.core.main.TestCaseExecutor.runScript(TestCaseExecutor.java:448)
	at com.kms.katalon.core.main.TestCaseExecutor.doExecute(TestCaseExecutor.java:439)
	at com.kms.katalon.core.main.TestCaseExecutor.processExecutionPhase(TestCaseExecutor.java:418)
	at com.kms.katalon.core.main.TestCaseExecutor.accessMainPhase(TestCaseExecutor.java:410)
	at com.kms.katalon.core.main.TestCaseExecutor.execute(TestCaseExecutor.java:285)
	at com.kms.katalon.core.common.CommonExecutor.accessTestCaseMainPhase(CommonExecutor.java:65)
	at com.kms.katalon.core.main.TestSuiteExecutor.accessTestSuiteMainPhase(TestSuiteExecutor.java:150)
	at com.kms.katalon.core.main.TestSuiteExecutor.execute(TestSuiteExecutor.java:106)
	at com.kms.katalon.core.main.TestCaseMain.startTestSuite(TestCaseMain.java:180)
	at TempTestSuite1738334733685.run(TempTestSuite1738334733685.groovy:35)
	at java.base/jdk.internal.reflect.NativeMethodAccessorImpl.invoke0(Native Method)
	at java.base/jdk.internal.reflect.NativeMethodAccessorImpl.invoke(NativeMethodAccessorImpl.java:77)
	at java.base/jdk.internal.reflect.DelegatingMethodAccessorImpl.invoke(DelegatingMethodAccessorImpl.java:43)
</property>
  <property name="failed.exception.message">invalid session id
Build info: version: &apos;3.141.59&apos;, revision: &apos;unknown&apos;, time: &apos;unknown&apos;
System info: host: &apos;LAPTOP-5GQHVTHK&apos;, ip: &apos;192.168.0.101&apos;, os.name: &apos;Windows 11&apos;, os.arch: &apos;amd64&apos;, os.version: &apos;10.0&apos;, java.version: &apos;17.0.7&apos;
Driver info: com.kms.katalon.selenium.driver.CRemoteWebDriver
Capabilities {acceptInsecureCerts: false, browserName: chrome, browserVersion: 133.0.6847.2, chrome: {chromedriverVersion: 133.0.6847.2 (7e95e23d2d1f8..., userDataDir: C:\Program Files\scoped_dir...}, fedcm:accounts: true, goog:chromeOptions: {debuggerAddress: localhost:9225}, javascriptEnabled: true, katalon:caps: {executionId: 2aef68cf-3bf6-49ac-9508-595..., executionSessionId: 8e9303ed-b899-4a23-9706-9eb...}, katalon:options: {executionId: 2aef68cf-3bf6-49ac-9508-595..., executionSessionId: 8e9303ed-b899-4a23-9706-9eb..., group: 9ab6bac5-1cc1-4a31-be02-e95..., metadata: {accountUuid: fda32340-531c-49aa-a0b7-40d..., organizationId: 1906073, usingTunnel: false}, organizationId: 1906073, runFromTestCloud: true, tenant: TestOps, tunnelMetadataId: 47bf9c75-9831-4539-a455-bf2..., userId: 1648280, username: innocent.beaver.duja@instan..., usingTunnel: true}, kt:requestId: 8e9303ed-b899-4a23-9706-9eb..., kt:rid: 8e9303ed-b899-4a23-9706-9eb..., networkConnectionEnabled: false, pageLoadStrategy: normal, platform: WINDOWS, platformName: WINDOWS, proxy: Proxy(), se:bidiEnabled: false, se:cdpEnabled: false, setWindowRect: true, strictFileInteractability: false, timeouts: {implicit: 0, pageLoad: 300000, script: 30000}, unhandledPromptBehavior: dismiss and notify, webauthn:extension:credBlob: true, webauthn:extension:largeBlob: true, webauthn:extension:minPinLength: true, webauthn:extension:prf: true, webauthn:virtualAuthenticators: true}
Session ID: 42b521d68d5b4bdf4484d9a77e20630e
*** Element info: {Using=css selector, value=#user-name}</property>
</record>
<record>
  <date>2025-01-31T14:46:39.325551600Z</date>
  <millis>1738334799325</millis>
  <nanos>551600</nanos>
  <sequence>78</sequence>
  <level>WARNING</level>
  <class>com.kms.katalon.core.logging.XmlKeywordLogger</class>
  <method>logMessage</method>
  <thread>1</thread>
  <message>Cannot take screenshot</message>
  <nestedLevel>1</nestedLevel>
  <escapedJava>false</escapedJava>
  <property name="failed.exception.class">org.openqa.selenium.WebDriverException</property>
  <property name="failed.exception.stacktrace">org.openqa.selenium.WebDriverException: An unknown error has occurred
Build info: version: &apos;3.141.59&apos;, revision: &apos;unknown&apos;, time: &apos;unknown&apos;
System info: host: &apos;LAPTOP-5GQHVTHK&apos;, ip: &apos;192.168.0.101&apos;, os.name: &apos;Windows 11&apos;, os.arch: &apos;amd64&apos;, os.version: &apos;10.0&apos;, java.version: &apos;17.0.7&apos;
Driver info: com.kms.katalon.selenium.driver.CRemoteWebDriver
Capabilities {acceptInsecureCerts: false, browserName: chrome, browserVersion: 133.0.6847.2, chrome: {chromedriverVersion: 133.0.6847.2 (7e95e23d2d1f8..., userDataDir: C:\Program Files\scoped_dir...}, fedcm:accounts: true, goog:chromeOptions: {debuggerAddress: localhost:9225}, javascriptEnabled: true, katalon:caps: {executionId: 2aef68cf-3bf6-49ac-9508-595..., executionSessionId: 8e9303ed-b899-4a23-9706-9eb...}, katalon:options: {executionId: 2aef68cf-3bf6-49ac-9508-595..., executionSessionId: 8e9303ed-b899-4a23-9706-9eb..., group: 9ab6bac5-1cc1-4a31-be02-e95..., metadata: {accountUuid: fda32340-531c-49aa-a0b7-40d..., organizationId: 1906073, usingTunnel: false}, organizationId: 1906073, runFromTestCloud: true, tenant: TestOps, tunnelMetadataId: 47bf9c75-9831-4539-a455-bf2..., userId: 1648280, username: innocent.beaver.duja@instan..., usingTunnel: true}, kt:requestId: 8e9303ed-b899-4a23-9706-9eb..., kt:rid: 8e9303ed-b899-4a23-9706-9eb..., networkConnectionEnabled: false, pageLoadStrategy: normal, platform: WINDOWS, platformName: WINDOWS, proxy: Proxy(), se:bidiEnabled: false, se:cdpEnabled: false, setWindowRect: true, strictFileInteractability: false, timeouts: {implicit: 0, pageLoad: 300000, script: 30000}, unhandledPromptBehavior: dismiss and notify, webauthn:extension:credBlob: true, webauthn:extension:largeBlob: true, webauthn:extension:minPinLength: true, webauthn:extension:prf: true, webauthn:virtualAuthenticators: true}
Session ID: 42b521d68d5b4bdf4484d9a77e20630e
	at java.base/jdk.internal.reflect.NativeConstructorAccessorImpl.newInstance0(Native Method)
	at java.base/jdk.internal.reflect.NativeConstructorAccessorImpl.newInstance(NativeConstructorAccessorImpl.java:77)
	at java.base/jdk.internal.reflect.DelegatingConstructorAccessorImpl.newInstance(DelegatingConstructorAccessorImpl.java:45)
	at org.openqa.selenium.remote.http.W3CHttpResponseCodec.createException(W3CHttpResponseCodec.java:187)
	at org.openqa.selenium.remote.http.W3CHttpResponseCodec.decode(W3CHttpResponseCodec.java:122)
	at org.openqa.selenium.remote.http.W3CHttpResponseCodec.decode(W3CHttpResponseCodec.java:49)
	at org.openqa.selenium.remote.HttpCommandExecutor.execute(HttpCommandExecutor.java:158)
	at org.openqa.selenium.remote.RemoteWebDriver.execute(RemoteWebDriver.java:552)
	at com.kms.katalon.selenium.driver.CRemoteWebDriver.execute(CRemoteWebDriver.java:30)
	at org.openqa.selenium.remote.RemoteWebDriver.execute(RemoteWebDriver.java:609)
	at org.openqa.selenium.remote.RemoteWebDriver.getScreenshotAs(RemoteWebDriver.java:295)
	at java.base/jdk.internal.reflect.NativeMethodAccessorImpl.invoke0(Native Method)
	at java.base/jdk.internal.reflect.NativeMethodAccessorImpl.invoke(NativeMethodAccessorImpl.java:77)
	at java.base/jdk.internal.reflect.DelegatingMethodAccessorImpl.invoke(DelegatingMethodAccessorImpl.java:43)
	at org.openqa.selenium.support.events.EventFiringWebDriver.lambda$new$1(EventFiringWebDriver.java:105)
	at jdk.proxy2/jdk.proxy2.$Proxy23.getScreenshotAs(Unknown Source)
	at org.openqa.selenium.support.events.EventFiringWebDriver.getScreenshotAs(EventFiringWebDriver.java:302)
	at com.kms.katalon.core.webui.helper.screenshot.WebUIScreenCaptor.take(WebUIScreenCaptor.java:26)
	at com.kms.katalon.core.helper.screenshot.ScreenCaptor.takeScreenshotAndGetAttributes(ScreenCaptor.java:38)
	at com.kms.katalon.core.webui.keyword.internal.WebUIKeywordMain.stepFailed(WebUIKeywordMain.groovy:117)
	at com.kms.katalon.core.webui.keyword.internal.WebUIKeywordMain.runKeyword(WebUIKeywordMain.groovy:43)
	at com.kms.katalon.core.webui.keyword.builtin.SetTextKeyword.setText(SetTextKeyword.groovy:85)
	at com.kms.katalon.core.webui.keyword.builtin.SetTextKeyword.execute(SetTextKeyword.groovy:39)
	at com.kms.katalon.core.keyword.internal.KeywordExecutor.executeKeywordForPlatform(KeywordExecutor.groovy:74)
	at com.kms.katalon.core.webui.keyword.WebUiBuiltInKeywords.setText(WebUiBuiltInKeywords.groovy:1019)
	at com.test.swaglabs.CustomLogin.WebLoginFifthAccount(CustomLogin.groovy:71)
	at java.base/jdk.internal.reflect.NativeMethodAccessorImpl.invoke0(Native Method)
	at java.base/jdk.internal.reflect.NativeMethodAccessorImpl.invoke(NativeMethodAccessorImpl.java:77)
	at java.base/jdk.internal.reflect.DelegatingMethodAccessorImpl.invoke(DelegatingMethodAccessorImpl.java:43)
	at com.kms.katalon.core.main.CustomKeywordDelegatingMetaClass.invokeStaticMethod(CustomKeywordDelegatingMetaClass.java:55)
	at Login by Fifth Account - error_user.run(Login by Fifth Account - error_user:24)
	at com.kms.katalon.core.main.ScriptEngine.run(ScriptEngine.java:194)
	at com.kms.katalon.core.main.ScriptEngine.runScriptAsRawText(ScriptEngine.java:119)
	at com.kms.katalon.core.main.TestCaseExecutor.runScript(TestCaseExecutor.java:448)
	at com.kms.katalon.core.main.TestCaseExecutor.doExecute(TestCaseExecutor.java:439)
	at com.kms.katalon.core.main.TestCaseExecutor.processExecutionPhase(TestCaseExecutor.java:418)
	at com.kms.katalon.core.main.TestCaseExecutor.accessMainPhase(TestCaseExecutor.java:410)
	at com.kms.katalon.core.main.TestCaseExecutor.execute(TestCaseExecutor.java:285)
	at com.kms.katalon.core.common.CommonExecutor.accessTestCaseMainPhase(CommonExecutor.java:65)
	at com.kms.katalon.core.main.TestSuiteExecutor.accessTestSuiteMainPhase(TestSuiteExecutor.java:150)
	at com.kms.katalon.core.main.TestSuiteExecutor.execute(TestSuiteExecutor.java:106)
	at com.kms.katalon.core.main.TestCaseMain.startTestSuite(TestCaseMain.java:180)
	at TempTestSuite1738334733685.run(TempTestSuite1738334733685.groovy:35)
	at java.base/jdk.internal.reflect.NativeMethodAccessorImpl.invoke0(Native Method)
	at java.base/jdk.internal.reflect.NativeMethodAccessorImpl.invoke(NativeMethodAccessorImpl.java:77)
	at java.base/jdk.internal.reflect.DelegatingMethodAccessorImpl.invoke(DelegatingMethodAccessorImpl.java:43)
</property>
  <property name="failed.exception.message">An unknown error has occurred
Build info: version: &apos;3.141.59&apos;, revision: &apos;unknown&apos;, time: &apos;unknown&apos;
System info: host: &apos;LAPTOP-5GQHVTHK&apos;, ip: &apos;192.168.0.101&apos;, os.name: &apos;Windows 11&apos;, os.arch: &apos;amd64&apos;, os.version: &apos;10.0&apos;, java.version: &apos;17.0.7&apos;
Driver info: com.kms.katalon.selenium.driver.CRemoteWebDriver
Capabilities {acceptInsecureCerts: false, browserName: chrome, browserVersion: 133.0.6847.2, chrome: {chromedriverVersion: 133.0.6847.2 (7e95e23d2d1f8..., userDataDir: C:\Program Files\scoped_dir...}, fedcm:accounts: true, goog:chromeOptions: {debuggerAddress: localhost:9225}, javascriptEnabled: true, katalon:caps: {executionId: 2aef68cf-3bf6-49ac-9508-595..., executionSessionId: 8e9303ed-b899-4a23-9706-9eb...}, katalon:options: {executionId: 2aef68cf-3bf6-49ac-9508-595..., executionSessionId: 8e9303ed-b899-4a23-9706-9eb..., group: 9ab6bac5-1cc1-4a31-be02-e95..., metadata: {accountUuid: fda32340-531c-49aa-a0b7-40d..., organizationId: 1906073, usingTunnel: false}, organizationId: 1906073, runFromTestCloud: true, tenant: TestOps, tunnelMetadataId: 47bf9c75-9831-4539-a455-bf2..., userId: 1648280, username: innocent.beaver.duja@instan..., usingTunnel: true}, kt:requestId: 8e9303ed-b899-4a23-9706-9eb..., kt:rid: 8e9303ed-b899-4a23-9706-9eb..., networkConnectionEnabled: false, pageLoadStrategy: normal, platform: WINDOWS, platformName: WINDOWS, proxy: Proxy(), se:bidiEnabled: false, se:cdpEnabled: false, setWindowRect: true, strictFileInteractability: false, timeouts: {implicit: 0, pageLoad: 300000, script: 30000}, unhandledPromptBehavior: dismiss and notify, webauthn:extension:credBlob: true, webauthn:extension:largeBlob: true, webauthn:extension:minPinLength: true, webauthn:extension:prf: true, webauthn:virtualAuthenticators: true}
Session ID: 42b521d68d5b4bdf4484d9a77e20630e</property>
</record>
<record>
  <date>2025-01-31T14:46:39.345570100Z</date>
  <millis>1738334799345</millis>
  <nanos>570100</nanos>
  <sequence>82</sequence>
  <level>FAILED</level>
  <class>com.kms.katalon.core.logging.XmlKeywordLogger</class>
  <method>logMessage</method>
  <thread>1</thread>
  <message>Unable to set text &amp;apos;error_user&amp;apos; of object &amp;apos;Object Repository/Page_Swag Labs/input_Swag Labs_user-name&amp;apos; (Root cause: com.kms.katalon.core.exception.StepFailedException: Unable to set text &amp;apos;error_user&amp;apos; of object &amp;apos;Object Repository/Page_Swag Labs/input_Swag Labs_user-name&amp;apos;
	at com.kms.katalon.core.webui.keyword.internal.WebUIKeywordMain.stepFailed(WebUIKeywordMain.groovy:117)
	at com.kms.katalon.core.webui.keyword.internal.WebUIKeywordMain.runKeyword(WebUIKeywordMain.groovy:43)
	at com.kms.katalon.core.webui.keyword.builtin.SetTextKeyword.setText(SetTextKeyword.groovy:85)
	at com.kms.katalon.core.webui.keyword.builtin.SetTextKeyword.execute(SetTextKeyword.groovy:39)
	at com.kms.katalon.core.keyword.internal.KeywordExecutor.executeKeywordForPlatform(KeywordExecutor.groovy:74)
	at com.kms.katalon.core.webui.keyword.WebUiBuiltInKeywords.setText(WebUiBuiltInKeywords.groovy:1019)
	at com.test.swaglabs.CustomLogin.WebLoginFifthAccount(CustomLogin.groovy:71)
	at java.base/jdk.internal.reflect.NativeMethodAccessorImpl.invoke0(Native Method)
	at java.base/jdk.internal.reflect.NativeMethodAccessorImpl.invoke(NativeMethodAccessorImpl.java:77)
	at java.base/jdk.internal.reflect.DelegatingMethodAccessorImpl.invoke(DelegatingMethodAccessorImpl.java:43)
	at com.kms.katalon.core.main.CustomKeywordDelegatingMetaClass.invokeStaticMethod(CustomKeywordDelegatingMetaClass.java:55)
	at Login by Fifth Account - error_user.run(Login by Fifth Account - error_user:24)
	at com.kms.katalon.core.main.ScriptEngine.run(ScriptEngine.java:194)
	at com.kms.katalon.core.main.ScriptEngine.runScriptAsRawText(ScriptEngine.java:119)
	at com.kms.katalon.core.main.TestCaseExecutor.runScript(TestCaseExecutor.java:448)
	at com.kms.katalon.core.main.TestCaseExecutor.doExecute(TestCaseExecutor.java:439)
	at com.kms.katalon.core.main.TestCaseExecutor.processExecutionPhase(TestCaseExecutor.java:418)
	at com.kms.katalon.core.main.TestCaseExecutor.accessMainPhase(TestCaseExecutor.java:410)
	at com.kms.katalon.core.main.TestCaseExecutor.execute(TestCaseExecutor.java:285)
	at com.kms.katalon.core.common.CommonExecutor.accessTestCaseMainPhase(CommonExecutor.java:65)
	at com.kms.katalon.core.main.TestSuiteExecutor.accessTestSuiteMainPhase(TestSuiteExecutor.java:150)
	at com.kms.katalon.core.main.TestSuiteExecutor.execute(TestSuiteExecutor.java:106)
	at com.kms.katalon.core.main.TestCaseMain.startTestSuite(TestCaseMain.java:180)
	at TempTestSuite1738334733685.run(TempTestSuite1738334733685.groovy:35)
	at java.base/jdk.internal.reflect.NativeMethodAccessorImpl.invoke0(Native Method)
	at java.base/jdk.internal.reflect.NativeMethodAccessorImpl.invoke(NativeMethodAccessorImpl.java:77)
	at java.base/jdk.internal.reflect.DelegatingMethodAccessorImpl.invoke(DelegatingMethodAccessorImpl.java:43)
Caused by: org.openqa.selenium.NoSuchSessionException: invalid session id: session deleted as the browser has closed the connection
from disconnected: Unable to receive message from renderer
  (Session info: chrome=133.0.6847.2)
Build info: version: &amp;apos;3.141.59&amp;apos;, revision: &amp;apos;unknown&amp;apos;, time: &amp;apos;unknown&amp;apos;
System info: host: &amp;apos;LAPTOP-5GQHVTHK&amp;apos;, ip: &amp;apos;192.168.0.101&amp;apos;, os.name: &amp;apos;Windows 11&amp;apos;, os.arch: &amp;apos;amd64&amp;apos;, os.version: &amp;apos;10.0&amp;apos;, java.version: &amp;apos;17.0.7&amp;apos;
Driver info: com.kms.katalon.selenium.driver.CRemoteWebDriver
Capabilities {acceptInsecureCerts: false, browserName: chrome, browserVersion: 133.0.6847.2, chrome: {chromedriverVersion: 133.0.6847.2 (7e95e23d2d1f8..., userDataDir: C:\Program Files\scoped_dir...}, fedcm:accounts: true, goog:chromeOptions: {debuggerAddress: localhost:9225}, javascriptEnabled: true, katalon:caps: {executionId: 2aef68cf-3bf6-49ac-9508-595..., executionSessionId: 8e9303ed-b899-4a23-9706-9eb...}, katalon:options: {executionId: 2aef68cf-3bf6-49ac-9508-595..., executionSessionId: 8e9303ed-b899-4a23-9706-9eb..., group: 9ab6bac5-1cc1-4a31-be02-e95..., metadata: {accountUuid: fda32340-531c-49aa-a0b7-40d..., organizationId: 1906073, usingTunnel: false}, organizationId: 1906073, runFromTestCloud: true, tenant: TestOps, tunnelMetadataId: 47bf9c75-9831-4539-a455-bf2..., userId: 1648280, username: innocent.beaver.duja@instan..., usingTunnel: true}, kt:requestId: 8e9303ed-b899-4a23-9706-9eb..., kt:rid: 8e9303ed-b899-4a23-9706-9eb..., networkConnectionEnabled: false, pageLoadStrategy: normal, platform: WINDOWS, platformName: WINDOWS, proxy: Proxy(), se:bidiEnabled: false, se:cdpEnabled: false, setWindowRect: true, strictFileInteractability: false, timeouts: {implicit: 0, pageLoad: 300000, script: 30000}, unhandledPromptBehavior: dismiss and notify, webauthn:extension:credBlob: true, webauthn:extension:largeBlob: true, webauthn:extension:minPinLength: true, webauthn:extension:prf: true, webauthn:virtualAuthenticators: true}
Session ID: 42b521d68d5b4bdf4484d9a77e20630e
*** Element info: {Using=xpath, value=//input[@id=&amp;apos;user-name&amp;apos;]}
	at java.base/jdk.internal.reflect.NativeConstructorAccessorImpl.newInstance0(Native Method)
	at java.base/jdk.internal.reflect.NativeConstructorAccessorImpl.newInstance(NativeConstructorAccessorImpl.java:77)
	at java.base/jdk.internal.reflect.DelegatingConstructorAccessorImpl.newInstance(DelegatingConstructorAccessorImpl.java:45)
	at org.openqa.selenium.remote.http.W3CHttpResponseCodec.createException(W3CHttpResponseCodec.java:187)
	at org.openqa.selenium.remote.http.W3CHttpResponseCodec.decode(W3CHttpResponseCodec.java:122)
	at org.openqa.selenium.remote.http.W3CHttpResponseCodec.decode(W3CHttpResponseCodec.java:49)
	at org.openqa.selenium.remote.HttpCommandExecutor.execute(HttpCommandExecutor.java:158)
	at org.openqa.selenium.remote.RemoteWebDriver.execute(RemoteWebDriver.java:552)
	at com.kms.katalon.selenium.driver.CRemoteWebDriver.execute(CRemoteWebDriver.java:30)
	at org.openqa.selenium.remote.RemoteWebDriver.findElements(RemoteWebDriver.java:353)
	at org.openqa.selenium.remote.RemoteWebDriver.findElementsByXPath(RemoteWebDriver.java:432)
	at org.openqa.selenium.By$ByXPath.findElements(By.java:348)
	at org.openqa.selenium.remote.RemoteWebDriver.findElements(RemoteWebDriver.java:311)
	at jdk.internal.reflect.GeneratedMethodAccessor8.invoke(Unknown Source)
	at java.base/jdk.internal.reflect.DelegatingMethodAccessorImpl.invoke(DelegatingMethodAccessorImpl.java:43)
	at org.openqa.selenium.support.events.EventFiringWebDriver.lambda$new$1(EventFiringWebDriver.java:105)
	at jdk.proxy2/jdk.proxy2.$Proxy23.findElements(Unknown Source)
	at org.openqa.selenium.support.events.EventFiringWebDriver.findElements(EventFiringWebDriver.java:182)
	at com.kms.katalon.core.webui.common.WebUiCommonHelper.findElementByNormalMethods(WebUiCommonHelper.java:1033)
	at com.kms.katalon.core.webui.common.WebUiCommonHelper.findElementsBySelectedMethod(WebUiCommonHelper.java:924)
	at com.kms.katalon.core.webui.common.WebUiCommonHelper.findElementsBySelectedMethod(WebUiCommonHelper.java:906)
	at com.kms.katalon.core.webui.common.WebUiCommonHelper.findElementsBySelectedMethod(WebUiCommonHelper.java:901)
	at com.kms.katalon.core.webui.common.WebUiCommonHelper.findElementsByDefault(WebUiCommonHelper.java:897)
	at com.kms.katalon.core.webui.common.WebUiCommonHelper.findElementsWithSelfHealing(WebUiCommonHelper.java:743)
	at com.kms.katalon.core.webui.common.WebUiCommonHelper.findWebElements(WebUiCommonHelper.java:727)
	at com.kms.katalon.core.webui.common.WebUiCommonHelper.findWebElement(WebUiCommonHelper.java:1413)
	at com.kms.katalon.core.webui.keyword.internal.WebUIAbstractKeyword.findWebElement(WebUIAbstractKeyword.groovy:27)
	at com.kms.katalon.core.webui.keyword.internal.WebUIAbstractKeyword.findWebElement(WebUIAbstractKeyword.groovy:26)
	at com.kms.katalon.core.webui.keyword.builtin.SetTextKeyword$_setText_closure1.doCall(SetTextKeyword.groovy:53)
	at com.kms.katalon.core.webui.keyword.builtin.SetTextKeyword$_setText_closure1.call(SetTextKeyword.groovy)
	at com.kms.katalon.core.webui.keyword.internal.WebUIKeywordMain.runKeyword(WebUIKeywordMain.groovy:35)
	at com.kms.katalon.core.webui.keyword.builtin.SetTextKeyword.setText(SetTextKeyword.groovy:85)
	at com.kms.katalon.core.webui.keyword.builtin.SetTextKeyword.execute(SetTextKeyword.groovy:39)
	at com.kms.katalon.core.keyword.internal.KeywordExecutor.executeKeywordForPlatform(KeywordExecutor.groovy:74)
	at com.kms.katalon.core.webui.keyword.WebUiBuiltInKeywords.setText(WebUiBuiltInKeywords.groovy:1019)
	at com.test.swaglabs.CustomLogin.WebLoginFifthAccount(CustomLogin.groovy:71)
	at java.base/jdk.internal.reflect.NativeMethodAccessorImpl.invoke0(Native Method)
	at java.base/jdk.internal.reflect.NativeMethodAccessorImpl.invoke(NativeMethodAccessorImpl.java:77)
	at java.base/jdk.internal.reflect.DelegatingMethodAccessorImpl.invoke(DelegatingMethodAccessorImpl.java:43)
	at com.kms.katalon.core.main.CustomKeywordDelegatingMetaClass.invokeStaticMethod(CustomKeywordDelegatingMetaClass.java:55)
	at Script1738220888053.run(Script1738220888053.groovy:24)
	... 15 more
)</message>
  <nestedLevel>1</nestedLevel>
  <escapedJava>false</escapedJava>
  <property name="failed.exception.class">org.openqa.selenium.NoSuchSessionException</property>
  <property name="failed.exception.stacktrace">org.openqa.selenium.NoSuchSessionException: invalid session id: session deleted as the browser has closed the connection
from disconnected: Unable to receive message from renderer
  (Session info: chrome=133.0.6847.2)
Build info: version: &apos;3.141.59&apos;, revision: &apos;unknown&apos;, time: &apos;unknown&apos;
System info: host: &apos;LAPTOP-5GQHVTHK&apos;, ip: &apos;192.168.0.101&apos;, os.name: &apos;Windows 11&apos;, os.arch: &apos;amd64&apos;, os.version: &apos;10.0&apos;, java.version: &apos;17.0.7&apos;
Driver info: com.kms.katalon.selenium.driver.CRemoteWebDriver
Capabilities {acceptInsecureCerts: false, browserName: chrome, browserVersion: 133.0.6847.2, chrome: {chromedriverVersion: 133.0.6847.2 (7e95e23d2d1f8..., userDataDir: C:\Program Files\scoped_dir...}, fedcm:accounts: true, goog:chromeOptions: {debuggerAddress: localhost:9225}, javascriptEnabled: true, katalon:caps: {executionId: 2aef68cf-3bf6-49ac-9508-595..., executionSessionId: 8e9303ed-b899-4a23-9706-9eb...}, katalon:options: {executionId: 2aef68cf-3bf6-49ac-9508-595..., executionSessionId: 8e9303ed-b899-4a23-9706-9eb..., group: 9ab6bac5-1cc1-4a31-be02-e95..., metadata: {accountUuid: fda32340-531c-49aa-a0b7-40d..., organizationId: 1906073, usingTunnel: false}, organizationId: 1906073, runFromTestCloud: true, tenant: TestOps, tunnelMetadataId: 47bf9c75-9831-4539-a455-bf2..., userId: 1648280, username: innocent.beaver.duja@instan..., usingTunnel: true}, kt:requestId: 8e9303ed-b899-4a23-9706-9eb..., kt:rid: 8e9303ed-b899-4a23-9706-9eb..., networkConnectionEnabled: false, pageLoadStrategy: normal, platform: WINDOWS, platformName: WINDOWS, proxy: Proxy(), se:bidiEnabled: false, se:cdpEnabled: false, setWindowRect: true, strictFileInteractability: false, timeouts: {implicit: 0, pageLoad: 300000, script: 30000}, unhandledPromptBehavior: dismiss and notify, webauthn:extension:credBlob: true, webauthn:extension:largeBlob: true, webauthn:extension:minPinLength: true, webauthn:extension:prf: true, webauthn:virtualAuthenticators: true}
Session ID: 42b521d68d5b4bdf4484d9a77e20630e
*** Element info: {Using=xpath, value=//input[@id=&apos;user-name&apos;]}
	at java.base/jdk.internal.reflect.NativeConstructorAccessorImpl.newInstance0(Native Method)
	at java.base/jdk.internal.reflect.NativeConstructorAccessorImpl.newInstance(NativeConstructorAccessorImpl.java:77)
	at java.base/jdk.internal.reflect.DelegatingConstructorAccessorImpl.newInstance(DelegatingConstructorAccessorImpl.java:45)
	at org.openqa.selenium.remote.http.W3CHttpResponseCodec.createException(W3CHttpResponseCodec.java:187)
	at org.openqa.selenium.remote.http.W3CHttpResponseCodec.decode(W3CHttpResponseCodec.java:122)
	at org.openqa.selenium.remote.http.W3CHttpResponseCodec.decode(W3CHttpResponseCodec.java:49)
	at org.openqa.selenium.remote.HttpCommandExecutor.execute(HttpCommandExecutor.java:158)
	at org.openqa.selenium.remote.RemoteWebDriver.execute(RemoteWebDriver.java:552)
	at com.kms.katalon.selenium.driver.CRemoteWebDriver.execute(CRemoteWebDriver.java:30)
	at org.openqa.selenium.remote.RemoteWebDriver.findElements(RemoteWebDriver.java:353)
	at org.openqa.selenium.remote.RemoteWebDriver.findElementsByXPath(RemoteWebDriver.java:432)
	at org.openqa.selenium.By$ByXPath.findElements(By.java:348)
	at org.openqa.selenium.remote.RemoteWebDriver.findElements(RemoteWebDriver.java:311)
	at jdk.internal.reflect.GeneratedMethodAccessor8.invoke(Unknown Source)
	at java.base/jdk.internal.reflect.DelegatingMethodAccessorImpl.invoke(DelegatingMethodAccessorImpl.java:43)
	at org.openqa.selenium.support.events.EventFiringWebDriver.lambda$new$1(EventFiringWebDriver.java:105)
	at jdk.proxy2/jdk.proxy2.$Proxy23.findElements(Unknown Source)
	at org.openqa.selenium.support.events.EventFiringWebDriver.findElements(EventFiringWebDriver.java:182)
	at com.kms.katalon.core.webui.common.WebUiCommonHelper.findElementByNormalMethods(WebUiCommonHelper.java:1033)
	at com.kms.katalon.core.webui.common.WebUiCommonHelper.findElementsBySelectedMethod(WebUiCommonHelper.java:924)
	at com.kms.katalon.core.webui.common.WebUiCommonHelper.findElementsBySelectedMethod(WebUiCommonHelper.java:906)
	at com.kms.katalon.core.webui.common.WebUiCommonHelper.findElementsBySelectedMethod(WebUiCommonHelper.java:901)
	at com.kms.katalon.core.webui.common.WebUiCommonHelper.findElementsByDefault(WebUiCommonHelper.java:897)
	at com.kms.katalon.core.webui.common.WebUiCommonHelper.findElementsWithSelfHealing(WebUiCommonHelper.java:743)
	at com.kms.katalon.core.webui.common.WebUiCommonHelper.findWebElements(WebUiCommonHelper.java:727)
	at com.kms.katalon.core.webui.common.WebUiCommonHelper.findWebElement(WebUiCommonHelper.java:1413)
	at com.kms.katalon.core.webui.keyword.internal.WebUIAbstractKeyword.findWebElement(WebUIAbstractKeyword.groovy:27)
	at com.kms.katalon.core.webui.keyword.internal.WebUIAbstractKeyword.findWebElement(WebUIAbstractKeyword.groovy:26)
	at com.kms.katalon.core.webui.keyword.builtin.SetTextKeyword$_setText_closure1.doCall(SetTextKeyword.groovy:53)
	at com.kms.katalon.core.webui.keyword.builtin.SetTextKeyword$_setText_closure1.call(SetTextKeyword.groovy)
	at com.kms.katalon.core.webui.keyword.internal.WebUIKeywordMain.runKeyword(WebUIKeywordMain.groovy:35)
	at com.kms.katalon.core.webui.keyword.builtin.SetTextKeyword.setText(SetTextKeyword.groovy:85)
	at com.kms.katalon.core.webui.keyword.builtin.SetTextKeyword.execute(SetTextKeyword.groovy:39)
	at com.kms.katalon.core.keyword.internal.KeywordExecutor.executeKeywordForPlatform(KeywordExecutor.groovy:74)
	at com.kms.katalon.core.webui.keyword.WebUiBuiltInKeywords.setText(WebUiBuiltInKeywords.groovy:1019)
	at com.test.swaglabs.CustomLogin.WebLoginFifthAccount(CustomLogin.groovy:71)
	at java.base/jdk.internal.reflect.NativeMethodAccessorImpl.invoke0(Native Method)
	at java.base/jdk.internal.reflect.NativeMethodAccessorImpl.invoke(NativeMethodAccessorImpl.java:77)
	at java.base/jdk.internal.reflect.DelegatingMethodAccessorImpl.invoke(DelegatingMethodAccessorImpl.java:43)
	at com.kms.katalon.core.main.CustomKeywordDelegatingMetaClass.invokeStaticMethod(CustomKeywordDelegatingMetaClass.java:55)
	at Login by Fifth Account - error_user.run(Login by Fifth Account - error_user:24)
	at com.kms.katalon.core.main.ScriptEngine.run(ScriptEngine.java:194)
	at com.kms.katalon.core.main.ScriptEngine.runScriptAsRawText(ScriptEngine.java:119)
	at com.kms.katalon.core.main.TestCaseExecutor.runScript(TestCaseExecutor.java:448)
	at com.kms.katalon.core.main.TestCaseExecutor.doExecute(TestCaseExecutor.java:439)
	at com.kms.katalon.core.main.TestCaseExecutor.processExecutionPhase(TestCaseExecutor.java:418)
	at com.kms.katalon.core.main.TestCaseExecutor.accessMainPhase(TestCaseExecutor.java:410)
	at com.kms.katalon.core.main.TestCaseExecutor.execute(TestCaseExecutor.java:285)
	at com.kms.katalon.core.common.CommonExecutor.accessTestCaseMainPhase(CommonExecutor.java:65)
	at com.kms.katalon.core.main.TestSuiteExecutor.accessTestSuiteMainPhase(TestSuiteExecutor.java:150)
	at com.kms.katalon.core.main.TestSuiteExecutor.execute(TestSuiteExecutor.java:106)
	at com.kms.katalon.core.main.TestCaseMain.startTestSuite(TestCaseMain.java:180)
	at TempTestSuite1738334733685.run(TempTestSuite1738334733685.groovy:35)
	at java.base/jdk.internal.reflect.NativeMethodAccessorImpl.invoke0(Native Method)
	at java.base/jdk.internal.reflect.NativeMethodAccessorImpl.invoke(NativeMethodAccessorImpl.java:77)
	at java.base/jdk.internal.reflect.DelegatingMethodAccessorImpl.invoke(DelegatingMethodAccessorImpl.java:43)
</property>
  <property name="failed.exception.message">invalid session id: session deleted as the browser has closed the connection
from disconnected: Unable to receive message from renderer
  (Session info: chrome=133.0.6847.2)
Build info: version: &apos;3.141.59&apos;, revision: &apos;unknown&apos;, time: &apos;unknown&apos;
System info: host: &apos;LAPTOP-5GQHVTHK&apos;, ip: &apos;192.168.0.101&apos;, os.name: &apos;Windows 11&apos;, os.arch: &apos;amd64&apos;, os.version: &apos;10.0&apos;, java.version: &apos;17.0.7&apos;
Driver info: com.kms.katalon.selenium.driver.CRemoteWebDriver
Capabilities {acceptInsecureCerts: false, browserName: chrome, browserVersion: 133.0.6847.2, chrome: {chromedriverVersion: 133.0.6847.2 (7e95e23d2d1f8..., userDataDir: C:\Program Files\scoped_dir...}, fedcm:accounts: true, goog:chromeOptions: {debuggerAddress: localhost:9225}, javascriptEnabled: true, katalon:caps: {executionId: 2aef68cf-3bf6-49ac-9508-595..., executionSessionId: 8e9303ed-b899-4a23-9706-9eb...}, katalon:options: {executionId: 2aef68cf-3bf6-49ac-9508-595..., executionSessionId: 8e9303ed-b899-4a23-9706-9eb..., group: 9ab6bac5-1cc1-4a31-be02-e95..., metadata: {accountUuid: fda32340-531c-49aa-a0b7-40d..., organizationId: 1906073, usingTunnel: false}, organizationId: 1906073, runFromTestCloud: true, tenant: TestOps, tunnelMetadataId: 47bf9c75-9831-4539-a455-bf2..., userId: 1648280, username: innocent.beaver.duja@instan..., usingTunnel: true}, kt:requestId: 8e9303ed-b899-4a23-9706-9eb..., kt:rid: 8e9303ed-b899-4a23-9706-9eb..., networkConnectionEnabled: false, pageLoadStrategy: normal, platform: WINDOWS, platformName: WINDOWS, proxy: Proxy(), se:bidiEnabled: false, se:cdpEnabled: false, setWindowRect: true, strictFileInteractability: false, timeouts: {implicit: 0, pageLoad: 300000, script: 30000}, unhandledPromptBehavior: dismiss and notify, webauthn:extension:credBlob: true, webauthn:extension:largeBlob: true, webauthn:extension:minPinLength: true, webauthn:extension:prf: true, webauthn:virtualAuthenticators: true}
Session ID: 42b521d68d5b4bdf4484d9a77e20630e
*** Element info: {Using=xpath, value=//input[@id=&apos;user-name&apos;]}</property>
</record>
<record>
  <date>2025-01-31T14:46:39.354547200Z</date>
  <millis>1738334799354</millis>
  <nanos>547200</nanos>
  <sequence>84</sequence>
  <level>FAILED</level>
  <class>com.kms.katalon.core.logging.XmlKeywordLogger</class>
  <method>logMessage</method>
  <thread>1</thread>
  <message>Unable to set text &amp;apos;error_user&amp;apos; of object &amp;apos;Object Repository/Page_Swag Labs/input_Swag Labs_user-name&amp;apos;</message>
  <nestedLevel>1</nestedLevel>
  <escapedJava>false</escapedJava>
  <property name="failed.exception.class">org.openqa.selenium.NoSuchSessionException</property>
  <property name="failed.exception.stacktrace">org.openqa.selenium.NoSuchSessionException: invalid session id: session deleted as the browser has closed the connection
from disconnected: Unable to receive message from renderer
  (Session info: chrome=133.0.6847.2)
Build info: version: &apos;3.141.59&apos;, revision: &apos;unknown&apos;, time: &apos;unknown&apos;
System info: host: &apos;LAPTOP-5GQHVTHK&apos;, ip: &apos;192.168.0.101&apos;, os.name: &apos;Windows 11&apos;, os.arch: &apos;amd64&apos;, os.version: &apos;10.0&apos;, java.version: &apos;17.0.7&apos;
Driver info: com.kms.katalon.selenium.driver.CRemoteWebDriver
Capabilities {acceptInsecureCerts: false, browserName: chrome, browserVersion: 133.0.6847.2, chrome: {chromedriverVersion: 133.0.6847.2 (7e95e23d2d1f8..., userDataDir: C:\Program Files\scoped_dir...}, fedcm:accounts: true, goog:chromeOptions: {debuggerAddress: localhost:9225}, javascriptEnabled: true, katalon:caps: {executionId: 2aef68cf-3bf6-49ac-9508-595..., executionSessionId: 8e9303ed-b899-4a23-9706-9eb...}, katalon:options: {executionId: 2aef68cf-3bf6-49ac-9508-595..., executionSessionId: 8e9303ed-b899-4a23-9706-9eb..., group: 9ab6bac5-1cc1-4a31-be02-e95..., metadata: {accountUuid: fda32340-531c-49aa-a0b7-40d..., organizationId: 1906073, usingTunnel: false}, organizationId: 1906073, runFromTestCloud: true, tenant: TestOps, tunnelMetadataId: 47bf9c75-9831-4539-a455-bf2..., userId: 1648280, username: innocent.beaver.duja@instan..., usingTunnel: true}, kt:requestId: 8e9303ed-b899-4a23-9706-9eb..., kt:rid: 8e9303ed-b899-4a23-9706-9eb..., networkConnectionEnabled: false, pageLoadStrategy: normal, platform: WINDOWS, platformName: WINDOWS, proxy: Proxy(), se:bidiEnabled: false, se:cdpEnabled: false, setWindowRect: true, strictFileInteractability: false, timeouts: {implicit: 0, pageLoad: 300000, script: 30000}, unhandledPromptBehavior: dismiss and notify, webauthn:extension:credBlob: true, webauthn:extension:largeBlob: true, webauthn:extension:minPinLength: true, webauthn:extension:prf: true, webauthn:virtualAuthenticators: true}
Session ID: 42b521d68d5b4bdf4484d9a77e20630e
*** Element info: {Using=xpath, value=//input[@id=&apos;user-name&apos;]}
	at java.base/jdk.internal.reflect.NativeConstructorAccessorImpl.newInstance0(Native Method)
	at java.base/jdk.internal.reflect.NativeConstructorAccessorImpl.newInstance(NativeConstructorAccessorImpl.java:77)
	at java.base/jdk.internal.reflect.DelegatingConstructorAccessorImpl.newInstance(DelegatingConstructorAccessorImpl.java:45)
	at org.openqa.selenium.remote.http.W3CHttpResponseCodec.createException(W3CHttpResponseCodec.java:187)
	at org.openqa.selenium.remote.http.W3CHttpResponseCodec.decode(W3CHttpResponseCodec.java:122)
	at org.openqa.selenium.remote.http.W3CHttpResponseCodec.decode(W3CHttpResponseCodec.java:49)
	at org.openqa.selenium.remote.HttpCommandExecutor.execute(HttpCommandExecutor.java:158)
	at org.openqa.selenium.remote.RemoteWebDriver.execute(RemoteWebDriver.java:552)
	at com.kms.katalon.selenium.driver.CRemoteWebDriver.execute(CRemoteWebDriver.java:30)
	at org.openqa.selenium.remote.RemoteWebDriver.findElements(RemoteWebDriver.java:353)
	at org.openqa.selenium.remote.RemoteWebDriver.findElementsByXPath(RemoteWebDriver.java:432)
	at org.openqa.selenium.By$ByXPath.findElements(By.java:348)
	at org.openqa.selenium.remote.RemoteWebDriver.findElements(RemoteWebDriver.java:311)
	at jdk.internal.reflect.GeneratedMethodAccessor8.invoke(Unknown Source)
	at java.base/jdk.internal.reflect.DelegatingMethodAccessorImpl.invoke(DelegatingMethodAccessorImpl.java:43)
	at org.openqa.selenium.support.events.EventFiringWebDriver.lambda$new$1(EventFiringWebDriver.java:105)
	at jdk.proxy2/jdk.proxy2.$Proxy23.findElements(Unknown Source)
	at org.openqa.selenium.support.events.EventFiringWebDriver.findElements(EventFiringWebDriver.java:182)
	at com.kms.katalon.core.webui.common.WebUiCommonHelper.findElementByNormalMethods(WebUiCommonHelper.java:1033)
	at com.kms.katalon.core.webui.common.WebUiCommonHelper.findElementsBySelectedMethod(WebUiCommonHelper.java:924)
	at com.kms.katalon.core.webui.common.WebUiCommonHelper.findElementsBySelectedMethod(WebUiCommonHelper.java:906)
	at com.kms.katalon.core.webui.common.WebUiCommonHelper.findElementsBySelectedMethod(WebUiCommonHelper.java:901)
	at com.kms.katalon.core.webui.common.WebUiCommonHelper.findElementsByDefault(WebUiCommonHelper.java:897)
	at com.kms.katalon.core.webui.common.WebUiCommonHelper.findElementsWithSelfHealing(WebUiCommonHelper.java:743)
	at com.kms.katalon.core.webui.common.WebUiCommonHelper.findWebElements(WebUiCommonHelper.java:727)
	at com.kms.katalon.core.webui.common.WebUiCommonHelper.findWebElement(WebUiCommonHelper.java:1413)
	at com.kms.katalon.core.webui.keyword.internal.WebUIAbstractKeyword.findWebElement(WebUIAbstractKeyword.groovy:27)
	at com.kms.katalon.core.webui.keyword.internal.WebUIAbstractKeyword.findWebElement(WebUIAbstractKeyword.groovy:26)
	at com.kms.katalon.core.webui.keyword.builtin.SetTextKeyword$_setText_closure1.doCall(SetTextKeyword.groovy:53)
	at com.kms.katalon.core.webui.keyword.builtin.SetTextKeyword$_setText_closure1.call(SetTextKeyword.groovy)
	at com.kms.katalon.core.webui.keyword.internal.WebUIKeywordMain.runKeyword(WebUIKeywordMain.groovy:35)
	at com.kms.katalon.core.webui.keyword.builtin.SetTextKeyword.setText(SetTextKeyword.groovy:85)
	at com.kms.katalon.core.webui.keyword.builtin.SetTextKeyword.execute(SetTextKeyword.groovy:39)
	at com.kms.katalon.core.keyword.internal.KeywordExecutor.executeKeywordForPlatform(KeywordExecutor.groovy:74)
	at com.kms.katalon.core.webui.keyword.WebUiBuiltInKeywords.setText(WebUiBuiltInKeywords.groovy:1019)
	at com.test.swaglabs.CustomLogin.WebLoginFifthAccount(CustomLogin.groovy:71)
	at java.base/jdk.internal.reflect.NativeMethodAccessorImpl.invoke0(Native Method)
	at java.base/jdk.internal.reflect.NativeMethodAccessorImpl.invoke(NativeMethodAccessorImpl.java:77)
	at java.base/jdk.internal.reflect.DelegatingMethodAccessorImpl.invoke(DelegatingMethodAccessorImpl.java:43)
	at com.kms.katalon.core.main.CustomKeywordDelegatingMetaClass.invokeStaticMethod(CustomKeywordDelegatingMetaClass.java:55)
	at Login by Fifth Account - error_user.run(Login by Fifth Account - error_user:24)
	at com.kms.katalon.core.main.ScriptEngine.run(ScriptEngine.java:194)
	at com.kms.katalon.core.main.ScriptEngine.runScriptAsRawText(ScriptEngine.java:119)
	at com.kms.katalon.core.main.TestCaseExecutor.runScript(TestCaseExecutor.java:448)
	at com.kms.katalon.core.main.TestCaseExecutor.doExecute(TestCaseExecutor.java:439)
	at com.kms.katalon.core.main.TestCaseExecutor.processExecutionPhase(TestCaseExecutor.java:418)
	at com.kms.katalon.core.main.TestCaseExecutor.accessMainPhase(TestCaseExecutor.java:410)
	at com.kms.katalon.core.main.TestCaseExecutor.execute(TestCaseExecutor.java:285)
	at com.kms.katalon.core.common.CommonExecutor.accessTestCaseMainPhase(CommonExecutor.java:65)
	at com.kms.katalon.core.main.TestSuiteExecutor.accessTestSuiteMainPhase(TestSuiteExecutor.java:150)
	at com.kms.katalon.core.main.TestSuiteExecutor.execute(TestSuiteExecutor.java:106)
	at com.kms.katalon.core.main.TestCaseMain.startTestSuite(TestCaseMain.java:180)
	at TempTestSuite1738334733685.run(TempTestSuite1738334733685.groovy:35)
	at java.base/jdk.internal.reflect.NativeMethodAccessorImpl.invoke0(Native Method)
	at java.base/jdk.internal.reflect.NativeMethodAccessorImpl.invoke(NativeMethodAccessorImpl.java:77)
	at java.base/jdk.internal.reflect.DelegatingMethodAccessorImpl.invoke(DelegatingMethodAccessorImpl.java:43)
</property>
  <property name="failed.exception.message">invalid session id: session deleted as the browser has closed the connection
from disconnected: Unable to receive message from renderer
  (Session info: chrome=133.0.6847.2)
Build info: version: &apos;3.141.59&apos;, revision: &apos;unknown&apos;, time: &apos;unknown&apos;
System info: host: &apos;LAPTOP-5GQHVTHK&apos;, ip: &apos;192.168.0.101&apos;, os.name: &apos;Windows 11&apos;, os.arch: &apos;amd64&apos;, os.version: &apos;10.0&apos;, java.version: &apos;17.0.7&apos;
Driver info: com.kms.katalon.selenium.driver.CRemoteWebDriver
Capabilities {acceptInsecureCerts: false, browserName: chrome, browserVersion: 133.0.6847.2, chrome: {chromedriverVersion: 133.0.6847.2 (7e95e23d2d1f8..., userDataDir: C:\Program Files\scoped_dir...}, fedcm:accounts: true, goog:chromeOptions: {debuggerAddress: localhost:9225}, javascriptEnabled: true, katalon:caps: {executionId: 2aef68cf-3bf6-49ac-9508-595..., executionSessionId: 8e9303ed-b899-4a23-9706-9eb...}, katalon:options: {executionId: 2aef68cf-3bf6-49ac-9508-595..., executionSessionId: 8e9303ed-b899-4a23-9706-9eb..., group: 9ab6bac5-1cc1-4a31-be02-e95..., metadata: {accountUuid: fda32340-531c-49aa-a0b7-40d..., organizationId: 1906073, usingTunnel: false}, organizationId: 1906073, runFromTestCloud: true, tenant: TestOps, tunnelMetadataId: 47bf9c75-9831-4539-a455-bf2..., userId: 1648280, username: innocent.beaver.duja@instan..., usingTunnel: true}, kt:requestId: 8e9303ed-b899-4a23-9706-9eb..., kt:rid: 8e9303ed-b899-4a23-9706-9eb..., networkConnectionEnabled: false, pageLoadStrategy: normal, platform: WINDOWS, platformName: WINDOWS, proxy: Proxy(), se:bidiEnabled: false, se:cdpEnabled: false, setWindowRect: true, strictFileInteractability: false, timeouts: {implicit: 0, pageLoad: 300000, script: 30000}, unhandledPromptBehavior: dismiss and notify, webauthn:extension:credBlob: true, webauthn:extension:largeBlob: true, webauthn:extension:minPinLength: true, webauthn:extension:prf: true, webauthn:virtualAuthenticators: true}
Session ID: 42b521d68d5b4bdf4484d9a77e20630e
*** Element info: {Using=xpath, value=//input[@id=&apos;user-name&apos;]}</property>
</record>
<record>
  <date>2025-01-31T14:46:39.357547700Z</date>
  <millis>1738334799357</millis>
  <nanos>547700</nanos>
  <sequence>87</sequence>
  <level>END</level>
  <class>com.kms.katalon.core.logging.XmlKeywordLogger</class>
  <method>endKeyword</method>
  <thread>1</thread>
  <message>End action : com.test.swaglabs.CustomLogin.WebLoginFifthAccount()</message>
  <nestedLevel>1</nestedLevel>
  <escapedJava>false</escapedJava>
</record>
<record>
  <date>2025-01-31T14:46:39.359546900Z</date>
  <millis>1738334799359</millis>
  <nanos>546900</nanos>
  <sequence>90</sequence>
  <level>FAILED</level>
  <class>com.kms.katalon.core.logging.XmlKeywordLogger</class>
  <method>logMessage</method>
  <thread>1</thread>
  <message>Test Cases/Login by Fifth Account - error_user FAILED.
Reason:
com.kms.katalon.core.exception.StepFailedException: Unable to set text &amp;apos;error_user&amp;apos; of object &amp;apos;Object Repository/Page_Swag Labs/input_Swag Labs_user-name&amp;apos;
	at com.kms.katalon.core.webui.keyword.internal.WebUIKeywordMain.stepFailed(WebUIKeywordMain.groovy:117)
	at com.kms.katalon.core.webui.keyword.internal.WebUIKeywordMain.runKeyword(WebUIKeywordMain.groovy:43)
	at com.kms.katalon.core.webui.keyword.builtin.SetTextKeyword.setText(SetTextKeyword.groovy:85)
	at com.kms.katalon.core.webui.keyword.builtin.SetTextKeyword.execute(SetTextKeyword.groovy:39)
	at com.kms.katalon.core.keyword.internal.KeywordExecutor.executeKeywordForPlatform(KeywordExecutor.groovy:74)
	at com.kms.katalon.core.webui.keyword.WebUiBuiltInKeywords.setText(WebUiBuiltInKeywords.groovy:1019)
	at com.test.swaglabs.CustomLogin.WebLoginFifthAccount(CustomLogin.groovy:71)
	at java.base/jdk.internal.reflect.NativeMethodAccessorImpl.invoke0(Native Method)
	at java.base/jdk.internal.reflect.NativeMethodAccessorImpl.invoke(NativeMethodAccessorImpl.java:77)
	at java.base/jdk.internal.reflect.DelegatingMethodAccessorImpl.invoke(DelegatingMethodAccessorImpl.java:43)
	at com.kms.katalon.core.main.CustomKeywordDelegatingMetaClass.invokeStaticMethod(CustomKeywordDelegatingMetaClass.java:55)
	at Login by Fifth Account - error_user.run(Login by Fifth Account - error_user:24)
	at com.kms.katalon.core.main.ScriptEngine.run(ScriptEngine.java:194)
	at com.kms.katalon.core.main.ScriptEngine.runScriptAsRawText(ScriptEngine.java:119)
	at com.kms.katalon.core.main.TestCaseExecutor.runScript(TestCaseExecutor.java:448)
	at com.kms.katalon.core.main.TestCaseExecutor.doExecute(TestCaseExecutor.java:439)
	at com.kms.katalon.core.main.TestCaseExecutor.processExecutionPhase(TestCaseExecutor.java:418)
	at com.kms.katalon.core.main.TestCaseExecutor.accessMainPhase(TestCaseExecutor.java:410)
	at com.kms.katalon.core.main.TestCaseExecutor.execute(TestCaseExecutor.java:285)
	at com.kms.katalon.core.common.CommonExecutor.accessTestCaseMainPhase(CommonExecutor.java:65)
	at com.kms.katalon.core.main.TestSuiteExecutor.accessTestSuiteMainPhase(TestSuiteExecutor.java:150)
	at com.kms.katalon.core.main.TestSuiteExecutor.execute(TestSuiteExecutor.java:106)
	at com.kms.katalon.core.main.TestCaseMain.startTestSuite(TestCaseMain.java:180)
	at TempTestSuite1738334733685.run(TempTestSuite1738334733685.groovy:35)
	at java.base/jdk.internal.reflect.NativeMethodAccessorImpl.invoke0(Native Method)
	at java.base/jdk.internal.reflect.NativeMethodAccessorImpl.invoke(NativeMethodAccessorImpl.java:77)
	at java.base/jdk.internal.reflect.DelegatingMethodAccessorImpl.invoke(DelegatingMethodAccessorImpl.java:43)
Caused by: org.openqa.selenium.NoSuchSessionException: invalid session id: session deleted as the browser has closed the connection
from disconnected: Unable to receive message from renderer
  (Session info: chrome=133.0.6847.2)
Build info: version: &amp;apos;3.141.59&amp;apos;, revision: &amp;apos;unknown&amp;apos;, time: &amp;apos;unknown&amp;apos;
System info: host: &amp;apos;LAPTOP-5GQHVTHK&amp;apos;, ip: &amp;apos;192.168.0.101&amp;apos;, os.name: &amp;apos;Windows 11&amp;apos;, os.arch: &amp;apos;amd64&amp;apos;, os.version: &amp;apos;10.0&amp;apos;, java.version: &amp;apos;17.0.7&amp;apos;
Driver info: com.kms.katalon.selenium.driver.CRemoteWebDriver
Capabilities {acceptInsecureCerts: false, browserName: chrome, browserVersion: 133.0.6847.2, chrome: {chromedriverVersion: 133.0.6847.2 (7e95e23d2d1f8..., userDataDir: C:\Program Files\scoped_dir...}, fedcm:accounts: true, goog:chromeOptions: {debuggerAddress: localhost:9225}, javascriptEnabled: true, katalon:caps: {executionId: 2aef68cf-3bf6-49ac-9508-595..., executionSessionId: 8e9303ed-b899-4a23-9706-9eb...}, katalon:options: {executionId: 2aef68cf-3bf6-49ac-9508-595..., executionSessionId: 8e9303ed-b899-4a23-9706-9eb..., group: 9ab6bac5-1cc1-4a31-be02-e95..., metadata: {accountUuid: fda32340-531c-49aa-a0b7-40d..., organizationId: 1906073, usingTunnel: false}, organizationId: 1906073, runFromTestCloud: true, tenant: TestOps, tunnelMetadataId: 47bf9c75-9831-4539-a455-bf2..., userId: 1648280, username: innocent.beaver.duja@instan..., usingTunnel: true}, kt:requestId: 8e9303ed-b899-4a23-9706-9eb..., kt:rid: 8e9303ed-b899-4a23-9706-9eb..., networkConnectionEnabled: false, pageLoadStrategy: normal, platform: WINDOWS, platformName: WINDOWS, proxy: Proxy(), se:bidiEnabled: false, se:cdpEnabled: false, setWindowRect: true, strictFileInteractability: false, timeouts: {implicit: 0, pageLoad: 300000, script: 30000}, unhandledPromptBehavior: dismiss and notify, webauthn:extension:credBlob: true, webauthn:extension:largeBlob: true, webauthn:extension:minPinLength: true, webauthn:extension:prf: true, webauthn:virtualAuthenticators: true}
Session ID: 42b521d68d5b4bdf4484d9a77e20630e
*** Element info: {Using=xpath, value=//input[@id=&amp;apos;user-name&amp;apos;]}
	at java.base/jdk.internal.reflect.NativeConstructorAccessorImpl.newInstance0(Native Method)
	at java.base/jdk.internal.reflect.NativeConstructorAccessorImpl.newInstance(NativeConstructorAccessorImpl.java:77)
	at java.base/jdk.internal.reflect.DelegatingConstructorAccessorImpl.newInstance(DelegatingConstructorAccessorImpl.java:45)
	at org.openqa.selenium.remote.http.W3CHttpResponseCodec.createException(W3CHttpResponseCodec.java:187)
	at org.openqa.selenium.remote.http.W3CHttpResponseCodec.decode(W3CHttpResponseCodec.java:122)
	at org.openqa.selenium.remote.http.W3CHttpResponseCodec.decode(W3CHttpResponseCodec.java:49)
	at org.openqa.selenium.remote.HttpCommandExecutor.execute(HttpCommandExecutor.java:158)
	at org.openqa.selenium.remote.RemoteWebDriver.execute(RemoteWebDriver.java:552)
	at com.kms.katalon.selenium.driver.CRemoteWebDriver.execute(CRemoteWebDriver.java:30)
	at org.openqa.selenium.remote.RemoteWebDriver.findElements(RemoteWebDriver.java:353)
	at org.openqa.selenium.remote.RemoteWebDriver.findElementsByXPath(RemoteWebDriver.java:432)
	at org.openqa.selenium.By$ByXPath.findElements(By.java:348)
	at org.openqa.selenium.remote.RemoteWebDriver.findElements(RemoteWebDriver.java:311)
	at jdk.internal.reflect.GeneratedMethodAccessor8.invoke(Unknown Source)
	at java.base/jdk.internal.reflect.DelegatingMethodAccessorImpl.invoke(DelegatingMethodAccessorImpl.java:43)
	at org.openqa.selenium.support.events.EventFiringWebDriver.lambda$new$1(EventFiringWebDriver.java:105)
	at jdk.proxy2/jdk.proxy2.$Proxy23.findElements(Unknown Source)
	at org.openqa.selenium.support.events.EventFiringWebDriver.findElements(EventFiringWebDriver.java:182)
	at com.kms.katalon.core.webui.common.WebUiCommonHelper.findElementByNormalMethods(WebUiCommonHelper.java:1033)
	at com.kms.katalon.core.webui.common.WebUiCommonHelper.findElementsBySelectedMethod(WebUiCommonHelper.java:924)
	at com.kms.katalon.core.webui.common.WebUiCommonHelper.findElementsBySelectedMethod(WebUiCommonHelper.java:906)
	at com.kms.katalon.core.webui.common.WebUiCommonHelper.findElementsBySelectedMethod(WebUiCommonHelper.java:901)
	at com.kms.katalon.core.webui.common.WebUiCommonHelper.findElementsByDefault(WebUiCommonHelper.java:897)
	at com.kms.katalon.core.webui.common.WebUiCommonHelper.findElementsWithSelfHealing(WebUiCommonHelper.java:743)
	at com.kms.katalon.core.webui.common.WebUiCommonHelper.findWebElements(WebUiCommonHelper.java:727)
	at com.kms.katalon.core.webui.common.WebUiCommonHelper.findWebElement(WebUiCommonHelper.java:1413)
	at com.kms.katalon.core.webui.keyword.internal.WebUIAbstractKeyword.findWebElement(WebUIAbstractKeyword.groovy:27)
	at com.kms.katalon.core.webui.keyword.internal.WebUIAbstractKeyword.findWebElement(WebUIAbstractKeyword.groovy:26)
	at com.kms.katalon.core.webui.keyword.builtin.SetTextKeyword$_setText_closure1.doCall(SetTextKeyword.groovy:53)
	at com.kms.katalon.core.webui.keyword.builtin.SetTextKeyword$_setText_closure1.call(SetTextKeyword.groovy)
	at com.kms.katalon.core.webui.keyword.internal.WebUIKeywordMain.runKeyword(WebUIKeywordMain.groovy:35)
	... 25 more
</message>
  <exception>
    <message>com.kms.katalon.core.exception.StepFailedException: Unable to set text 'error_user' of object 'Object Repository/Page_Swag Labs/input_Swag Labs_user-name'</message>
    <frame>
      <class>com.kms.katalon.core.webui.keyword.internal.WebUIKeywordMain</class>
      <method>stepFailed</method>
      <line>117</line>
    </frame>
    <frame>
      <class>com.kms.katalon.core.webui.keyword.internal.WebUIKeywordMain</class>
      <method>runKeyword</method>
      <line>43</line>
    </frame>
    <frame>
      <class>com.kms.katalon.core.webui.keyword.builtin.SetTextKeyword</class>
      <method>setText</method>
      <line>85</line>
    </frame>
    <frame>
      <class>com.kms.katalon.core.webui.keyword.builtin.SetTextKeyword</class>
      <method>execute</method>
      <line>39</line>
    </frame>
    <frame>
      <class>com.kms.katalon.core.keyword.internal.KeywordExecutor</class>
      <method>executeKeywordForPlatform</method>
      <line>74</line>
    </frame>
    <frame>
      <class>com.kms.katalon.core.webui.keyword.WebUiBuiltInKeywords</class>
      <method>setText</method>
      <line>1019</line>
    </frame>
    <frame>
      <class>com.test.swaglabs.CustomLogin</class>
      <method>WebLoginFifthAccount</method>
      <line>71</line>
    </frame>
    <frame>
      <class>jdk.internal.reflect.NativeMethodAccessorImpl</class>
      <method>invoke0</method>
    </frame>
    <frame>
      <class>jdk.internal.reflect.NativeMethodAccessorImpl</class>
      <method>invoke</method>
      <line>77</line>
    </frame>
    <frame>
      <class>jdk.internal.reflect.DelegatingMethodAccessorImpl</class>
      <method>invoke</method>
      <line>43</line>
    </frame>
    <frame>
      <class>com.kms.katalon.core.main.CustomKeywordDelegatingMetaClass</class>
      <method>invokeStaticMethod</method>
      <line>55</line>
    </frame>
    <frame>
      <class>Login by Fifth Account - error_user</class>
      <method>run</method>
      <line>24</line>
    </frame>
    <frame>
      <class>com.kms.katalon.core.main.ScriptEngine</class>
      <method>run</method>
      <line>194</line>
    </frame>
    <frame>
      <class>com.kms.katalon.core.main.ScriptEngine</class>
      <method>runScriptAsRawText</method>
      <line>119</line>
    </frame>
    <frame>
      <class>com.kms.katalon.core.main.TestCaseExecutor</class>
      <method>runScript</method>
      <line>448</line>
    </frame>
    <frame>
      <class>com.kms.katalon.core.main.TestCaseExecutor</class>
      <method>doExecute</method>
      <line>439</line>
    </frame>
    <frame>
      <class>com.kms.katalon.core.main.TestCaseExecutor</class>
      <method>processExecutionPhase</method>
      <line>418</line>
    </frame>
    <frame>
      <class>com.kms.katalon.core.main.TestCaseExecutor</class>
      <method>accessMainPhase</method>
      <line>410</line>
    </frame>
    <frame>
      <class>com.kms.katalon.core.main.TestCaseExecutor</class>
      <method>execute</method>
      <line>285</line>
    </frame>
    <frame>
      <class>com.kms.katalon.core.common.CommonExecutor</class>
      <method>accessTestCaseMainPhase</method>
      <line>65</line>
    </frame>
    <frame>
      <class>com.kms.katalon.core.main.TestSuiteExecutor</class>
      <method>accessTestSuiteMainPhase</method>
      <line>150</line>
    </frame>
    <frame>
      <class>com.kms.katalon.core.main.TestSuiteExecutor</class>
      <method>execute</method>
      <line>106</line>
    </frame>
    <frame>
      <class>com.kms.katalon.core.main.TestCaseMain</class>
      <method>startTestSuite</method>
      <line>180</line>
    </frame>
    <frame>
      <class>TempTestSuite1738334733685</class>
      <method>run</method>
      <line>35</line>
    </frame>
    <frame>
      <class>jdk.internal.reflect.NativeMethodAccessorImpl</class>
      <method>invoke0</method>
    </frame>
    <frame>
      <class>jdk.internal.reflect.NativeMethodAccessorImpl</class>
      <method>invoke</method>
      <line>77</line>
    </frame>
    <frame>
      <class>jdk.internal.reflect.DelegatingMethodAccessorImpl</class>
      <method>invoke</method>
      <line>43</line>
    </frame>
  </exception>
  <nestedLevel>0</nestedLevel>
  <escapedJava>false</escapedJava>
  <property name="failed.exception.stacktrace">org.openqa.selenium.NoSuchSessionException: invalid session id: session deleted as the browser has closed the connection
from disconnected: Unable to receive message from renderer
  (Session info: chrome=133.0.6847.2)
Build info: version: &apos;3.141.59&apos;, revision: &apos;unknown&apos;, time: &apos;unknown&apos;
System info: host: &apos;LAPTOP-5GQHVTHK&apos;, ip: &apos;192.168.0.101&apos;, os.name: &apos;Windows 11&apos;, os.arch: &apos;amd64&apos;, os.version: &apos;10.0&apos;, java.version: &apos;17.0.7&apos;
Driver info: com.kms.katalon.selenium.driver.CRemoteWebDriver
Capabilities {acceptInsecureCerts: false, browserName: chrome, browserVersion: 133.0.6847.2, chrome: {chromedriverVersion: 133.0.6847.2 (7e95e23d2d1f8..., userDataDir: C:\Program Files\scoped_dir...}, fedcm:accounts: true, goog:chromeOptions: {debuggerAddress: localhost:9225}, javascriptEnabled: true, katalon:caps: {executionId: 2aef68cf-3bf6-49ac-9508-595..., executionSessionId: 8e9303ed-b899-4a23-9706-9eb...}, katalon:options: {executionId: 2aef68cf-3bf6-49ac-9508-595..., executionSessionId: 8e9303ed-b899-4a23-9706-9eb..., group: 9ab6bac5-1cc1-4a31-be02-e95..., metadata: {accountUuid: fda32340-531c-49aa-a0b7-40d..., organizationId: 1906073, usingTunnel: false}, organizationId: 1906073, runFromTestCloud: true, tenant: TestOps, tunnelMetadataId: 47bf9c75-9831-4539-a455-bf2..., userId: 1648280, username: innocent.beaver.duja@instan..., usingTunnel: true}, kt:requestId: 8e9303ed-b899-4a23-9706-9eb..., kt:rid: 8e9303ed-b899-4a23-9706-9eb..., networkConnectionEnabled: false, pageLoadStrategy: normal, platform: WINDOWS, platformName: WINDOWS, proxy: Proxy(), se:bidiEnabled: false, se:cdpEnabled: false, setWindowRect: true, strictFileInteractability: false, timeouts: {implicit: 0, pageLoad: 300000, script: 30000}, unhandledPromptBehavior: dismiss and notify, webauthn:extension:credBlob: true, webauthn:extension:largeBlob: true, webauthn:extension:minPinLength: true, webauthn:extension:prf: true, webauthn:virtualAuthenticators: true}
Session ID: 42b521d68d5b4bdf4484d9a77e20630e
*** Element info: {Using=xpath, value=//input[@id=&apos;user-name&apos;]}
	at java.base/jdk.internal.reflect.NativeConstructorAccessorImpl.newInstance0(Native Method)
	at java.base/jdk.internal.reflect.NativeConstructorAccessorImpl.newInstance(NativeConstructorAccessorImpl.java:77)
	at java.base/jdk.internal.reflect.DelegatingConstructorAccessorImpl.newInstance(DelegatingConstructorAccessorImpl.java:45)
	at org.openqa.selenium.remote.http.W3CHttpResponseCodec.createException(W3CHttpResponseCodec.java:187)
	at org.openqa.selenium.remote.http.W3CHttpResponseCodec.decode(W3CHttpResponseCodec.java:122)
	at org.openqa.selenium.remote.http.W3CHttpResponseCodec.decode(W3CHttpResponseCodec.java:49)
	at org.openqa.selenium.remote.HttpCommandExecutor.execute(HttpCommandExecutor.java:158)
	at org.openqa.selenium.remote.RemoteWebDriver.execute(RemoteWebDriver.java:552)
	at com.kms.katalon.selenium.driver.CRemoteWebDriver.execute(CRemoteWebDriver.java:30)
	at org.openqa.selenium.remote.RemoteWebDriver.findElements(RemoteWebDriver.java:353)
	at org.openqa.selenium.remote.RemoteWebDriver.findElementsByXPath(RemoteWebDriver.java:432)
	at org.openqa.selenium.By$ByXPath.findElements(By.java:348)
	at org.openqa.selenium.remote.RemoteWebDriver.findElements(RemoteWebDriver.java:311)
	at jdk.internal.reflect.GeneratedMethodAccessor8.invoke(Unknown Source)
	at java.base/jdk.internal.reflect.DelegatingMethodAccessorImpl.invoke(DelegatingMethodAccessorImpl.java:43)
	at org.openqa.selenium.support.events.EventFiringWebDriver.lambda$new$1(EventFiringWebDriver.java:105)
	at jdk.proxy2/jdk.proxy2.$Proxy23.findElements(Unknown Source)
	at org.openqa.selenium.support.events.EventFiringWebDriver.findElements(EventFiringWebDriver.java:182)
	at com.kms.katalon.core.webui.common.WebUiCommonHelper.findElementByNormalMethods(WebUiCommonHelper.java:1033)
	at com.kms.katalon.core.webui.common.WebUiCommonHelper.findElementsBySelectedMethod(WebUiCommonHelper.java:924)
	at com.kms.katalon.core.webui.common.WebUiCommonHelper.findElementsBySelectedMethod(WebUiCommonHelper.java:906)
	at com.kms.katalon.core.webui.common.WebUiCommonHelper.findElementsBySelectedMethod(WebUiCommonHelper.java:901)
	at com.kms.katalon.core.webui.common.WebUiCommonHelper.findElementsByDefault(WebUiCommonHelper.java:897)
	at com.kms.katalon.core.webui.common.WebUiCommonHelper.findElementsWithSelfHealing(WebUiCommonHelper.java:743)
	at com.kms.katalon.core.webui.common.WebUiCommonHelper.findWebElements(WebUiCommonHelper.java:727)
	at com.kms.katalon.core.webui.common.WebUiCommonHelper.findWebElement(WebUiCommonHelper.java:1413)
	at com.kms.katalon.core.webui.keyword.internal.WebUIAbstractKeyword.findWebElement(WebUIAbstractKeyword.groovy:27)
	at com.kms.katalon.core.webui.keyword.internal.WebUIAbstractKeyword.findWebElement(WebUIAbstractKeyword.groovy:26)
	at com.kms.katalon.core.webui.keyword.builtin.SetTextKeyword$_setText_closure1.doCall(SetTextKeyword.groovy:53)
	at com.kms.katalon.core.webui.keyword.builtin.SetTextKeyword$_setText_closure1.call(SetTextKeyword.groovy)
	at com.kms.katalon.core.webui.keyword.internal.WebUIKeywordMain.runKeyword(WebUIKeywordMain.groovy:35)
	at com.kms.katalon.core.webui.keyword.builtin.SetTextKeyword.setText(SetTextKeyword.groovy:85)
	at com.kms.katalon.core.webui.keyword.builtin.SetTextKeyword.execute(SetTextKeyword.groovy:39)
	at com.kms.katalon.core.keyword.internal.KeywordExecutor.executeKeywordForPlatform(KeywordExecutor.groovy:74)
	at com.kms.katalon.core.webui.keyword.WebUiBuiltInKeywords.setText(WebUiBuiltInKeywords.groovy:1019)
	at com.test.swaglabs.CustomLogin.WebLoginFifthAccount(CustomLogin.groovy:71)
	at java.base/jdk.internal.reflect.NativeMethodAccessorImpl.invoke0(Native Method)
	at java.base/jdk.internal.reflect.NativeMethodAccessorImpl.invoke(NativeMethodAccessorImpl.java:77)
	at java.base/jdk.internal.reflect.DelegatingMethodAccessorImpl.invoke(DelegatingMethodAccessorImpl.java:43)
	at com.kms.katalon.core.main.CustomKeywordDelegatingMetaClass.invokeStaticMethod(CustomKeywordDelegatingMetaClass.java:55)
	at Login by Fifth Account - error_user.run(Login by Fifth Account - error_user:24)
	at com.kms.katalon.core.main.ScriptEngine.run(ScriptEngine.java:194)
	at com.kms.katalon.core.main.ScriptEngine.runScriptAsRawText(ScriptEngine.java:119)
	at com.kms.katalon.core.main.TestCaseExecutor.runScript(TestCaseExecutor.java:448)
	at com.kms.katalon.core.main.TestCaseExecutor.doExecute(TestCaseExecutor.java:439)
	at com.kms.katalon.core.main.TestCaseExecutor.processExecutionPhase(TestCaseExecutor.java:418)
	at com.kms.katalon.core.main.TestCaseExecutor.accessMainPhase(TestCaseExecutor.java:410)
	at com.kms.katalon.core.main.TestCaseExecutor.execute(TestCaseExecutor.java:285)
	at com.kms.katalon.core.common.CommonExecutor.accessTestCaseMainPhase(CommonExecutor.java:65)
	at com.kms.katalon.core.main.TestSuiteExecutor.accessTestSuiteMainPhase(TestSuiteExecutor.java:150)
	at com.kms.katalon.core.main.TestSuiteExecutor.execute(TestSuiteExecutor.java:106)
	at com.kms.katalon.core.main.TestCaseMain.startTestSuite(TestCaseMain.java:180)
	at TempTestSuite1738334733685.run(TempTestSuite1738334733685.groovy:35)
	at java.base/jdk.internal.reflect.NativeMethodAccessorImpl.invoke0(Native Method)
	at java.base/jdk.internal.reflect.NativeMethodAccessorImpl.invoke(NativeMethodAccessorImpl.java:77)
	at java.base/jdk.internal.reflect.DelegatingMethodAccessorImpl.invoke(DelegatingMethodAccessorImpl.java:43)
</property>
  <property name="failed.exception.class">org.openqa.selenium.NoSuchSessionException</property>
  <property name="failed.exception.message">invalid session id: session deleted as the browser has closed the connection
from disconnected: Unable to receive message from renderer
  (Session info: chrome=133.0.6847.2)
Build info: version: &apos;3.141.59&apos;, revision: &apos;unknown&apos;, time: &apos;unknown&apos;
System info: host: &apos;LAPTOP-5GQHVTHK&apos;, ip: &apos;192.168.0.101&apos;, os.name: &apos;Windows 11&apos;, os.arch: &apos;amd64&apos;, os.version: &apos;10.0&apos;, java.version: &apos;17.0.7&apos;
Driver info: com.kms.katalon.selenium.driver.CRemoteWebDriver
Capabilities {acceptInsecureCerts: false, browserName: chrome, browserVersion: 133.0.6847.2, chrome: {chromedriverVersion: 133.0.6847.2 (7e95e23d2d1f8..., userDataDir: C:\Program Files\scoped_dir...}, fedcm:accounts: true, goog:chromeOptions: {debuggerAddress: localhost:9225}, javascriptEnabled: true, katalon:caps: {executionId: 2aef68cf-3bf6-49ac-9508-595..., executionSessionId: 8e9303ed-b899-4a23-9706-9eb...}, katalon:options: {executionId: 2aef68cf-3bf6-49ac-9508-595..., executionSessionId: 8e9303ed-b899-4a23-9706-9eb..., group: 9ab6bac5-1cc1-4a31-be02-e95..., metadata: {accountUuid: fda32340-531c-49aa-a0b7-40d..., organizationId: 1906073, usingTunnel: false}, organizationId: 1906073, runFromTestCloud: true, tenant: TestOps, tunnelMetadataId: 47bf9c75-9831-4539-a455-bf2..., userId: 1648280, username: innocent.beaver.duja@instan..., usingTunnel: true}, kt:requestId: 8e9303ed-b899-4a23-9706-9eb..., kt:rid: 8e9303ed-b899-4a23-9706-9eb..., networkConnectionEnabled: false, pageLoadStrategy: normal, platform: WINDOWS, platformName: WINDOWS, proxy: Proxy(), se:bidiEnabled: false, se:cdpEnabled: false, setWindowRect: true, strictFileInteractability: false, timeouts: {implicit: 0, pageLoad: 300000, script: 30000}, unhandledPromptBehavior: dismiss and notify, webauthn:extension:credBlob: true, webauthn:extension:largeBlob: true, webauthn:extension:minPinLength: true, webauthn:extension:prf: true, webauthn:virtualAuthenticators: true}
Session ID: 42b521d68d5b4bdf4484d9a77e20630e
*** Element info: {Using=xpath, value=//input[@id=&apos;user-name&apos;]}</property>
</record>
<record>
  <date>2025-01-31T14:46:39.363552600Z</date>
  <millis>1738334799363</millis>
  <nanos>552600</nanos>
  <sequence>92</sequence>
  <level>END</level>
  <class>com.kms.katalon.core.logging.XmlKeywordLogger</class>
  <method>endTest</method>
  <thread>1</thread>
  <message>End Test Case : Test Cases/Login by Fifth Account - error_user</message>
  <nestedLevel>0</nestedLevel>
  <escapedJava>false</escapedJava>
  <property name="executionBindingVariables">[]</property>
  <property name="applitools">false</property>
  <property name="remainingRetryCount">3</property>
  <property name="currentRetryCount">0</property>
  <property name="keywordsUsage">{
  &quot;web_ui&quot;: true,
  &quot;web_service&quot;: false,
  &quot;cucumber&quot;: false,
  &quot;builtin&quot;: false,
  &quot;mobile&quot;: false,
  &quot;windows&quot;: false,
  &quot;testng&quot;: false
}</property>
</record>
<record>
  <date>2025-01-31T14:46:39.370572Z</date>
  <millis>1738334799370</millis>
  <nanos>572000</nanos>
  <sequence>93</sequence>
  <level>START</level>
  <class>com.kms.katalon.core.logging.XmlKeywordLogger</class>
  <method>startTest</method>
  <thread>1</thread>
  <message>Start Test Case : Test Cases/Login by Fifth Account - error_user</message>
  <nestedLevel>1</nestedLevel>
  <escapedJava>false</escapedJava>
  <property name="remainingRetryCount">2</property>
  <property name="name">Test Cases/Login by Fifth Account - error_user</property>
  <property name="description"></property>
  <property name="iteration"></property>
  <property name="id">Test Cases/Login by Fifth Account - error_user</property>
  <property name="source">C:\Users\ACER\git\KatalonGitSwagLabsNew\Test Cases\Login by Fifth Account - error_user.tc</property>
  <property name="tag"></property>
  <property name="isOptional">false</property>
  <property name="currentRetryCount">1</property>
</record>
<record>
  <date>2025-01-31T14:46:39.389547100Z</date>
  <millis>1738334799389</millis>
  <nanos>547100</nanos>
  <sequence>95</sequence>
  <level>START</level>
  <class>com.kms.katalon.core.logging.XmlKeywordLogger</class>
  <method>startKeyword</method>
  <thread>1</thread>
  <message>Start action : openBrowser(&amp;quot;&amp;quot;)</message>
  <nestedLevel>1</nestedLevel>
  <escapedJava>false</escapedJava>
  <property name="startLine">20</property>
  <property name="stepIndex">1</property>
</record>
<record>
  <date>2025-01-31T14:46:39.398963200Z</date>
  <millis>1738334799398</millis>
  <nanos>963200</nanos>
  <sequence>97</sequence>
  <level>WARNING</level>
  <class>com.kms.katalon.core.logging.XmlKeywordLogger</class>
  <method>logMessage</method>
  <thread>1</thread>
  <message>A browser is already opened. Closing browser and opening a new one</message>
  <nestedLevel>1</nestedLevel>
  <escapedJava>false</escapedJava>
</record>
<record>
  <date>2025-01-31T14:46:40.197945100Z</date>
  <millis>1738334800197</millis>
  <nanos>945100</nanos>
  <sequence>98</sequence>
  <level>INFO</level>
  <class>com.kms.katalon.core.logging.XmlKeywordLogger</class>
  <method>logMessage</method>
  <thread>1</thread>
  <message>User set preference: [&amp;apos;os&amp;apos;, &amp;apos;windows&amp;apos;]</message>
  <nestedLevel>1</nestedLevel>
  <escapedJava>false</escapedJava>
</record>
<record>
  <date>2025-01-31T14:46:40.198944800Z</date>
  <millis>1738334800198</millis>
  <nanos>944800</nanos>
  <sequence>99</sequence>
  <level>INFO</level>
  <class>com.kms.katalon.core.logging.XmlKeywordLogger</class>
  <method>logMessage</method>
  <thread>1</thread>
  <message>User set preference: [&amp;apos;browserVersion&amp;apos;, &amp;apos;133&amp;apos;]</message>
  <nestedLevel>1</nestedLevel>
  <escapedJava>false</escapedJava>
</record>
<record>
  <date>2025-01-31T14:46:40.198944800Z</date>
  <millis>1738334800198</millis>
  <nanos>944800</nanos>
  <sequence>100</sequence>
  <level>INFO</level>
  <class>com.kms.katalon.core.logging.XmlKeywordLogger</class>
  <method>logMessage</method>
  <thread>1</thread>
  <message>User set preference: [&amp;apos;browserName&amp;apos;, &amp;apos;chrome&amp;apos;]</message>
  <nestedLevel>1</nestedLevel>
  <escapedJava>false</escapedJava>
</record>
<record>
  <date>2025-01-31T14:46:40.199943500Z</date>
  <millis>1738334800199</millis>
  <nanos>943500</nanos>
  <sequence>101</sequence>
  <level>INFO</level>
  <class>com.kms.katalon.core.logging.XmlKeywordLogger</class>
  <method>logMessage</method>
  <thread>1</thread>
  <message>User set preference: [&amp;apos;katalon:option&amp;apos;, &amp;apos;{organizationId=1906073, usingTunnel=true}&amp;apos;]</message>
  <nestedLevel>1</nestedLevel>
  <escapedJava>false</escapedJava>
</record>
<record>
  <date>2025-01-31T14:46:40.203943200Z</date>
  <millis>1738334800203</millis>
  <nanos>943200</nanos>
  <sequence>102</sequence>
  <level>INFO</level>
  <class>com.kms.katalon.core.logging.XmlKeywordLogger</class>
  <method>logMessage</method>
  <thread>1</thread>
  <message>Connecting to remote web server &amp;apos;testcloud.katalon.com/hub&amp;apos; with type &amp;apos;Selenium&amp;apos;</message>
  <nestedLevel>1</nestedLevel>
  <escapedJava>false</escapedJava>
</record>
<record>
  <date>2025-01-31T14:46:40.205943300Z</date>
  <millis>1738334800205</millis>
  <nanos>943300</nanos>
  <sequence>103</sequence>
  <level>INFO</level>
  <class>com.kms.katalon.core.logging.XmlKeywordLogger</class>
  <method>logMessage</method>
  <thread>1</thread>
  <message>Action delay is set to 0 milliseconds</message>
  <nestedLevel>1</nestedLevel>
  <escapedJava>false</escapedJava>
</record>
<record>
  <date>2025-01-31T14:47:11.258271800Z</date>
  <millis>1738334831258</millis>
  <nanos>271800</nanos>
  <sequence>105</sequence>
  <level>RUN_DATA</level>
  <class>com.kms.katalon.core.logging.XmlKeywordLogger</class>
  <method>logMessage</method>
  <thread>1</thread>
  <message>remoteDriverUrl = testcloud.katalon.com/hub</message>
  <nestedLevel>1</nestedLevel>
  <escapedJava>false</escapedJava>
  <property name="remoteDriverUrl">testcloud.katalon.com/hub</property>
</record>
<record>
  <date>2025-01-31T14:47:11.259275100Z</date>
  <millis>1738334831259</millis>
  <nanos>275100</nanos>
  <sequence>106</sequence>
  <level>RUN_DATA</level>
  <class>com.kms.katalon.core.logging.XmlKeywordLogger</class>
  <method>logMessage</method>
  <thread>1</thread>
  <message>remoteOS = Windows</message>
  <nestedLevel>1</nestedLevel>
  <escapedJava>false</escapedJava>
  <property name="remoteOS">Windows</property>
</record>
<record>
  <date>2025-01-31T14:47:11.268274100Z</date>
  <millis>1738334831268</millis>
  <nanos>274100</nanos>
  <sequence>107</sequence>
  <level>RUN_DATA</level>
  <class>com.kms.katalon.core.logging.XmlKeywordLogger</class>
  <method>logMessage</method>
  <thread>1</thread>
  <message>desiredCapabilities = {
  &amp;quot;timeouts&amp;quot;: {
    &amp;quot;implicit&amp;quot;: 0,
    &amp;quot;pageLoad&amp;quot;: 300000,
    &amp;quot;script&amp;quot;: 30000
  },
  &amp;quot;se:cdpEnabled&amp;quot;: false,
  &amp;quot;platform&amp;quot;: &amp;quot;WINDOWS&amp;quot;,
  &amp;quot;goog:chromeOptions&amp;quot;: {
    &amp;quot;debuggerAddress&amp;quot;: &amp;quot;localhost:9225&amp;quot;
  },
  &amp;quot;webauthn:extension:credBlob&amp;quot;: true,
  &amp;quot;acceptInsecureCerts&amp;quot;: false,
  &amp;quot;browserVersion&amp;quot;: &amp;quot;133.0.0.0&amp;quot;,
  &amp;quot;fedcm:accounts&amp;quot;: true,
  &amp;quot;kt:requestId&amp;quot;: &amp;quot;e415b1f4-19f5-4921-bd13-c70c4c248f1c&amp;quot;,
  &amp;quot;browserName&amp;quot;: &amp;quot;chrome&amp;quot;,
  &amp;quot;javascriptEnabled&amp;quot;: true,
  &amp;quot;platformName&amp;quot;: &amp;quot;WINDOWS&amp;quot;,
  &amp;quot;setWindowRect&amp;quot;: true,
  &amp;quot;webauthn:extension:largeBlob&amp;quot;: true,
  &amp;quot;networkConnectionEnabled&amp;quot;: false,
  &amp;quot;chrome&amp;quot;: {
    &amp;quot;chromedriverVersion&amp;quot;: &amp;quot;133.0.6847.2 (7e95e23d2d1f87886163822aa701370c1187bfa1-refs/branch-heads/6847@{#6})&amp;quot;,
    &amp;quot;userDataDir&amp;quot;: &amp;quot;C:\\Program Files\\scoped_dir680_1768430364&amp;quot;
  },
  &amp;quot;kt:rid&amp;quot;: &amp;quot;e415b1f4-19f5-4921-bd13-c70c4c248f1c&amp;quot;,
  &amp;quot;pageLoadStrategy&amp;quot;: &amp;quot;normal&amp;quot;,
  &amp;quot;unhandledPromptBehavior&amp;quot;: &amp;quot;dismiss and notify&amp;quot;,
  &amp;quot;strictFileInteractability&amp;quot;: false,
  &amp;quot;se:bidiEnabled&amp;quot;: false,
  &amp;quot;proxy&amp;quot;: {
    &amp;quot;proxyType&amp;quot;: &amp;quot;UNSPECIFIED&amp;quot;,
    &amp;quot;autodetect&amp;quot;: false
  },
  &amp;quot;webauthn:extension:minPinLength&amp;quot;: true,
  &amp;quot;webauthn:extension:prf&amp;quot;: true,
  &amp;quot;katalon:caps&amp;quot;: {
    &amp;quot;executionId&amp;quot;: &amp;quot;7d4e82b8-40e4-4174-b61f-a376e5f629da&amp;quot;,
    &amp;quot;executionSessionId&amp;quot;: &amp;quot;e415b1f4-19f5-4921-bd13-c70c4c248f1c&amp;quot;
  },
  &amp;quot;katalon:options&amp;quot;: {
    &amp;quot;executionId&amp;quot;: &amp;quot;7d4e82b8-40e4-4174-b61f-a376e5f629da&amp;quot;,
    &amp;quot;executionSessionId&amp;quot;: &amp;quot;e415b1f4-19f5-4921-bd13-c70c4c248f1c&amp;quot;,
    &amp;quot;group&amp;quot;: &amp;quot;9ab6bac5-1cc1-4a31-be02-e9541dffa2d0&amp;quot;,
    &amp;quot;metadata&amp;quot;: {
      &amp;quot;usingTunnel&amp;quot;: false,
      &amp;quot;accountUuid&amp;quot;: &amp;quot;fda32340-531c-49aa-a0b7-40d478ba5457&amp;quot;,
      &amp;quot;organizationId&amp;quot;: &amp;quot;1906073&amp;quot;
    },
    &amp;quot;organizationId&amp;quot;: &amp;quot;1906073&amp;quot;,
    &amp;quot;runFromTestCloud&amp;quot;: true,
    &amp;quot;tenant&amp;quot;: &amp;quot;TestOps&amp;quot;,
    &amp;quot;tunnelMetadataId&amp;quot;: &amp;quot;47bf9c75-9831-4539-a455-bf21b2504b03&amp;quot;,
    &amp;quot;userId&amp;quot;: 1648280,
    &amp;quot;username&amp;quot;: &amp;quot;innocent.beaver.duja@instantletter.net&amp;quot;,
    &amp;quot;usingTunnel&amp;quot;: true
  },
  &amp;quot;webauthn:virtualAuthenticators&amp;quot;: true
}</message>
  <nestedLevel>1</nestedLevel>
  <escapedJava>false</escapedJava>
  <property name="desiredCapabilities">{
  &quot;timeouts&quot;: {
    &quot;implicit&quot;: 0,
    &quot;pageLoad&quot;: 300000,
    &quot;script&quot;: 30000
  },
  &quot;se:cdpEnabled&quot;: false,
  &quot;platform&quot;: &quot;WINDOWS&quot;,
  &quot;goog:chromeOptions&quot;: {
    &quot;debuggerAddress&quot;: &quot;localhost:9225&quot;
  },
  &quot;webauthn:extension:credBlob&quot;: true,
  &quot;acceptInsecureCerts&quot;: false,
  &quot;browserVersion&quot;: &quot;133.0.0.0&quot;,
  &quot;fedcm:accounts&quot;: true,
  &quot;kt:requestId&quot;: &quot;e415b1f4-19f5-4921-bd13-c70c4c248f1c&quot;,
  &quot;browserName&quot;: &quot;chrome&quot;,
  &quot;javascriptEnabled&quot;: true,
  &quot;platformName&quot;: &quot;WINDOWS&quot;,
  &quot;setWindowRect&quot;: true,
  &quot;webauthn:extension:largeBlob&quot;: true,
  &quot;networkConnectionEnabled&quot;: false,
  &quot;chrome&quot;: {
    &quot;chromedriverVersion&quot;: &quot;133.0.6847.2 (7e95e23d2d1f87886163822aa701370c1187bfa1-refs/branch-heads/6847@{#6})&quot;,
    &quot;userDataDir&quot;: &quot;C:\\Program Files\\scoped_dir680_1768430364&quot;
  },
  &quot;kt:rid&quot;: &quot;e415b1f4-19f5-4921-bd13-c70c4c248f1c&quot;,
  &quot;pageLoadStrategy&quot;: &quot;normal&quot;,
  &quot;unhandledPromptBehavior&quot;: &quot;dismiss and notify&quot;,
  &quot;strictFileInteractability&quot;: false,
  &quot;se:bidiEnabled&quot;: false,
  &quot;proxy&quot;: {
    &quot;proxyType&quot;: &quot;UNSPECIFIED&quot;,
    &quot;autodetect&quot;: false
  },
  &quot;webauthn:extension:minPinLength&quot;: true,
  &quot;webauthn:extension:prf&quot;: true,
  &quot;katalon:caps&quot;: {
    &quot;executionId&quot;: &quot;7d4e82b8-40e4-4174-b61f-a376e5f629da&quot;,
    &quot;executionSessionId&quot;: &quot;e415b1f4-19f5-4921-bd13-c70c4c248f1c&quot;
  },
  &quot;katalon:options&quot;: {
    &quot;executionId&quot;: &quot;7d4e82b8-40e4-4174-b61f-a376e5f629da&quot;,
    &quot;executionSessionId&quot;: &quot;e415b1f4-19f5-4921-bd13-c70c4c248f1c&quot;,
    &quot;group&quot;: &quot;9ab6bac5-1cc1-4a31-be02-e9541dffa2d0&quot;,
    &quot;metadata&quot;: {
      &quot;usingTunnel&quot;: false,
      &quot;accountUuid&quot;: &quot;fda32340-531c-49aa-a0b7-40d478ba5457&quot;,
      &quot;organizationId&quot;: &quot;1906073&quot;
    },
    &quot;organizationId&quot;: &quot;1906073&quot;,
    &quot;runFromTestCloud&quot;: true,
    &quot;tenant&quot;: &quot;TestOps&quot;,
    &quot;tunnelMetadataId&quot;: &quot;47bf9c75-9831-4539-a455-bf21b2504b03&quot;,
    &quot;userId&quot;: 1648280,
    &quot;username&quot;: &quot;innocent.beaver.duja@instantletter.net&quot;,
    &quot;usingTunnel&quot;: true
  },
  &quot;webauthn:virtualAuthenticators&quot;: true
}</property>
</record>
<record>
  <date>2025-01-31T14:47:11.271272300Z</date>
  <millis>1738334831271</millis>
  <nanos>272300</nanos>
  <sequence>108</sequence>
  <level>RUN_DATA</level>
  <class>com.kms.katalon.core.logging.XmlKeywordLogger</class>
  <method>logMessage</method>
  <thread>1</thread>
  <message>sessionId = 318d66900cf90bd453aa43fc1a17cece</message>
  <nestedLevel>1</nestedLevel>
  <escapedJava>false</escapedJava>
  <property name="sessionId">318d66900cf90bd453aa43fc1a17cece</property>
</record>
<record>
  <date>2025-01-31T14:47:11.600686900Z</date>
  <millis>1738334831600</millis>
  <nanos>686900</nanos>
  <sequence>109</sequence>
  <level>RUN_DATA</level>
  <class>com.kms.katalon.core.logging.XmlKeywordLogger</class>
  <method>logMessage</method>
  <thread>1</thread>
  <message>browser = Chrome 133.0.0.0</message>
  <nestedLevel>1</nestedLevel>
  <escapedJava>false</escapedJava>
  <property name="browser">Chrome 133.0.0.0</property>
</record>
<record>
  <date>2025-01-31T14:47:11.602692600Z</date>
  <millis>1738334831602</millis>
  <nanos>692600</nanos>
  <sequence>110</sequence>
  <level>RUN_DATA</level>
  <class>com.kms.katalon.core.logging.XmlKeywordLogger</class>
  <method>logMessage</method>
  <thread>1</thread>
  <message>platform = Windows 11</message>
  <nestedLevel>1</nestedLevel>
  <escapedJava>false</escapedJava>
  <property name="platform">Windows 11</property>
</record>
<record>
  <date>2025-01-31T14:47:11.602692600Z</date>
  <millis>1738334831602</millis>
  <nanos>692600</nanos>
  <sequence>111</sequence>
  <level>RUN_DATA</level>
  <class>com.kms.katalon.core.logging.XmlKeywordLogger</class>
  <method>logMessage</method>
  <thread>1</thread>
  <message>seleniumVersion = 3.141.59</message>
  <nestedLevel>1</nestedLevel>
  <escapedJava>false</escapedJava>
  <property name="seleniumVersion">3.141.59</property>
</record>
<record>
  <date>2025-01-31T14:47:11.605689200Z</date>
  <millis>1738334831605</millis>
  <nanos>689200</nanos>
  <sequence>112</sequence>
  <level>RUN_DATA</level>
  <class>com.kms.katalon.core.logging.XmlKeywordLogger</class>
  <method>logMessage</method>
  <thread>1</thread>
  <message>proxyInformation = ProxyInformation { proxyOption=NO_PROXY, proxyServerType=HTTP, username=, password=********, proxyServerAddress=, proxyServerPort=0, executionList=&amp;quot;&amp;quot;, isApplyToDesiredCapabilities=true }</message>
  <nestedLevel>1</nestedLevel>
  <escapedJava>false</escapedJava>
  <property name="proxyInformation">ProxyInformation { proxyOption=NO_PROXY, proxyServerType=HTTP, username=, password=********, proxyServerAddress=, proxyServerPort=0, executionList=&quot;&quot;, isApplyToDesiredCapabilities=true }</property>
</record>
<record>
  <date>2025-01-31T14:47:12.222124700Z</date>
  <millis>1738334832222</millis>
  <nanos>124700</nanos>
  <sequence>113</sequence>
  <level>PASSED</level>
  <class>com.kms.katalon.core.logging.XmlKeywordLogger</class>
  <method>logMessage</method>
  <thread>1</thread>
  <message>Browser is opened with url: &amp;apos;&amp;apos;</message>
  <nestedLevel>1</nestedLevel>
  <escapedJava>false</escapedJava>
  <property name="testops-method-name">com.kms.katalon.core.webui.keyword.builtin.OpenBrowserKeyword.openBrowser</property>
  <property name="testops-execution-stacktrace"></property>
</record>
<record>
  <date>2025-01-31T14:47:12.224120500Z</date>
  <millis>1738334832224</millis>
  <nanos>120500</nanos>
  <sequence>114</sequence>
  <level>END</level>
  <class>com.kms.katalon.core.logging.XmlKeywordLogger</class>
  <method>endKeyword</method>
  <thread>1</thread>
  <message>End action : openBrowser(&amp;quot;&amp;quot;)</message>
  <nestedLevel>1</nestedLevel>
  <escapedJava>false</escapedJava>
</record>
<record>
  <date>2025-01-31T14:47:12.224120500Z</date>
  <millis>1738334832224</millis>
  <nanos>120500</nanos>
  <sequence>115</sequence>
  <level>START</level>
  <class>com.kms.katalon.core.logging.XmlKeywordLogger</class>
  <method>startKeyword</method>
  <thread>1</thread>
  <message>Start action : navigateToUrl(&amp;quot;https://www.saucedemo.com/&amp;quot;)</message>
  <nestedLevel>1</nestedLevel>
  <escapedJava>false</escapedJava>
  <property name="startLine">22</property>
  <property name="stepIndex">2</property>
</record>
<record>
  <date>2025-01-31T14:47:15.663251100Z</date>
  <millis>1738334835663</millis>
  <nanos>251100</nanos>
  <sequence>118</sequence>
  <level>PASSED</level>
  <class>com.kms.katalon.core.logging.XmlKeywordLogger</class>
  <method>logMessage</method>
  <thread>1</thread>
  <message>Navigate to &amp;apos;https://www.saucedemo.com/&amp;apos; successfully</message>
  <nestedLevel>1</nestedLevel>
  <escapedJava>false</escapedJava>
  <property name="testops-method-name">com.kms.katalon.core.webui.keyword.builtin.NavigateToUrlKeyword.navigateToUrl</property>
  <property name="testops-execution-stacktrace"></property>
</record>
<record>
  <date>2025-01-31T14:47:15.668435600Z</date>
  <millis>1738334835668</millis>
  <nanos>435600</nanos>
  <sequence>119</sequence>
  <level>END</level>
  <class>com.kms.katalon.core.logging.XmlKeywordLogger</class>
  <method>endKeyword</method>
  <thread>1</thread>
  <message>End action : navigateToUrl(&amp;quot;https://www.saucedemo.com/&amp;quot;)</message>
  <nestedLevel>1</nestedLevel>
  <escapedJava>false</escapedJava>
</record>
<record>
  <date>2025-01-31T14:47:15.668435600Z</date>
  <millis>1738334835668</millis>
  <nanos>435600</nanos>
  <sequence>120</sequence>
  <level>START</level>
  <class>com.kms.katalon.core.logging.XmlKeywordLogger</class>
  <method>startKeyword</method>
  <thread>1</thread>
  <message>Start action : com.test.swaglabs.CustomLogin.WebLoginFifthAccount()</message>
  <nestedLevel>1</nestedLevel>
  <escapedJava>false</escapedJava>
  <property name="startLine">24</property>
  <property name="stepIndex">3</property>
</record>
<record>
  <date>2025-01-31T14:47:16.379307100Z</date>
  <millis>1738334836379</millis>
  <nanos>307100</nanos>
  <sequence>128</sequence>
  <level>WARNING</level>
  <class>com.kms.katalon.core.logging.XmlKeywordLogger</class>
  <method>logMessage</method>
  <thread>1</thread>
  <message>[SELF-HEALING] Failed to find element with id &amp;apos;Object Repository/Page_Swag Labs/input_Swag Labs_user-name&amp;apos;. Try using Self-healing.</message>
  <nestedLevel>1</nestedLevel>
  <escapedJava>false</escapedJava>
</record>
<record>
  <date>2025-01-31T14:47:16.990927100Z</date>
  <millis>1738334836990</millis>
  <nanos>927100</nanos>
  <sequence>131</sequence>
  <level>WARNING</level>
  <class>com.kms.katalon.core.logging.XmlKeywordLogger</class>
  <method>logMessage</method>
  <thread>1</thread>
  <message>[SELF-HEALING] invalid session id
Build info: version: &amp;apos;3.141.59&amp;apos;, revision: &amp;apos;unknown&amp;apos;, time: &amp;apos;unknown&amp;apos;
System info: host: &amp;apos;LAPTOP-5GQHVTHK&amp;apos;, ip: &amp;apos;192.168.0.101&amp;apos;, os.name: &amp;apos;Windows 11&amp;apos;, os.arch: &amp;apos;amd64&amp;apos;, os.version: &amp;apos;10.0&amp;apos;, java.version: &amp;apos;17.0.7&amp;apos;
Driver info: com.kms.katalon.selenium.driver.CRemoteWebDriver
Capabilities {acceptInsecureCerts: false, browserName: chrome, browserVersion: 133.0.6847.2, chrome: {chromedriverVersion: 133.0.6847.2 (7e95e23d2d1f8..., userDataDir: C:\Program Files\scoped_dir...}, fedcm:accounts: true, goog:chromeOptions: {debuggerAddress: localhost:9225}, javascriptEnabled: true, katalon:caps: {executionId: 7d4e82b8-40e4-4174-b61f-a37..., executionSessionId: e415b1f4-19f5-4921-bd13-c70...}, katalon:options: {executionId: 7d4e82b8-40e4-4174-b61f-a37..., executionSessionId: e415b1f4-19f5-4921-bd13-c70..., group: 9ab6bac5-1cc1-4a31-be02-e95..., metadata: {accountUuid: fda32340-531c-49aa-a0b7-40d..., organizationId: 1906073, usingTunnel: false}, organizationId: 1906073, runFromTestCloud: true, tenant: TestOps, tunnelMetadataId: 47bf9c75-9831-4539-a455-bf2..., userId: 1648280, username: innocent.beaver.duja@instan..., usingTunnel: true}, kt:requestId: e415b1f4-19f5-4921-bd13-c70..., kt:rid: e415b1f4-19f5-4921-bd13-c70..., networkConnectionEnabled: false, pageLoadStrategy: normal, platform: WINDOWS, platformName: WINDOWS, proxy: Proxy(), se:bidiEnabled: false, se:cdpEnabled: false, setWindowRect: true, strictFileInteractability: false, timeouts: {implicit: 0, pageLoad: 300000, script: 30000}, unhandledPromptBehavior: dismiss and notify, webauthn:extension:credBlob: true, webauthn:extension:largeBlob: true, webauthn:extension:minPinLength: true, webauthn:extension:prf: true, webauthn:virtualAuthenticators: true}
Session ID: 318d66900cf90bd453aa43fc1a17cece
*** Element info: {Using=xpath, value=//input[@id=&amp;apos;user-name&amp;apos;]}</message>
  <nestedLevel>1</nestedLevel>
  <escapedJava>false</escapedJava>
  <property name="failed.exception.class">org.openqa.selenium.NoSuchSessionException</property>
  <property name="failed.exception.stacktrace">org.openqa.selenium.NoSuchSessionException: invalid session id
Build info: version: &apos;3.141.59&apos;, revision: &apos;unknown&apos;, time: &apos;unknown&apos;
System info: host: &apos;LAPTOP-5GQHVTHK&apos;, ip: &apos;192.168.0.101&apos;, os.name: &apos;Windows 11&apos;, os.arch: &apos;amd64&apos;, os.version: &apos;10.0&apos;, java.version: &apos;17.0.7&apos;
Driver info: com.kms.katalon.selenium.driver.CRemoteWebDriver
Capabilities {acceptInsecureCerts: false, browserName: chrome, browserVersion: 133.0.6847.2, chrome: {chromedriverVersion: 133.0.6847.2 (7e95e23d2d1f8..., userDataDir: C:\Program Files\scoped_dir...}, fedcm:accounts: true, goog:chromeOptions: {debuggerAddress: localhost:9225}, javascriptEnabled: true, katalon:caps: {executionId: 7d4e82b8-40e4-4174-b61f-a37..., executionSessionId: e415b1f4-19f5-4921-bd13-c70...}, katalon:options: {executionId: 7d4e82b8-40e4-4174-b61f-a37..., executionSessionId: e415b1f4-19f5-4921-bd13-c70..., group: 9ab6bac5-1cc1-4a31-be02-e95..., metadata: {accountUuid: fda32340-531c-49aa-a0b7-40d..., organizationId: 1906073, usingTunnel: false}, organizationId: 1906073, runFromTestCloud: true, tenant: TestOps, tunnelMetadataId: 47bf9c75-9831-4539-a455-bf2..., userId: 1648280, username: innocent.beaver.duja@instan..., usingTunnel: true}, kt:requestId: e415b1f4-19f5-4921-bd13-c70..., kt:rid: e415b1f4-19f5-4921-bd13-c70..., networkConnectionEnabled: false, pageLoadStrategy: normal, platform: WINDOWS, platformName: WINDOWS, proxy: Proxy(), se:bidiEnabled: false, se:cdpEnabled: false, setWindowRect: true, strictFileInteractability: false, timeouts: {implicit: 0, pageLoad: 300000, script: 30000}, unhandledPromptBehavior: dismiss and notify, webauthn:extension:credBlob: true, webauthn:extension:largeBlob: true, webauthn:extension:minPinLength: true, webauthn:extension:prf: true, webauthn:virtualAuthenticators: true}
Session ID: 318d66900cf90bd453aa43fc1a17cece
*** Element info: {Using=xpath, value=//input[@id=&apos;user-name&apos;]}
	at java.base/jdk.internal.reflect.NativeConstructorAccessorImpl.newInstance0(Native Method)
	at java.base/jdk.internal.reflect.NativeConstructorAccessorImpl.newInstance(NativeConstructorAccessorImpl.java:77)
	at java.base/jdk.internal.reflect.DelegatingConstructorAccessorImpl.newInstance(DelegatingConstructorAccessorImpl.java:45)
	at org.openqa.selenium.remote.http.W3CHttpResponseCodec.createException(W3CHttpResponseCodec.java:187)
	at org.openqa.selenium.remote.http.W3CHttpResponseCodec.decode(W3CHttpResponseCodec.java:122)
	at org.openqa.selenium.remote.http.W3CHttpResponseCodec.decode(W3CHttpResponseCodec.java:49)
	at org.openqa.selenium.remote.HttpCommandExecutor.execute(HttpCommandExecutor.java:158)
	at org.openqa.selenium.remote.RemoteWebDriver.execute(RemoteWebDriver.java:552)
	at com.kms.katalon.selenium.driver.CRemoteWebDriver.execute(CRemoteWebDriver.java:30)
	at org.openqa.selenium.remote.RemoteWebDriver.findElements(RemoteWebDriver.java:353)
	at org.openqa.selenium.remote.RemoteWebDriver.findElementsByXPath(RemoteWebDriver.java:432)
	at org.openqa.selenium.By$ByXPath.findElements(By.java:348)
	at org.openqa.selenium.remote.RemoteWebDriver.findElements(RemoteWebDriver.java:311)
	at jdk.internal.reflect.GeneratedMethodAccessor8.invoke(Unknown Source)
	at java.base/jdk.internal.reflect.DelegatingMethodAccessorImpl.invoke(DelegatingMethodAccessorImpl.java:43)
	at org.openqa.selenium.support.events.EventFiringWebDriver.lambda$new$1(EventFiringWebDriver.java:105)
	at jdk.proxy2/jdk.proxy2.$Proxy23.findElements(Unknown Source)
	at org.openqa.selenium.support.events.EventFiringWebDriver.findElements(EventFiringWebDriver.java:182)
	at com.kms.katalon.core.webui.common.WebUiCommonHelper.findWebElementsWithSmartXPath(WebUiCommonHelper.java:1110)
	at com.kms.katalon.core.webui.common.WebUiCommonHelper.findElementsBySelectedMethod(WebUiCommonHelper.java:923)
	at com.kms.katalon.core.webui.common.WebUiCommonHelper.findElementsWithSelfHealing(WebUiCommonHelper.java:815)
	at com.kms.katalon.core.webui.common.WebUiCommonHelper.findWebElements(WebUiCommonHelper.java:727)
	at com.kms.katalon.core.webui.common.WebUiCommonHelper.findWebElement(WebUiCommonHelper.java:1413)
	at com.kms.katalon.core.webui.keyword.internal.WebUIAbstractKeyword.findWebElement(WebUIAbstractKeyword.groovy:27)
	at com.kms.katalon.core.webui.keyword.internal.WebUIAbstractKeyword.findWebElement(WebUIAbstractKeyword.groovy:26)
	at com.kms.katalon.core.webui.keyword.builtin.SetTextKeyword$_setText_closure1.doCall(SetTextKeyword.groovy:53)
	at com.kms.katalon.core.webui.keyword.builtin.SetTextKeyword$_setText_closure1.call(SetTextKeyword.groovy)
	at com.kms.katalon.core.webui.keyword.internal.WebUIKeywordMain.runKeyword(WebUIKeywordMain.groovy:35)
	at com.kms.katalon.core.webui.keyword.builtin.SetTextKeyword.setText(SetTextKeyword.groovy:85)
	at com.kms.katalon.core.webui.keyword.builtin.SetTextKeyword.execute(SetTextKeyword.groovy:39)
	at com.kms.katalon.core.keyword.internal.KeywordExecutor.executeKeywordForPlatform(KeywordExecutor.groovy:74)
	at com.kms.katalon.core.webui.keyword.WebUiBuiltInKeywords.setText(WebUiBuiltInKeywords.groovy:1019)
	at com.test.swaglabs.CustomLogin.WebLoginFifthAccount(CustomLogin.groovy:71)
	at java.base/jdk.internal.reflect.NativeMethodAccessorImpl.invoke0(Native Method)
	at java.base/jdk.internal.reflect.NativeMethodAccessorImpl.invoke(NativeMethodAccessorImpl.java:77)
	at java.base/jdk.internal.reflect.DelegatingMethodAccessorImpl.invoke(DelegatingMethodAccessorImpl.java:43)
	at com.kms.katalon.core.main.CustomKeywordDelegatingMetaClass.invokeStaticMethod(CustomKeywordDelegatingMetaClass.java:55)
	at Login by Fifth Account - error_user.run(Login by Fifth Account - error_user:24)
	at com.kms.katalon.core.main.ScriptEngine.run(ScriptEngine.java:194)
	at com.kms.katalon.core.main.ScriptEngine.runScriptAsRawText(ScriptEngine.java:119)
	at com.kms.katalon.core.main.TestCaseExecutor.runScript(TestCaseExecutor.java:448)
	at com.kms.katalon.core.main.TestCaseExecutor.doExecute(TestCaseExecutor.java:439)
	at com.kms.katalon.core.main.TestCaseExecutor.processExecutionPhase(TestCaseExecutor.java:418)
	at com.kms.katalon.core.main.TestCaseExecutor.accessMainPhase(TestCaseExecutor.java:410)
	at com.kms.katalon.core.main.TestCaseExecutor.execute(TestCaseExecutor.java:285)
	at com.kms.katalon.core.main.TestCaseExecutor.execute(TestCaseExecutor.java:369)
	at com.kms.katalon.core.common.CommonExecutor.accessTestCaseMainPhase(CommonExecutor.java:65)
	at com.kms.katalon.core.main.TestSuiteExecutor.accessTestSuiteMainPhase(TestSuiteExecutor.java:150)
	at com.kms.katalon.core.main.TestSuiteExecutor.execute(TestSuiteExecutor.java:106)
	at com.kms.katalon.core.main.TestCaseMain.startTestSuite(TestCaseMain.java:180)
	at TempTestSuite1738334733685.run(TempTestSuite1738334733685.groovy:35)
	at java.base/jdk.internal.reflect.NativeMethodAccessorImpl.invoke0(Native Method)
	at java.base/jdk.internal.reflect.NativeMethodAccessorImpl.invoke(NativeMethodAccessorImpl.java:77)
	at java.base/jdk.internal.reflect.DelegatingMethodAccessorImpl.invoke(DelegatingMethodAccessorImpl.java:43)
</property>
  <property name="failed.exception.message">invalid session id
Build info: version: &apos;3.141.59&apos;, revision: &apos;unknown&apos;, time: &apos;unknown&apos;
System info: host: &apos;LAPTOP-5GQHVTHK&apos;, ip: &apos;192.168.0.101&apos;, os.name: &apos;Windows 11&apos;, os.arch: &apos;amd64&apos;, os.version: &apos;10.0&apos;, java.version: &apos;17.0.7&apos;
Driver info: com.kms.katalon.selenium.driver.CRemoteWebDriver
Capabilities {acceptInsecureCerts: false, browserName: chrome, browserVersion: 133.0.6847.2, chrome: {chromedriverVersion: 133.0.6847.2 (7e95e23d2d1f8..., userDataDir: C:\Program Files\scoped_dir...}, fedcm:accounts: true, goog:chromeOptions: {debuggerAddress: localhost:9225}, javascriptEnabled: true, katalon:caps: {executionId: 7d4e82b8-40e4-4174-b61f-a37..., executionSessionId: e415b1f4-19f5-4921-bd13-c70...}, katalon:options: {executionId: 7d4e82b8-40e4-4174-b61f-a37..., executionSessionId: e415b1f4-19f5-4921-bd13-c70..., group: 9ab6bac5-1cc1-4a31-be02-e95..., metadata: {accountUuid: fda32340-531c-49aa-a0b7-40d..., organizationId: 1906073, usingTunnel: false}, organizationId: 1906073, runFromTestCloud: true, tenant: TestOps, tunnelMetadataId: 47bf9c75-9831-4539-a455-bf2..., userId: 1648280, username: innocent.beaver.duja@instan..., usingTunnel: true}, kt:requestId: e415b1f4-19f5-4921-bd13-c70..., kt:rid: e415b1f4-19f5-4921-bd13-c70..., networkConnectionEnabled: false, pageLoadStrategy: normal, platform: WINDOWS, platformName: WINDOWS, proxy: Proxy(), se:bidiEnabled: false, se:cdpEnabled: false, setWindowRect: true, strictFileInteractability: false, timeouts: {implicit: 0, pageLoad: 300000, script: 30000}, unhandledPromptBehavior: dismiss and notify, webauthn:extension:credBlob: true, webauthn:extension:largeBlob: true, webauthn:extension:minPinLength: true, webauthn:extension:prf: true, webauthn:virtualAuthenticators: true}
Session ID: 318d66900cf90bd453aa43fc1a17cece
*** Element info: {Using=xpath, value=//input[@id=&apos;user-name&apos;]}</property>
</record>
<record>
  <date>2025-01-31T14:47:18.751429600Z</date>
  <millis>1738334838751</millis>
  <nanos>429600</nanos>
  <sequence>135</sequence>
  <level>WARNING</level>
  <class>com.kms.katalon.core.logging.XmlKeywordLogger</class>
  <method>logMessage</method>
  <thread>1</thread>
  <message>[SELF-HEALING] invalid session id
Build info: version: &amp;apos;3.141.59&amp;apos;, revision: &amp;apos;unknown&amp;apos;, time: &amp;apos;unknown&amp;apos;
System info: host: &amp;apos;LAPTOP-5GQHVTHK&amp;apos;, ip: &amp;apos;192.168.0.101&amp;apos;, os.name: &amp;apos;Windows 11&amp;apos;, os.arch: &amp;apos;amd64&amp;apos;, os.version: &amp;apos;10.0&amp;apos;, java.version: &amp;apos;17.0.7&amp;apos;
Driver info: com.kms.katalon.selenium.driver.CRemoteWebDriver
Capabilities {acceptInsecureCerts: false, browserName: chrome, browserVersion: 133.0.6847.2, chrome: {chromedriverVersion: 133.0.6847.2 (7e95e23d2d1f8..., userDataDir: C:\Program Files\scoped_dir...}, fedcm:accounts: true, goog:chromeOptions: {debuggerAddress: localhost:9225}, javascriptEnabled: true, katalon:caps: {executionId: 7d4e82b8-40e4-4174-b61f-a37..., executionSessionId: e415b1f4-19f5-4921-bd13-c70...}, katalon:options: {executionId: 7d4e82b8-40e4-4174-b61f-a37..., executionSessionId: e415b1f4-19f5-4921-bd13-c70..., group: 9ab6bac5-1cc1-4a31-be02-e95..., metadata: {accountUuid: fda32340-531c-49aa-a0b7-40d..., organizationId: 1906073, usingTunnel: false}, organizationId: 1906073, runFromTestCloud: true, tenant: TestOps, tunnelMetadataId: 47bf9c75-9831-4539-a455-bf2..., userId: 1648280, username: innocent.beaver.duja@instan..., usingTunnel: true}, kt:requestId: e415b1f4-19f5-4921-bd13-c70..., kt:rid: e415b1f4-19f5-4921-bd13-c70..., networkConnectionEnabled: false, pageLoadStrategy: normal, platform: WINDOWS, platformName: WINDOWS, proxy: Proxy(), se:bidiEnabled: false, se:cdpEnabled: false, setWindowRect: true, strictFileInteractability: false, timeouts: {implicit: 0, pageLoad: 300000, script: 30000}, unhandledPromptBehavior: dismiss and notify, webauthn:extension:credBlob: true, webauthn:extension:largeBlob: true, webauthn:extension:minPinLength: true, webauthn:extension:prf: true, webauthn:virtualAuthenticators: true}
Session ID: 318d66900cf90bd453aa43fc1a17cece
*** Element info: {Using=xpath, value=//*[@placeholder = &amp;apos;Username&amp;apos; and @type = &amp;apos;text&amp;apos; and @id = &amp;apos;user-name&amp;apos; and @name = &amp;apos;user-name&amp;apos;]}</message>
  <nestedLevel>1</nestedLevel>
  <escapedJava>false</escapedJava>
  <property name="failed.exception.class">org.openqa.selenium.NoSuchSessionException</property>
  <property name="failed.exception.stacktrace">org.openqa.selenium.NoSuchSessionException: invalid session id
Build info: version: &apos;3.141.59&apos;, revision: &apos;unknown&apos;, time: &apos;unknown&apos;
System info: host: &apos;LAPTOP-5GQHVTHK&apos;, ip: &apos;192.168.0.101&apos;, os.name: &apos;Windows 11&apos;, os.arch: &apos;amd64&apos;, os.version: &apos;10.0&apos;, java.version: &apos;17.0.7&apos;
Driver info: com.kms.katalon.selenium.driver.CRemoteWebDriver
Capabilities {acceptInsecureCerts: false, browserName: chrome, browserVersion: 133.0.6847.2, chrome: {chromedriverVersion: 133.0.6847.2 (7e95e23d2d1f8..., userDataDir: C:\Program Files\scoped_dir...}, fedcm:accounts: true, goog:chromeOptions: {debuggerAddress: localhost:9225}, javascriptEnabled: true, katalon:caps: {executionId: 7d4e82b8-40e4-4174-b61f-a37..., executionSessionId: e415b1f4-19f5-4921-bd13-c70...}, katalon:options: {executionId: 7d4e82b8-40e4-4174-b61f-a37..., executionSessionId: e415b1f4-19f5-4921-bd13-c70..., group: 9ab6bac5-1cc1-4a31-be02-e95..., metadata: {accountUuid: fda32340-531c-49aa-a0b7-40d..., organizationId: 1906073, usingTunnel: false}, organizationId: 1906073, runFromTestCloud: true, tenant: TestOps, tunnelMetadataId: 47bf9c75-9831-4539-a455-bf2..., userId: 1648280, username: innocent.beaver.duja@instan..., usingTunnel: true}, kt:requestId: e415b1f4-19f5-4921-bd13-c70..., kt:rid: e415b1f4-19f5-4921-bd13-c70..., networkConnectionEnabled: false, pageLoadStrategy: normal, platform: WINDOWS, platformName: WINDOWS, proxy: Proxy(), se:bidiEnabled: false, se:cdpEnabled: false, setWindowRect: true, strictFileInteractability: false, timeouts: {implicit: 0, pageLoad: 300000, script: 30000}, unhandledPromptBehavior: dismiss and notify, webauthn:extension:credBlob: true, webauthn:extension:largeBlob: true, webauthn:extension:minPinLength: true, webauthn:extension:prf: true, webauthn:virtualAuthenticators: true}
Session ID: 318d66900cf90bd453aa43fc1a17cece
*** Element info: {Using=xpath, value=//*[@placeholder = &apos;Username&apos; and @type = &apos;text&apos; and @id = &apos;user-name&apos; and @name = &apos;user-name&apos;]}
	at jdk.internal.reflect.GeneratedConstructorAccessor21.newInstance(Unknown Source)
	at java.base/jdk.internal.reflect.DelegatingConstructorAccessorImpl.newInstance(DelegatingConstructorAccessorImpl.java:45)
	at org.openqa.selenium.remote.http.W3CHttpResponseCodec.createException(W3CHttpResponseCodec.java:187)
	at org.openqa.selenium.remote.http.W3CHttpResponseCodec.decode(W3CHttpResponseCodec.java:122)
	at org.openqa.selenium.remote.http.W3CHttpResponseCodec.decode(W3CHttpResponseCodec.java:49)
	at org.openqa.selenium.remote.HttpCommandExecutor.execute(HttpCommandExecutor.java:158)
	at org.openqa.selenium.remote.RemoteWebDriver.execute(RemoteWebDriver.java:552)
	at com.kms.katalon.selenium.driver.CRemoteWebDriver.execute(CRemoteWebDriver.java:30)
	at org.openqa.selenium.remote.RemoteWebDriver.findElements(RemoteWebDriver.java:353)
	at org.openqa.selenium.remote.RemoteWebDriver.findElementsByXPath(RemoteWebDriver.java:432)
	at org.openqa.selenium.By$ByXPath.findElements(By.java:348)
	at org.openqa.selenium.remote.RemoteWebDriver.findElements(RemoteWebDriver.java:311)
	at jdk.internal.reflect.GeneratedMethodAccessor8.invoke(Unknown Source)
	at java.base/jdk.internal.reflect.DelegatingMethodAccessorImpl.invoke(DelegatingMethodAccessorImpl.java:43)
	at org.openqa.selenium.support.events.EventFiringWebDriver.lambda$new$1(EventFiringWebDriver.java:105)
	at jdk.proxy2/jdk.proxy2.$Proxy23.findElements(Unknown Source)
	at org.openqa.selenium.support.events.EventFiringWebDriver.findElements(EventFiringWebDriver.java:182)
	at com.kms.katalon.core.webui.common.WebUiCommonHelper.findElementByNormalMethods(WebUiCommonHelper.java:1033)
	at com.kms.katalon.core.webui.common.WebUiCommonHelper.findElementsBySelectedMethod(WebUiCommonHelper.java:918)
	at com.kms.katalon.core.webui.common.WebUiCommonHelper.findElementsWithSelfHealing(WebUiCommonHelper.java:815)
	at com.kms.katalon.core.webui.common.WebUiCommonHelper.findWebElements(WebUiCommonHelper.java:727)
	at com.kms.katalon.core.webui.common.WebUiCommonHelper.findWebElement(WebUiCommonHelper.java:1413)
	at com.kms.katalon.core.webui.keyword.internal.WebUIAbstractKeyword.findWebElement(WebUIAbstractKeyword.groovy:27)
	at com.kms.katalon.core.webui.keyword.internal.WebUIAbstractKeyword.findWebElement(WebUIAbstractKeyword.groovy:26)
	at com.kms.katalon.core.webui.keyword.builtin.SetTextKeyword$_setText_closure1.doCall(SetTextKeyword.groovy:53)
	at com.kms.katalon.core.webui.keyword.builtin.SetTextKeyword$_setText_closure1.call(SetTextKeyword.groovy)
	at com.kms.katalon.core.webui.keyword.internal.WebUIKeywordMain.runKeyword(WebUIKeywordMain.groovy:35)
	at com.kms.katalon.core.webui.keyword.builtin.SetTextKeyword.setText(SetTextKeyword.groovy:85)
	at com.kms.katalon.core.webui.keyword.builtin.SetTextKeyword.execute(SetTextKeyword.groovy:39)
	at com.kms.katalon.core.keyword.internal.KeywordExecutor.executeKeywordForPlatform(KeywordExecutor.groovy:74)
	at com.kms.katalon.core.webui.keyword.WebUiBuiltInKeywords.setText(WebUiBuiltInKeywords.groovy:1019)
	at com.test.swaglabs.CustomLogin.WebLoginFifthAccount(CustomLogin.groovy:71)
	at java.base/jdk.internal.reflect.NativeMethodAccessorImpl.invoke0(Native Method)
	at java.base/jdk.internal.reflect.NativeMethodAccessorImpl.invoke(NativeMethodAccessorImpl.java:77)
	at java.base/jdk.internal.reflect.DelegatingMethodAccessorImpl.invoke(DelegatingMethodAccessorImpl.java:43)
	at com.kms.katalon.core.main.CustomKeywordDelegatingMetaClass.invokeStaticMethod(CustomKeywordDelegatingMetaClass.java:55)
	at Login by Fifth Account - error_user.run(Login by Fifth Account - error_user:24)
	at com.kms.katalon.core.main.ScriptEngine.run(ScriptEngine.java:194)
	at com.kms.katalon.core.main.ScriptEngine.runScriptAsRawText(ScriptEngine.java:119)
	at com.kms.katalon.core.main.TestCaseExecutor.runScript(TestCaseExecutor.java:448)
	at com.kms.katalon.core.main.TestCaseExecutor.doExecute(TestCaseExecutor.java:439)
	at com.kms.katalon.core.main.TestCaseExecutor.processExecutionPhase(TestCaseExecutor.java:418)
	at com.kms.katalon.core.main.TestCaseExecutor.accessMainPhase(TestCaseExecutor.java:410)
	at com.kms.katalon.core.main.TestCaseExecutor.execute(TestCaseExecutor.java:285)
	at com.kms.katalon.core.main.TestCaseExecutor.execute(TestCaseExecutor.java:369)
	at com.kms.katalon.core.common.CommonExecutor.accessTestCaseMainPhase(CommonExecutor.java:65)
	at com.kms.katalon.core.main.TestSuiteExecutor.accessTestSuiteMainPhase(TestSuiteExecutor.java:150)
	at com.kms.katalon.core.main.TestSuiteExecutor.execute(TestSuiteExecutor.java:106)
	at com.kms.katalon.core.main.TestCaseMain.startTestSuite(TestCaseMain.java:180)
	at TempTestSuite1738334733685.run(TempTestSuite1738334733685.groovy:35)
	at java.base/jdk.internal.reflect.NativeMethodAccessorImpl.invoke0(Native Method)
	at java.base/jdk.internal.reflect.NativeMethodAccessorImpl.invoke(NativeMethodAccessorImpl.java:77)
	at java.base/jdk.internal.reflect.DelegatingMethodAccessorImpl.invoke(DelegatingMethodAccessorImpl.java:43)
</property>
  <property name="failed.exception.message">invalid session id
Build info: version: &apos;3.141.59&apos;, revision: &apos;unknown&apos;, time: &apos;unknown&apos;
System info: host: &apos;LAPTOP-5GQHVTHK&apos;, ip: &apos;192.168.0.101&apos;, os.name: &apos;Windows 11&apos;, os.arch: &apos;amd64&apos;, os.version: &apos;10.0&apos;, java.version: &apos;17.0.7&apos;
Driver info: com.kms.katalon.selenium.driver.CRemoteWebDriver
Capabilities {acceptInsecureCerts: false, browserName: chrome, browserVersion: 133.0.6847.2, chrome: {chromedriverVersion: 133.0.6847.2 (7e95e23d2d1f8..., userDataDir: C:\Program Files\scoped_dir...}, fedcm:accounts: true, goog:chromeOptions: {debuggerAddress: localhost:9225}, javascriptEnabled: true, katalon:caps: {executionId: 7d4e82b8-40e4-4174-b61f-a37..., executionSessionId: e415b1f4-19f5-4921-bd13-c70...}, katalon:options: {executionId: 7d4e82b8-40e4-4174-b61f-a37..., executionSessionId: e415b1f4-19f5-4921-bd13-c70..., group: 9ab6bac5-1cc1-4a31-be02-e95..., metadata: {accountUuid: fda32340-531c-49aa-a0b7-40d..., organizationId: 1906073, usingTunnel: false}, organizationId: 1906073, runFromTestCloud: true, tenant: TestOps, tunnelMetadataId: 47bf9c75-9831-4539-a455-bf2..., userId: 1648280, username: innocent.beaver.duja@instan..., usingTunnel: true}, kt:requestId: e415b1f4-19f5-4921-bd13-c70..., kt:rid: e415b1f4-19f5-4921-bd13-c70..., networkConnectionEnabled: false, pageLoadStrategy: normal, platform: WINDOWS, platformName: WINDOWS, proxy: Proxy(), se:bidiEnabled: false, se:cdpEnabled: false, setWindowRect: true, strictFileInteractability: false, timeouts: {implicit: 0, pageLoad: 300000, script: 30000}, unhandledPromptBehavior: dismiss and notify, webauthn:extension:credBlob: true, webauthn:extension:largeBlob: true, webauthn:extension:minPinLength: true, webauthn:extension:prf: true, webauthn:virtualAuthenticators: true}
Session ID: 318d66900cf90bd453aa43fc1a17cece
*** Element info: {Using=xpath, value=//*[@placeholder = &apos;Username&apos; and @type = &apos;text&apos; and @id = &apos;user-name&apos; and @name = &apos;user-name&apos;]}</property>
</record>
<record>
  <date>2025-01-31T14:47:19.461319200Z</date>
  <millis>1738334839461</millis>
  <nanos>319200</nanos>
  <sequence>139</sequence>
  <level>WARNING</level>
  <class>com.kms.katalon.core.logging.XmlKeywordLogger</class>
  <method>logMessage</method>
  <thread>1</thread>
  <message>[SELF-HEALING] invalid session id
Build info: version: &amp;apos;3.141.59&amp;apos;, revision: &amp;apos;unknown&amp;apos;, time: &amp;apos;unknown&amp;apos;
System info: host: &amp;apos;LAPTOP-5GQHVTHK&amp;apos;, ip: &amp;apos;192.168.0.101&amp;apos;, os.name: &amp;apos;Windows 11&amp;apos;, os.arch: &amp;apos;amd64&amp;apos;, os.version: &amp;apos;10.0&amp;apos;, java.version: &amp;apos;17.0.7&amp;apos;
Driver info: com.kms.katalon.selenium.driver.CRemoteWebDriver
Capabilities {acceptInsecureCerts: false, browserName: chrome, browserVersion: 133.0.6847.2, chrome: {chromedriverVersion: 133.0.6847.2 (7e95e23d2d1f8..., userDataDir: C:\Program Files\scoped_dir...}, fedcm:accounts: true, goog:chromeOptions: {debuggerAddress: localhost:9225}, javascriptEnabled: true, katalon:caps: {executionId: 7d4e82b8-40e4-4174-b61f-a37..., executionSessionId: e415b1f4-19f5-4921-bd13-c70...}, katalon:options: {executionId: 7d4e82b8-40e4-4174-b61f-a37..., executionSessionId: e415b1f4-19f5-4921-bd13-c70..., group: 9ab6bac5-1cc1-4a31-be02-e95..., metadata: {accountUuid: fda32340-531c-49aa-a0b7-40d..., organizationId: 1906073, usingTunnel: false}, organizationId: 1906073, runFromTestCloud: true, tenant: TestOps, tunnelMetadataId: 47bf9c75-9831-4539-a455-bf2..., userId: 1648280, username: innocent.beaver.duja@instan..., usingTunnel: true}, kt:requestId: e415b1f4-19f5-4921-bd13-c70..., kt:rid: e415b1f4-19f5-4921-bd13-c70..., networkConnectionEnabled: false, pageLoadStrategy: normal, platform: WINDOWS, platformName: WINDOWS, proxy: Proxy(), se:bidiEnabled: false, se:cdpEnabled: false, setWindowRect: true, strictFileInteractability: false, timeouts: {implicit: 0, pageLoad: 300000, script: 30000}, unhandledPromptBehavior: dismiss and notify, webauthn:extension:credBlob: true, webauthn:extension:largeBlob: true, webauthn:extension:minPinLength: true, webauthn:extension:prf: true, webauthn:virtualAuthenticators: true}
Session ID: 318d66900cf90bd453aa43fc1a17cece
*** Element info: {Using=css selector, value=#user-name}</message>
  <nestedLevel>1</nestedLevel>
  <escapedJava>false</escapedJava>
  <property name="failed.exception.class">org.openqa.selenium.NoSuchSessionException</property>
  <property name="failed.exception.stacktrace">org.openqa.selenium.NoSuchSessionException: invalid session id
Build info: version: &apos;3.141.59&apos;, revision: &apos;unknown&apos;, time: &apos;unknown&apos;
System info: host: &apos;LAPTOP-5GQHVTHK&apos;, ip: &apos;192.168.0.101&apos;, os.name: &apos;Windows 11&apos;, os.arch: &apos;amd64&apos;, os.version: &apos;10.0&apos;, java.version: &apos;17.0.7&apos;
Driver info: com.kms.katalon.selenium.driver.CRemoteWebDriver
Capabilities {acceptInsecureCerts: false, browserName: chrome, browserVersion: 133.0.6847.2, chrome: {chromedriverVersion: 133.0.6847.2 (7e95e23d2d1f8..., userDataDir: C:\Program Files\scoped_dir...}, fedcm:accounts: true, goog:chromeOptions: {debuggerAddress: localhost:9225}, javascriptEnabled: true, katalon:caps: {executionId: 7d4e82b8-40e4-4174-b61f-a37..., executionSessionId: e415b1f4-19f5-4921-bd13-c70...}, katalon:options: {executionId: 7d4e82b8-40e4-4174-b61f-a37..., executionSessionId: e415b1f4-19f5-4921-bd13-c70..., group: 9ab6bac5-1cc1-4a31-be02-e95..., metadata: {accountUuid: fda32340-531c-49aa-a0b7-40d..., organizationId: 1906073, usingTunnel: false}, organizationId: 1906073, runFromTestCloud: true, tenant: TestOps, tunnelMetadataId: 47bf9c75-9831-4539-a455-bf2..., userId: 1648280, username: innocent.beaver.duja@instan..., usingTunnel: true}, kt:requestId: e415b1f4-19f5-4921-bd13-c70..., kt:rid: e415b1f4-19f5-4921-bd13-c70..., networkConnectionEnabled: false, pageLoadStrategy: normal, platform: WINDOWS, platformName: WINDOWS, proxy: Proxy(), se:bidiEnabled: false, se:cdpEnabled: false, setWindowRect: true, strictFileInteractability: false, timeouts: {implicit: 0, pageLoad: 300000, script: 30000}, unhandledPromptBehavior: dismiss and notify, webauthn:extension:credBlob: true, webauthn:extension:largeBlob: true, webauthn:extension:minPinLength: true, webauthn:extension:prf: true, webauthn:virtualAuthenticators: true}
Session ID: 318d66900cf90bd453aa43fc1a17cece
*** Element info: {Using=css selector, value=#user-name}
	at jdk.internal.reflect.GeneratedConstructorAccessor21.newInstance(Unknown Source)
	at java.base/jdk.internal.reflect.DelegatingConstructorAccessorImpl.newInstance(DelegatingConstructorAccessorImpl.java:45)
	at org.openqa.selenium.remote.http.W3CHttpResponseCodec.createException(W3CHttpResponseCodec.java:187)
	at org.openqa.selenium.remote.http.W3CHttpResponseCodec.decode(W3CHttpResponseCodec.java:122)
	at org.openqa.selenium.remote.http.W3CHttpResponseCodec.decode(W3CHttpResponseCodec.java:49)
	at org.openqa.selenium.remote.HttpCommandExecutor.execute(HttpCommandExecutor.java:158)
	at org.openqa.selenium.remote.RemoteWebDriver.execute(RemoteWebDriver.java:552)
	at com.kms.katalon.selenium.driver.CRemoteWebDriver.execute(CRemoteWebDriver.java:30)
	at org.openqa.selenium.remote.RemoteWebDriver.findElements(RemoteWebDriver.java:353)
	at org.openqa.selenium.remote.RemoteWebDriver.findElementsByCssSelector(RemoteWebDriver.java:424)
	at org.openqa.selenium.By$ByCssSelector.findElements(By.java:441)
	at org.openqa.selenium.remote.RemoteWebDriver.findElements(RemoteWebDriver.java:311)
	at jdk.internal.reflect.GeneratedMethodAccessor8.invoke(Unknown Source)
	at java.base/jdk.internal.reflect.DelegatingMethodAccessorImpl.invoke(DelegatingMethodAccessorImpl.java:43)
	at org.openqa.selenium.support.events.EventFiringWebDriver.lambda$new$1(EventFiringWebDriver.java:105)
	at jdk.proxy2/jdk.proxy2.$Proxy23.findElements(Unknown Source)
	at org.openqa.selenium.support.events.EventFiringWebDriver.findElements(EventFiringWebDriver.java:182)
	at com.kms.katalon.core.webui.common.WebUiCommonHelper.findElementByNormalMethods(WebUiCommonHelper.java:1033)
	at com.kms.katalon.core.webui.common.WebUiCommonHelper.findElementsBySelectedMethod(WebUiCommonHelper.java:920)
	at com.kms.katalon.core.webui.common.WebUiCommonHelper.findElementsWithSelfHealing(WebUiCommonHelper.java:815)
	at com.kms.katalon.core.webui.common.WebUiCommonHelper.findWebElements(WebUiCommonHelper.java:727)
	at com.kms.katalon.core.webui.common.WebUiCommonHelper.findWebElement(WebUiCommonHelper.java:1413)
	at com.kms.katalon.core.webui.keyword.internal.WebUIAbstractKeyword.findWebElement(WebUIAbstractKeyword.groovy:27)
	at com.kms.katalon.core.webui.keyword.internal.WebUIAbstractKeyword.findWebElement(WebUIAbstractKeyword.groovy:26)
	at com.kms.katalon.core.webui.keyword.builtin.SetTextKeyword$_setText_closure1.doCall(SetTextKeyword.groovy:53)
	at com.kms.katalon.core.webui.keyword.builtin.SetTextKeyword$_setText_closure1.call(SetTextKeyword.groovy)
	at com.kms.katalon.core.webui.keyword.internal.WebUIKeywordMain.runKeyword(WebUIKeywordMain.groovy:35)
	at com.kms.katalon.core.webui.keyword.builtin.SetTextKeyword.setText(SetTextKeyword.groovy:85)
	at com.kms.katalon.core.webui.keyword.builtin.SetTextKeyword.execute(SetTextKeyword.groovy:39)
	at com.kms.katalon.core.keyword.internal.KeywordExecutor.executeKeywordForPlatform(KeywordExecutor.groovy:74)
	at com.kms.katalon.core.webui.keyword.WebUiBuiltInKeywords.setText(WebUiBuiltInKeywords.groovy:1019)
	at com.test.swaglabs.CustomLogin.WebLoginFifthAccount(CustomLogin.groovy:71)
	at java.base/jdk.internal.reflect.NativeMethodAccessorImpl.invoke0(Native Method)
	at java.base/jdk.internal.reflect.NativeMethodAccessorImpl.invoke(NativeMethodAccessorImpl.java:77)
	at java.base/jdk.internal.reflect.DelegatingMethodAccessorImpl.invoke(DelegatingMethodAccessorImpl.java:43)
	at com.kms.katalon.core.main.CustomKeywordDelegatingMetaClass.invokeStaticMethod(CustomKeywordDelegatingMetaClass.java:55)
	at Login by Fifth Account - error_user.run(Login by Fifth Account - error_user:24)
	at com.kms.katalon.core.main.ScriptEngine.run(ScriptEngine.java:194)
	at com.kms.katalon.core.main.ScriptEngine.runScriptAsRawText(ScriptEngine.java:119)
	at com.kms.katalon.core.main.TestCaseExecutor.runScript(TestCaseExecutor.java:448)
	at com.kms.katalon.core.main.TestCaseExecutor.doExecute(TestCaseExecutor.java:439)
	at com.kms.katalon.core.main.TestCaseExecutor.processExecutionPhase(TestCaseExecutor.java:418)
	at com.kms.katalon.core.main.TestCaseExecutor.accessMainPhase(TestCaseExecutor.java:410)
	at com.kms.katalon.core.main.TestCaseExecutor.execute(TestCaseExecutor.java:285)
	at com.kms.katalon.core.main.TestCaseExecutor.execute(TestCaseExecutor.java:369)
	at com.kms.katalon.core.common.CommonExecutor.accessTestCaseMainPhase(CommonExecutor.java:65)
	at com.kms.katalon.core.main.TestSuiteExecutor.accessTestSuiteMainPhase(TestSuiteExecutor.java:150)
	at com.kms.katalon.core.main.TestSuiteExecutor.execute(TestSuiteExecutor.java:106)
	at com.kms.katalon.core.main.TestCaseMain.startTestSuite(TestCaseMain.java:180)
	at TempTestSuite1738334733685.run(TempTestSuite1738334733685.groovy:35)
	at java.base/jdk.internal.reflect.NativeMethodAccessorImpl.invoke0(Native Method)
	at java.base/jdk.internal.reflect.NativeMethodAccessorImpl.invoke(NativeMethodAccessorImpl.java:77)
	at java.base/jdk.internal.reflect.DelegatingMethodAccessorImpl.invoke(DelegatingMethodAccessorImpl.java:43)
</property>
  <property name="failed.exception.message">invalid session id
Build info: version: &apos;3.141.59&apos;, revision: &apos;unknown&apos;, time: &apos;unknown&apos;
System info: host: &apos;LAPTOP-5GQHVTHK&apos;, ip: &apos;192.168.0.101&apos;, os.name: &apos;Windows 11&apos;, os.arch: &apos;amd64&apos;, os.version: &apos;10.0&apos;, java.version: &apos;17.0.7&apos;
Driver info: com.kms.katalon.selenium.driver.CRemoteWebDriver
Capabilities {acceptInsecureCerts: false, browserName: chrome, browserVersion: 133.0.6847.2, chrome: {chromedriverVersion: 133.0.6847.2 (7e95e23d2d1f8..., userDataDir: C:\Program Files\scoped_dir...}, fedcm:accounts: true, goog:chromeOptions: {debuggerAddress: localhost:9225}, javascriptEnabled: true, katalon:caps: {executionId: 7d4e82b8-40e4-4174-b61f-a37..., executionSessionId: e415b1f4-19f5-4921-bd13-c70...}, katalon:options: {executionId: 7d4e82b8-40e4-4174-b61f-a37..., executionSessionId: e415b1f4-19f5-4921-bd13-c70..., group: 9ab6bac5-1cc1-4a31-be02-e95..., metadata: {accountUuid: fda32340-531c-49aa-a0b7-40d..., organizationId: 1906073, usingTunnel: false}, organizationId: 1906073, runFromTestCloud: true, tenant: TestOps, tunnelMetadataId: 47bf9c75-9831-4539-a455-bf2..., userId: 1648280, username: innocent.beaver.duja@instan..., usingTunnel: true}, kt:requestId: e415b1f4-19f5-4921-bd13-c70..., kt:rid: e415b1f4-19f5-4921-bd13-c70..., networkConnectionEnabled: false, pageLoadStrategy: normal, platform: WINDOWS, platformName: WINDOWS, proxy: Proxy(), se:bidiEnabled: false, se:cdpEnabled: false, setWindowRect: true, strictFileInteractability: false, timeouts: {implicit: 0, pageLoad: 300000, script: 30000}, unhandledPromptBehavior: dismiss and notify, webauthn:extension:credBlob: true, webauthn:extension:largeBlob: true, webauthn:extension:minPinLength: true, webauthn:extension:prf: true, webauthn:virtualAuthenticators: true}
Session ID: 318d66900cf90bd453aa43fc1a17cece
*** Element info: {Using=css selector, value=#user-name}</property>
</record>
<record>
  <date>2025-01-31T14:47:19.771158500Z</date>
  <millis>1738334839771</millis>
  <nanos>158500</nanos>
  <sequence>141</sequence>
  <level>WARNING</level>
  <class>com.kms.katalon.core.logging.XmlKeywordLogger</class>
  <method>logMessage</method>
  <thread>1</thread>
  <message>Cannot take screenshot</message>
  <nestedLevel>1</nestedLevel>
  <escapedJava>false</escapedJava>
  <property name="failed.exception.class">org.openqa.selenium.WebDriverException</property>
  <property name="failed.exception.stacktrace">org.openqa.selenium.WebDriverException: An unknown error has occurred
Build info: version: &apos;3.141.59&apos;, revision: &apos;unknown&apos;, time: &apos;unknown&apos;
System info: host: &apos;LAPTOP-5GQHVTHK&apos;, ip: &apos;192.168.0.101&apos;, os.name: &apos;Windows 11&apos;, os.arch: &apos;amd64&apos;, os.version: &apos;10.0&apos;, java.version: &apos;17.0.7&apos;
Driver info: com.kms.katalon.selenium.driver.CRemoteWebDriver
Capabilities {acceptInsecureCerts: false, browserName: chrome, browserVersion: 133.0.6847.2, chrome: {chromedriverVersion: 133.0.6847.2 (7e95e23d2d1f8..., userDataDir: C:\Program Files\scoped_dir...}, fedcm:accounts: true, goog:chromeOptions: {debuggerAddress: localhost:9225}, javascriptEnabled: true, katalon:caps: {executionId: 7d4e82b8-40e4-4174-b61f-a37..., executionSessionId: e415b1f4-19f5-4921-bd13-c70...}, katalon:options: {executionId: 7d4e82b8-40e4-4174-b61f-a37..., executionSessionId: e415b1f4-19f5-4921-bd13-c70..., group: 9ab6bac5-1cc1-4a31-be02-e95..., metadata: {accountUuid: fda32340-531c-49aa-a0b7-40d..., organizationId: 1906073, usingTunnel: false}, organizationId: 1906073, runFromTestCloud: true, tenant: TestOps, tunnelMetadataId: 47bf9c75-9831-4539-a455-bf2..., userId: 1648280, username: innocent.beaver.duja@instan..., usingTunnel: true}, kt:requestId: e415b1f4-19f5-4921-bd13-c70..., kt:rid: e415b1f4-19f5-4921-bd13-c70..., networkConnectionEnabled: false, pageLoadStrategy: normal, platform: WINDOWS, platformName: WINDOWS, proxy: Proxy(), se:bidiEnabled: false, se:cdpEnabled: false, setWindowRect: true, strictFileInteractability: false, timeouts: {implicit: 0, pageLoad: 300000, script: 30000}, unhandledPromptBehavior: dismiss and notify, webauthn:extension:credBlob: true, webauthn:extension:largeBlob: true, webauthn:extension:minPinLength: true, webauthn:extension:prf: true, webauthn:virtualAuthenticators: true}
Session ID: 318d66900cf90bd453aa43fc1a17cece
	at java.base/jdk.internal.reflect.NativeConstructorAccessorImpl.newInstance0(Native Method)
	at java.base/jdk.internal.reflect.NativeConstructorAccessorImpl.newInstance(NativeConstructorAccessorImpl.java:77)
	at java.base/jdk.internal.reflect.DelegatingConstructorAccessorImpl.newInstance(DelegatingConstructorAccessorImpl.java:45)
	at org.openqa.selenium.remote.http.W3CHttpResponseCodec.createException(W3CHttpResponseCodec.java:187)
	at org.openqa.selenium.remote.http.W3CHttpResponseCodec.decode(W3CHttpResponseCodec.java:122)
	at org.openqa.selenium.remote.http.W3CHttpResponseCodec.decode(W3CHttpResponseCodec.java:49)
	at org.openqa.selenium.remote.HttpCommandExecutor.execute(HttpCommandExecutor.java:158)
	at org.openqa.selenium.remote.RemoteWebDriver.execute(RemoteWebDriver.java:552)
	at com.kms.katalon.selenium.driver.CRemoteWebDriver.execute(CRemoteWebDriver.java:30)
	at org.openqa.selenium.remote.RemoteWebDriver.execute(RemoteWebDriver.java:609)
	at org.openqa.selenium.remote.RemoteWebDriver.getScreenshotAs(RemoteWebDriver.java:295)
	at java.base/jdk.internal.reflect.NativeMethodAccessorImpl.invoke0(Native Method)
	at java.base/jdk.internal.reflect.NativeMethodAccessorImpl.invoke(NativeMethodAccessorImpl.java:77)
	at java.base/jdk.internal.reflect.DelegatingMethodAccessorImpl.invoke(DelegatingMethodAccessorImpl.java:43)
	at org.openqa.selenium.support.events.EventFiringWebDriver.lambda$new$1(EventFiringWebDriver.java:105)
	at jdk.proxy2/jdk.proxy2.$Proxy23.getScreenshotAs(Unknown Source)
	at org.openqa.selenium.support.events.EventFiringWebDriver.getScreenshotAs(EventFiringWebDriver.java:302)
	at com.kms.katalon.core.webui.helper.screenshot.WebUIScreenCaptor.take(WebUIScreenCaptor.java:26)
	at com.kms.katalon.core.helper.screenshot.ScreenCaptor.takeScreenshotAndGetAttributes(ScreenCaptor.java:38)
	at com.kms.katalon.core.webui.keyword.internal.WebUIKeywordMain.stepFailed(WebUIKeywordMain.groovy:117)
	at com.kms.katalon.core.webui.keyword.internal.WebUIKeywordMain.runKeyword(WebUIKeywordMain.groovy:43)
	at com.kms.katalon.core.webui.keyword.builtin.SetTextKeyword.setText(SetTextKeyword.groovy:85)
	at com.kms.katalon.core.webui.keyword.builtin.SetTextKeyword.execute(SetTextKeyword.groovy:39)
	at com.kms.katalon.core.keyword.internal.KeywordExecutor.executeKeywordForPlatform(KeywordExecutor.groovy:74)
	at com.kms.katalon.core.webui.keyword.WebUiBuiltInKeywords.setText(WebUiBuiltInKeywords.groovy:1019)
	at com.test.swaglabs.CustomLogin.WebLoginFifthAccount(CustomLogin.groovy:71)
	at java.base/jdk.internal.reflect.NativeMethodAccessorImpl.invoke0(Native Method)
	at java.base/jdk.internal.reflect.NativeMethodAccessorImpl.invoke(NativeMethodAccessorImpl.java:77)
	at java.base/jdk.internal.reflect.DelegatingMethodAccessorImpl.invoke(DelegatingMethodAccessorImpl.java:43)
	at com.kms.katalon.core.main.CustomKeywordDelegatingMetaClass.invokeStaticMethod(CustomKeywordDelegatingMetaClass.java:55)
	at Login by Fifth Account - error_user.run(Login by Fifth Account - error_user:24)
	at com.kms.katalon.core.main.ScriptEngine.run(ScriptEngine.java:194)
	at com.kms.katalon.core.main.ScriptEngine.runScriptAsRawText(ScriptEngine.java:119)
	at com.kms.katalon.core.main.TestCaseExecutor.runScript(TestCaseExecutor.java:448)
	at com.kms.katalon.core.main.TestCaseExecutor.doExecute(TestCaseExecutor.java:439)
	at com.kms.katalon.core.main.TestCaseExecutor.processExecutionPhase(TestCaseExecutor.java:418)
	at com.kms.katalon.core.main.TestCaseExecutor.accessMainPhase(TestCaseExecutor.java:410)
	at com.kms.katalon.core.main.TestCaseExecutor.execute(TestCaseExecutor.java:285)
	at com.kms.katalon.core.main.TestCaseExecutor.execute(TestCaseExecutor.java:369)
	at com.kms.katalon.core.common.CommonExecutor.accessTestCaseMainPhase(CommonExecutor.java:65)
	at com.kms.katalon.core.main.TestSuiteExecutor.accessTestSuiteMainPhase(TestSuiteExecutor.java:150)
	at com.kms.katalon.core.main.TestSuiteExecutor.execute(TestSuiteExecutor.java:106)
	at com.kms.katalon.core.main.TestCaseMain.startTestSuite(TestCaseMain.java:180)
	at TempTestSuite1738334733685.run(TempTestSuite1738334733685.groovy:35)
	at java.base/jdk.internal.reflect.NativeMethodAccessorImpl.invoke0(Native Method)
	at java.base/jdk.internal.reflect.NativeMethodAccessorImpl.invoke(NativeMethodAccessorImpl.java:77)
	at java.base/jdk.internal.reflect.DelegatingMethodAccessorImpl.invoke(DelegatingMethodAccessorImpl.java:43)
</property>
  <property name="failed.exception.message">An unknown error has occurred
Build info: version: &apos;3.141.59&apos;, revision: &apos;unknown&apos;, time: &apos;unknown&apos;
System info: host: &apos;LAPTOP-5GQHVTHK&apos;, ip: &apos;192.168.0.101&apos;, os.name: &apos;Windows 11&apos;, os.arch: &apos;amd64&apos;, os.version: &apos;10.0&apos;, java.version: &apos;17.0.7&apos;
Driver info: com.kms.katalon.selenium.driver.CRemoteWebDriver
Capabilities {acceptInsecureCerts: false, browserName: chrome, browserVersion: 133.0.6847.2, chrome: {chromedriverVersion: 133.0.6847.2 (7e95e23d2d1f8..., userDataDir: C:\Program Files\scoped_dir...}, fedcm:accounts: true, goog:chromeOptions: {debuggerAddress: localhost:9225}, javascriptEnabled: true, katalon:caps: {executionId: 7d4e82b8-40e4-4174-b61f-a37..., executionSessionId: e415b1f4-19f5-4921-bd13-c70...}, katalon:options: {executionId: 7d4e82b8-40e4-4174-b61f-a37..., executionSessionId: e415b1f4-19f5-4921-bd13-c70..., group: 9ab6bac5-1cc1-4a31-be02-e95..., metadata: {accountUuid: fda32340-531c-49aa-a0b7-40d..., organizationId: 1906073, usingTunnel: false}, organizationId: 1906073, runFromTestCloud: true, tenant: TestOps, tunnelMetadataId: 47bf9c75-9831-4539-a455-bf2..., userId: 1648280, username: innocent.beaver.duja@instan..., usingTunnel: true}, kt:requestId: e415b1f4-19f5-4921-bd13-c70..., kt:rid: e415b1f4-19f5-4921-bd13-c70..., networkConnectionEnabled: false, pageLoadStrategy: normal, platform: WINDOWS, platformName: WINDOWS, proxy: Proxy(), se:bidiEnabled: false, se:cdpEnabled: false, setWindowRect: true, strictFileInteractability: false, timeouts: {implicit: 0, pageLoad: 300000, script: 30000}, unhandledPromptBehavior: dismiss and notify, webauthn:extension:credBlob: true, webauthn:extension:largeBlob: true, webauthn:extension:minPinLength: true, webauthn:extension:prf: true, webauthn:virtualAuthenticators: true}
Session ID: 318d66900cf90bd453aa43fc1a17cece</property>
</record>
<record>
  <date>2025-01-31T14:47:19.776153300Z</date>
  <millis>1738334839776</millis>
  <nanos>153300</nanos>
  <sequence>145</sequence>
  <level>FAILED</level>
  <class>com.kms.katalon.core.logging.XmlKeywordLogger</class>
  <method>logMessage</method>
  <thread>1</thread>
  <message>Unable to set text &amp;apos;error_user&amp;apos; of object &amp;apos;Object Repository/Page_Swag Labs/input_Swag Labs_user-name&amp;apos; (Root cause: com.kms.katalon.core.exception.StepFailedException: Unable to set text &amp;apos;error_user&amp;apos; of object &amp;apos;Object Repository/Page_Swag Labs/input_Swag Labs_user-name&amp;apos;
	at com.kms.katalon.core.webui.keyword.internal.WebUIKeywordMain.stepFailed(WebUIKeywordMain.groovy:117)
	at com.kms.katalon.core.webui.keyword.internal.WebUIKeywordMain.runKeyword(WebUIKeywordMain.groovy:43)
	at com.kms.katalon.core.webui.keyword.builtin.SetTextKeyword.setText(SetTextKeyword.groovy:85)
	at com.kms.katalon.core.webui.keyword.builtin.SetTextKeyword.execute(SetTextKeyword.groovy:39)
	at com.kms.katalon.core.keyword.internal.KeywordExecutor.executeKeywordForPlatform(KeywordExecutor.groovy:74)
	at com.kms.katalon.core.webui.keyword.WebUiBuiltInKeywords.setText(WebUiBuiltInKeywords.groovy:1019)
	at com.test.swaglabs.CustomLogin.WebLoginFifthAccount(CustomLogin.groovy:71)
	at java.base/jdk.internal.reflect.NativeMethodAccessorImpl.invoke0(Native Method)
	at java.base/jdk.internal.reflect.NativeMethodAccessorImpl.invoke(NativeMethodAccessorImpl.java:77)
	at java.base/jdk.internal.reflect.DelegatingMethodAccessorImpl.invoke(DelegatingMethodAccessorImpl.java:43)
	at com.kms.katalon.core.main.CustomKeywordDelegatingMetaClass.invokeStaticMethod(CustomKeywordDelegatingMetaClass.java:55)
	at Login by Fifth Account - error_user.run(Login by Fifth Account - error_user:24)
	at com.kms.katalon.core.main.ScriptEngine.run(ScriptEngine.java:194)
	at com.kms.katalon.core.main.ScriptEngine.runScriptAsRawText(ScriptEngine.java:119)
	at com.kms.katalon.core.main.TestCaseExecutor.runScript(TestCaseExecutor.java:448)
	at com.kms.katalon.core.main.TestCaseExecutor.doExecute(TestCaseExecutor.java:439)
	at com.kms.katalon.core.main.TestCaseExecutor.processExecutionPhase(TestCaseExecutor.java:418)
	at com.kms.katalon.core.main.TestCaseExecutor.accessMainPhase(TestCaseExecutor.java:410)
	at com.kms.katalon.core.main.TestCaseExecutor.execute(TestCaseExecutor.java:285)
	at com.kms.katalon.core.main.TestCaseExecutor.execute(TestCaseExecutor.java:369)
	at com.kms.katalon.core.common.CommonExecutor.accessTestCaseMainPhase(CommonExecutor.java:65)
	at com.kms.katalon.core.main.TestSuiteExecutor.accessTestSuiteMainPhase(TestSuiteExecutor.java:150)
	at com.kms.katalon.core.main.TestSuiteExecutor.execute(TestSuiteExecutor.java:106)
	at com.kms.katalon.core.main.TestCaseMain.startTestSuite(TestCaseMain.java:180)
	at TempTestSuite1738334733685.run(TempTestSuite1738334733685.groovy:35)
	at java.base/jdk.internal.reflect.NativeMethodAccessorImpl.invoke0(Native Method)
	at java.base/jdk.internal.reflect.NativeMethodAccessorImpl.invoke(NativeMethodAccessorImpl.java:77)
	at java.base/jdk.internal.reflect.DelegatingMethodAccessorImpl.invoke(DelegatingMethodAccessorImpl.java:43)
Caused by: org.openqa.selenium.NoSuchSessionException: invalid session id: session deleted as the browser has closed the connection
from disconnected: Unable to receive message from renderer
  (Session info: chrome=133.0.6847.2)
Build info: version: &amp;apos;3.141.59&amp;apos;, revision: &amp;apos;unknown&amp;apos;, time: &amp;apos;unknown&amp;apos;
System info: host: &amp;apos;LAPTOP-5GQHVTHK&amp;apos;, ip: &amp;apos;192.168.0.101&amp;apos;, os.name: &amp;apos;Windows 11&amp;apos;, os.arch: &amp;apos;amd64&amp;apos;, os.version: &amp;apos;10.0&amp;apos;, java.version: &amp;apos;17.0.7&amp;apos;
Driver info: com.kms.katalon.selenium.driver.CRemoteWebDriver
Capabilities {acceptInsecureCerts: false, browserName: chrome, browserVersion: 133.0.6847.2, chrome: {chromedriverVersion: 133.0.6847.2 (7e95e23d2d1f8..., userDataDir: C:\Program Files\scoped_dir...}, fedcm:accounts: true, goog:chromeOptions: {debuggerAddress: localhost:9225}, javascriptEnabled: true, katalon:caps: {executionId: 7d4e82b8-40e4-4174-b61f-a37..., executionSessionId: e415b1f4-19f5-4921-bd13-c70...}, katalon:options: {executionId: 7d4e82b8-40e4-4174-b61f-a37..., executionSessionId: e415b1f4-19f5-4921-bd13-c70..., group: 9ab6bac5-1cc1-4a31-be02-e95..., metadata: {accountUuid: fda32340-531c-49aa-a0b7-40d..., organizationId: 1906073, usingTunnel: false}, organizationId: 1906073, runFromTestCloud: true, tenant: TestOps, tunnelMetadataId: 47bf9c75-9831-4539-a455-bf2..., userId: 1648280, username: innocent.beaver.duja@instan..., usingTunnel: true}, kt:requestId: e415b1f4-19f5-4921-bd13-c70..., kt:rid: e415b1f4-19f5-4921-bd13-c70..., networkConnectionEnabled: false, pageLoadStrategy: normal, platform: WINDOWS, platformName: WINDOWS, proxy: Proxy(), se:bidiEnabled: false, se:cdpEnabled: false, setWindowRect: true, strictFileInteractability: false, timeouts: {implicit: 0, pageLoad: 300000, script: 30000}, unhandledPromptBehavior: dismiss and notify, webauthn:extension:credBlob: true, webauthn:extension:largeBlob: true, webauthn:extension:minPinLength: true, webauthn:extension:prf: true, webauthn:virtualAuthenticators: true}
Session ID: 318d66900cf90bd453aa43fc1a17cece
*** Element info: {Using=xpath, value=//input[@id=&amp;apos;user-name&amp;apos;]}
	at java.base/jdk.internal.reflect.NativeConstructorAccessorImpl.newInstance0(Native Method)
	at java.base/jdk.internal.reflect.NativeConstructorAccessorImpl.newInstance(NativeConstructorAccessorImpl.java:77)
	at java.base/jdk.internal.reflect.DelegatingConstructorAccessorImpl.newInstance(DelegatingConstructorAccessorImpl.java:45)
	at org.openqa.selenium.remote.http.W3CHttpResponseCodec.createException(W3CHttpResponseCodec.java:187)
	at org.openqa.selenium.remote.http.W3CHttpResponseCodec.decode(W3CHttpResponseCodec.java:122)
	at org.openqa.selenium.remote.http.W3CHttpResponseCodec.decode(W3CHttpResponseCodec.java:49)
	at org.openqa.selenium.remote.HttpCommandExecutor.execute(HttpCommandExecutor.java:158)
	at org.openqa.selenium.remote.RemoteWebDriver.execute(RemoteWebDriver.java:552)
	at com.kms.katalon.selenium.driver.CRemoteWebDriver.execute(CRemoteWebDriver.java:30)
	at org.openqa.selenium.remote.RemoteWebDriver.findElements(RemoteWebDriver.java:353)
	at org.openqa.selenium.remote.RemoteWebDriver.findElementsByXPath(RemoteWebDriver.java:432)
	at org.openqa.selenium.By$ByXPath.findElements(By.java:348)
	at org.openqa.selenium.remote.RemoteWebDriver.findElements(RemoteWebDriver.java:311)
	at jdk.internal.reflect.GeneratedMethodAccessor8.invoke(Unknown Source)
	at java.base/jdk.internal.reflect.DelegatingMethodAccessorImpl.invoke(DelegatingMethodAccessorImpl.java:43)
	at org.openqa.selenium.support.events.EventFiringWebDriver.lambda$new$1(EventFiringWebDriver.java:105)
	at jdk.proxy2/jdk.proxy2.$Proxy23.findElements(Unknown Source)
	at org.openqa.selenium.support.events.EventFiringWebDriver.findElements(EventFiringWebDriver.java:182)
	at com.kms.katalon.core.webui.common.WebUiCommonHelper.findElementByNormalMethods(WebUiCommonHelper.java:1033)
	at com.kms.katalon.core.webui.common.WebUiCommonHelper.findElementsBySelectedMethod(WebUiCommonHelper.java:924)
	at com.kms.katalon.core.webui.common.WebUiCommonHelper.findElementsBySelectedMethod(WebUiCommonHelper.java:906)
	at com.kms.katalon.core.webui.common.WebUiCommonHelper.findElementsBySelectedMethod(WebUiCommonHelper.java:901)
	at com.kms.katalon.core.webui.common.WebUiCommonHelper.findElementsByDefault(WebUiCommonHelper.java:897)
	at com.kms.katalon.core.webui.common.WebUiCommonHelper.findElementsWithSelfHealing(WebUiCommonHelper.java:743)
	at com.kms.katalon.core.webui.common.WebUiCommonHelper.findWebElements(WebUiCommonHelper.java:727)
	at com.kms.katalon.core.webui.common.WebUiCommonHelper.findWebElement(WebUiCommonHelper.java:1413)
	at com.kms.katalon.core.webui.keyword.internal.WebUIAbstractKeyword.findWebElement(WebUIAbstractKeyword.groovy:27)
	at com.kms.katalon.core.webui.keyword.internal.WebUIAbstractKeyword.findWebElement(WebUIAbstractKeyword.groovy:26)
	at com.kms.katalon.core.webui.keyword.builtin.SetTextKeyword$_setText_closure1.doCall(SetTextKeyword.groovy:53)
	at com.kms.katalon.core.webui.keyword.builtin.SetTextKeyword$_setText_closure1.call(SetTextKeyword.groovy)
	at com.kms.katalon.core.webui.keyword.internal.WebUIKeywordMain.runKeyword(WebUIKeywordMain.groovy:35)
	at com.kms.katalon.core.webui.keyword.builtin.SetTextKeyword.setText(SetTextKeyword.groovy:85)
	at com.kms.katalon.core.webui.keyword.builtin.SetTextKeyword.execute(SetTextKeyword.groovy:39)
	at com.kms.katalon.core.keyword.internal.KeywordExecutor.executeKeywordForPlatform(KeywordExecutor.groovy:74)
	at com.kms.katalon.core.webui.keyword.WebUiBuiltInKeywords.setText(WebUiBuiltInKeywords.groovy:1019)
	at com.test.swaglabs.CustomLogin.WebLoginFifthAccount(CustomLogin.groovy:71)
	at java.base/jdk.internal.reflect.NativeMethodAccessorImpl.invoke0(Native Method)
	at java.base/jdk.internal.reflect.NativeMethodAccessorImpl.invoke(NativeMethodAccessorImpl.java:77)
	at java.base/jdk.internal.reflect.DelegatingMethodAccessorImpl.invoke(DelegatingMethodAccessorImpl.java:43)
	at com.kms.katalon.core.main.CustomKeywordDelegatingMetaClass.invokeStaticMethod(CustomKeywordDelegatingMetaClass.java:55)
	at Script1738220888053.run(Script1738220888053.groovy:24)
	... 16 more
)</message>
  <nestedLevel>1</nestedLevel>
  <escapedJava>false</escapedJava>
  <property name="failed.exception.class">org.openqa.selenium.NoSuchSessionException</property>
  <property name="failed.exception.stacktrace">org.openqa.selenium.NoSuchSessionException: invalid session id: session deleted as the browser has closed the connection
from disconnected: Unable to receive message from renderer
  (Session info: chrome=133.0.6847.2)
Build info: version: &apos;3.141.59&apos;, revision: &apos;unknown&apos;, time: &apos;unknown&apos;
System info: host: &apos;LAPTOP-5GQHVTHK&apos;, ip: &apos;192.168.0.101&apos;, os.name: &apos;Windows 11&apos;, os.arch: &apos;amd64&apos;, os.version: &apos;10.0&apos;, java.version: &apos;17.0.7&apos;
Driver info: com.kms.katalon.selenium.driver.CRemoteWebDriver
Capabilities {acceptInsecureCerts: false, browserName: chrome, browserVersion: 133.0.6847.2, chrome: {chromedriverVersion: 133.0.6847.2 (7e95e23d2d1f8..., userDataDir: C:\Program Files\scoped_dir...}, fedcm:accounts: true, goog:chromeOptions: {debuggerAddress: localhost:9225}, javascriptEnabled: true, katalon:caps: {executionId: 7d4e82b8-40e4-4174-b61f-a37..., executionSessionId: e415b1f4-19f5-4921-bd13-c70...}, katalon:options: {executionId: 7d4e82b8-40e4-4174-b61f-a37..., executionSessionId: e415b1f4-19f5-4921-bd13-c70..., group: 9ab6bac5-1cc1-4a31-be02-e95..., metadata: {accountUuid: fda32340-531c-49aa-a0b7-40d..., organizationId: 1906073, usingTunnel: false}, organizationId: 1906073, runFromTestCloud: true, tenant: TestOps, tunnelMetadataId: 47bf9c75-9831-4539-a455-bf2..., userId: 1648280, username: innocent.beaver.duja@instan..., usingTunnel: true}, kt:requestId: e415b1f4-19f5-4921-bd13-c70..., kt:rid: e415b1f4-19f5-4921-bd13-c70..., networkConnectionEnabled: false, pageLoadStrategy: normal, platform: WINDOWS, platformName: WINDOWS, proxy: Proxy(), se:bidiEnabled: false, se:cdpEnabled: false, setWindowRect: true, strictFileInteractability: false, timeouts: {implicit: 0, pageLoad: 300000, script: 30000}, unhandledPromptBehavior: dismiss and notify, webauthn:extension:credBlob: true, webauthn:extension:largeBlob: true, webauthn:extension:minPinLength: true, webauthn:extension:prf: true, webauthn:virtualAuthenticators: true}
Session ID: 318d66900cf90bd453aa43fc1a17cece
*** Element info: {Using=xpath, value=//input[@id=&apos;user-name&apos;]}
	at java.base/jdk.internal.reflect.NativeConstructorAccessorImpl.newInstance0(Native Method)
	at java.base/jdk.internal.reflect.NativeConstructorAccessorImpl.newInstance(NativeConstructorAccessorImpl.java:77)
	at java.base/jdk.internal.reflect.DelegatingConstructorAccessorImpl.newInstance(DelegatingConstructorAccessorImpl.java:45)
	at org.openqa.selenium.remote.http.W3CHttpResponseCodec.createException(W3CHttpResponseCodec.java:187)
	at org.openqa.selenium.remote.http.W3CHttpResponseCodec.decode(W3CHttpResponseCodec.java:122)
	at org.openqa.selenium.remote.http.W3CHttpResponseCodec.decode(W3CHttpResponseCodec.java:49)
	at org.openqa.selenium.remote.HttpCommandExecutor.execute(HttpCommandExecutor.java:158)
	at org.openqa.selenium.remote.RemoteWebDriver.execute(RemoteWebDriver.java:552)
	at com.kms.katalon.selenium.driver.CRemoteWebDriver.execute(CRemoteWebDriver.java:30)
	at org.openqa.selenium.remote.RemoteWebDriver.findElements(RemoteWebDriver.java:353)
	at org.openqa.selenium.remote.RemoteWebDriver.findElementsByXPath(RemoteWebDriver.java:432)
	at org.openqa.selenium.By$ByXPath.findElements(By.java:348)
	at org.openqa.selenium.remote.RemoteWebDriver.findElements(RemoteWebDriver.java:311)
	at jdk.internal.reflect.GeneratedMethodAccessor8.invoke(Unknown Source)
	at java.base/jdk.internal.reflect.DelegatingMethodAccessorImpl.invoke(DelegatingMethodAccessorImpl.java:43)
	at org.openqa.selenium.support.events.EventFiringWebDriver.lambda$new$1(EventFiringWebDriver.java:105)
	at jdk.proxy2/jdk.proxy2.$Proxy23.findElements(Unknown Source)
	at org.openqa.selenium.support.events.EventFiringWebDriver.findElements(EventFiringWebDriver.java:182)
	at com.kms.katalon.core.webui.common.WebUiCommonHelper.findElementByNormalMethods(WebUiCommonHelper.java:1033)
	at com.kms.katalon.core.webui.common.WebUiCommonHelper.findElementsBySelectedMethod(WebUiCommonHelper.java:924)
	at com.kms.katalon.core.webui.common.WebUiCommonHelper.findElementsBySelectedMethod(WebUiCommonHelper.java:906)
	at com.kms.katalon.core.webui.common.WebUiCommonHelper.findElementsBySelectedMethod(WebUiCommonHelper.java:901)
	at com.kms.katalon.core.webui.common.WebUiCommonHelper.findElementsByDefault(WebUiCommonHelper.java:897)
	at com.kms.katalon.core.webui.common.WebUiCommonHelper.findElementsWithSelfHealing(WebUiCommonHelper.java:743)
	at com.kms.katalon.core.webui.common.WebUiCommonHelper.findWebElements(WebUiCommonHelper.java:727)
	at com.kms.katalon.core.webui.common.WebUiCommonHelper.findWebElement(WebUiCommonHelper.java:1413)
	at com.kms.katalon.core.webui.keyword.internal.WebUIAbstractKeyword.findWebElement(WebUIAbstractKeyword.groovy:27)
	at com.kms.katalon.core.webui.keyword.internal.WebUIAbstractKeyword.findWebElement(WebUIAbstractKeyword.groovy:26)
	at com.kms.katalon.core.webui.keyword.builtin.SetTextKeyword$_setText_closure1.doCall(SetTextKeyword.groovy:53)
	at com.kms.katalon.core.webui.keyword.builtin.SetTextKeyword$_setText_closure1.call(SetTextKeyword.groovy)
	at com.kms.katalon.core.webui.keyword.internal.WebUIKeywordMain.runKeyword(WebUIKeywordMain.groovy:35)
	at com.kms.katalon.core.webui.keyword.builtin.SetTextKeyword.setText(SetTextKeyword.groovy:85)
	at com.kms.katalon.core.webui.keyword.builtin.SetTextKeyword.execute(SetTextKeyword.groovy:39)
	at com.kms.katalon.core.keyword.internal.KeywordExecutor.executeKeywordForPlatform(KeywordExecutor.groovy:74)
	at com.kms.katalon.core.webui.keyword.WebUiBuiltInKeywords.setText(WebUiBuiltInKeywords.groovy:1019)
	at com.test.swaglabs.CustomLogin.WebLoginFifthAccount(CustomLogin.groovy:71)
	at java.base/jdk.internal.reflect.NativeMethodAccessorImpl.invoke0(Native Method)
	at java.base/jdk.internal.reflect.NativeMethodAccessorImpl.invoke(NativeMethodAccessorImpl.java:77)
	at java.base/jdk.internal.reflect.DelegatingMethodAccessorImpl.invoke(DelegatingMethodAccessorImpl.java:43)
	at com.kms.katalon.core.main.CustomKeywordDelegatingMetaClass.invokeStaticMethod(CustomKeywordDelegatingMetaClass.java:55)
	at Login by Fifth Account - error_user.run(Login by Fifth Account - error_user:24)
	at com.kms.katalon.core.main.ScriptEngine.run(ScriptEngine.java:194)
	at com.kms.katalon.core.main.ScriptEngine.runScriptAsRawText(ScriptEngine.java:119)
	at com.kms.katalon.core.main.TestCaseExecutor.runScript(TestCaseExecutor.java:448)
	at com.kms.katalon.core.main.TestCaseExecutor.doExecute(TestCaseExecutor.java:439)
	at com.kms.katalon.core.main.TestCaseExecutor.processExecutionPhase(TestCaseExecutor.java:418)
	at com.kms.katalon.core.main.TestCaseExecutor.accessMainPhase(TestCaseExecutor.java:410)
	at com.kms.katalon.core.main.TestCaseExecutor.execute(TestCaseExecutor.java:285)
	at com.kms.katalon.core.main.TestCaseExecutor.execute(TestCaseExecutor.java:369)
	at com.kms.katalon.core.common.CommonExecutor.accessTestCaseMainPhase(CommonExecutor.java:65)
	at com.kms.katalon.core.main.TestSuiteExecutor.accessTestSuiteMainPhase(TestSuiteExecutor.java:150)
	at com.kms.katalon.core.main.TestSuiteExecutor.execute(TestSuiteExecutor.java:106)
	at com.kms.katalon.core.main.TestCaseMain.startTestSuite(TestCaseMain.java:180)
	at TempTestSuite1738334733685.run(TempTestSuite1738334733685.groovy:35)
	at java.base/jdk.internal.reflect.NativeMethodAccessorImpl.invoke0(Native Method)
	at java.base/jdk.internal.reflect.NativeMethodAccessorImpl.invoke(NativeMethodAccessorImpl.java:77)
	at java.base/jdk.internal.reflect.DelegatingMethodAccessorImpl.invoke(DelegatingMethodAccessorImpl.java:43)
</property>
  <property name="failed.exception.message">invalid session id: session deleted as the browser has closed the connection
from disconnected: Unable to receive message from renderer
  (Session info: chrome=133.0.6847.2)
Build info: version: &apos;3.141.59&apos;, revision: &apos;unknown&apos;, time: &apos;unknown&apos;
System info: host: &apos;LAPTOP-5GQHVTHK&apos;, ip: &apos;192.168.0.101&apos;, os.name: &apos;Windows 11&apos;, os.arch: &apos;amd64&apos;, os.version: &apos;10.0&apos;, java.version: &apos;17.0.7&apos;
Driver info: com.kms.katalon.selenium.driver.CRemoteWebDriver
Capabilities {acceptInsecureCerts: false, browserName: chrome, browserVersion: 133.0.6847.2, chrome: {chromedriverVersion: 133.0.6847.2 (7e95e23d2d1f8..., userDataDir: C:\Program Files\scoped_dir...}, fedcm:accounts: true, goog:chromeOptions: {debuggerAddress: localhost:9225}, javascriptEnabled: true, katalon:caps: {executionId: 7d4e82b8-40e4-4174-b61f-a37..., executionSessionId: e415b1f4-19f5-4921-bd13-c70...}, katalon:options: {executionId: 7d4e82b8-40e4-4174-b61f-a37..., executionSessionId: e415b1f4-19f5-4921-bd13-c70..., group: 9ab6bac5-1cc1-4a31-be02-e95..., metadata: {accountUuid: fda32340-531c-49aa-a0b7-40d..., organizationId: 1906073, usingTunnel: false}, organizationId: 1906073, runFromTestCloud: true, tenant: TestOps, tunnelMetadataId: 47bf9c75-9831-4539-a455-bf2..., userId: 1648280, username: innocent.beaver.duja@instan..., usingTunnel: true}, kt:requestId: e415b1f4-19f5-4921-bd13-c70..., kt:rid: e415b1f4-19f5-4921-bd13-c70..., networkConnectionEnabled: false, pageLoadStrategy: normal, platform: WINDOWS, platformName: WINDOWS, proxy: Proxy(), se:bidiEnabled: false, se:cdpEnabled: false, setWindowRect: true, strictFileInteractability: false, timeouts: {implicit: 0, pageLoad: 300000, script: 30000}, unhandledPromptBehavior: dismiss and notify, webauthn:extension:credBlob: true, webauthn:extension:largeBlob: true, webauthn:extension:minPinLength: true, webauthn:extension:prf: true, webauthn:virtualAuthenticators: true}
Session ID: 318d66900cf90bd453aa43fc1a17cece
*** Element info: {Using=xpath, value=//input[@id=&apos;user-name&apos;]}</property>
</record>
<record>
  <date>2025-01-31T14:47:19.781212500Z</date>
  <millis>1738334839781</millis>
  <nanos>212500</nanos>
  <sequence>147</sequence>
  <level>FAILED</level>
  <class>com.kms.katalon.core.logging.XmlKeywordLogger</class>
  <method>logMessage</method>
  <thread>1</thread>
  <message>Unable to set text &amp;apos;error_user&amp;apos; of object &amp;apos;Object Repository/Page_Swag Labs/input_Swag Labs_user-name&amp;apos;</message>
  <nestedLevel>1</nestedLevel>
  <escapedJava>false</escapedJava>
  <property name="failed.exception.class">org.openqa.selenium.NoSuchSessionException</property>
  <property name="failed.exception.stacktrace">org.openqa.selenium.NoSuchSessionException: invalid session id: session deleted as the browser has closed the connection
from disconnected: Unable to receive message from renderer
  (Session info: chrome=133.0.6847.2)
Build info: version: &apos;3.141.59&apos;, revision: &apos;unknown&apos;, time: &apos;unknown&apos;
System info: host: &apos;LAPTOP-5GQHVTHK&apos;, ip: &apos;192.168.0.101&apos;, os.name: &apos;Windows 11&apos;, os.arch: &apos;amd64&apos;, os.version: &apos;10.0&apos;, java.version: &apos;17.0.7&apos;
Driver info: com.kms.katalon.selenium.driver.CRemoteWebDriver
Capabilities {acceptInsecureCerts: false, browserName: chrome, browserVersion: 133.0.6847.2, chrome: {chromedriverVersion: 133.0.6847.2 (7e95e23d2d1f8..., userDataDir: C:\Program Files\scoped_dir...}, fedcm:accounts: true, goog:chromeOptions: {debuggerAddress: localhost:9225}, javascriptEnabled: true, katalon:caps: {executionId: 7d4e82b8-40e4-4174-b61f-a37..., executionSessionId: e415b1f4-19f5-4921-bd13-c70...}, katalon:options: {executionId: 7d4e82b8-40e4-4174-b61f-a37..., executionSessionId: e415b1f4-19f5-4921-bd13-c70..., group: 9ab6bac5-1cc1-4a31-be02-e95..., metadata: {accountUuid: fda32340-531c-49aa-a0b7-40d..., organizationId: 1906073, usingTunnel: false}, organizationId: 1906073, runFromTestCloud: true, tenant: TestOps, tunnelMetadataId: 47bf9c75-9831-4539-a455-bf2..., userId: 1648280, username: innocent.beaver.duja@instan..., usingTunnel: true}, kt:requestId: e415b1f4-19f5-4921-bd13-c70..., kt:rid: e415b1f4-19f5-4921-bd13-c70..., networkConnectionEnabled: false, pageLoadStrategy: normal, platform: WINDOWS, platformName: WINDOWS, proxy: Proxy(), se:bidiEnabled: false, se:cdpEnabled: false, setWindowRect: true, strictFileInteractability: false, timeouts: {implicit: 0, pageLoad: 300000, script: 30000}, unhandledPromptBehavior: dismiss and notify, webauthn:extension:credBlob: true, webauthn:extension:largeBlob: true, webauthn:extension:minPinLength: true, webauthn:extension:prf: true, webauthn:virtualAuthenticators: true}
Session ID: 318d66900cf90bd453aa43fc1a17cece
*** Element info: {Using=xpath, value=//input[@id=&apos;user-name&apos;]}
	at java.base/jdk.internal.reflect.NativeConstructorAccessorImpl.newInstance0(Native Method)
	at java.base/jdk.internal.reflect.NativeConstructorAccessorImpl.newInstance(NativeConstructorAccessorImpl.java:77)
	at java.base/jdk.internal.reflect.DelegatingConstructorAccessorImpl.newInstance(DelegatingConstructorAccessorImpl.java:45)
	at org.openqa.selenium.remote.http.W3CHttpResponseCodec.createException(W3CHttpResponseCodec.java:187)
	at org.openqa.selenium.remote.http.W3CHttpResponseCodec.decode(W3CHttpResponseCodec.java:122)
	at org.openqa.selenium.remote.http.W3CHttpResponseCodec.decode(W3CHttpResponseCodec.java:49)
	at org.openqa.selenium.remote.HttpCommandExecutor.execute(HttpCommandExecutor.java:158)
	at org.openqa.selenium.remote.RemoteWebDriver.execute(RemoteWebDriver.java:552)
	at com.kms.katalon.selenium.driver.CRemoteWebDriver.execute(CRemoteWebDriver.java:30)
	at org.openqa.selenium.remote.RemoteWebDriver.findElements(RemoteWebDriver.java:353)
	at org.openqa.selenium.remote.RemoteWebDriver.findElementsByXPath(RemoteWebDriver.java:432)
	at org.openqa.selenium.By$ByXPath.findElements(By.java:348)
	at org.openqa.selenium.remote.RemoteWebDriver.findElements(RemoteWebDriver.java:311)
	at jdk.internal.reflect.GeneratedMethodAccessor8.invoke(Unknown Source)
	at java.base/jdk.internal.reflect.DelegatingMethodAccessorImpl.invoke(DelegatingMethodAccessorImpl.java:43)
	at org.openqa.selenium.support.events.EventFiringWebDriver.lambda$new$1(EventFiringWebDriver.java:105)
	at jdk.proxy2/jdk.proxy2.$Proxy23.findElements(Unknown Source)
	at org.openqa.selenium.support.events.EventFiringWebDriver.findElements(EventFiringWebDriver.java:182)
	at com.kms.katalon.core.webui.common.WebUiCommonHelper.findElementByNormalMethods(WebUiCommonHelper.java:1033)
	at com.kms.katalon.core.webui.common.WebUiCommonHelper.findElementsBySelectedMethod(WebUiCommonHelper.java:924)
	at com.kms.katalon.core.webui.common.WebUiCommonHelper.findElementsBySelectedMethod(WebUiCommonHelper.java:906)
	at com.kms.katalon.core.webui.common.WebUiCommonHelper.findElementsBySelectedMethod(WebUiCommonHelper.java:901)
	at com.kms.katalon.core.webui.common.WebUiCommonHelper.findElementsByDefault(WebUiCommonHelper.java:897)
	at com.kms.katalon.core.webui.common.WebUiCommonHelper.findElementsWithSelfHealing(WebUiCommonHelper.java:743)
	at com.kms.katalon.core.webui.common.WebUiCommonHelper.findWebElements(WebUiCommonHelper.java:727)
	at com.kms.katalon.core.webui.common.WebUiCommonHelper.findWebElement(WebUiCommonHelper.java:1413)
	at com.kms.katalon.core.webui.keyword.internal.WebUIAbstractKeyword.findWebElement(WebUIAbstractKeyword.groovy:27)
	at com.kms.katalon.core.webui.keyword.internal.WebUIAbstractKeyword.findWebElement(WebUIAbstractKeyword.groovy:26)
	at com.kms.katalon.core.webui.keyword.builtin.SetTextKeyword$_setText_closure1.doCall(SetTextKeyword.groovy:53)
	at com.kms.katalon.core.webui.keyword.builtin.SetTextKeyword$_setText_closure1.call(SetTextKeyword.groovy)
	at com.kms.katalon.core.webui.keyword.internal.WebUIKeywordMain.runKeyword(WebUIKeywordMain.groovy:35)
	at com.kms.katalon.core.webui.keyword.builtin.SetTextKeyword.setText(SetTextKeyword.groovy:85)
	at com.kms.katalon.core.webui.keyword.builtin.SetTextKeyword.execute(SetTextKeyword.groovy:39)
	at com.kms.katalon.core.keyword.internal.KeywordExecutor.executeKeywordForPlatform(KeywordExecutor.groovy:74)
	at com.kms.katalon.core.webui.keyword.WebUiBuiltInKeywords.setText(WebUiBuiltInKeywords.groovy:1019)
	at com.test.swaglabs.CustomLogin.WebLoginFifthAccount(CustomLogin.groovy:71)
	at java.base/jdk.internal.reflect.NativeMethodAccessorImpl.invoke0(Native Method)
	at java.base/jdk.internal.reflect.NativeMethodAccessorImpl.invoke(NativeMethodAccessorImpl.java:77)
	at java.base/jdk.internal.reflect.DelegatingMethodAccessorImpl.invoke(DelegatingMethodAccessorImpl.java:43)
	at com.kms.katalon.core.main.CustomKeywordDelegatingMetaClass.invokeStaticMethod(CustomKeywordDelegatingMetaClass.java:55)
	at Login by Fifth Account - error_user.run(Login by Fifth Account - error_user:24)
	at com.kms.katalon.core.main.ScriptEngine.run(ScriptEngine.java:194)
	at com.kms.katalon.core.main.ScriptEngine.runScriptAsRawText(ScriptEngine.java:119)
	at com.kms.katalon.core.main.TestCaseExecutor.runScript(TestCaseExecutor.java:448)
	at com.kms.katalon.core.main.TestCaseExecutor.doExecute(TestCaseExecutor.java:439)
	at com.kms.katalon.core.main.TestCaseExecutor.processExecutionPhase(TestCaseExecutor.java:418)
	at com.kms.katalon.core.main.TestCaseExecutor.accessMainPhase(TestCaseExecutor.java:410)
	at com.kms.katalon.core.main.TestCaseExecutor.execute(TestCaseExecutor.java:285)
	at com.kms.katalon.core.main.TestCaseExecutor.execute(TestCaseExecutor.java:369)
	at com.kms.katalon.core.common.CommonExecutor.accessTestCaseMainPhase(CommonExecutor.java:65)
	at com.kms.katalon.core.main.TestSuiteExecutor.accessTestSuiteMainPhase(TestSuiteExecutor.java:150)
	at com.kms.katalon.core.main.TestSuiteExecutor.execute(TestSuiteExecutor.java:106)
	at com.kms.katalon.core.main.TestCaseMain.startTestSuite(TestCaseMain.java:180)
	at TempTestSuite1738334733685.run(TempTestSuite1738334733685.groovy:35)
	at java.base/jdk.internal.reflect.NativeMethodAccessorImpl.invoke0(Native Method)
	at java.base/jdk.internal.reflect.NativeMethodAccessorImpl.invoke(NativeMethodAccessorImpl.java:77)
	at java.base/jdk.internal.reflect.DelegatingMethodAccessorImpl.invoke(DelegatingMethodAccessorImpl.java:43)
</property>
  <property name="failed.exception.message">invalid session id: session deleted as the browser has closed the connection
from disconnected: Unable to receive message from renderer
  (Session info: chrome=133.0.6847.2)
Build info: version: &apos;3.141.59&apos;, revision: &apos;unknown&apos;, time: &apos;unknown&apos;
System info: host: &apos;LAPTOP-5GQHVTHK&apos;, ip: &apos;192.168.0.101&apos;, os.name: &apos;Windows 11&apos;, os.arch: &apos;amd64&apos;, os.version: &apos;10.0&apos;, java.version: &apos;17.0.7&apos;
Driver info: com.kms.katalon.selenium.driver.CRemoteWebDriver
Capabilities {acceptInsecureCerts: false, browserName: chrome, browserVersion: 133.0.6847.2, chrome: {chromedriverVersion: 133.0.6847.2 (7e95e23d2d1f8..., userDataDir: C:\Program Files\scoped_dir...}, fedcm:accounts: true, goog:chromeOptions: {debuggerAddress: localhost:9225}, javascriptEnabled: true, katalon:caps: {executionId: 7d4e82b8-40e4-4174-b61f-a37..., executionSessionId: e415b1f4-19f5-4921-bd13-c70...}, katalon:options: {executionId: 7d4e82b8-40e4-4174-b61f-a37..., executionSessionId: e415b1f4-19f5-4921-bd13-c70..., group: 9ab6bac5-1cc1-4a31-be02-e95..., metadata: {accountUuid: fda32340-531c-49aa-a0b7-40d..., organizationId: 1906073, usingTunnel: false}, organizationId: 1906073, runFromTestCloud: true, tenant: TestOps, tunnelMetadataId: 47bf9c75-9831-4539-a455-bf2..., userId: 1648280, username: innocent.beaver.duja@instan..., usingTunnel: true}, kt:requestId: e415b1f4-19f5-4921-bd13-c70..., kt:rid: e415b1f4-19f5-4921-bd13-c70..., networkConnectionEnabled: false, pageLoadStrategy: normal, platform: WINDOWS, platformName: WINDOWS, proxy: Proxy(), se:bidiEnabled: false, se:cdpEnabled: false, setWindowRect: true, strictFileInteractability: false, timeouts: {implicit: 0, pageLoad: 300000, script: 30000}, unhandledPromptBehavior: dismiss and notify, webauthn:extension:credBlob: true, webauthn:extension:largeBlob: true, webauthn:extension:minPinLength: true, webauthn:extension:prf: true, webauthn:virtualAuthenticators: true}
Session ID: 318d66900cf90bd453aa43fc1a17cece
*** Element info: {Using=xpath, value=//input[@id=&apos;user-name&apos;]}</property>
</record>
<record>
  <date>2025-01-31T14:47:19.784153500Z</date>
  <millis>1738334839784</millis>
  <nanos>153500</nanos>
  <sequence>150</sequence>
  <level>END</level>
  <class>com.kms.katalon.core.logging.XmlKeywordLogger</class>
  <method>endKeyword</method>
  <thread>1</thread>
  <message>End action : com.test.swaglabs.CustomLogin.WebLoginFifthAccount()</message>
  <nestedLevel>1</nestedLevel>
  <escapedJava>false</escapedJava>
</record>
<record>
  <date>2025-01-31T14:47:19.787153200Z</date>
  <millis>1738334839787</millis>
  <nanos>153200</nanos>
  <sequence>153</sequence>
  <level>FAILED</level>
  <class>com.kms.katalon.core.logging.XmlKeywordLogger</class>
  <method>logMessage</method>
  <thread>1</thread>
  <message>Test Cases/Login by Fifth Account - error_user FAILED.
Reason:
com.kms.katalon.core.exception.StepFailedException: Unable to set text &amp;apos;error_user&amp;apos; of object &amp;apos;Object Repository/Page_Swag Labs/input_Swag Labs_user-name&amp;apos;
	at com.kms.katalon.core.webui.keyword.internal.WebUIKeywordMain.stepFailed(WebUIKeywordMain.groovy:117)
	at com.kms.katalon.core.webui.keyword.internal.WebUIKeywordMain.runKeyword(WebUIKeywordMain.groovy:43)
	at com.kms.katalon.core.webui.keyword.builtin.SetTextKeyword.setText(SetTextKeyword.groovy:85)
	at com.kms.katalon.core.webui.keyword.builtin.SetTextKeyword.execute(SetTextKeyword.groovy:39)
	at com.kms.katalon.core.keyword.internal.KeywordExecutor.executeKeywordForPlatform(KeywordExecutor.groovy:74)
	at com.kms.katalon.core.webui.keyword.WebUiBuiltInKeywords.setText(WebUiBuiltInKeywords.groovy:1019)
	at com.test.swaglabs.CustomLogin.WebLoginFifthAccount(CustomLogin.groovy:71)
	at java.base/jdk.internal.reflect.NativeMethodAccessorImpl.invoke0(Native Method)
	at java.base/jdk.internal.reflect.NativeMethodAccessorImpl.invoke(NativeMethodAccessorImpl.java:77)
	at java.base/jdk.internal.reflect.DelegatingMethodAccessorImpl.invoke(DelegatingMethodAccessorImpl.java:43)
	at com.kms.katalon.core.main.CustomKeywordDelegatingMetaClass.invokeStaticMethod(CustomKeywordDelegatingMetaClass.java:55)
	at Login by Fifth Account - error_user.run(Login by Fifth Account - error_user:24)
	at com.kms.katalon.core.main.ScriptEngine.run(ScriptEngine.java:194)
	at com.kms.katalon.core.main.ScriptEngine.runScriptAsRawText(ScriptEngine.java:119)
	at com.kms.katalon.core.main.TestCaseExecutor.runScript(TestCaseExecutor.java:448)
	at com.kms.katalon.core.main.TestCaseExecutor.doExecute(TestCaseExecutor.java:439)
	at com.kms.katalon.core.main.TestCaseExecutor.processExecutionPhase(TestCaseExecutor.java:418)
	at com.kms.katalon.core.main.TestCaseExecutor.accessMainPhase(TestCaseExecutor.java:410)
	at com.kms.katalon.core.main.TestCaseExecutor.execute(TestCaseExecutor.java:285)
	at com.kms.katalon.core.main.TestCaseExecutor.execute(TestCaseExecutor.java:369)
	at com.kms.katalon.core.common.CommonExecutor.accessTestCaseMainPhase(CommonExecutor.java:65)
	at com.kms.katalon.core.main.TestSuiteExecutor.accessTestSuiteMainPhase(TestSuiteExecutor.java:150)
	at com.kms.katalon.core.main.TestSuiteExecutor.execute(TestSuiteExecutor.java:106)
	at com.kms.katalon.core.main.TestCaseMain.startTestSuite(TestCaseMain.java:180)
	at TempTestSuite1738334733685.run(TempTestSuite1738334733685.groovy:35)
	at java.base/jdk.internal.reflect.NativeMethodAccessorImpl.invoke0(Native Method)
	at java.base/jdk.internal.reflect.NativeMethodAccessorImpl.invoke(NativeMethodAccessorImpl.java:77)
	at java.base/jdk.internal.reflect.DelegatingMethodAccessorImpl.invoke(DelegatingMethodAccessorImpl.java:43)
Caused by: org.openqa.selenium.NoSuchSessionException: invalid session id: session deleted as the browser has closed the connection
from disconnected: Unable to receive message from renderer
  (Session info: chrome=133.0.6847.2)
Build info: version: &amp;apos;3.141.59&amp;apos;, revision: &amp;apos;unknown&amp;apos;, time: &amp;apos;unknown&amp;apos;
System info: host: &amp;apos;LAPTOP-5GQHVTHK&amp;apos;, ip: &amp;apos;192.168.0.101&amp;apos;, os.name: &amp;apos;Windows 11&amp;apos;, os.arch: &amp;apos;amd64&amp;apos;, os.version: &amp;apos;10.0&amp;apos;, java.version: &amp;apos;17.0.7&amp;apos;
Driver info: com.kms.katalon.selenium.driver.CRemoteWebDriver
Capabilities {acceptInsecureCerts: false, browserName: chrome, browserVersion: 133.0.6847.2, chrome: {chromedriverVersion: 133.0.6847.2 (7e95e23d2d1f8..., userDataDir: C:\Program Files\scoped_dir...}, fedcm:accounts: true, goog:chromeOptions: {debuggerAddress: localhost:9225}, javascriptEnabled: true, katalon:caps: {executionId: 7d4e82b8-40e4-4174-b61f-a37..., executionSessionId: e415b1f4-19f5-4921-bd13-c70...}, katalon:options: {executionId: 7d4e82b8-40e4-4174-b61f-a37..., executionSessionId: e415b1f4-19f5-4921-bd13-c70..., group: 9ab6bac5-1cc1-4a31-be02-e95..., metadata: {accountUuid: fda32340-531c-49aa-a0b7-40d..., organizationId: 1906073, usingTunnel: false}, organizationId: 1906073, runFromTestCloud: true, tenant: TestOps, tunnelMetadataId: 47bf9c75-9831-4539-a455-bf2..., userId: 1648280, username: innocent.beaver.duja@instan..., usingTunnel: true}, kt:requestId: e415b1f4-19f5-4921-bd13-c70..., kt:rid: e415b1f4-19f5-4921-bd13-c70..., networkConnectionEnabled: false, pageLoadStrategy: normal, platform: WINDOWS, platformName: WINDOWS, proxy: Proxy(), se:bidiEnabled: false, se:cdpEnabled: false, setWindowRect: true, strictFileInteractability: false, timeouts: {implicit: 0, pageLoad: 300000, script: 30000}, unhandledPromptBehavior: dismiss and notify, webauthn:extension:credBlob: true, webauthn:extension:largeBlob: true, webauthn:extension:minPinLength: true, webauthn:extension:prf: true, webauthn:virtualAuthenticators: true}
Session ID: 318d66900cf90bd453aa43fc1a17cece
*** Element info: {Using=xpath, value=//input[@id=&amp;apos;user-name&amp;apos;]}
	at java.base/jdk.internal.reflect.NativeConstructorAccessorImpl.newInstance0(Native Method)
	at java.base/jdk.internal.reflect.NativeConstructorAccessorImpl.newInstance(NativeConstructorAccessorImpl.java:77)
	at java.base/jdk.internal.reflect.DelegatingConstructorAccessorImpl.newInstance(DelegatingConstructorAccessorImpl.java:45)
	at org.openqa.selenium.remote.http.W3CHttpResponseCodec.createException(W3CHttpResponseCodec.java:187)
	at org.openqa.selenium.remote.http.W3CHttpResponseCodec.decode(W3CHttpResponseCodec.java:122)
	at org.openqa.selenium.remote.http.W3CHttpResponseCodec.decode(W3CHttpResponseCodec.java:49)
	at org.openqa.selenium.remote.HttpCommandExecutor.execute(HttpCommandExecutor.java:158)
	at org.openqa.selenium.remote.RemoteWebDriver.execute(RemoteWebDriver.java:552)
	at com.kms.katalon.selenium.driver.CRemoteWebDriver.execute(CRemoteWebDriver.java:30)
	at org.openqa.selenium.remote.RemoteWebDriver.findElements(RemoteWebDriver.java:353)
	at org.openqa.selenium.remote.RemoteWebDriver.findElementsByXPath(RemoteWebDriver.java:432)
	at org.openqa.selenium.By$ByXPath.findElements(By.java:348)
	at org.openqa.selenium.remote.RemoteWebDriver.findElements(RemoteWebDriver.java:311)
	at jdk.internal.reflect.GeneratedMethodAccessor8.invoke(Unknown Source)
	at java.base/jdk.internal.reflect.DelegatingMethodAccessorImpl.invoke(DelegatingMethodAccessorImpl.java:43)
	at org.openqa.selenium.support.events.EventFiringWebDriver.lambda$new$1(EventFiringWebDriver.java:105)
	at jdk.proxy2/jdk.proxy2.$Proxy23.findElements(Unknown Source)
	at org.openqa.selenium.support.events.EventFiringWebDriver.findElements(EventFiringWebDriver.java:182)
	at com.kms.katalon.core.webui.common.WebUiCommonHelper.findElementByNormalMethods(WebUiCommonHelper.java:1033)
	at com.kms.katalon.core.webui.common.WebUiCommonHelper.findElementsBySelectedMethod(WebUiCommonHelper.java:924)
	at com.kms.katalon.core.webui.common.WebUiCommonHelper.findElementsBySelectedMethod(WebUiCommonHelper.java:906)
	at com.kms.katalon.core.webui.common.WebUiCommonHelper.findElementsBySelectedMethod(WebUiCommonHelper.java:901)
	at com.kms.katalon.core.webui.common.WebUiCommonHelper.findElementsByDefault(WebUiCommonHelper.java:897)
	at com.kms.katalon.core.webui.common.WebUiCommonHelper.findElementsWithSelfHealing(WebUiCommonHelper.java:743)
	at com.kms.katalon.core.webui.common.WebUiCommonHelper.findWebElements(WebUiCommonHelper.java:727)
	at com.kms.katalon.core.webui.common.WebUiCommonHelper.findWebElement(WebUiCommonHelper.java:1413)
	at com.kms.katalon.core.webui.keyword.internal.WebUIAbstractKeyword.findWebElement(WebUIAbstractKeyword.groovy:27)
	at com.kms.katalon.core.webui.keyword.internal.WebUIAbstractKeyword.findWebElement(WebUIAbstractKeyword.groovy:26)
	at com.kms.katalon.core.webui.keyword.builtin.SetTextKeyword$_setText_closure1.doCall(SetTextKeyword.groovy:53)
	at com.kms.katalon.core.webui.keyword.builtin.SetTextKeyword$_setText_closure1.call(SetTextKeyword.groovy)
	at com.kms.katalon.core.webui.keyword.internal.WebUIKeywordMain.runKeyword(WebUIKeywordMain.groovy:35)
	... 26 more
</message>
  <exception>
    <message>com.kms.katalon.core.exception.StepFailedException: Unable to set text 'error_user' of object 'Object Repository/Page_Swag Labs/input_Swag Labs_user-name'</message>
    <frame>
      <class>com.kms.katalon.core.webui.keyword.internal.WebUIKeywordMain</class>
      <method>stepFailed</method>
      <line>117</line>
    </frame>
    <frame>
      <class>com.kms.katalon.core.webui.keyword.internal.WebUIKeywordMain</class>
      <method>runKeyword</method>
      <line>43</line>
    </frame>
    <frame>
      <class>com.kms.katalon.core.webui.keyword.builtin.SetTextKeyword</class>
      <method>setText</method>
      <line>85</line>
    </frame>
    <frame>
      <class>com.kms.katalon.core.webui.keyword.builtin.SetTextKeyword</class>
      <method>execute</method>
      <line>39</line>
    </frame>
    <frame>
      <class>com.kms.katalon.core.keyword.internal.KeywordExecutor</class>
      <method>executeKeywordForPlatform</method>
      <line>74</line>
    </frame>
    <frame>
      <class>com.kms.katalon.core.webui.keyword.WebUiBuiltInKeywords</class>
      <method>setText</method>
      <line>1019</line>
    </frame>
    <frame>
      <class>com.test.swaglabs.CustomLogin</class>
      <method>WebLoginFifthAccount</method>
      <line>71</line>
    </frame>
    <frame>
      <class>jdk.internal.reflect.NativeMethodAccessorImpl</class>
      <method>invoke0</method>
    </frame>
    <frame>
      <class>jdk.internal.reflect.NativeMethodAccessorImpl</class>
      <method>invoke</method>
      <line>77</line>
    </frame>
    <frame>
      <class>jdk.internal.reflect.DelegatingMethodAccessorImpl</class>
      <method>invoke</method>
      <line>43</line>
    </frame>
    <frame>
      <class>com.kms.katalon.core.main.CustomKeywordDelegatingMetaClass</class>
      <method>invokeStaticMethod</method>
      <line>55</line>
    </frame>
    <frame>
      <class>Login by Fifth Account - error_user</class>
      <method>run</method>
      <line>24</line>
    </frame>
    <frame>
      <class>com.kms.katalon.core.main.ScriptEngine</class>
      <method>run</method>
      <line>194</line>
    </frame>
    <frame>
      <class>com.kms.katalon.core.main.ScriptEngine</class>
      <method>runScriptAsRawText</method>
      <line>119</line>
    </frame>
    <frame>
      <class>com.kms.katalon.core.main.TestCaseExecutor</class>
      <method>runScript</method>
      <line>448</line>
    </frame>
    <frame>
      <class>com.kms.katalon.core.main.TestCaseExecutor</class>
      <method>doExecute</method>
      <line>439</line>
    </frame>
    <frame>
      <class>com.kms.katalon.core.main.TestCaseExecutor</class>
      <method>processExecutionPhase</method>
      <line>418</line>
    </frame>
    <frame>
      <class>com.kms.katalon.core.main.TestCaseExecutor</class>
      <method>accessMainPhase</method>
      <line>410</line>
    </frame>
    <frame>
      <class>com.kms.katalon.core.main.TestCaseExecutor</class>
      <method>execute</method>
      <line>285</line>
    </frame>
    <frame>
      <class>com.kms.katalon.core.main.TestCaseExecutor</class>
      <method>execute</method>
      <line>369</line>
    </frame>
    <frame>
      <class>com.kms.katalon.core.common.CommonExecutor</class>
      <method>accessTestCaseMainPhase</method>
      <line>65</line>
    </frame>
    <frame>
      <class>com.kms.katalon.core.main.TestSuiteExecutor</class>
      <method>accessTestSuiteMainPhase</method>
      <line>150</line>
    </frame>
    <frame>
      <class>com.kms.katalon.core.main.TestSuiteExecutor</class>
      <method>execute</method>
      <line>106</line>
    </frame>
    <frame>
      <class>com.kms.katalon.core.main.TestCaseMain</class>
      <method>startTestSuite</method>
      <line>180</line>
    </frame>
    <frame>
      <class>TempTestSuite1738334733685</class>
      <method>run</method>
      <line>35</line>
    </frame>
    <frame>
      <class>jdk.internal.reflect.NativeMethodAccessorImpl</class>
      <method>invoke0</method>
    </frame>
    <frame>
      <class>jdk.internal.reflect.NativeMethodAccessorImpl</class>
      <method>invoke</method>
      <line>77</line>
    </frame>
    <frame>
      <class>jdk.internal.reflect.DelegatingMethodAccessorImpl</class>
      <method>invoke</method>
      <line>43</line>
    </frame>
  </exception>
  <nestedLevel>0</nestedLevel>
  <escapedJava>false</escapedJava>
  <property name="failed.exception.stacktrace">org.openqa.selenium.NoSuchSessionException: invalid session id: session deleted as the browser has closed the connection
from disconnected: Unable to receive message from renderer
  (Session info: chrome=133.0.6847.2)
Build info: version: &apos;3.141.59&apos;, revision: &apos;unknown&apos;, time: &apos;unknown&apos;
System info: host: &apos;LAPTOP-5GQHVTHK&apos;, ip: &apos;192.168.0.101&apos;, os.name: &apos;Windows 11&apos;, os.arch: &apos;amd64&apos;, os.version: &apos;10.0&apos;, java.version: &apos;17.0.7&apos;
Driver info: com.kms.katalon.selenium.driver.CRemoteWebDriver
Capabilities {acceptInsecureCerts: false, browserName: chrome, browserVersion: 133.0.6847.2, chrome: {chromedriverVersion: 133.0.6847.2 (7e95e23d2d1f8..., userDataDir: C:\Program Files\scoped_dir...}, fedcm:accounts: true, goog:chromeOptions: {debuggerAddress: localhost:9225}, javascriptEnabled: true, katalon:caps: {executionId: 7d4e82b8-40e4-4174-b61f-a37..., executionSessionId: e415b1f4-19f5-4921-bd13-c70...}, katalon:options: {executionId: 7d4e82b8-40e4-4174-b61f-a37..., executionSessionId: e415b1f4-19f5-4921-bd13-c70..., group: 9ab6bac5-1cc1-4a31-be02-e95..., metadata: {accountUuid: fda32340-531c-49aa-a0b7-40d..., organizationId: 1906073, usingTunnel: false}, organizationId: 1906073, runFromTestCloud: true, tenant: TestOps, tunnelMetadataId: 47bf9c75-9831-4539-a455-bf2..., userId: 1648280, username: innocent.beaver.duja@instan..., usingTunnel: true}, kt:requestId: e415b1f4-19f5-4921-bd13-c70..., kt:rid: e415b1f4-19f5-4921-bd13-c70..., networkConnectionEnabled: false, pageLoadStrategy: normal, platform: WINDOWS, platformName: WINDOWS, proxy: Proxy(), se:bidiEnabled: false, se:cdpEnabled: false, setWindowRect: true, strictFileInteractability: false, timeouts: {implicit: 0, pageLoad: 300000, script: 30000}, unhandledPromptBehavior: dismiss and notify, webauthn:extension:credBlob: true, webauthn:extension:largeBlob: true, webauthn:extension:minPinLength: true, webauthn:extension:prf: true, webauthn:virtualAuthenticators: true}
Session ID: 318d66900cf90bd453aa43fc1a17cece
*** Element info: {Using=xpath, value=//input[@id=&apos;user-name&apos;]}
	at java.base/jdk.internal.reflect.NativeConstructorAccessorImpl.newInstance0(Native Method)
	at java.base/jdk.internal.reflect.NativeConstructorAccessorImpl.newInstance(NativeConstructorAccessorImpl.java:77)
	at java.base/jdk.internal.reflect.DelegatingConstructorAccessorImpl.newInstance(DelegatingConstructorAccessorImpl.java:45)
	at org.openqa.selenium.remote.http.W3CHttpResponseCodec.createException(W3CHttpResponseCodec.java:187)
	at org.openqa.selenium.remote.http.W3CHttpResponseCodec.decode(W3CHttpResponseCodec.java:122)
	at org.openqa.selenium.remote.http.W3CHttpResponseCodec.decode(W3CHttpResponseCodec.java:49)
	at org.openqa.selenium.remote.HttpCommandExecutor.execute(HttpCommandExecutor.java:158)
	at org.openqa.selenium.remote.RemoteWebDriver.execute(RemoteWebDriver.java:552)
	at com.kms.katalon.selenium.driver.CRemoteWebDriver.execute(CRemoteWebDriver.java:30)
	at org.openqa.selenium.remote.RemoteWebDriver.findElements(RemoteWebDriver.java:353)
	at org.openqa.selenium.remote.RemoteWebDriver.findElementsByXPath(RemoteWebDriver.java:432)
	at org.openqa.selenium.By$ByXPath.findElements(By.java:348)
	at org.openqa.selenium.remote.RemoteWebDriver.findElements(RemoteWebDriver.java:311)
	at jdk.internal.reflect.GeneratedMethodAccessor8.invoke(Unknown Source)
	at java.base/jdk.internal.reflect.DelegatingMethodAccessorImpl.invoke(DelegatingMethodAccessorImpl.java:43)
	at org.openqa.selenium.support.events.EventFiringWebDriver.lambda$new$1(EventFiringWebDriver.java:105)
	at jdk.proxy2/jdk.proxy2.$Proxy23.findElements(Unknown Source)
	at org.openqa.selenium.support.events.EventFiringWebDriver.findElements(EventFiringWebDriver.java:182)
	at com.kms.katalon.core.webui.common.WebUiCommonHelper.findElementByNormalMethods(WebUiCommonHelper.java:1033)
	at com.kms.katalon.core.webui.common.WebUiCommonHelper.findElementsBySelectedMethod(WebUiCommonHelper.java:924)
	at com.kms.katalon.core.webui.common.WebUiCommonHelper.findElementsBySelectedMethod(WebUiCommonHelper.java:906)
	at com.kms.katalon.core.webui.common.WebUiCommonHelper.findElementsBySelectedMethod(WebUiCommonHelper.java:901)
	at com.kms.katalon.core.webui.common.WebUiCommonHelper.findElementsByDefault(WebUiCommonHelper.java:897)
	at com.kms.katalon.core.webui.common.WebUiCommonHelper.findElementsWithSelfHealing(WebUiCommonHelper.java:743)
	at com.kms.katalon.core.webui.common.WebUiCommonHelper.findWebElements(WebUiCommonHelper.java:727)
	at com.kms.katalon.core.webui.common.WebUiCommonHelper.findWebElement(WebUiCommonHelper.java:1413)
	at com.kms.katalon.core.webui.keyword.internal.WebUIAbstractKeyword.findWebElement(WebUIAbstractKeyword.groovy:27)
	at com.kms.katalon.core.webui.keyword.internal.WebUIAbstractKeyword.findWebElement(WebUIAbstractKeyword.groovy:26)
	at com.kms.katalon.core.webui.keyword.builtin.SetTextKeyword$_setText_closure1.doCall(SetTextKeyword.groovy:53)
	at com.kms.katalon.core.webui.keyword.builtin.SetTextKeyword$_setText_closure1.call(SetTextKeyword.groovy)
	at com.kms.katalon.core.webui.keyword.internal.WebUIKeywordMain.runKeyword(WebUIKeywordMain.groovy:35)
	at com.kms.katalon.core.webui.keyword.builtin.SetTextKeyword.setText(SetTextKeyword.groovy:85)
	at com.kms.katalon.core.webui.keyword.builtin.SetTextKeyword.execute(SetTextKeyword.groovy:39)
	at com.kms.katalon.core.keyword.internal.KeywordExecutor.executeKeywordForPlatform(KeywordExecutor.groovy:74)
	at com.kms.katalon.core.webui.keyword.WebUiBuiltInKeywords.setText(WebUiBuiltInKeywords.groovy:1019)
	at com.test.swaglabs.CustomLogin.WebLoginFifthAccount(CustomLogin.groovy:71)
	at java.base/jdk.internal.reflect.NativeMethodAccessorImpl.invoke0(Native Method)
	at java.base/jdk.internal.reflect.NativeMethodAccessorImpl.invoke(NativeMethodAccessorImpl.java:77)
	at java.base/jdk.internal.reflect.DelegatingMethodAccessorImpl.invoke(DelegatingMethodAccessorImpl.java:43)
	at com.kms.katalon.core.main.CustomKeywordDelegatingMetaClass.invokeStaticMethod(CustomKeywordDelegatingMetaClass.java:55)
	at Login by Fifth Account - error_user.run(Login by Fifth Account - error_user:24)
	at com.kms.katalon.core.main.ScriptEngine.run(ScriptEngine.java:194)
	at com.kms.katalon.core.main.ScriptEngine.runScriptAsRawText(ScriptEngine.java:119)
	at com.kms.katalon.core.main.TestCaseExecutor.runScript(TestCaseExecutor.java:448)
	at com.kms.katalon.core.main.TestCaseExecutor.doExecute(TestCaseExecutor.java:439)
	at com.kms.katalon.core.main.TestCaseExecutor.processExecutionPhase(TestCaseExecutor.java:418)
	at com.kms.katalon.core.main.TestCaseExecutor.accessMainPhase(TestCaseExecutor.java:410)
	at com.kms.katalon.core.main.TestCaseExecutor.execute(TestCaseExecutor.java:285)
	at com.kms.katalon.core.main.TestCaseExecutor.execute(TestCaseExecutor.java:369)
	at com.kms.katalon.core.common.CommonExecutor.accessTestCaseMainPhase(CommonExecutor.java:65)
	at com.kms.katalon.core.main.TestSuiteExecutor.accessTestSuiteMainPhase(TestSuiteExecutor.java:150)
	at com.kms.katalon.core.main.TestSuiteExecutor.execute(TestSuiteExecutor.java:106)
	at com.kms.katalon.core.main.TestCaseMain.startTestSuite(TestCaseMain.java:180)
	at TempTestSuite1738334733685.run(TempTestSuite1738334733685.groovy:35)
	at java.base/jdk.internal.reflect.NativeMethodAccessorImpl.invoke0(Native Method)
	at java.base/jdk.internal.reflect.NativeMethodAccessorImpl.invoke(NativeMethodAccessorImpl.java:77)
	at java.base/jdk.internal.reflect.DelegatingMethodAccessorImpl.invoke(DelegatingMethodAccessorImpl.java:43)
</property>
  <property name="failed.exception.class">org.openqa.selenium.NoSuchSessionException</property>
  <property name="failed.exception.message">invalid session id: session deleted as the browser has closed the connection
from disconnected: Unable to receive message from renderer
  (Session info: chrome=133.0.6847.2)
Build info: version: &apos;3.141.59&apos;, revision: &apos;unknown&apos;, time: &apos;unknown&apos;
System info: host: &apos;LAPTOP-5GQHVTHK&apos;, ip: &apos;192.168.0.101&apos;, os.name: &apos;Windows 11&apos;, os.arch: &apos;amd64&apos;, os.version: &apos;10.0&apos;, java.version: &apos;17.0.7&apos;
Driver info: com.kms.katalon.selenium.driver.CRemoteWebDriver
Capabilities {acceptInsecureCerts: false, browserName: chrome, browserVersion: 133.0.6847.2, chrome: {chromedriverVersion: 133.0.6847.2 (7e95e23d2d1f8..., userDataDir: C:\Program Files\scoped_dir...}, fedcm:accounts: true, goog:chromeOptions: {debuggerAddress: localhost:9225}, javascriptEnabled: true, katalon:caps: {executionId: 7d4e82b8-40e4-4174-b61f-a37..., executionSessionId: e415b1f4-19f5-4921-bd13-c70...}, katalon:options: {executionId: 7d4e82b8-40e4-4174-b61f-a37..., executionSessionId: e415b1f4-19f5-4921-bd13-c70..., group: 9ab6bac5-1cc1-4a31-be02-e95..., metadata: {accountUuid: fda32340-531c-49aa-a0b7-40d..., organizationId: 1906073, usingTunnel: false}, organizationId: 1906073, runFromTestCloud: true, tenant: TestOps, tunnelMetadataId: 47bf9c75-9831-4539-a455-bf2..., userId: 1648280, username: innocent.beaver.duja@instan..., usingTunnel: true}, kt:requestId: e415b1f4-19f5-4921-bd13-c70..., kt:rid: e415b1f4-19f5-4921-bd13-c70..., networkConnectionEnabled: false, pageLoadStrategy: normal, platform: WINDOWS, platformName: WINDOWS, proxy: Proxy(), se:bidiEnabled: false, se:cdpEnabled: false, setWindowRect: true, strictFileInteractability: false, timeouts: {implicit: 0, pageLoad: 300000, script: 30000}, unhandledPromptBehavior: dismiss and notify, webauthn:extension:credBlob: true, webauthn:extension:largeBlob: true, webauthn:extension:minPinLength: true, webauthn:extension:prf: true, webauthn:virtualAuthenticators: true}
Session ID: 318d66900cf90bd453aa43fc1a17cece
*** Element info: {Using=xpath, value=//input[@id=&apos;user-name&apos;]}</property>
</record>
<record>
  <date>2025-01-31T14:47:19.794155500Z</date>
  <millis>1738334839794</millis>
  <nanos>155500</nanos>
  <sequence>155</sequence>
  <level>END</level>
  <class>com.kms.katalon.core.logging.XmlKeywordLogger</class>
  <method>endTest</method>
  <thread>1</thread>
  <message>End Test Case : Test Cases/Login by Fifth Account - error_user</message>
  <nestedLevel>0</nestedLevel>
  <escapedJava>false</escapedJava>
  <property name="executionBindingVariables">[]</property>
  <property name="applitools">false</property>
  <property name="remainingRetryCount">2</property>
  <property name="currentRetryCount">1</property>
  <property name="keywordsUsage">{
  &quot;web_ui&quot;: true,
  &quot;web_service&quot;: false,
  &quot;cucumber&quot;: false,
  &quot;builtin&quot;: false,
  &quot;mobile&quot;: false,
  &quot;windows&quot;: false,
  &quot;testng&quot;: false
}</property>
</record>
<record>
  <date>2025-01-31T14:47:19.801155Z</date>
  <millis>1738334839801</millis>
  <nanos>155000</nanos>
  <sequence>156</sequence>
  <level>START</level>
  <class>com.kms.katalon.core.logging.XmlKeywordLogger</class>
  <method>startTest</method>
  <thread>1</thread>
  <message>Start Test Case : Test Cases/Login by Fifth Account - error_user</message>
  <nestedLevel>1</nestedLevel>
  <escapedJava>false</escapedJava>
  <property name="remainingRetryCount">1</property>
  <property name="name">Test Cases/Login by Fifth Account - error_user</property>
  <property name="description"></property>
  <property name="iteration"></property>
  <property name="id">Test Cases/Login by Fifth Account - error_user</property>
  <property name="source">C:\Users\ACER\git\KatalonGitSwagLabsNew\Test Cases\Login by Fifth Account - error_user.tc</property>
  <property name="tag"></property>
  <property name="isOptional">false</property>
  <property name="currentRetryCount">2</property>
</record>
<record>
  <date>2025-01-31T14:47:19.822172400Z</date>
  <millis>1738334839822</millis>
  <nanos>172400</nanos>
  <sequence>158</sequence>
  <level>START</level>
  <class>com.kms.katalon.core.logging.XmlKeywordLogger</class>
  <method>startKeyword</method>
  <thread>1</thread>
  <message>Start action : openBrowser(&amp;quot;&amp;quot;)</message>
  <nestedLevel>1</nestedLevel>
  <escapedJava>false</escapedJava>
  <property name="startLine">20</property>
  <property name="stepIndex">1</property>
</record>
<record>
  <date>2025-01-31T14:47:19.831644800Z</date>
  <millis>1738334839831</millis>
  <nanos>644800</nanos>
  <sequence>160</sequence>
  <level>WARNING</level>
  <class>com.kms.katalon.core.logging.XmlKeywordLogger</class>
  <method>logMessage</method>
  <thread>1</thread>
  <message>A browser is already opened. Closing browser and opening a new one</message>
  <nestedLevel>1</nestedLevel>
  <escapedJava>false</escapedJava>
</record>
<record>
  <date>2025-01-31T14:47:21.093012200Z</date>
  <millis>1738334841093</millis>
  <nanos>12200</nanos>
  <sequence>161</sequence>
  <level>INFO</level>
  <class>com.kms.katalon.core.logging.XmlKeywordLogger</class>
  <method>logMessage</method>
  <thread>1</thread>
  <message>User set preference: [&amp;apos;os&amp;apos;, &amp;apos;windows&amp;apos;]</message>
  <nestedLevel>1</nestedLevel>
  <escapedJava>false</escapedJava>
</record>
<record>
  <date>2025-01-31T14:47:21.094016100Z</date>
  <millis>1738334841094</millis>
  <nanos>16100</nanos>
  <sequence>162</sequence>
  <level>INFO</level>
  <class>com.kms.katalon.core.logging.XmlKeywordLogger</class>
  <method>logMessage</method>
  <thread>1</thread>
  <message>User set preference: [&amp;apos;browserVersion&amp;apos;, &amp;apos;133&amp;apos;]</message>
  <nestedLevel>1</nestedLevel>
  <escapedJava>false</escapedJava>
</record>
<record>
  <date>2025-01-31T14:47:21.095017500Z</date>
  <millis>1738334841095</millis>
  <nanos>17500</nanos>
  <sequence>163</sequence>
  <level>INFO</level>
  <class>com.kms.katalon.core.logging.XmlKeywordLogger</class>
  <method>logMessage</method>
  <thread>1</thread>
  <message>User set preference: [&amp;apos;browserName&amp;apos;, &amp;apos;chrome&amp;apos;]</message>
  <nestedLevel>1</nestedLevel>
  <escapedJava>false</escapedJava>
</record>
<record>
  <date>2025-01-31T14:47:21.096024Z</date>
  <millis>1738334841096</millis>
  <nanos>24000</nanos>
  <sequence>164</sequence>
  <level>INFO</level>
  <class>com.kms.katalon.core.logging.XmlKeywordLogger</class>
  <method>logMessage</method>
  <thread>1</thread>
  <message>User set preference: [&amp;apos;katalon:option&amp;apos;, &amp;apos;{organizationId=1906073, usingTunnel=true}&amp;apos;]</message>
  <nestedLevel>1</nestedLevel>
  <escapedJava>false</escapedJava>
</record>
<record>
  <date>2025-01-31T14:47:21.100010700Z</date>
  <millis>1738334841100</millis>
  <nanos>10700</nanos>
  <sequence>165</sequence>
  <level>INFO</level>
  <class>com.kms.katalon.core.logging.XmlKeywordLogger</class>
  <method>logMessage</method>
  <thread>1</thread>
  <message>Connecting to remote web server &amp;apos;testcloud.katalon.com/hub&amp;apos; with type &amp;apos;Selenium&amp;apos;</message>
  <nestedLevel>1</nestedLevel>
  <escapedJava>false</escapedJava>
</record>
<record>
  <date>2025-01-31T14:47:21.102009600Z</date>
  <millis>1738334841102</millis>
  <nanos>9600</nanos>
  <sequence>166</sequence>
  <level>INFO</level>
  <class>com.kms.katalon.core.logging.XmlKeywordLogger</class>
  <method>logMessage</method>
  <thread>1</thread>
  <message>Action delay is set to 0 milliseconds</message>
  <nestedLevel>1</nestedLevel>
  <escapedJava>false</escapedJava>
</record>
<record>
  <date>2025-01-31T14:47:52.744954900Z</date>
  <millis>1738334872744</millis>
  <nanos>954900</nanos>
  <sequence>168</sequence>
  <level>RUN_DATA</level>
  <class>com.kms.katalon.core.logging.XmlKeywordLogger</class>
  <method>logMessage</method>
  <thread>1</thread>
  <message>remoteDriverUrl = testcloud.katalon.com/hub</message>
  <nestedLevel>1</nestedLevel>
  <escapedJava>false</escapedJava>
  <property name="remoteDriverUrl">testcloud.katalon.com/hub</property>
</record>
<record>
  <date>2025-01-31T14:47:52.745952700Z</date>
  <millis>1738334872745</millis>
  <nanos>952700</nanos>
  <sequence>169</sequence>
  <level>RUN_DATA</level>
  <class>com.kms.katalon.core.logging.XmlKeywordLogger</class>
  <method>logMessage</method>
  <thread>1</thread>
  <message>remoteOS = Windows</message>
  <nestedLevel>1</nestedLevel>
  <escapedJava>false</escapedJava>
  <property name="remoteOS">Windows</property>
</record>
<record>
  <date>2025-01-31T14:47:52.747949900Z</date>
  <millis>1738334872747</millis>
  <nanos>949900</nanos>
  <sequence>170</sequence>
  <level>RUN_DATA</level>
  <class>com.kms.katalon.core.logging.XmlKeywordLogger</class>
  <method>logMessage</method>
  <thread>1</thread>
  <message>desiredCapabilities = {
  &amp;quot;timeouts&amp;quot;: {
    &amp;quot;implicit&amp;quot;: 0,
    &amp;quot;pageLoad&amp;quot;: 300000,
    &amp;quot;script&amp;quot;: 30000
  },
  &amp;quot;se:cdpEnabled&amp;quot;: false,
  &amp;quot;platform&amp;quot;: &amp;quot;WINDOWS&amp;quot;,
  &amp;quot;goog:chromeOptions&amp;quot;: {
    &amp;quot;debuggerAddress&amp;quot;: &amp;quot;localhost:9225&amp;quot;
  },
  &amp;quot;webauthn:extension:credBlob&amp;quot;: true,
  &amp;quot;acceptInsecureCerts&amp;quot;: false,
  &amp;quot;browserVersion&amp;quot;: &amp;quot;133.0.0.0&amp;quot;,
  &amp;quot;fedcm:accounts&amp;quot;: true,
  &amp;quot;kt:requestId&amp;quot;: &amp;quot;52160f20-98e5-4286-b3e3-b15bba75bc3e&amp;quot;,
  &amp;quot;browserName&amp;quot;: &amp;quot;chrome&amp;quot;,
  &amp;quot;javascriptEnabled&amp;quot;: true,
  &amp;quot;platformName&amp;quot;: &amp;quot;WINDOWS&amp;quot;,
  &amp;quot;setWindowRect&amp;quot;: true,
  &amp;quot;webauthn:extension:largeBlob&amp;quot;: true,
  &amp;quot;networkConnectionEnabled&amp;quot;: false,
  &amp;quot;chrome&amp;quot;: {
    &amp;quot;chromedriverVersion&amp;quot;: &amp;quot;133.0.6847.2 (7e95e23d2d1f87886163822aa701370c1187bfa1-refs/branch-heads/6847@{#6})&amp;quot;,
    &amp;quot;userDataDir&amp;quot;: &amp;quot;C:\\Program Files\\scoped_dir3496_1821386537&amp;quot;
  },
  &amp;quot;kt:rid&amp;quot;: &amp;quot;52160f20-98e5-4286-b3e3-b15bba75bc3e&amp;quot;,
  &amp;quot;pageLoadStrategy&amp;quot;: &amp;quot;normal&amp;quot;,
  &amp;quot;unhandledPromptBehavior&amp;quot;: &amp;quot;dismiss and notify&amp;quot;,
  &amp;quot;strictFileInteractability&amp;quot;: false,
  &amp;quot;se:bidiEnabled&amp;quot;: false,
  &amp;quot;proxy&amp;quot;: {
    &amp;quot;proxyType&amp;quot;: &amp;quot;UNSPECIFIED&amp;quot;,
    &amp;quot;autodetect&amp;quot;: false
  },
  &amp;quot;webauthn:extension:minPinLength&amp;quot;: true,
  &amp;quot;webauthn:extension:prf&amp;quot;: true,
  &amp;quot;katalon:caps&amp;quot;: {
    &amp;quot;executionId&amp;quot;: &amp;quot;e03c6160-758b-4059-aab9-9caf84e6771d&amp;quot;,
    &amp;quot;executionSessionId&amp;quot;: &amp;quot;52160f20-98e5-4286-b3e3-b15bba75bc3e&amp;quot;
  },
  &amp;quot;katalon:options&amp;quot;: {
    &amp;quot;executionId&amp;quot;: &amp;quot;e03c6160-758b-4059-aab9-9caf84e6771d&amp;quot;,
    &amp;quot;executionSessionId&amp;quot;: &amp;quot;52160f20-98e5-4286-b3e3-b15bba75bc3e&amp;quot;,
    &amp;quot;group&amp;quot;: &amp;quot;9ab6bac5-1cc1-4a31-be02-e9541dffa2d0&amp;quot;,
    &amp;quot;metadata&amp;quot;: {
      &amp;quot;usingTunnel&amp;quot;: false,
      &amp;quot;accountUuid&amp;quot;: &amp;quot;fda32340-531c-49aa-a0b7-40d478ba5457&amp;quot;,
      &amp;quot;organizationId&amp;quot;: &amp;quot;1906073&amp;quot;
    },
    &amp;quot;organizationId&amp;quot;: &amp;quot;1906073&amp;quot;,
    &amp;quot;runFromTestCloud&amp;quot;: true,
    &amp;quot;tenant&amp;quot;: &amp;quot;TestOps&amp;quot;,
    &amp;quot;tunnelMetadataId&amp;quot;: &amp;quot;47bf9c75-9831-4539-a455-bf21b2504b03&amp;quot;,
    &amp;quot;userId&amp;quot;: 1648280,
    &amp;quot;username&amp;quot;: &amp;quot;innocent.beaver.duja@instantletter.net&amp;quot;,
    &amp;quot;usingTunnel&amp;quot;: true
  },
  &amp;quot;webauthn:virtualAuthenticators&amp;quot;: true
}</message>
  <nestedLevel>1</nestedLevel>
  <escapedJava>false</escapedJava>
  <property name="desiredCapabilities">{
  &quot;timeouts&quot;: {
    &quot;implicit&quot;: 0,
    &quot;pageLoad&quot;: 300000,
    &quot;script&quot;: 30000
  },
  &quot;se:cdpEnabled&quot;: false,
  &quot;platform&quot;: &quot;WINDOWS&quot;,
  &quot;goog:chromeOptions&quot;: {
    &quot;debuggerAddress&quot;: &quot;localhost:9225&quot;
  },
  &quot;webauthn:extension:credBlob&quot;: true,
  &quot;acceptInsecureCerts&quot;: false,
  &quot;browserVersion&quot;: &quot;133.0.0.0&quot;,
  &quot;fedcm:accounts&quot;: true,
  &quot;kt:requestId&quot;: &quot;52160f20-98e5-4286-b3e3-b15bba75bc3e&quot;,
  &quot;browserName&quot;: &quot;chrome&quot;,
  &quot;javascriptEnabled&quot;: true,
  &quot;platformName&quot;: &quot;WINDOWS&quot;,
  &quot;setWindowRect&quot;: true,
  &quot;webauthn:extension:largeBlob&quot;: true,
  &quot;networkConnectionEnabled&quot;: false,
  &quot;chrome&quot;: {
    &quot;chromedriverVersion&quot;: &quot;133.0.6847.2 (7e95e23d2d1f87886163822aa701370c1187bfa1-refs/branch-heads/6847@{#6})&quot;,
    &quot;userDataDir&quot;: &quot;C:\\Program Files\\scoped_dir3496_1821386537&quot;
  },
  &quot;kt:rid&quot;: &quot;52160f20-98e5-4286-b3e3-b15bba75bc3e&quot;,
  &quot;pageLoadStrategy&quot;: &quot;normal&quot;,
  &quot;unhandledPromptBehavior&quot;: &quot;dismiss and notify&quot;,
  &quot;strictFileInteractability&quot;: false,
  &quot;se:bidiEnabled&quot;: false,
  &quot;proxy&quot;: {
    &quot;proxyType&quot;: &quot;UNSPECIFIED&quot;,
    &quot;autodetect&quot;: false
  },
  &quot;webauthn:extension:minPinLength&quot;: true,
  &quot;webauthn:extension:prf&quot;: true,
  &quot;katalon:caps&quot;: {
    &quot;executionId&quot;: &quot;e03c6160-758b-4059-aab9-9caf84e6771d&quot;,
    &quot;executionSessionId&quot;: &quot;52160f20-98e5-4286-b3e3-b15bba75bc3e&quot;
  },
  &quot;katalon:options&quot;: {
    &quot;executionId&quot;: &quot;e03c6160-758b-4059-aab9-9caf84e6771d&quot;,
    &quot;executionSessionId&quot;: &quot;52160f20-98e5-4286-b3e3-b15bba75bc3e&quot;,
    &quot;group&quot;: &quot;9ab6bac5-1cc1-4a31-be02-e9541dffa2d0&quot;,
    &quot;metadata&quot;: {
      &quot;usingTunnel&quot;: false,
      &quot;accountUuid&quot;: &quot;fda32340-531c-49aa-a0b7-40d478ba5457&quot;,
      &quot;organizationId&quot;: &quot;1906073&quot;
    },
    &quot;organizationId&quot;: &quot;1906073&quot;,
    &quot;runFromTestCloud&quot;: true,
    &quot;tenant&quot;: &quot;TestOps&quot;,
    &quot;tunnelMetadataId&quot;: &quot;47bf9c75-9831-4539-a455-bf21b2504b03&quot;,
    &quot;userId&quot;: 1648280,
    &quot;username&quot;: &quot;innocent.beaver.duja@instantletter.net&quot;,
    &quot;usingTunnel&quot;: true
  },
  &quot;webauthn:virtualAuthenticators&quot;: true
}</property>
</record>
<record>
  <date>2025-01-31T14:47:52.748949800Z</date>
  <millis>1738334872748</millis>
  <nanos>949800</nanos>
  <sequence>171</sequence>
  <level>RUN_DATA</level>
  <class>com.kms.katalon.core.logging.XmlKeywordLogger</class>
  <method>logMessage</method>
  <thread>1</thread>
  <message>sessionId = 398760c7f91339bbb7827beb4ebdc5f8</message>
  <nestedLevel>1</nestedLevel>
  <escapedJava>false</escapedJava>
  <property name="sessionId">398760c7f91339bbb7827beb4ebdc5f8</property>
</record>
<record>
  <date>2025-01-31T14:47:53.054179800Z</date>
  <millis>1738334873054</millis>
  <nanos>179800</nanos>
  <sequence>172</sequence>
  <level>RUN_DATA</level>
  <class>com.kms.katalon.core.logging.XmlKeywordLogger</class>
  <method>logMessage</method>
  <thread>1</thread>
  <message>browser = Chrome 133.0.0.0</message>
  <nestedLevel>1</nestedLevel>
  <escapedJava>false</escapedJava>
  <property name="browser">Chrome 133.0.0.0</property>
</record>
<record>
  <date>2025-01-31T14:47:53.055149500Z</date>
  <millis>1738334873055</millis>
  <nanos>149500</nanos>
  <sequence>173</sequence>
  <level>RUN_DATA</level>
  <class>com.kms.katalon.core.logging.XmlKeywordLogger</class>
  <method>logMessage</method>
  <thread>1</thread>
  <message>platform = Windows 11</message>
  <nestedLevel>1</nestedLevel>
  <escapedJava>false</escapedJava>
  <property name="platform">Windows 11</property>
</record>
<record>
  <date>2025-01-31T14:47:53.056148400Z</date>
  <millis>1738334873056</millis>
  <nanos>148400</nanos>
  <sequence>174</sequence>
  <level>RUN_DATA</level>
  <class>com.kms.katalon.core.logging.XmlKeywordLogger</class>
  <method>logMessage</method>
  <thread>1</thread>
  <message>seleniumVersion = 3.141.59</message>
  <nestedLevel>1</nestedLevel>
  <escapedJava>false</escapedJava>
  <property name="seleniumVersion">3.141.59</property>
</record>
<record>
  <date>2025-01-31T14:47:53.058148100Z</date>
  <millis>1738334873058</millis>
  <nanos>148100</nanos>
  <sequence>175</sequence>
  <level>RUN_DATA</level>
  <class>com.kms.katalon.core.logging.XmlKeywordLogger</class>
  <method>logMessage</method>
  <thread>1</thread>
  <message>proxyInformation = ProxyInformation { proxyOption=NO_PROXY, proxyServerType=HTTP, username=, password=********, proxyServerAddress=, proxyServerPort=0, executionList=&amp;quot;&amp;quot;, isApplyToDesiredCapabilities=true }</message>
  <nestedLevel>1</nestedLevel>
  <escapedJava>false</escapedJava>
  <property name="proxyInformation">ProxyInformation { proxyOption=NO_PROXY, proxyServerType=HTTP, username=, password=********, proxyServerAddress=, proxyServerPort=0, executionList=&quot;&quot;, isApplyToDesiredCapabilities=true }</property>
</record>
<record>
  <date>2025-01-31T14:47:53.649135900Z</date>
  <millis>1738334873649</millis>
  <nanos>135900</nanos>
  <sequence>176</sequence>
  <level>PASSED</level>
  <class>com.kms.katalon.core.logging.XmlKeywordLogger</class>
  <method>logMessage</method>
  <thread>1</thread>
  <message>Browser is opened with url: &amp;apos;&amp;apos;</message>
  <nestedLevel>1</nestedLevel>
  <escapedJava>false</escapedJava>
  <property name="testops-method-name">com.kms.katalon.core.webui.keyword.builtin.OpenBrowserKeyword.openBrowser</property>
  <property name="testops-execution-stacktrace"></property>
</record>
<record>
  <date>2025-01-31T14:47:53.651135800Z</date>
  <millis>1738334873651</millis>
  <nanos>135800</nanos>
  <sequence>177</sequence>
  <level>END</level>
  <class>com.kms.katalon.core.logging.XmlKeywordLogger</class>
  <method>endKeyword</method>
  <thread>1</thread>
  <message>End action : openBrowser(&amp;quot;&amp;quot;)</message>
  <nestedLevel>1</nestedLevel>
  <escapedJava>false</escapedJava>
</record>
<record>
  <date>2025-01-31T14:47:53.651135800Z</date>
  <millis>1738334873651</millis>
  <nanos>135800</nanos>
  <sequence>178</sequence>
  <level>START</level>
  <class>com.kms.katalon.core.logging.XmlKeywordLogger</class>
  <method>startKeyword</method>
  <thread>1</thread>
  <message>Start action : navigateToUrl(&amp;quot;https://www.saucedemo.com/&amp;quot;)</message>
  <nestedLevel>1</nestedLevel>
  <escapedJava>false</escapedJava>
  <property name="startLine">22</property>
  <property name="stepIndex">2</property>
</record>
<record>
  <date>2025-01-31T14:47:55.852909700Z</date>
  <millis>1738334875852</millis>
  <nanos>909700</nanos>
  <sequence>181</sequence>
  <level>PASSED</level>
  <class>com.kms.katalon.core.logging.XmlKeywordLogger</class>
  <method>logMessage</method>
  <thread>1</thread>
  <message>Navigate to &amp;apos;https://www.saucedemo.com/&amp;apos; successfully</message>
  <nestedLevel>1</nestedLevel>
  <escapedJava>false</escapedJava>
  <property name="testops-method-name">com.kms.katalon.core.webui.keyword.builtin.NavigateToUrlKeyword.navigateToUrl</property>
  <property name="testops-execution-stacktrace"></property>
</record>
<record>
  <date>2025-01-31T14:47:55.853904500Z</date>
  <millis>1738334875853</millis>
  <nanos>904500</nanos>
  <sequence>182</sequence>
  <level>END</level>
  <class>com.kms.katalon.core.logging.XmlKeywordLogger</class>
  <method>endKeyword</method>
  <thread>1</thread>
  <message>End action : navigateToUrl(&amp;quot;https://www.saucedemo.com/&amp;quot;)</message>
  <nestedLevel>1</nestedLevel>
  <escapedJava>false</escapedJava>
</record>
<record>
  <date>2025-01-31T14:47:55.854503900Z</date>
  <millis>1738334875854</millis>
  <nanos>503900</nanos>
  <sequence>183</sequence>
  <level>START</level>
  <class>com.kms.katalon.core.logging.XmlKeywordLogger</class>
  <method>startKeyword</method>
  <thread>1</thread>
  <message>Start action : com.test.swaglabs.CustomLogin.WebLoginFifthAccount()</message>
  <nestedLevel>1</nestedLevel>
  <escapedJava>false</escapedJava>
  <property name="startLine">24</property>
  <property name="stepIndex">3</property>
</record>
<record>
  <date>2025-01-31T14:48:04.884117100Z</date>
  <millis>1738334884884</millis>
  <nanos>117100</nanos>
  <sequence>204</sequence>
  <level>WARNING</level>
  <class>com.kms.katalon.core.logging.XmlKeywordLogger</class>
  <method>logMessage</method>
  <thread>1</thread>
  <message>[SELF-HEALING] Failed to find element with id &amp;apos;Object Repository/Page_Swag Labs/input_Swag Labs_user-name&amp;apos;. Try using Self-healing.</message>
  <nestedLevel>1</nestedLevel>
  <escapedJava>false</escapedJava>
</record>
<record>
  <date>2025-01-31T14:48:05.497026900Z</date>
  <millis>1738334885497</millis>
  <nanos>26900</nanos>
  <sequence>207</sequence>
  <level>WARNING</level>
  <class>com.kms.katalon.core.logging.XmlKeywordLogger</class>
  <method>logMessage</method>
  <thread>1</thread>
  <message>[SELF-HEALING] invalid session id
Build info: version: &amp;apos;3.141.59&amp;apos;, revision: &amp;apos;unknown&amp;apos;, time: &amp;apos;unknown&amp;apos;
System info: host: &amp;apos;LAPTOP-5GQHVTHK&amp;apos;, ip: &amp;apos;192.168.0.101&amp;apos;, os.name: &amp;apos;Windows 11&amp;apos;, os.arch: &amp;apos;amd64&amp;apos;, os.version: &amp;apos;10.0&amp;apos;, java.version: &amp;apos;17.0.7&amp;apos;
Driver info: com.kms.katalon.selenium.driver.CRemoteWebDriver
Capabilities {acceptInsecureCerts: false, browserName: chrome, browserVersion: 133.0.6847.2, chrome: {chromedriverVersion: 133.0.6847.2 (7e95e23d2d1f8..., userDataDir: C:\Program Files\scoped_dir...}, fedcm:accounts: true, goog:chromeOptions: {debuggerAddress: localhost:9225}, javascriptEnabled: true, katalon:caps: {executionId: e03c6160-758b-4059-aab9-9ca..., executionSessionId: 52160f20-98e5-4286-b3e3-b15...}, katalon:options: {executionId: e03c6160-758b-4059-aab9-9ca..., executionSessionId: 52160f20-98e5-4286-b3e3-b15..., group: 9ab6bac5-1cc1-4a31-be02-e95..., metadata: {accountUuid: fda32340-531c-49aa-a0b7-40d..., organizationId: 1906073, usingTunnel: false}, organizationId: 1906073, runFromTestCloud: true, tenant: TestOps, tunnelMetadataId: 47bf9c75-9831-4539-a455-bf2..., userId: 1648280, username: innocent.beaver.duja@instan..., usingTunnel: true}, kt:requestId: 52160f20-98e5-4286-b3e3-b15..., kt:rid: 52160f20-98e5-4286-b3e3-b15..., networkConnectionEnabled: false, pageLoadStrategy: normal, platform: WINDOWS, platformName: WINDOWS, proxy: Proxy(), se:bidiEnabled: false, se:cdpEnabled: false, setWindowRect: true, strictFileInteractability: false, timeouts: {implicit: 0, pageLoad: 300000, script: 30000}, unhandledPromptBehavior: dismiss and notify, webauthn:extension:credBlob: true, webauthn:extension:largeBlob: true, webauthn:extension:minPinLength: true, webauthn:extension:prf: true, webauthn:virtualAuthenticators: true}
Session ID: 398760c7f91339bbb7827beb4ebdc5f8
*** Element info: {Using=xpath, value=//input[@id=&amp;apos;user-name&amp;apos;]}</message>
  <nestedLevel>1</nestedLevel>
  <escapedJava>false</escapedJava>
  <property name="failed.exception.class">org.openqa.selenium.NoSuchSessionException</property>
  <property name="failed.exception.stacktrace">org.openqa.selenium.NoSuchSessionException: invalid session id
Build info: version: &apos;3.141.59&apos;, revision: &apos;unknown&apos;, time: &apos;unknown&apos;
System info: host: &apos;LAPTOP-5GQHVTHK&apos;, ip: &apos;192.168.0.101&apos;, os.name: &apos;Windows 11&apos;, os.arch: &apos;amd64&apos;, os.version: &apos;10.0&apos;, java.version: &apos;17.0.7&apos;
Driver info: com.kms.katalon.selenium.driver.CRemoteWebDriver
Capabilities {acceptInsecureCerts: false, browserName: chrome, browserVersion: 133.0.6847.2, chrome: {chromedriverVersion: 133.0.6847.2 (7e95e23d2d1f8..., userDataDir: C:\Program Files\scoped_dir...}, fedcm:accounts: true, goog:chromeOptions: {debuggerAddress: localhost:9225}, javascriptEnabled: true, katalon:caps: {executionId: e03c6160-758b-4059-aab9-9ca..., executionSessionId: 52160f20-98e5-4286-b3e3-b15...}, katalon:options: {executionId: e03c6160-758b-4059-aab9-9ca..., executionSessionId: 52160f20-98e5-4286-b3e3-b15..., group: 9ab6bac5-1cc1-4a31-be02-e95..., metadata: {accountUuid: fda32340-531c-49aa-a0b7-40d..., organizationId: 1906073, usingTunnel: false}, organizationId: 1906073, runFromTestCloud: true, tenant: TestOps, tunnelMetadataId: 47bf9c75-9831-4539-a455-bf2..., userId: 1648280, username: innocent.beaver.duja@instan..., usingTunnel: true}, kt:requestId: 52160f20-98e5-4286-b3e3-b15..., kt:rid: 52160f20-98e5-4286-b3e3-b15..., networkConnectionEnabled: false, pageLoadStrategy: normal, platform: WINDOWS, platformName: WINDOWS, proxy: Proxy(), se:bidiEnabled: false, se:cdpEnabled: false, setWindowRect: true, strictFileInteractability: false, timeouts: {implicit: 0, pageLoad: 300000, script: 30000}, unhandledPromptBehavior: dismiss and notify, webauthn:extension:credBlob: true, webauthn:extension:largeBlob: true, webauthn:extension:minPinLength: true, webauthn:extension:prf: true, webauthn:virtualAuthenticators: true}
Session ID: 398760c7f91339bbb7827beb4ebdc5f8
*** Element info: {Using=xpath, value=//input[@id=&apos;user-name&apos;]}
	at jdk.internal.reflect.GeneratedConstructorAccessor21.newInstance(Unknown Source)
	at java.base/jdk.internal.reflect.DelegatingConstructorAccessorImpl.newInstance(DelegatingConstructorAccessorImpl.java:45)
	at org.openqa.selenium.remote.http.W3CHttpResponseCodec.createException(W3CHttpResponseCodec.java:187)
	at org.openqa.selenium.remote.http.W3CHttpResponseCodec.decode(W3CHttpResponseCodec.java:122)
	at org.openqa.selenium.remote.http.W3CHttpResponseCodec.decode(W3CHttpResponseCodec.java:49)
	at org.openqa.selenium.remote.HttpCommandExecutor.execute(HttpCommandExecutor.java:158)
	at org.openqa.selenium.remote.RemoteWebDriver.execute(RemoteWebDriver.java:552)
	at com.kms.katalon.selenium.driver.CRemoteWebDriver.execute(CRemoteWebDriver.java:30)
	at org.openqa.selenium.remote.RemoteWebDriver.findElements(RemoteWebDriver.java:353)
	at org.openqa.selenium.remote.RemoteWebDriver.findElementsByXPath(RemoteWebDriver.java:432)
	at org.openqa.selenium.By$ByXPath.findElements(By.java:348)
	at org.openqa.selenium.remote.RemoteWebDriver.findElements(RemoteWebDriver.java:311)
	at jdk.internal.reflect.GeneratedMethodAccessor8.invoke(Unknown Source)
	at java.base/jdk.internal.reflect.DelegatingMethodAccessorImpl.invoke(DelegatingMethodAccessorImpl.java:43)
	at org.openqa.selenium.support.events.EventFiringWebDriver.lambda$new$1(EventFiringWebDriver.java:105)
	at jdk.proxy2/jdk.proxy2.$Proxy23.findElements(Unknown Source)
	at org.openqa.selenium.support.events.EventFiringWebDriver.findElements(EventFiringWebDriver.java:182)
	at com.kms.katalon.core.webui.common.WebUiCommonHelper.findWebElementsWithSmartXPath(WebUiCommonHelper.java:1110)
	at com.kms.katalon.core.webui.common.WebUiCommonHelper.findElementsBySelectedMethod(WebUiCommonHelper.java:923)
	at com.kms.katalon.core.webui.common.WebUiCommonHelper.findElementsWithSelfHealing(WebUiCommonHelper.java:815)
	at com.kms.katalon.core.webui.common.WebUiCommonHelper.findWebElements(WebUiCommonHelper.java:727)
	at com.kms.katalon.core.webui.common.WebUiCommonHelper.findWebElement(WebUiCommonHelper.java:1413)
	at com.kms.katalon.core.webui.keyword.internal.WebUIAbstractKeyword.findWebElement(WebUIAbstractKeyword.groovy:27)
	at com.kms.katalon.core.webui.keyword.internal.WebUIAbstractKeyword.findWebElement(WebUIAbstractKeyword.groovy:26)
	at com.kms.katalon.core.webui.keyword.builtin.SetTextKeyword$_setText_closure1.doCall(SetTextKeyword.groovy:53)
	at com.kms.katalon.core.webui.keyword.builtin.SetTextKeyword$_setText_closure1.call(SetTextKeyword.groovy)
	at com.kms.katalon.core.webui.keyword.internal.WebUIKeywordMain.runKeyword(WebUIKeywordMain.groovy:35)
	at com.kms.katalon.core.webui.keyword.builtin.SetTextKeyword.setText(SetTextKeyword.groovy:85)
	at com.kms.katalon.core.webui.keyword.builtin.SetTextKeyword.execute(SetTextKeyword.groovy:39)
	at com.kms.katalon.core.keyword.internal.KeywordExecutor.executeKeywordForPlatform(KeywordExecutor.groovy:74)
	at com.kms.katalon.core.webui.keyword.WebUiBuiltInKeywords.setText(WebUiBuiltInKeywords.groovy:1019)
	at com.test.swaglabs.CustomLogin.WebLoginFifthAccount(CustomLogin.groovy:71)
	at java.base/jdk.internal.reflect.NativeMethodAccessorImpl.invoke0(Native Method)
	at java.base/jdk.internal.reflect.NativeMethodAccessorImpl.invoke(NativeMethodAccessorImpl.java:77)
	at java.base/jdk.internal.reflect.DelegatingMethodAccessorImpl.invoke(DelegatingMethodAccessorImpl.java:43)
	at com.kms.katalon.core.main.CustomKeywordDelegatingMetaClass.invokeStaticMethod(CustomKeywordDelegatingMetaClass.java:55)
	at Login by Fifth Account - error_user.run(Login by Fifth Account - error_user:24)
	at com.kms.katalon.core.main.ScriptEngine.run(ScriptEngine.java:194)
	at com.kms.katalon.core.main.ScriptEngine.runScriptAsRawText(ScriptEngine.java:119)
	at com.kms.katalon.core.main.TestCaseExecutor.runScript(TestCaseExecutor.java:448)
	at com.kms.katalon.core.main.TestCaseExecutor.doExecute(TestCaseExecutor.java:439)
	at com.kms.katalon.core.main.TestCaseExecutor.processExecutionPhase(TestCaseExecutor.java:418)
	at com.kms.katalon.core.main.TestCaseExecutor.accessMainPhase(TestCaseExecutor.java:410)
	at com.kms.katalon.core.main.TestCaseExecutor.execute(TestCaseExecutor.java:285)
	at com.kms.katalon.core.main.TestCaseExecutor.execute(TestCaseExecutor.java:369)
	at com.kms.katalon.core.main.TestCaseExecutor.execute(TestCaseExecutor.java:369)
	at com.kms.katalon.core.common.CommonExecutor.accessTestCaseMainPhase(CommonExecutor.java:65)
	at com.kms.katalon.core.main.TestSuiteExecutor.accessTestSuiteMainPhase(TestSuiteExecutor.java:150)
	at com.kms.katalon.core.main.TestSuiteExecutor.execute(TestSuiteExecutor.java:106)
	at com.kms.katalon.core.main.TestCaseMain.startTestSuite(TestCaseMain.java:180)
	at TempTestSuite1738334733685.run(TempTestSuite1738334733685.groovy:35)
	at java.base/jdk.internal.reflect.NativeMethodAccessorImpl.invoke0(Native Method)
	at java.base/jdk.internal.reflect.NativeMethodAccessorImpl.invoke(NativeMethodAccessorImpl.java:77)
	at java.base/jdk.internal.reflect.DelegatingMethodAccessorImpl.invoke(DelegatingMethodAccessorImpl.java:43)
</property>
  <property name="failed.exception.message">invalid session id
Build info: version: &apos;3.141.59&apos;, revision: &apos;unknown&apos;, time: &apos;unknown&apos;
System info: host: &apos;LAPTOP-5GQHVTHK&apos;, ip: &apos;192.168.0.101&apos;, os.name: &apos;Windows 11&apos;, os.arch: &apos;amd64&apos;, os.version: &apos;10.0&apos;, java.version: &apos;17.0.7&apos;
Driver info: com.kms.katalon.selenium.driver.CRemoteWebDriver
Capabilities {acceptInsecureCerts: false, browserName: chrome, browserVersion: 133.0.6847.2, chrome: {chromedriverVersion: 133.0.6847.2 (7e95e23d2d1f8..., userDataDir: C:\Program Files\scoped_dir...}, fedcm:accounts: true, goog:chromeOptions: {debuggerAddress: localhost:9225}, javascriptEnabled: true, katalon:caps: {executionId: e03c6160-758b-4059-aab9-9ca..., executionSessionId: 52160f20-98e5-4286-b3e3-b15...}, katalon:options: {executionId: e03c6160-758b-4059-aab9-9ca..., executionSessionId: 52160f20-98e5-4286-b3e3-b15..., group: 9ab6bac5-1cc1-4a31-be02-e95..., metadata: {accountUuid: fda32340-531c-49aa-a0b7-40d..., organizationId: 1906073, usingTunnel: false}, organizationId: 1906073, runFromTestCloud: true, tenant: TestOps, tunnelMetadataId: 47bf9c75-9831-4539-a455-bf2..., userId: 1648280, username: innocent.beaver.duja@instan..., usingTunnel: true}, kt:requestId: 52160f20-98e5-4286-b3e3-b15..., kt:rid: 52160f20-98e5-4286-b3e3-b15..., networkConnectionEnabled: false, pageLoadStrategy: normal, platform: WINDOWS, platformName: WINDOWS, proxy: Proxy(), se:bidiEnabled: false, se:cdpEnabled: false, setWindowRect: true, strictFileInteractability: false, timeouts: {implicit: 0, pageLoad: 300000, script: 30000}, unhandledPromptBehavior: dismiss and notify, webauthn:extension:credBlob: true, webauthn:extension:largeBlob: true, webauthn:extension:minPinLength: true, webauthn:extension:prf: true, webauthn:virtualAuthenticators: true}
Session ID: 398760c7f91339bbb7827beb4ebdc5f8
*** Element info: {Using=xpath, value=//input[@id=&apos;user-name&apos;]}</property>
</record>
<record>
  <date>2025-01-31T14:48:07.115125700Z</date>
  <millis>1738334887115</millis>
  <nanos>125700</nanos>
  <sequence>211</sequence>
  <level>WARNING</level>
  <class>com.kms.katalon.core.logging.XmlKeywordLogger</class>
  <method>logMessage</method>
  <thread>1</thread>
  <message>[SELF-HEALING] invalid session id
Build info: version: &amp;apos;3.141.59&amp;apos;, revision: &amp;apos;unknown&amp;apos;, time: &amp;apos;unknown&amp;apos;
System info: host: &amp;apos;LAPTOP-5GQHVTHK&amp;apos;, ip: &amp;apos;192.168.0.101&amp;apos;, os.name: &amp;apos;Windows 11&amp;apos;, os.arch: &amp;apos;amd64&amp;apos;, os.version: &amp;apos;10.0&amp;apos;, java.version: &amp;apos;17.0.7&amp;apos;
Driver info: com.kms.katalon.selenium.driver.CRemoteWebDriver
Capabilities {acceptInsecureCerts: false, browserName: chrome, browserVersion: 133.0.6847.2, chrome: {chromedriverVersion: 133.0.6847.2 (7e95e23d2d1f8..., userDataDir: C:\Program Files\scoped_dir...}, fedcm:accounts: true, goog:chromeOptions: {debuggerAddress: localhost:9225}, javascriptEnabled: true, katalon:caps: {executionId: e03c6160-758b-4059-aab9-9ca..., executionSessionId: 52160f20-98e5-4286-b3e3-b15...}, katalon:options: {executionId: e03c6160-758b-4059-aab9-9ca..., executionSessionId: 52160f20-98e5-4286-b3e3-b15..., group: 9ab6bac5-1cc1-4a31-be02-e95..., metadata: {accountUuid: fda32340-531c-49aa-a0b7-40d..., organizationId: 1906073, usingTunnel: false}, organizationId: 1906073, runFromTestCloud: true, tenant: TestOps, tunnelMetadataId: 47bf9c75-9831-4539-a455-bf2..., userId: 1648280, username: innocent.beaver.duja@instan..., usingTunnel: true}, kt:requestId: 52160f20-98e5-4286-b3e3-b15..., kt:rid: 52160f20-98e5-4286-b3e3-b15..., networkConnectionEnabled: false, pageLoadStrategy: normal, platform: WINDOWS, platformName: WINDOWS, proxy: Proxy(), se:bidiEnabled: false, se:cdpEnabled: false, setWindowRect: true, strictFileInteractability: false, timeouts: {implicit: 0, pageLoad: 300000, script: 30000}, unhandledPromptBehavior: dismiss and notify, webauthn:extension:credBlob: true, webauthn:extension:largeBlob: true, webauthn:extension:minPinLength: true, webauthn:extension:prf: true, webauthn:virtualAuthenticators: true}
Session ID: 398760c7f91339bbb7827beb4ebdc5f8
*** Element info: {Using=xpath, value=//*[@placeholder = &amp;apos;Username&amp;apos; and @type = &amp;apos;text&amp;apos; and @id = &amp;apos;user-name&amp;apos; and @name = &amp;apos;user-name&amp;apos;]}</message>
  <nestedLevel>1</nestedLevel>
  <escapedJava>false</escapedJava>
  <property name="failed.exception.class">org.openqa.selenium.NoSuchSessionException</property>
  <property name="failed.exception.stacktrace">org.openqa.selenium.NoSuchSessionException: invalid session id
Build info: version: &apos;3.141.59&apos;, revision: &apos;unknown&apos;, time: &apos;unknown&apos;
System info: host: &apos;LAPTOP-5GQHVTHK&apos;, ip: &apos;192.168.0.101&apos;, os.name: &apos;Windows 11&apos;, os.arch: &apos;amd64&apos;, os.version: &apos;10.0&apos;, java.version: &apos;17.0.7&apos;
Driver info: com.kms.katalon.selenium.driver.CRemoteWebDriver
Capabilities {acceptInsecureCerts: false, browserName: chrome, browserVersion: 133.0.6847.2, chrome: {chromedriverVersion: 133.0.6847.2 (7e95e23d2d1f8..., userDataDir: C:\Program Files\scoped_dir...}, fedcm:accounts: true, goog:chromeOptions: {debuggerAddress: localhost:9225}, javascriptEnabled: true, katalon:caps: {executionId: e03c6160-758b-4059-aab9-9ca..., executionSessionId: 52160f20-98e5-4286-b3e3-b15...}, katalon:options: {executionId: e03c6160-758b-4059-aab9-9ca..., executionSessionId: 52160f20-98e5-4286-b3e3-b15..., group: 9ab6bac5-1cc1-4a31-be02-e95..., metadata: {accountUuid: fda32340-531c-49aa-a0b7-40d..., organizationId: 1906073, usingTunnel: false}, organizationId: 1906073, runFromTestCloud: true, tenant: TestOps, tunnelMetadataId: 47bf9c75-9831-4539-a455-bf2..., userId: 1648280, username: innocent.beaver.duja@instan..., usingTunnel: true}, kt:requestId: 52160f20-98e5-4286-b3e3-b15..., kt:rid: 52160f20-98e5-4286-b3e3-b15..., networkConnectionEnabled: false, pageLoadStrategy: normal, platform: WINDOWS, platformName: WINDOWS, proxy: Proxy(), se:bidiEnabled: false, se:cdpEnabled: false, setWindowRect: true, strictFileInteractability: false, timeouts: {implicit: 0, pageLoad: 300000, script: 30000}, unhandledPromptBehavior: dismiss and notify, webauthn:extension:credBlob: true, webauthn:extension:largeBlob: true, webauthn:extension:minPinLength: true, webauthn:extension:prf: true, webauthn:virtualAuthenticators: true}
Session ID: 398760c7f91339bbb7827beb4ebdc5f8
*** Element info: {Using=xpath, value=//*[@placeholder = &apos;Username&apos; and @type = &apos;text&apos; and @id = &apos;user-name&apos; and @name = &apos;user-name&apos;]}
	at jdk.internal.reflect.GeneratedConstructorAccessor21.newInstance(Unknown Source)
	at java.base/jdk.internal.reflect.DelegatingConstructorAccessorImpl.newInstance(DelegatingConstructorAccessorImpl.java:45)
	at org.openqa.selenium.remote.http.W3CHttpResponseCodec.createException(W3CHttpResponseCodec.java:187)
	at org.openqa.selenium.remote.http.W3CHttpResponseCodec.decode(W3CHttpResponseCodec.java:122)
	at org.openqa.selenium.remote.http.W3CHttpResponseCodec.decode(W3CHttpResponseCodec.java:49)
	at org.openqa.selenium.remote.HttpCommandExecutor.execute(HttpCommandExecutor.java:158)
	at org.openqa.selenium.remote.RemoteWebDriver.execute(RemoteWebDriver.java:552)
	at com.kms.katalon.selenium.driver.CRemoteWebDriver.execute(CRemoteWebDriver.java:30)
	at org.openqa.selenium.remote.RemoteWebDriver.findElements(RemoteWebDriver.java:353)
	at org.openqa.selenium.remote.RemoteWebDriver.findElementsByXPath(RemoteWebDriver.java:432)
	at org.openqa.selenium.By$ByXPath.findElements(By.java:348)
	at org.openqa.selenium.remote.RemoteWebDriver.findElements(RemoteWebDriver.java:311)
	at jdk.internal.reflect.GeneratedMethodAccessor8.invoke(Unknown Source)
	at java.base/jdk.internal.reflect.DelegatingMethodAccessorImpl.invoke(DelegatingMethodAccessorImpl.java:43)
	at org.openqa.selenium.support.events.EventFiringWebDriver.lambda$new$1(EventFiringWebDriver.java:105)
	at jdk.proxy2/jdk.proxy2.$Proxy23.findElements(Unknown Source)
	at org.openqa.selenium.support.events.EventFiringWebDriver.findElements(EventFiringWebDriver.java:182)
	at com.kms.katalon.core.webui.common.WebUiCommonHelper.findElementByNormalMethods(WebUiCommonHelper.java:1033)
	at com.kms.katalon.core.webui.common.WebUiCommonHelper.findElementsBySelectedMethod(WebUiCommonHelper.java:918)
	at com.kms.katalon.core.webui.common.WebUiCommonHelper.findElementsWithSelfHealing(WebUiCommonHelper.java:815)
	at com.kms.katalon.core.webui.common.WebUiCommonHelper.findWebElements(WebUiCommonHelper.java:727)
	at com.kms.katalon.core.webui.common.WebUiCommonHelper.findWebElement(WebUiCommonHelper.java:1413)
	at com.kms.katalon.core.webui.keyword.internal.WebUIAbstractKeyword.findWebElement(WebUIAbstractKeyword.groovy:27)
	at com.kms.katalon.core.webui.keyword.internal.WebUIAbstractKeyword.findWebElement(WebUIAbstractKeyword.groovy:26)
	at com.kms.katalon.core.webui.keyword.builtin.SetTextKeyword$_setText_closure1.doCall(SetTextKeyword.groovy:53)
	at com.kms.katalon.core.webui.keyword.builtin.SetTextKeyword$_setText_closure1.call(SetTextKeyword.groovy)
	at com.kms.katalon.core.webui.keyword.internal.WebUIKeywordMain.runKeyword(WebUIKeywordMain.groovy:35)
	at com.kms.katalon.core.webui.keyword.builtin.SetTextKeyword.setText(SetTextKeyword.groovy:85)
	at com.kms.katalon.core.webui.keyword.builtin.SetTextKeyword.execute(SetTextKeyword.groovy:39)
	at com.kms.katalon.core.keyword.internal.KeywordExecutor.executeKeywordForPlatform(KeywordExecutor.groovy:74)
	at com.kms.katalon.core.webui.keyword.WebUiBuiltInKeywords.setText(WebUiBuiltInKeywords.groovy:1019)
	at com.test.swaglabs.CustomLogin.WebLoginFifthAccount(CustomLogin.groovy:71)
	at java.base/jdk.internal.reflect.NativeMethodAccessorImpl.invoke0(Native Method)
	at java.base/jdk.internal.reflect.NativeMethodAccessorImpl.invoke(NativeMethodAccessorImpl.java:77)
	at java.base/jdk.internal.reflect.DelegatingMethodAccessorImpl.invoke(DelegatingMethodAccessorImpl.java:43)
	at com.kms.katalon.core.main.CustomKeywordDelegatingMetaClass.invokeStaticMethod(CustomKeywordDelegatingMetaClass.java:55)
	at Login by Fifth Account - error_user.run(Login by Fifth Account - error_user:24)
	at com.kms.katalon.core.main.ScriptEngine.run(ScriptEngine.java:194)
	at com.kms.katalon.core.main.ScriptEngine.runScriptAsRawText(ScriptEngine.java:119)
	at com.kms.katalon.core.main.TestCaseExecutor.runScript(TestCaseExecutor.java:448)
	at com.kms.katalon.core.main.TestCaseExecutor.doExecute(TestCaseExecutor.java:439)
	at com.kms.katalon.core.main.TestCaseExecutor.processExecutionPhase(TestCaseExecutor.java:418)
	at com.kms.katalon.core.main.TestCaseExecutor.accessMainPhase(TestCaseExecutor.java:410)
	at com.kms.katalon.core.main.TestCaseExecutor.execute(TestCaseExecutor.java:285)
	at com.kms.katalon.core.main.TestCaseExecutor.execute(TestCaseExecutor.java:369)
	at com.kms.katalon.core.main.TestCaseExecutor.execute(TestCaseExecutor.java:369)
	at com.kms.katalon.core.common.CommonExecutor.accessTestCaseMainPhase(CommonExecutor.java:65)
	at com.kms.katalon.core.main.TestSuiteExecutor.accessTestSuiteMainPhase(TestSuiteExecutor.java:150)
	at com.kms.katalon.core.main.TestSuiteExecutor.execute(TestSuiteExecutor.java:106)
	at com.kms.katalon.core.main.TestCaseMain.startTestSuite(TestCaseMain.java:180)
	at TempTestSuite1738334733685.run(TempTestSuite1738334733685.groovy:35)
	at java.base/jdk.internal.reflect.NativeMethodAccessorImpl.invoke0(Native Method)
	at java.base/jdk.internal.reflect.NativeMethodAccessorImpl.invoke(NativeMethodAccessorImpl.java:77)
	at java.base/jdk.internal.reflect.DelegatingMethodAccessorImpl.invoke(DelegatingMethodAccessorImpl.java:43)
</property>
  <property name="failed.exception.message">invalid session id
Build info: version: &apos;3.141.59&apos;, revision: &apos;unknown&apos;, time: &apos;unknown&apos;
System info: host: &apos;LAPTOP-5GQHVTHK&apos;, ip: &apos;192.168.0.101&apos;, os.name: &apos;Windows 11&apos;, os.arch: &apos;amd64&apos;, os.version: &apos;10.0&apos;, java.version: &apos;17.0.7&apos;
Driver info: com.kms.katalon.selenium.driver.CRemoteWebDriver
Capabilities {acceptInsecureCerts: false, browserName: chrome, browserVersion: 133.0.6847.2, chrome: {chromedriverVersion: 133.0.6847.2 (7e95e23d2d1f8..., userDataDir: C:\Program Files\scoped_dir...}, fedcm:accounts: true, goog:chromeOptions: {debuggerAddress: localhost:9225}, javascriptEnabled: true, katalon:caps: {executionId: e03c6160-758b-4059-aab9-9ca..., executionSessionId: 52160f20-98e5-4286-b3e3-b15...}, katalon:options: {executionId: e03c6160-758b-4059-aab9-9ca..., executionSessionId: 52160f20-98e5-4286-b3e3-b15..., group: 9ab6bac5-1cc1-4a31-be02-e95..., metadata: {accountUuid: fda32340-531c-49aa-a0b7-40d..., organizationId: 1906073, usingTunnel: false}, organizationId: 1906073, runFromTestCloud: true, tenant: TestOps, tunnelMetadataId: 47bf9c75-9831-4539-a455-bf2..., userId: 1648280, username: innocent.beaver.duja@instan..., usingTunnel: true}, kt:requestId: 52160f20-98e5-4286-b3e3-b15..., kt:rid: 52160f20-98e5-4286-b3e3-b15..., networkConnectionEnabled: false, pageLoadStrategy: normal, platform: WINDOWS, platformName: WINDOWS, proxy: Proxy(), se:bidiEnabled: false, se:cdpEnabled: false, setWindowRect: true, strictFileInteractability: false, timeouts: {implicit: 0, pageLoad: 300000, script: 30000}, unhandledPromptBehavior: dismiss and notify, webauthn:extension:credBlob: true, webauthn:extension:largeBlob: true, webauthn:extension:minPinLength: true, webauthn:extension:prf: true, webauthn:virtualAuthenticators: true}
Session ID: 398760c7f91339bbb7827beb4ebdc5f8
*** Element info: {Using=xpath, value=//*[@placeholder = &apos;Username&apos; and @type = &apos;text&apos; and @id = &apos;user-name&apos; and @name = &apos;user-name&apos;]}</property>
</record>
<record>
  <date>2025-01-31T14:48:07.721625400Z</date>
  <millis>1738334887721</millis>
  <nanos>625400</nanos>
  <sequence>215</sequence>
  <level>WARNING</level>
  <class>com.kms.katalon.core.logging.XmlKeywordLogger</class>
  <method>logMessage</method>
  <thread>1</thread>
  <message>[SELF-HEALING] invalid session id
Build info: version: &amp;apos;3.141.59&amp;apos;, revision: &amp;apos;unknown&amp;apos;, time: &amp;apos;unknown&amp;apos;
System info: host: &amp;apos;LAPTOP-5GQHVTHK&amp;apos;, ip: &amp;apos;192.168.0.101&amp;apos;, os.name: &amp;apos;Windows 11&amp;apos;, os.arch: &amp;apos;amd64&amp;apos;, os.version: &amp;apos;10.0&amp;apos;, java.version: &amp;apos;17.0.7&amp;apos;
Driver info: com.kms.katalon.selenium.driver.CRemoteWebDriver
Capabilities {acceptInsecureCerts: false, browserName: chrome, browserVersion: 133.0.6847.2, chrome: {chromedriverVersion: 133.0.6847.2 (7e95e23d2d1f8..., userDataDir: C:\Program Files\scoped_dir...}, fedcm:accounts: true, goog:chromeOptions: {debuggerAddress: localhost:9225}, javascriptEnabled: true, katalon:caps: {executionId: e03c6160-758b-4059-aab9-9ca..., executionSessionId: 52160f20-98e5-4286-b3e3-b15...}, katalon:options: {executionId: e03c6160-758b-4059-aab9-9ca..., executionSessionId: 52160f20-98e5-4286-b3e3-b15..., group: 9ab6bac5-1cc1-4a31-be02-e95..., metadata: {accountUuid: fda32340-531c-49aa-a0b7-40d..., organizationId: 1906073, usingTunnel: false}, organizationId: 1906073, runFromTestCloud: true, tenant: TestOps, tunnelMetadataId: 47bf9c75-9831-4539-a455-bf2..., userId: 1648280, username: innocent.beaver.duja@instan..., usingTunnel: true}, kt:requestId: 52160f20-98e5-4286-b3e3-b15..., kt:rid: 52160f20-98e5-4286-b3e3-b15..., networkConnectionEnabled: false, pageLoadStrategy: normal, platform: WINDOWS, platformName: WINDOWS, proxy: Proxy(), se:bidiEnabled: false, se:cdpEnabled: false, setWindowRect: true, strictFileInteractability: false, timeouts: {implicit: 0, pageLoad: 300000, script: 30000}, unhandledPromptBehavior: dismiss and notify, webauthn:extension:credBlob: true, webauthn:extension:largeBlob: true, webauthn:extension:minPinLength: true, webauthn:extension:prf: true, webauthn:virtualAuthenticators: true}
Session ID: 398760c7f91339bbb7827beb4ebdc5f8
*** Element info: {Using=css selector, value=#user-name}</message>
  <nestedLevel>1</nestedLevel>
  <escapedJava>false</escapedJava>
  <property name="failed.exception.class">org.openqa.selenium.NoSuchSessionException</property>
  <property name="failed.exception.stacktrace">org.openqa.selenium.NoSuchSessionException: invalid session id
Build info: version: &apos;3.141.59&apos;, revision: &apos;unknown&apos;, time: &apos;unknown&apos;
System info: host: &apos;LAPTOP-5GQHVTHK&apos;, ip: &apos;192.168.0.101&apos;, os.name: &apos;Windows 11&apos;, os.arch: &apos;amd64&apos;, os.version: &apos;10.0&apos;, java.version: &apos;17.0.7&apos;
Driver info: com.kms.katalon.selenium.driver.CRemoteWebDriver
Capabilities {acceptInsecureCerts: false, browserName: chrome, browserVersion: 133.0.6847.2, chrome: {chromedriverVersion: 133.0.6847.2 (7e95e23d2d1f8..., userDataDir: C:\Program Files\scoped_dir...}, fedcm:accounts: true, goog:chromeOptions: {debuggerAddress: localhost:9225}, javascriptEnabled: true, katalon:caps: {executionId: e03c6160-758b-4059-aab9-9ca..., executionSessionId: 52160f20-98e5-4286-b3e3-b15...}, katalon:options: {executionId: e03c6160-758b-4059-aab9-9ca..., executionSessionId: 52160f20-98e5-4286-b3e3-b15..., group: 9ab6bac5-1cc1-4a31-be02-e95..., metadata: {accountUuid: fda32340-531c-49aa-a0b7-40d..., organizationId: 1906073, usingTunnel: false}, organizationId: 1906073, runFromTestCloud: true, tenant: TestOps, tunnelMetadataId: 47bf9c75-9831-4539-a455-bf2..., userId: 1648280, username: innocent.beaver.duja@instan..., usingTunnel: true}, kt:requestId: 52160f20-98e5-4286-b3e3-b15..., kt:rid: 52160f20-98e5-4286-b3e3-b15..., networkConnectionEnabled: false, pageLoadStrategy: normal, platform: WINDOWS, platformName: WINDOWS, proxy: Proxy(), se:bidiEnabled: false, se:cdpEnabled: false, setWindowRect: true, strictFileInteractability: false, timeouts: {implicit: 0, pageLoad: 300000, script: 30000}, unhandledPromptBehavior: dismiss and notify, webauthn:extension:credBlob: true, webauthn:extension:largeBlob: true, webauthn:extension:minPinLength: true, webauthn:extension:prf: true, webauthn:virtualAuthenticators: true}
Session ID: 398760c7f91339bbb7827beb4ebdc5f8
*** Element info: {Using=css selector, value=#user-name}
	at jdk.internal.reflect.GeneratedConstructorAccessor21.newInstance(Unknown Source)
	at java.base/jdk.internal.reflect.DelegatingConstructorAccessorImpl.newInstance(DelegatingConstructorAccessorImpl.java:45)
	at org.openqa.selenium.remote.http.W3CHttpResponseCodec.createException(W3CHttpResponseCodec.java:187)
	at org.openqa.selenium.remote.http.W3CHttpResponseCodec.decode(W3CHttpResponseCodec.java:122)
	at org.openqa.selenium.remote.http.W3CHttpResponseCodec.decode(W3CHttpResponseCodec.java:49)
	at org.openqa.selenium.remote.HttpCommandExecutor.execute(HttpCommandExecutor.java:158)
	at org.openqa.selenium.remote.RemoteWebDriver.execute(RemoteWebDriver.java:552)
	at com.kms.katalon.selenium.driver.CRemoteWebDriver.execute(CRemoteWebDriver.java:30)
	at org.openqa.selenium.remote.RemoteWebDriver.findElements(RemoteWebDriver.java:353)
	at org.openqa.selenium.remote.RemoteWebDriver.findElementsByCssSelector(RemoteWebDriver.java:424)
	at org.openqa.selenium.By$ByCssSelector.findElements(By.java:441)
	at org.openqa.selenium.remote.RemoteWebDriver.findElements(RemoteWebDriver.java:311)
	at jdk.internal.reflect.GeneratedMethodAccessor8.invoke(Unknown Source)
	at java.base/jdk.internal.reflect.DelegatingMethodAccessorImpl.invoke(DelegatingMethodAccessorImpl.java:43)
	at org.openqa.selenium.support.events.EventFiringWebDriver.lambda$new$1(EventFiringWebDriver.java:105)
	at jdk.proxy2/jdk.proxy2.$Proxy23.findElements(Unknown Source)
	at org.openqa.selenium.support.events.EventFiringWebDriver.findElements(EventFiringWebDriver.java:182)
	at com.kms.katalon.core.webui.common.WebUiCommonHelper.findElementByNormalMethods(WebUiCommonHelper.java:1033)
	at com.kms.katalon.core.webui.common.WebUiCommonHelper.findElementsBySelectedMethod(WebUiCommonHelper.java:920)
	at com.kms.katalon.core.webui.common.WebUiCommonHelper.findElementsWithSelfHealing(WebUiCommonHelper.java:815)
	at com.kms.katalon.core.webui.common.WebUiCommonHelper.findWebElements(WebUiCommonHelper.java:727)
	at com.kms.katalon.core.webui.common.WebUiCommonHelper.findWebElement(WebUiCommonHelper.java:1413)
	at com.kms.katalon.core.webui.keyword.internal.WebUIAbstractKeyword.findWebElement(WebUIAbstractKeyword.groovy:27)
	at com.kms.katalon.core.webui.keyword.internal.WebUIAbstractKeyword.findWebElement(WebUIAbstractKeyword.groovy:26)
	at com.kms.katalon.core.webui.keyword.builtin.SetTextKeyword$_setText_closure1.doCall(SetTextKeyword.groovy:53)
	at com.kms.katalon.core.webui.keyword.builtin.SetTextKeyword$_setText_closure1.call(SetTextKeyword.groovy)
	at com.kms.katalon.core.webui.keyword.internal.WebUIKeywordMain.runKeyword(WebUIKeywordMain.groovy:35)
	at com.kms.katalon.core.webui.keyword.builtin.SetTextKeyword.setText(SetTextKeyword.groovy:85)
	at com.kms.katalon.core.webui.keyword.builtin.SetTextKeyword.execute(SetTextKeyword.groovy:39)
	at com.kms.katalon.core.keyword.internal.KeywordExecutor.executeKeywordForPlatform(KeywordExecutor.groovy:74)
	at com.kms.katalon.core.webui.keyword.WebUiBuiltInKeywords.setText(WebUiBuiltInKeywords.groovy:1019)
	at com.test.swaglabs.CustomLogin.WebLoginFifthAccount(CustomLogin.groovy:71)
	at java.base/jdk.internal.reflect.NativeMethodAccessorImpl.invoke0(Native Method)
	at java.base/jdk.internal.reflect.NativeMethodAccessorImpl.invoke(NativeMethodAccessorImpl.java:77)
	at java.base/jdk.internal.reflect.DelegatingMethodAccessorImpl.invoke(DelegatingMethodAccessorImpl.java:43)
	at com.kms.katalon.core.main.CustomKeywordDelegatingMetaClass.invokeStaticMethod(CustomKeywordDelegatingMetaClass.java:55)
	at Login by Fifth Account - error_user.run(Login by Fifth Account - error_user:24)
	at com.kms.katalon.core.main.ScriptEngine.run(ScriptEngine.java:194)
	at com.kms.katalon.core.main.ScriptEngine.runScriptAsRawText(ScriptEngine.java:119)
	at com.kms.katalon.core.main.TestCaseExecutor.runScript(TestCaseExecutor.java:448)
	at com.kms.katalon.core.main.TestCaseExecutor.doExecute(TestCaseExecutor.java:439)
	at com.kms.katalon.core.main.TestCaseExecutor.processExecutionPhase(TestCaseExecutor.java:418)
	at com.kms.katalon.core.main.TestCaseExecutor.accessMainPhase(TestCaseExecutor.java:410)
	at com.kms.katalon.core.main.TestCaseExecutor.execute(TestCaseExecutor.java:285)
	at com.kms.katalon.core.main.TestCaseExecutor.execute(TestCaseExecutor.java:369)
	at com.kms.katalon.core.main.TestCaseExecutor.execute(TestCaseExecutor.java:369)
	at com.kms.katalon.core.common.CommonExecutor.accessTestCaseMainPhase(CommonExecutor.java:65)
	at com.kms.katalon.core.main.TestSuiteExecutor.accessTestSuiteMainPhase(TestSuiteExecutor.java:150)
	at com.kms.katalon.core.main.TestSuiteExecutor.execute(TestSuiteExecutor.java:106)
	at com.kms.katalon.core.main.TestCaseMain.startTestSuite(TestCaseMain.java:180)
	at TempTestSuite1738334733685.run(TempTestSuite1738334733685.groovy:35)
	at java.base/jdk.internal.reflect.NativeMethodAccessorImpl.invoke0(Native Method)
	at java.base/jdk.internal.reflect.NativeMethodAccessorImpl.invoke(NativeMethodAccessorImpl.java:77)
	at java.base/jdk.internal.reflect.DelegatingMethodAccessorImpl.invoke(DelegatingMethodAccessorImpl.java:43)
</property>
  <property name="failed.exception.message">invalid session id
Build info: version: &apos;3.141.59&apos;, revision: &apos;unknown&apos;, time: &apos;unknown&apos;
System info: host: &apos;LAPTOP-5GQHVTHK&apos;, ip: &apos;192.168.0.101&apos;, os.name: &apos;Windows 11&apos;, os.arch: &apos;amd64&apos;, os.version: &apos;10.0&apos;, java.version: &apos;17.0.7&apos;
Driver info: com.kms.katalon.selenium.driver.CRemoteWebDriver
Capabilities {acceptInsecureCerts: false, browserName: chrome, browserVersion: 133.0.6847.2, chrome: {chromedriverVersion: 133.0.6847.2 (7e95e23d2d1f8..., userDataDir: C:\Program Files\scoped_dir...}, fedcm:accounts: true, goog:chromeOptions: {debuggerAddress: localhost:9225}, javascriptEnabled: true, katalon:caps: {executionId: e03c6160-758b-4059-aab9-9ca..., executionSessionId: 52160f20-98e5-4286-b3e3-b15...}, katalon:options: {executionId: e03c6160-758b-4059-aab9-9ca..., executionSessionId: 52160f20-98e5-4286-b3e3-b15..., group: 9ab6bac5-1cc1-4a31-be02-e95..., metadata: {accountUuid: fda32340-531c-49aa-a0b7-40d..., organizationId: 1906073, usingTunnel: false}, organizationId: 1906073, runFromTestCloud: true, tenant: TestOps, tunnelMetadataId: 47bf9c75-9831-4539-a455-bf2..., userId: 1648280, username: innocent.beaver.duja@instan..., usingTunnel: true}, kt:requestId: 52160f20-98e5-4286-b3e3-b15..., kt:rid: 52160f20-98e5-4286-b3e3-b15..., networkConnectionEnabled: false, pageLoadStrategy: normal, platform: WINDOWS, platformName: WINDOWS, proxy: Proxy(), se:bidiEnabled: false, se:cdpEnabled: false, setWindowRect: true, strictFileInteractability: false, timeouts: {implicit: 0, pageLoad: 300000, script: 30000}, unhandledPromptBehavior: dismiss and notify, webauthn:extension:credBlob: true, webauthn:extension:largeBlob: true, webauthn:extension:minPinLength: true, webauthn:extension:prf: true, webauthn:virtualAuthenticators: true}
Session ID: 398760c7f91339bbb7827beb4ebdc5f8
*** Element info: {Using=css selector, value=#user-name}</property>
</record>
<record>
  <date>2025-01-31T14:48:08.019059600Z</date>
  <millis>1738334888019</millis>
  <nanos>59600</nanos>
  <sequence>217</sequence>
  <level>WARNING</level>
  <class>com.kms.katalon.core.logging.XmlKeywordLogger</class>
  <method>logMessage</method>
  <thread>1</thread>
  <message>Cannot take screenshot</message>
  <nestedLevel>1</nestedLevel>
  <escapedJava>false</escapedJava>
  <property name="failed.exception.class">org.openqa.selenium.WebDriverException</property>
  <property name="failed.exception.stacktrace">org.openqa.selenium.WebDriverException: An unknown error has occurred
Build info: version: &apos;3.141.59&apos;, revision: &apos;unknown&apos;, time: &apos;unknown&apos;
System info: host: &apos;LAPTOP-5GQHVTHK&apos;, ip: &apos;192.168.0.101&apos;, os.name: &apos;Windows 11&apos;, os.arch: &apos;amd64&apos;, os.version: &apos;10.0&apos;, java.version: &apos;17.0.7&apos;
Driver info: com.kms.katalon.selenium.driver.CRemoteWebDriver
Capabilities {acceptInsecureCerts: false, browserName: chrome, browserVersion: 133.0.6847.2, chrome: {chromedriverVersion: 133.0.6847.2 (7e95e23d2d1f8..., userDataDir: C:\Program Files\scoped_dir...}, fedcm:accounts: true, goog:chromeOptions: {debuggerAddress: localhost:9225}, javascriptEnabled: true, katalon:caps: {executionId: e03c6160-758b-4059-aab9-9ca..., executionSessionId: 52160f20-98e5-4286-b3e3-b15...}, katalon:options: {executionId: e03c6160-758b-4059-aab9-9ca..., executionSessionId: 52160f20-98e5-4286-b3e3-b15..., group: 9ab6bac5-1cc1-4a31-be02-e95..., metadata: {accountUuid: fda32340-531c-49aa-a0b7-40d..., organizationId: 1906073, usingTunnel: false}, organizationId: 1906073, runFromTestCloud: true, tenant: TestOps, tunnelMetadataId: 47bf9c75-9831-4539-a455-bf2..., userId: 1648280, username: innocent.beaver.duja@instan..., usingTunnel: true}, kt:requestId: 52160f20-98e5-4286-b3e3-b15..., kt:rid: 52160f20-98e5-4286-b3e3-b15..., networkConnectionEnabled: false, pageLoadStrategy: normal, platform: WINDOWS, platformName: WINDOWS, proxy: Proxy(), se:bidiEnabled: false, se:cdpEnabled: false, setWindowRect: true, strictFileInteractability: false, timeouts: {implicit: 0, pageLoad: 300000, script: 30000}, unhandledPromptBehavior: dismiss and notify, webauthn:extension:credBlob: true, webauthn:extension:largeBlob: true, webauthn:extension:minPinLength: true, webauthn:extension:prf: true, webauthn:virtualAuthenticators: true}
Session ID: 398760c7f91339bbb7827beb4ebdc5f8
	at java.base/jdk.internal.reflect.NativeConstructorAccessorImpl.newInstance0(Native Method)
	at java.base/jdk.internal.reflect.NativeConstructorAccessorImpl.newInstance(NativeConstructorAccessorImpl.java:77)
	at java.base/jdk.internal.reflect.DelegatingConstructorAccessorImpl.newInstance(DelegatingConstructorAccessorImpl.java:45)
	at org.openqa.selenium.remote.http.W3CHttpResponseCodec.createException(W3CHttpResponseCodec.java:187)
	at org.openqa.selenium.remote.http.W3CHttpResponseCodec.decode(W3CHttpResponseCodec.java:122)
	at org.openqa.selenium.remote.http.W3CHttpResponseCodec.decode(W3CHttpResponseCodec.java:49)
	at org.openqa.selenium.remote.HttpCommandExecutor.execute(HttpCommandExecutor.java:158)
	at org.openqa.selenium.remote.RemoteWebDriver.execute(RemoteWebDriver.java:552)
	at com.kms.katalon.selenium.driver.CRemoteWebDriver.execute(CRemoteWebDriver.java:30)
	at org.openqa.selenium.remote.RemoteWebDriver.execute(RemoteWebDriver.java:609)
	at org.openqa.selenium.remote.RemoteWebDriver.getScreenshotAs(RemoteWebDriver.java:295)
	at java.base/jdk.internal.reflect.NativeMethodAccessorImpl.invoke0(Native Method)
	at java.base/jdk.internal.reflect.NativeMethodAccessorImpl.invoke(NativeMethodAccessorImpl.java:77)
	at java.base/jdk.internal.reflect.DelegatingMethodAccessorImpl.invoke(DelegatingMethodAccessorImpl.java:43)
	at org.openqa.selenium.support.events.EventFiringWebDriver.lambda$new$1(EventFiringWebDriver.java:105)
	at jdk.proxy2/jdk.proxy2.$Proxy23.getScreenshotAs(Unknown Source)
	at org.openqa.selenium.support.events.EventFiringWebDriver.getScreenshotAs(EventFiringWebDriver.java:302)
	at com.kms.katalon.core.webui.helper.screenshot.WebUIScreenCaptor.take(WebUIScreenCaptor.java:26)
	at com.kms.katalon.core.helper.screenshot.ScreenCaptor.takeScreenshotAndGetAttributes(ScreenCaptor.java:38)
	at com.kms.katalon.core.webui.keyword.internal.WebUIKeywordMain.stepFailed(WebUIKeywordMain.groovy:117)
	at com.kms.katalon.core.webui.keyword.internal.WebUIKeywordMain.runKeyword(WebUIKeywordMain.groovy:43)
	at com.kms.katalon.core.webui.keyword.builtin.SetTextKeyword.setText(SetTextKeyword.groovy:85)
	at com.kms.katalon.core.webui.keyword.builtin.SetTextKeyword.execute(SetTextKeyword.groovy:39)
	at com.kms.katalon.core.keyword.internal.KeywordExecutor.executeKeywordForPlatform(KeywordExecutor.groovy:74)
	at com.kms.katalon.core.webui.keyword.WebUiBuiltInKeywords.setText(WebUiBuiltInKeywords.groovy:1019)
	at com.test.swaglabs.CustomLogin.WebLoginFifthAccount(CustomLogin.groovy:71)
	at java.base/jdk.internal.reflect.NativeMethodAccessorImpl.invoke0(Native Method)
	at java.base/jdk.internal.reflect.NativeMethodAccessorImpl.invoke(NativeMethodAccessorImpl.java:77)
	at java.base/jdk.internal.reflect.DelegatingMethodAccessorImpl.invoke(DelegatingMethodAccessorImpl.java:43)
	at com.kms.katalon.core.main.CustomKeywordDelegatingMetaClass.invokeStaticMethod(CustomKeywordDelegatingMetaClass.java:55)
	at Login by Fifth Account - error_user.run(Login by Fifth Account - error_user:24)
	at com.kms.katalon.core.main.ScriptEngine.run(ScriptEngine.java:194)
	at com.kms.katalon.core.main.ScriptEngine.runScriptAsRawText(ScriptEngine.java:119)
	at com.kms.katalon.core.main.TestCaseExecutor.runScript(TestCaseExecutor.java:448)
	at com.kms.katalon.core.main.TestCaseExecutor.doExecute(TestCaseExecutor.java:439)
	at com.kms.katalon.core.main.TestCaseExecutor.processExecutionPhase(TestCaseExecutor.java:418)
	at com.kms.katalon.core.main.TestCaseExecutor.accessMainPhase(TestCaseExecutor.java:410)
	at com.kms.katalon.core.main.TestCaseExecutor.execute(TestCaseExecutor.java:285)
	at com.kms.katalon.core.main.TestCaseExecutor.execute(TestCaseExecutor.java:369)
	at com.kms.katalon.core.main.TestCaseExecutor.execute(TestCaseExecutor.java:369)
	at com.kms.katalon.core.common.CommonExecutor.accessTestCaseMainPhase(CommonExecutor.java:65)
	at com.kms.katalon.core.main.TestSuiteExecutor.accessTestSuiteMainPhase(TestSuiteExecutor.java:150)
	at com.kms.katalon.core.main.TestSuiteExecutor.execute(TestSuiteExecutor.java:106)
	at com.kms.katalon.core.main.TestCaseMain.startTestSuite(TestCaseMain.java:180)
	at TempTestSuite1738334733685.run(TempTestSuite1738334733685.groovy:35)
	at java.base/jdk.internal.reflect.NativeMethodAccessorImpl.invoke0(Native Method)
	at java.base/jdk.internal.reflect.NativeMethodAccessorImpl.invoke(NativeMethodAccessorImpl.java:77)
	at java.base/jdk.internal.reflect.DelegatingMethodAccessorImpl.invoke(DelegatingMethodAccessorImpl.java:43)
</property>
  <property name="failed.exception.message">An unknown error has occurred
Build info: version: &apos;3.141.59&apos;, revision: &apos;unknown&apos;, time: &apos;unknown&apos;
System info: host: &apos;LAPTOP-5GQHVTHK&apos;, ip: &apos;192.168.0.101&apos;, os.name: &apos;Windows 11&apos;, os.arch: &apos;amd64&apos;, os.version: &apos;10.0&apos;, java.version: &apos;17.0.7&apos;
Driver info: com.kms.katalon.selenium.driver.CRemoteWebDriver
Capabilities {acceptInsecureCerts: false, browserName: chrome, browserVersion: 133.0.6847.2, chrome: {chromedriverVersion: 133.0.6847.2 (7e95e23d2d1f8..., userDataDir: C:\Program Files\scoped_dir...}, fedcm:accounts: true, goog:chromeOptions: {debuggerAddress: localhost:9225}, javascriptEnabled: true, katalon:caps: {executionId: e03c6160-758b-4059-aab9-9ca..., executionSessionId: 52160f20-98e5-4286-b3e3-b15...}, katalon:options: {executionId: e03c6160-758b-4059-aab9-9ca..., executionSessionId: 52160f20-98e5-4286-b3e3-b15..., group: 9ab6bac5-1cc1-4a31-be02-e95..., metadata: {accountUuid: fda32340-531c-49aa-a0b7-40d..., organizationId: 1906073, usingTunnel: false}, organizationId: 1906073, runFromTestCloud: true, tenant: TestOps, tunnelMetadataId: 47bf9c75-9831-4539-a455-bf2..., userId: 1648280, username: innocent.beaver.duja@instan..., usingTunnel: true}, kt:requestId: 52160f20-98e5-4286-b3e3-b15..., kt:rid: 52160f20-98e5-4286-b3e3-b15..., networkConnectionEnabled: false, pageLoadStrategy: normal, platform: WINDOWS, platformName: WINDOWS, proxy: Proxy(), se:bidiEnabled: false, se:cdpEnabled: false, setWindowRect: true, strictFileInteractability: false, timeouts: {implicit: 0, pageLoad: 300000, script: 30000}, unhandledPromptBehavior: dismiss and notify, webauthn:extension:credBlob: true, webauthn:extension:largeBlob: true, webauthn:extension:minPinLength: true, webauthn:extension:prf: true, webauthn:virtualAuthenticators: true}
Session ID: 398760c7f91339bbb7827beb4ebdc5f8</property>
</record>
<record>
  <date>2025-01-31T14:48:08.031058600Z</date>
  <millis>1738334888031</millis>
  <nanos>58600</nanos>
  <sequence>221</sequence>
  <level>FAILED</level>
  <class>com.kms.katalon.core.logging.XmlKeywordLogger</class>
  <method>logMessage</method>
  <thread>1</thread>
  <message>Unable to set text &amp;apos;error_user&amp;apos; of object &amp;apos;Object Repository/Page_Swag Labs/input_Swag Labs_user-name&amp;apos; (Root cause: com.kms.katalon.core.exception.StepFailedException: Unable to set text &amp;apos;error_user&amp;apos; of object &amp;apos;Object Repository/Page_Swag Labs/input_Swag Labs_user-name&amp;apos;
	at com.kms.katalon.core.webui.keyword.internal.WebUIKeywordMain.stepFailed(WebUIKeywordMain.groovy:117)
	at com.kms.katalon.core.webui.keyword.internal.WebUIKeywordMain.runKeyword(WebUIKeywordMain.groovy:43)
	at com.kms.katalon.core.webui.keyword.builtin.SetTextKeyword.setText(SetTextKeyword.groovy:85)
	at com.kms.katalon.core.webui.keyword.builtin.SetTextKeyword.execute(SetTextKeyword.groovy:39)
	at com.kms.katalon.core.keyword.internal.KeywordExecutor.executeKeywordForPlatform(KeywordExecutor.groovy:74)
	at com.kms.katalon.core.webui.keyword.WebUiBuiltInKeywords.setText(WebUiBuiltInKeywords.groovy:1019)
	at com.test.swaglabs.CustomLogin.WebLoginFifthAccount(CustomLogin.groovy:71)
	at java.base/jdk.internal.reflect.NativeMethodAccessorImpl.invoke0(Native Method)
	at java.base/jdk.internal.reflect.NativeMethodAccessorImpl.invoke(NativeMethodAccessorImpl.java:77)
	at java.base/jdk.internal.reflect.DelegatingMethodAccessorImpl.invoke(DelegatingMethodAccessorImpl.java:43)
	at com.kms.katalon.core.main.CustomKeywordDelegatingMetaClass.invokeStaticMethod(CustomKeywordDelegatingMetaClass.java:55)
	at Login by Fifth Account - error_user.run(Login by Fifth Account - error_user:24)
	at com.kms.katalon.core.main.ScriptEngine.run(ScriptEngine.java:194)
	at com.kms.katalon.core.main.ScriptEngine.runScriptAsRawText(ScriptEngine.java:119)
	at com.kms.katalon.core.main.TestCaseExecutor.runScript(TestCaseExecutor.java:448)
	at com.kms.katalon.core.main.TestCaseExecutor.doExecute(TestCaseExecutor.java:439)
	at com.kms.katalon.core.main.TestCaseExecutor.processExecutionPhase(TestCaseExecutor.java:418)
	at com.kms.katalon.core.main.TestCaseExecutor.accessMainPhase(TestCaseExecutor.java:410)
	at com.kms.katalon.core.main.TestCaseExecutor.execute(TestCaseExecutor.java:285)
	at com.kms.katalon.core.main.TestCaseExecutor.execute(TestCaseExecutor.java:369)
	at com.kms.katalon.core.main.TestCaseExecutor.execute(TestCaseExecutor.java:369)
	at com.kms.katalon.core.common.CommonExecutor.accessTestCaseMainPhase(CommonExecutor.java:65)
	at com.kms.katalon.core.main.TestSuiteExecutor.accessTestSuiteMainPhase(TestSuiteExecutor.java:150)
	at com.kms.katalon.core.main.TestSuiteExecutor.execute(TestSuiteExecutor.java:106)
	at com.kms.katalon.core.main.TestCaseMain.startTestSuite(TestCaseMain.java:180)
	at TempTestSuite1738334733685.run(TempTestSuite1738334733685.groovy:35)
	at java.base/jdk.internal.reflect.NativeMethodAccessorImpl.invoke0(Native Method)
	at java.base/jdk.internal.reflect.NativeMethodAccessorImpl.invoke(NativeMethodAccessorImpl.java:77)
	at java.base/jdk.internal.reflect.DelegatingMethodAccessorImpl.invoke(DelegatingMethodAccessorImpl.java:43)
Caused by: org.openqa.selenium.NoSuchSessionException: invalid session id: session deleted as the browser has closed the connection
from disconnected: Unable to receive message from renderer
  (Session info: chrome=133.0.6847.2)
Build info: version: &amp;apos;3.141.59&amp;apos;, revision: &amp;apos;unknown&amp;apos;, time: &amp;apos;unknown&amp;apos;
System info: host: &amp;apos;LAPTOP-5GQHVTHK&amp;apos;, ip: &amp;apos;192.168.0.101&amp;apos;, os.name: &amp;apos;Windows 11&amp;apos;, os.arch: &amp;apos;amd64&amp;apos;, os.version: &amp;apos;10.0&amp;apos;, java.version: &amp;apos;17.0.7&amp;apos;
Driver info: com.kms.katalon.selenium.driver.CRemoteWebDriver
Capabilities {acceptInsecureCerts: false, browserName: chrome, browserVersion: 133.0.6847.2, chrome: {chromedriverVersion: 133.0.6847.2 (7e95e23d2d1f8..., userDataDir: C:\Program Files\scoped_dir...}, fedcm:accounts: true, goog:chromeOptions: {debuggerAddress: localhost:9225}, javascriptEnabled: true, katalon:caps: {executionId: e03c6160-758b-4059-aab9-9ca..., executionSessionId: 52160f20-98e5-4286-b3e3-b15...}, katalon:options: {executionId: e03c6160-758b-4059-aab9-9ca..., executionSessionId: 52160f20-98e5-4286-b3e3-b15..., group: 9ab6bac5-1cc1-4a31-be02-e95..., metadata: {accountUuid: fda32340-531c-49aa-a0b7-40d..., organizationId: 1906073, usingTunnel: false}, organizationId: 1906073, runFromTestCloud: true, tenant: TestOps, tunnelMetadataId: 47bf9c75-9831-4539-a455-bf2..., userId: 1648280, username: innocent.beaver.duja@instan..., usingTunnel: true}, kt:requestId: 52160f20-98e5-4286-b3e3-b15..., kt:rid: 52160f20-98e5-4286-b3e3-b15..., networkConnectionEnabled: false, pageLoadStrategy: normal, platform: WINDOWS, platformName: WINDOWS, proxy: Proxy(), se:bidiEnabled: false, se:cdpEnabled: false, setWindowRect: true, strictFileInteractability: false, timeouts: {implicit: 0, pageLoad: 300000, script: 30000}, unhandledPromptBehavior: dismiss and notify, webauthn:extension:credBlob: true, webauthn:extension:largeBlob: true, webauthn:extension:minPinLength: true, webauthn:extension:prf: true, webauthn:virtualAuthenticators: true}
Session ID: 398760c7f91339bbb7827beb4ebdc5f8
*** Element info: {Using=xpath, value=//input[@id=&amp;apos;user-name&amp;apos;]}
	at jdk.internal.reflect.GeneratedConstructorAccessor21.newInstance(Unknown Source)
	at java.base/jdk.internal.reflect.DelegatingConstructorAccessorImpl.newInstance(DelegatingConstructorAccessorImpl.java:45)
	at org.openqa.selenium.remote.http.W3CHttpResponseCodec.createException(W3CHttpResponseCodec.java:187)
	at org.openqa.selenium.remote.http.W3CHttpResponseCodec.decode(W3CHttpResponseCodec.java:122)
	at org.openqa.selenium.remote.http.W3CHttpResponseCodec.decode(W3CHttpResponseCodec.java:49)
	at org.openqa.selenium.remote.HttpCommandExecutor.execute(HttpCommandExecutor.java:158)
	at org.openqa.selenium.remote.RemoteWebDriver.execute(RemoteWebDriver.java:552)
	at com.kms.katalon.selenium.driver.CRemoteWebDriver.execute(CRemoteWebDriver.java:30)
	at org.openqa.selenium.remote.RemoteWebDriver.findElements(RemoteWebDriver.java:353)
	at org.openqa.selenium.remote.RemoteWebDriver.findElementsByXPath(RemoteWebDriver.java:432)
	at org.openqa.selenium.By$ByXPath.findElements(By.java:348)
	at org.openqa.selenium.remote.RemoteWebDriver.findElements(RemoteWebDriver.java:311)
	at jdk.internal.reflect.GeneratedMethodAccessor8.invoke(Unknown Source)
	at java.base/jdk.internal.reflect.DelegatingMethodAccessorImpl.invoke(DelegatingMethodAccessorImpl.java:43)
	at org.openqa.selenium.support.events.EventFiringWebDriver.lambda$new$1(EventFiringWebDriver.java:105)
	at jdk.proxy2/jdk.proxy2.$Proxy23.findElements(Unknown Source)
	at org.openqa.selenium.support.events.EventFiringWebDriver.findElements(EventFiringWebDriver.java:182)
	at com.kms.katalon.core.webui.common.WebUiCommonHelper.findElementByNormalMethods(WebUiCommonHelper.java:1033)
	at com.kms.katalon.core.webui.common.WebUiCommonHelper.findElementsBySelectedMethod(WebUiCommonHelper.java:924)
	at com.kms.katalon.core.webui.common.WebUiCommonHelper.findElementsBySelectedMethod(WebUiCommonHelper.java:906)
	at com.kms.katalon.core.webui.common.WebUiCommonHelper.findElementsBySelectedMethod(WebUiCommonHelper.java:901)
	at com.kms.katalon.core.webui.common.WebUiCommonHelper.findElementsByDefault(WebUiCommonHelper.java:897)
	at com.kms.katalon.core.webui.common.WebUiCommonHelper.findElementsWithSelfHealing(WebUiCommonHelper.java:743)
	at com.kms.katalon.core.webui.common.WebUiCommonHelper.findWebElements(WebUiCommonHelper.java:727)
	at com.kms.katalon.core.webui.common.WebUiCommonHelper.findWebElement(WebUiCommonHelper.java:1413)
	at com.kms.katalon.core.webui.keyword.internal.WebUIAbstractKeyword.findWebElement(WebUIAbstractKeyword.groovy:27)
	at com.kms.katalon.core.webui.keyword.internal.WebUIAbstractKeyword.findWebElement(WebUIAbstractKeyword.groovy:26)
	at com.kms.katalon.core.webui.keyword.builtin.SetTextKeyword$_setText_closure1.doCall(SetTextKeyword.groovy:53)
	at com.kms.katalon.core.webui.keyword.builtin.SetTextKeyword$_setText_closure1.call(SetTextKeyword.groovy)
	at com.kms.katalon.core.webui.keyword.internal.WebUIKeywordMain.runKeyword(WebUIKeywordMain.groovy:35)
	at com.kms.katalon.core.webui.keyword.builtin.SetTextKeyword.setText(SetTextKeyword.groovy:85)
	at com.kms.katalon.core.webui.keyword.builtin.SetTextKeyword.execute(SetTextKeyword.groovy:39)
	at com.kms.katalon.core.keyword.internal.KeywordExecutor.executeKeywordForPlatform(KeywordExecutor.groovy:74)
	at com.kms.katalon.core.webui.keyword.WebUiBuiltInKeywords.setText(WebUiBuiltInKeywords.groovy:1019)
	at com.test.swaglabs.CustomLogin.WebLoginFifthAccount(CustomLogin.groovy:71)
	at java.base/jdk.internal.reflect.NativeMethodAccessorImpl.invoke0(Native Method)
	at java.base/jdk.internal.reflect.NativeMethodAccessorImpl.invoke(NativeMethodAccessorImpl.java:77)
	at java.base/jdk.internal.reflect.DelegatingMethodAccessorImpl.invoke(DelegatingMethodAccessorImpl.java:43)
	at com.kms.katalon.core.main.CustomKeywordDelegatingMetaClass.invokeStaticMethod(CustomKeywordDelegatingMetaClass.java:55)
	at Script1738220888053.run(Script1738220888053.groovy:24)
	... 17 more
)</message>
  <nestedLevel>1</nestedLevel>
  <escapedJava>false</escapedJava>
  <property name="failed.exception.class">org.openqa.selenium.NoSuchSessionException</property>
  <property name="failed.exception.stacktrace">org.openqa.selenium.NoSuchSessionException: invalid session id: session deleted as the browser has closed the connection
from disconnected: Unable to receive message from renderer
  (Session info: chrome=133.0.6847.2)
Build info: version: &apos;3.141.59&apos;, revision: &apos;unknown&apos;, time: &apos;unknown&apos;
System info: host: &apos;LAPTOP-5GQHVTHK&apos;, ip: &apos;192.168.0.101&apos;, os.name: &apos;Windows 11&apos;, os.arch: &apos;amd64&apos;, os.version: &apos;10.0&apos;, java.version: &apos;17.0.7&apos;
Driver info: com.kms.katalon.selenium.driver.CRemoteWebDriver
Capabilities {acceptInsecureCerts: false, browserName: chrome, browserVersion: 133.0.6847.2, chrome: {chromedriverVersion: 133.0.6847.2 (7e95e23d2d1f8..., userDataDir: C:\Program Files\scoped_dir...}, fedcm:accounts: true, goog:chromeOptions: {debuggerAddress: localhost:9225}, javascriptEnabled: true, katalon:caps: {executionId: e03c6160-758b-4059-aab9-9ca..., executionSessionId: 52160f20-98e5-4286-b3e3-b15...}, katalon:options: {executionId: e03c6160-758b-4059-aab9-9ca..., executionSessionId: 52160f20-98e5-4286-b3e3-b15..., group: 9ab6bac5-1cc1-4a31-be02-e95..., metadata: {accountUuid: fda32340-531c-49aa-a0b7-40d..., organizationId: 1906073, usingTunnel: false}, organizationId: 1906073, runFromTestCloud: true, tenant: TestOps, tunnelMetadataId: 47bf9c75-9831-4539-a455-bf2..., userId: 1648280, username: innocent.beaver.duja@instan..., usingTunnel: true}, kt:requestId: 52160f20-98e5-4286-b3e3-b15..., kt:rid: 52160f20-98e5-4286-b3e3-b15..., networkConnectionEnabled: false, pageLoadStrategy: normal, platform: WINDOWS, platformName: WINDOWS, proxy: Proxy(), se:bidiEnabled: false, se:cdpEnabled: false, setWindowRect: true, strictFileInteractability: false, timeouts: {implicit: 0, pageLoad: 300000, script: 30000}, unhandledPromptBehavior: dismiss and notify, webauthn:extension:credBlob: true, webauthn:extension:largeBlob: true, webauthn:extension:minPinLength: true, webauthn:extension:prf: true, webauthn:virtualAuthenticators: true}
Session ID: 398760c7f91339bbb7827beb4ebdc5f8
*** Element info: {Using=xpath, value=//input[@id=&apos;user-name&apos;]}
	at jdk.internal.reflect.GeneratedConstructorAccessor21.newInstance(Unknown Source)
	at java.base/jdk.internal.reflect.DelegatingConstructorAccessorImpl.newInstance(DelegatingConstructorAccessorImpl.java:45)
	at org.openqa.selenium.remote.http.W3CHttpResponseCodec.createException(W3CHttpResponseCodec.java:187)
	at org.openqa.selenium.remote.http.W3CHttpResponseCodec.decode(W3CHttpResponseCodec.java:122)
	at org.openqa.selenium.remote.http.W3CHttpResponseCodec.decode(W3CHttpResponseCodec.java:49)
	at org.openqa.selenium.remote.HttpCommandExecutor.execute(HttpCommandExecutor.java:158)
	at org.openqa.selenium.remote.RemoteWebDriver.execute(RemoteWebDriver.java:552)
	at com.kms.katalon.selenium.driver.CRemoteWebDriver.execute(CRemoteWebDriver.java:30)
	at org.openqa.selenium.remote.RemoteWebDriver.findElements(RemoteWebDriver.java:353)
	at org.openqa.selenium.remote.RemoteWebDriver.findElementsByXPath(RemoteWebDriver.java:432)
	at org.openqa.selenium.By$ByXPath.findElements(By.java:348)
	at org.openqa.selenium.remote.RemoteWebDriver.findElements(RemoteWebDriver.java:311)
	at jdk.internal.reflect.GeneratedMethodAccessor8.invoke(Unknown Source)
	at java.base/jdk.internal.reflect.DelegatingMethodAccessorImpl.invoke(DelegatingMethodAccessorImpl.java:43)
	at org.openqa.selenium.support.events.EventFiringWebDriver.lambda$new$1(EventFiringWebDriver.java:105)
	at jdk.proxy2/jdk.proxy2.$Proxy23.findElements(Unknown Source)
	at org.openqa.selenium.support.events.EventFiringWebDriver.findElements(EventFiringWebDriver.java:182)
	at com.kms.katalon.core.webui.common.WebUiCommonHelper.findElementByNormalMethods(WebUiCommonHelper.java:1033)
	at com.kms.katalon.core.webui.common.WebUiCommonHelper.findElementsBySelectedMethod(WebUiCommonHelper.java:924)
	at com.kms.katalon.core.webui.common.WebUiCommonHelper.findElementsBySelectedMethod(WebUiCommonHelper.java:906)
	at com.kms.katalon.core.webui.common.WebUiCommonHelper.findElementsBySelectedMethod(WebUiCommonHelper.java:901)
	at com.kms.katalon.core.webui.common.WebUiCommonHelper.findElementsByDefault(WebUiCommonHelper.java:897)
	at com.kms.katalon.core.webui.common.WebUiCommonHelper.findElementsWithSelfHealing(WebUiCommonHelper.java:743)
	at com.kms.katalon.core.webui.common.WebUiCommonHelper.findWebElements(WebUiCommonHelper.java:727)
	at com.kms.katalon.core.webui.common.WebUiCommonHelper.findWebElement(WebUiCommonHelper.java:1413)
	at com.kms.katalon.core.webui.keyword.internal.WebUIAbstractKeyword.findWebElement(WebUIAbstractKeyword.groovy:27)
	at com.kms.katalon.core.webui.keyword.internal.WebUIAbstractKeyword.findWebElement(WebUIAbstractKeyword.groovy:26)
	at com.kms.katalon.core.webui.keyword.builtin.SetTextKeyword$_setText_closure1.doCall(SetTextKeyword.groovy:53)
	at com.kms.katalon.core.webui.keyword.builtin.SetTextKeyword$_setText_closure1.call(SetTextKeyword.groovy)
	at com.kms.katalon.core.webui.keyword.internal.WebUIKeywordMain.runKeyword(WebUIKeywordMain.groovy:35)
	at com.kms.katalon.core.webui.keyword.builtin.SetTextKeyword.setText(SetTextKeyword.groovy:85)
	at com.kms.katalon.core.webui.keyword.builtin.SetTextKeyword.execute(SetTextKeyword.groovy:39)
	at com.kms.katalon.core.keyword.internal.KeywordExecutor.executeKeywordForPlatform(KeywordExecutor.groovy:74)
	at com.kms.katalon.core.webui.keyword.WebUiBuiltInKeywords.setText(WebUiBuiltInKeywords.groovy:1019)
	at com.test.swaglabs.CustomLogin.WebLoginFifthAccount(CustomLogin.groovy:71)
	at java.base/jdk.internal.reflect.NativeMethodAccessorImpl.invoke0(Native Method)
	at java.base/jdk.internal.reflect.NativeMethodAccessorImpl.invoke(NativeMethodAccessorImpl.java:77)
	at java.base/jdk.internal.reflect.DelegatingMethodAccessorImpl.invoke(DelegatingMethodAccessorImpl.java:43)
	at com.kms.katalon.core.main.CustomKeywordDelegatingMetaClass.invokeStaticMethod(CustomKeywordDelegatingMetaClass.java:55)
	at Login by Fifth Account - error_user.run(Login by Fifth Account - error_user:24)
	at com.kms.katalon.core.main.ScriptEngine.run(ScriptEngine.java:194)
	at com.kms.katalon.core.main.ScriptEngine.runScriptAsRawText(ScriptEngine.java:119)
	at com.kms.katalon.core.main.TestCaseExecutor.runScript(TestCaseExecutor.java:448)
	at com.kms.katalon.core.main.TestCaseExecutor.doExecute(TestCaseExecutor.java:439)
	at com.kms.katalon.core.main.TestCaseExecutor.processExecutionPhase(TestCaseExecutor.java:418)
	at com.kms.katalon.core.main.TestCaseExecutor.accessMainPhase(TestCaseExecutor.java:410)
	at com.kms.katalon.core.main.TestCaseExecutor.execute(TestCaseExecutor.java:285)
	at com.kms.katalon.core.main.TestCaseExecutor.execute(TestCaseExecutor.java:369)
	at com.kms.katalon.core.main.TestCaseExecutor.execute(TestCaseExecutor.java:369)
	at com.kms.katalon.core.common.CommonExecutor.accessTestCaseMainPhase(CommonExecutor.java:65)
	at com.kms.katalon.core.main.TestSuiteExecutor.accessTestSuiteMainPhase(TestSuiteExecutor.java:150)
	at com.kms.katalon.core.main.TestSuiteExecutor.execute(TestSuiteExecutor.java:106)
	at com.kms.katalon.core.main.TestCaseMain.startTestSuite(TestCaseMain.java:180)
	at TempTestSuite1738334733685.run(TempTestSuite1738334733685.groovy:35)
	at java.base/jdk.internal.reflect.NativeMethodAccessorImpl.invoke0(Native Method)
	at java.base/jdk.internal.reflect.NativeMethodAccessorImpl.invoke(NativeMethodAccessorImpl.java:77)
	at java.base/jdk.internal.reflect.DelegatingMethodAccessorImpl.invoke(DelegatingMethodAccessorImpl.java:43)
</property>
  <property name="failed.exception.message">invalid session id: session deleted as the browser has closed the connection
from disconnected: Unable to receive message from renderer
  (Session info: chrome=133.0.6847.2)
Build info: version: &apos;3.141.59&apos;, revision: &apos;unknown&apos;, time: &apos;unknown&apos;
System info: host: &apos;LAPTOP-5GQHVTHK&apos;, ip: &apos;192.168.0.101&apos;, os.name: &apos;Windows 11&apos;, os.arch: &apos;amd64&apos;, os.version: &apos;10.0&apos;, java.version: &apos;17.0.7&apos;
Driver info: com.kms.katalon.selenium.driver.CRemoteWebDriver
Capabilities {acceptInsecureCerts: false, browserName: chrome, browserVersion: 133.0.6847.2, chrome: {chromedriverVersion: 133.0.6847.2 (7e95e23d2d1f8..., userDataDir: C:\Program Files\scoped_dir...}, fedcm:accounts: true, goog:chromeOptions: {debuggerAddress: localhost:9225}, javascriptEnabled: true, katalon:caps: {executionId: e03c6160-758b-4059-aab9-9ca..., executionSessionId: 52160f20-98e5-4286-b3e3-b15...}, katalon:options: {executionId: e03c6160-758b-4059-aab9-9ca..., executionSessionId: 52160f20-98e5-4286-b3e3-b15..., group: 9ab6bac5-1cc1-4a31-be02-e95..., metadata: {accountUuid: fda32340-531c-49aa-a0b7-40d..., organizationId: 1906073, usingTunnel: false}, organizationId: 1906073, runFromTestCloud: true, tenant: TestOps, tunnelMetadataId: 47bf9c75-9831-4539-a455-bf2..., userId: 1648280, username: innocent.beaver.duja@instan..., usingTunnel: true}, kt:requestId: 52160f20-98e5-4286-b3e3-b15..., kt:rid: 52160f20-98e5-4286-b3e3-b15..., networkConnectionEnabled: false, pageLoadStrategy: normal, platform: WINDOWS, platformName: WINDOWS, proxy: Proxy(), se:bidiEnabled: false, se:cdpEnabled: false, setWindowRect: true, strictFileInteractability: false, timeouts: {implicit: 0, pageLoad: 300000, script: 30000}, unhandledPromptBehavior: dismiss and notify, webauthn:extension:credBlob: true, webauthn:extension:largeBlob: true, webauthn:extension:minPinLength: true, webauthn:extension:prf: true, webauthn:virtualAuthenticators: true}
Session ID: 398760c7f91339bbb7827beb4ebdc5f8
*** Element info: {Using=xpath, value=//input[@id=&apos;user-name&apos;]}</property>
</record>
<record>
  <date>2025-01-31T14:48:08.052665200Z</date>
  <millis>1738334888052</millis>
  <nanos>665200</nanos>
  <sequence>223</sequence>
  <level>FAILED</level>
  <class>com.kms.katalon.core.logging.XmlKeywordLogger</class>
  <method>logMessage</method>
  <thread>1</thread>
  <message>Unable to set text &amp;apos;error_user&amp;apos; of object &amp;apos;Object Repository/Page_Swag Labs/input_Swag Labs_user-name&amp;apos;</message>
  <nestedLevel>1</nestedLevel>
  <escapedJava>false</escapedJava>
  <property name="failed.exception.class">org.openqa.selenium.NoSuchSessionException</property>
  <property name="failed.exception.stacktrace">org.openqa.selenium.NoSuchSessionException: invalid session id: session deleted as the browser has closed the connection
from disconnected: Unable to receive message from renderer
  (Session info: chrome=133.0.6847.2)
Build info: version: &apos;3.141.59&apos;, revision: &apos;unknown&apos;, time: &apos;unknown&apos;
System info: host: &apos;LAPTOP-5GQHVTHK&apos;, ip: &apos;192.168.0.101&apos;, os.name: &apos;Windows 11&apos;, os.arch: &apos;amd64&apos;, os.version: &apos;10.0&apos;, java.version: &apos;17.0.7&apos;
Driver info: com.kms.katalon.selenium.driver.CRemoteWebDriver
Capabilities {acceptInsecureCerts: false, browserName: chrome, browserVersion: 133.0.6847.2, chrome: {chromedriverVersion: 133.0.6847.2 (7e95e23d2d1f8..., userDataDir: C:\Program Files\scoped_dir...}, fedcm:accounts: true, goog:chromeOptions: {debuggerAddress: localhost:9225}, javascriptEnabled: true, katalon:caps: {executionId: e03c6160-758b-4059-aab9-9ca..., executionSessionId: 52160f20-98e5-4286-b3e3-b15...}, katalon:options: {executionId: e03c6160-758b-4059-aab9-9ca..., executionSessionId: 52160f20-98e5-4286-b3e3-b15..., group: 9ab6bac5-1cc1-4a31-be02-e95..., metadata: {accountUuid: fda32340-531c-49aa-a0b7-40d..., organizationId: 1906073, usingTunnel: false}, organizationId: 1906073, runFromTestCloud: true, tenant: TestOps, tunnelMetadataId: 47bf9c75-9831-4539-a455-bf2..., userId: 1648280, username: innocent.beaver.duja@instan..., usingTunnel: true}, kt:requestId: 52160f20-98e5-4286-b3e3-b15..., kt:rid: 52160f20-98e5-4286-b3e3-b15..., networkConnectionEnabled: false, pageLoadStrategy: normal, platform: WINDOWS, platformName: WINDOWS, proxy: Proxy(), se:bidiEnabled: false, se:cdpEnabled: false, setWindowRect: true, strictFileInteractability: false, timeouts: {implicit: 0, pageLoad: 300000, script: 30000}, unhandledPromptBehavior: dismiss and notify, webauthn:extension:credBlob: true, webauthn:extension:largeBlob: true, webauthn:extension:minPinLength: true, webauthn:extension:prf: true, webauthn:virtualAuthenticators: true}
Session ID: 398760c7f91339bbb7827beb4ebdc5f8
*** Element info: {Using=xpath, value=//input[@id=&apos;user-name&apos;]}
	at jdk.internal.reflect.GeneratedConstructorAccessor21.newInstance(Unknown Source)
	at java.base/jdk.internal.reflect.DelegatingConstructorAccessorImpl.newInstance(DelegatingConstructorAccessorImpl.java:45)
	at org.openqa.selenium.remote.http.W3CHttpResponseCodec.createException(W3CHttpResponseCodec.java:187)
	at org.openqa.selenium.remote.http.W3CHttpResponseCodec.decode(W3CHttpResponseCodec.java:122)
	at org.openqa.selenium.remote.http.W3CHttpResponseCodec.decode(W3CHttpResponseCodec.java:49)
	at org.openqa.selenium.remote.HttpCommandExecutor.execute(HttpCommandExecutor.java:158)
	at org.openqa.selenium.remote.RemoteWebDriver.execute(RemoteWebDriver.java:552)
	at com.kms.katalon.selenium.driver.CRemoteWebDriver.execute(CRemoteWebDriver.java:30)
	at org.openqa.selenium.remote.RemoteWebDriver.findElements(RemoteWebDriver.java:353)
	at org.openqa.selenium.remote.RemoteWebDriver.findElementsByXPath(RemoteWebDriver.java:432)
	at org.openqa.selenium.By$ByXPath.findElements(By.java:348)
	at org.openqa.selenium.remote.RemoteWebDriver.findElements(RemoteWebDriver.java:311)
	at jdk.internal.reflect.GeneratedMethodAccessor8.invoke(Unknown Source)
	at java.base/jdk.internal.reflect.DelegatingMethodAccessorImpl.invoke(DelegatingMethodAccessorImpl.java:43)
	at org.openqa.selenium.support.events.EventFiringWebDriver.lambda$new$1(EventFiringWebDriver.java:105)
	at jdk.proxy2/jdk.proxy2.$Proxy23.findElements(Unknown Source)
	at org.openqa.selenium.support.events.EventFiringWebDriver.findElements(EventFiringWebDriver.java:182)
	at com.kms.katalon.core.webui.common.WebUiCommonHelper.findElementByNormalMethods(WebUiCommonHelper.java:1033)
	at com.kms.katalon.core.webui.common.WebUiCommonHelper.findElementsBySelectedMethod(WebUiCommonHelper.java:924)
	at com.kms.katalon.core.webui.common.WebUiCommonHelper.findElementsBySelectedMethod(WebUiCommonHelper.java:906)
	at com.kms.katalon.core.webui.common.WebUiCommonHelper.findElementsBySelectedMethod(WebUiCommonHelper.java:901)
	at com.kms.katalon.core.webui.common.WebUiCommonHelper.findElementsByDefault(WebUiCommonHelper.java:897)
	at com.kms.katalon.core.webui.common.WebUiCommonHelper.findElementsWithSelfHealing(WebUiCommonHelper.java:743)
	at com.kms.katalon.core.webui.common.WebUiCommonHelper.findWebElements(WebUiCommonHelper.java:727)
	at com.kms.katalon.core.webui.common.WebUiCommonHelper.findWebElement(WebUiCommonHelper.java:1413)
	at com.kms.katalon.core.webui.keyword.internal.WebUIAbstractKeyword.findWebElement(WebUIAbstractKeyword.groovy:27)
	at com.kms.katalon.core.webui.keyword.internal.WebUIAbstractKeyword.findWebElement(WebUIAbstractKeyword.groovy:26)
	at com.kms.katalon.core.webui.keyword.builtin.SetTextKeyword$_setText_closure1.doCall(SetTextKeyword.groovy:53)
	at com.kms.katalon.core.webui.keyword.builtin.SetTextKeyword$_setText_closure1.call(SetTextKeyword.groovy)
	at com.kms.katalon.core.webui.keyword.internal.WebUIKeywordMain.runKeyword(WebUIKeywordMain.groovy:35)
	at com.kms.katalon.core.webui.keyword.builtin.SetTextKeyword.setText(SetTextKeyword.groovy:85)
	at com.kms.katalon.core.webui.keyword.builtin.SetTextKeyword.execute(SetTextKeyword.groovy:39)
	at com.kms.katalon.core.keyword.internal.KeywordExecutor.executeKeywordForPlatform(KeywordExecutor.groovy:74)
	at com.kms.katalon.core.webui.keyword.WebUiBuiltInKeywords.setText(WebUiBuiltInKeywords.groovy:1019)
	at com.test.swaglabs.CustomLogin.WebLoginFifthAccount(CustomLogin.groovy:71)
	at java.base/jdk.internal.reflect.NativeMethodAccessorImpl.invoke0(Native Method)
	at java.base/jdk.internal.reflect.NativeMethodAccessorImpl.invoke(NativeMethodAccessorImpl.java:77)
	at java.base/jdk.internal.reflect.DelegatingMethodAccessorImpl.invoke(DelegatingMethodAccessorImpl.java:43)
	at com.kms.katalon.core.main.CustomKeywordDelegatingMetaClass.invokeStaticMethod(CustomKeywordDelegatingMetaClass.java:55)
	at Login by Fifth Account - error_user.run(Login by Fifth Account - error_user:24)
	at com.kms.katalon.core.main.ScriptEngine.run(ScriptEngine.java:194)
	at com.kms.katalon.core.main.ScriptEngine.runScriptAsRawText(ScriptEngine.java:119)
	at com.kms.katalon.core.main.TestCaseExecutor.runScript(TestCaseExecutor.java:448)
	at com.kms.katalon.core.main.TestCaseExecutor.doExecute(TestCaseExecutor.java:439)
	at com.kms.katalon.core.main.TestCaseExecutor.processExecutionPhase(TestCaseExecutor.java:418)
	at com.kms.katalon.core.main.TestCaseExecutor.accessMainPhase(TestCaseExecutor.java:410)
	at com.kms.katalon.core.main.TestCaseExecutor.execute(TestCaseExecutor.java:285)
	at com.kms.katalon.core.main.TestCaseExecutor.execute(TestCaseExecutor.java:369)
	at com.kms.katalon.core.main.TestCaseExecutor.execute(TestCaseExecutor.java:369)
	at com.kms.katalon.core.common.CommonExecutor.accessTestCaseMainPhase(CommonExecutor.java:65)
	at com.kms.katalon.core.main.TestSuiteExecutor.accessTestSuiteMainPhase(TestSuiteExecutor.java:150)
	at com.kms.katalon.core.main.TestSuiteExecutor.execute(TestSuiteExecutor.java:106)
	at com.kms.katalon.core.main.TestCaseMain.startTestSuite(TestCaseMain.java:180)
	at TempTestSuite1738334733685.run(TempTestSuite1738334733685.groovy:35)
	at java.base/jdk.internal.reflect.NativeMethodAccessorImpl.invoke0(Native Method)
	at java.base/jdk.internal.reflect.NativeMethodAccessorImpl.invoke(NativeMethodAccessorImpl.java:77)
	at java.base/jdk.internal.reflect.DelegatingMethodAccessorImpl.invoke(DelegatingMethodAccessorImpl.java:43)
</property>
  <property name="failed.exception.message">invalid session id: session deleted as the browser has closed the connection
from disconnected: Unable to receive message from renderer
  (Session info: chrome=133.0.6847.2)
Build info: version: &apos;3.141.59&apos;, revision: &apos;unknown&apos;, time: &apos;unknown&apos;
System info: host: &apos;LAPTOP-5GQHVTHK&apos;, ip: &apos;192.168.0.101&apos;, os.name: &apos;Windows 11&apos;, os.arch: &apos;amd64&apos;, os.version: &apos;10.0&apos;, java.version: &apos;17.0.7&apos;
Driver info: com.kms.katalon.selenium.driver.CRemoteWebDriver
Capabilities {acceptInsecureCerts: false, browserName: chrome, browserVersion: 133.0.6847.2, chrome: {chromedriverVersion: 133.0.6847.2 (7e95e23d2d1f8..., userDataDir: C:\Program Files\scoped_dir...}, fedcm:accounts: true, goog:chromeOptions: {debuggerAddress: localhost:9225}, javascriptEnabled: true, katalon:caps: {executionId: e03c6160-758b-4059-aab9-9ca..., executionSessionId: 52160f20-98e5-4286-b3e3-b15...}, katalon:options: {executionId: e03c6160-758b-4059-aab9-9ca..., executionSessionId: 52160f20-98e5-4286-b3e3-b15..., group: 9ab6bac5-1cc1-4a31-be02-e95..., metadata: {accountUuid: fda32340-531c-49aa-a0b7-40d..., organizationId: 1906073, usingTunnel: false}, organizationId: 1906073, runFromTestCloud: true, tenant: TestOps, tunnelMetadataId: 47bf9c75-9831-4539-a455-bf2..., userId: 1648280, username: innocent.beaver.duja@instan..., usingTunnel: true}, kt:requestId: 52160f20-98e5-4286-b3e3-b15..., kt:rid: 52160f20-98e5-4286-b3e3-b15..., networkConnectionEnabled: false, pageLoadStrategy: normal, platform: WINDOWS, platformName: WINDOWS, proxy: Proxy(), se:bidiEnabled: false, se:cdpEnabled: false, setWindowRect: true, strictFileInteractability: false, timeouts: {implicit: 0, pageLoad: 300000, script: 30000}, unhandledPromptBehavior: dismiss and notify, webauthn:extension:credBlob: true, webauthn:extension:largeBlob: true, webauthn:extension:minPinLength: true, webauthn:extension:prf: true, webauthn:virtualAuthenticators: true}
Session ID: 398760c7f91339bbb7827beb4ebdc5f8
*** Element info: {Using=xpath, value=//input[@id=&apos;user-name&apos;]}</property>
</record>
<record>
  <date>2025-01-31T14:48:08.056663400Z</date>
  <millis>1738334888056</millis>
  <nanos>663400</nanos>
  <sequence>226</sequence>
  <level>END</level>
  <class>com.kms.katalon.core.logging.XmlKeywordLogger</class>
  <method>endKeyword</method>
  <thread>1</thread>
  <message>End action : com.test.swaglabs.CustomLogin.WebLoginFifthAccount()</message>
  <nestedLevel>1</nestedLevel>
  <escapedJava>false</escapedJava>
</record>
<record>
  <date>2025-01-31T14:48:08.063664600Z</date>
  <millis>1738334888063</millis>
  <nanos>664600</nanos>
  <sequence>229</sequence>
  <level>FAILED</level>
  <class>com.kms.katalon.core.logging.XmlKeywordLogger</class>
  <method>logMessage</method>
  <thread>1</thread>
  <message>Test Cases/Login by Fifth Account - error_user FAILED.
Reason:
com.kms.katalon.core.exception.StepFailedException: Unable to set text &amp;apos;error_user&amp;apos; of object &amp;apos;Object Repository/Page_Swag Labs/input_Swag Labs_user-name&amp;apos;
	at com.kms.katalon.core.webui.keyword.internal.WebUIKeywordMain.stepFailed(WebUIKeywordMain.groovy:117)
	at com.kms.katalon.core.webui.keyword.internal.WebUIKeywordMain.runKeyword(WebUIKeywordMain.groovy:43)
	at com.kms.katalon.core.webui.keyword.builtin.SetTextKeyword.setText(SetTextKeyword.groovy:85)
	at com.kms.katalon.core.webui.keyword.builtin.SetTextKeyword.execute(SetTextKeyword.groovy:39)
	at com.kms.katalon.core.keyword.internal.KeywordExecutor.executeKeywordForPlatform(KeywordExecutor.groovy:74)
	at com.kms.katalon.core.webui.keyword.WebUiBuiltInKeywords.setText(WebUiBuiltInKeywords.groovy:1019)
	at com.test.swaglabs.CustomLogin.WebLoginFifthAccount(CustomLogin.groovy:71)
	at java.base/jdk.internal.reflect.NativeMethodAccessorImpl.invoke0(Native Method)
	at java.base/jdk.internal.reflect.NativeMethodAccessorImpl.invoke(NativeMethodAccessorImpl.java:77)
	at java.base/jdk.internal.reflect.DelegatingMethodAccessorImpl.invoke(DelegatingMethodAccessorImpl.java:43)
	at com.kms.katalon.core.main.CustomKeywordDelegatingMetaClass.invokeStaticMethod(CustomKeywordDelegatingMetaClass.java:55)
	at Login by Fifth Account - error_user.run(Login by Fifth Account - error_user:24)
	at com.kms.katalon.core.main.ScriptEngine.run(ScriptEngine.java:194)
	at com.kms.katalon.core.main.ScriptEngine.runScriptAsRawText(ScriptEngine.java:119)
	at com.kms.katalon.core.main.TestCaseExecutor.runScript(TestCaseExecutor.java:448)
	at com.kms.katalon.core.main.TestCaseExecutor.doExecute(TestCaseExecutor.java:439)
	at com.kms.katalon.core.main.TestCaseExecutor.processExecutionPhase(TestCaseExecutor.java:418)
	at com.kms.katalon.core.main.TestCaseExecutor.accessMainPhase(TestCaseExecutor.java:410)
	at com.kms.katalon.core.main.TestCaseExecutor.execute(TestCaseExecutor.java:285)
	at com.kms.katalon.core.main.TestCaseExecutor.execute(TestCaseExecutor.java:369)
	at com.kms.katalon.core.main.TestCaseExecutor.execute(TestCaseExecutor.java:369)
	at com.kms.katalon.core.common.CommonExecutor.accessTestCaseMainPhase(CommonExecutor.java:65)
	at com.kms.katalon.core.main.TestSuiteExecutor.accessTestSuiteMainPhase(TestSuiteExecutor.java:150)
	at com.kms.katalon.core.main.TestSuiteExecutor.execute(TestSuiteExecutor.java:106)
	at com.kms.katalon.core.main.TestCaseMain.startTestSuite(TestCaseMain.java:180)
	at TempTestSuite1738334733685.run(TempTestSuite1738334733685.groovy:35)
	at java.base/jdk.internal.reflect.NativeMethodAccessorImpl.invoke0(Native Method)
	at java.base/jdk.internal.reflect.NativeMethodAccessorImpl.invoke(NativeMethodAccessorImpl.java:77)
	at java.base/jdk.internal.reflect.DelegatingMethodAccessorImpl.invoke(DelegatingMethodAccessorImpl.java:43)
Caused by: org.openqa.selenium.NoSuchSessionException: invalid session id: session deleted as the browser has closed the connection
from disconnected: Unable to receive message from renderer
  (Session info: chrome=133.0.6847.2)
Build info: version: &amp;apos;3.141.59&amp;apos;, revision: &amp;apos;unknown&amp;apos;, time: &amp;apos;unknown&amp;apos;
System info: host: &amp;apos;LAPTOP-5GQHVTHK&amp;apos;, ip: &amp;apos;192.168.0.101&amp;apos;, os.name: &amp;apos;Windows 11&amp;apos;, os.arch: &amp;apos;amd64&amp;apos;, os.version: &amp;apos;10.0&amp;apos;, java.version: &amp;apos;17.0.7&amp;apos;
Driver info: com.kms.katalon.selenium.driver.CRemoteWebDriver
Capabilities {acceptInsecureCerts: false, browserName: chrome, browserVersion: 133.0.6847.2, chrome: {chromedriverVersion: 133.0.6847.2 (7e95e23d2d1f8..., userDataDir: C:\Program Files\scoped_dir...}, fedcm:accounts: true, goog:chromeOptions: {debuggerAddress: localhost:9225}, javascriptEnabled: true, katalon:caps: {executionId: e03c6160-758b-4059-aab9-9ca..., executionSessionId: 52160f20-98e5-4286-b3e3-b15...}, katalon:options: {executionId: e03c6160-758b-4059-aab9-9ca..., executionSessionId: 52160f20-98e5-4286-b3e3-b15..., group: 9ab6bac5-1cc1-4a31-be02-e95..., metadata: {accountUuid: fda32340-531c-49aa-a0b7-40d..., organizationId: 1906073, usingTunnel: false}, organizationId: 1906073, runFromTestCloud: true, tenant: TestOps, tunnelMetadataId: 47bf9c75-9831-4539-a455-bf2..., userId: 1648280, username: innocent.beaver.duja@instan..., usingTunnel: true}, kt:requestId: 52160f20-98e5-4286-b3e3-b15..., kt:rid: 52160f20-98e5-4286-b3e3-b15..., networkConnectionEnabled: false, pageLoadStrategy: normal, platform: WINDOWS, platformName: WINDOWS, proxy: Proxy(), se:bidiEnabled: false, se:cdpEnabled: false, setWindowRect: true, strictFileInteractability: false, timeouts: {implicit: 0, pageLoad: 300000, script: 30000}, unhandledPromptBehavior: dismiss and notify, webauthn:extension:credBlob: true, webauthn:extension:largeBlob: true, webauthn:extension:minPinLength: true, webauthn:extension:prf: true, webauthn:virtualAuthenticators: true}
Session ID: 398760c7f91339bbb7827beb4ebdc5f8
*** Element info: {Using=xpath, value=//input[@id=&amp;apos;user-name&amp;apos;]}
	at jdk.internal.reflect.GeneratedConstructorAccessor21.newInstance(Unknown Source)
	at java.base/jdk.internal.reflect.DelegatingConstructorAccessorImpl.newInstance(DelegatingConstructorAccessorImpl.java:45)
	at org.openqa.selenium.remote.http.W3CHttpResponseCodec.createException(W3CHttpResponseCodec.java:187)
	at org.openqa.selenium.remote.http.W3CHttpResponseCodec.decode(W3CHttpResponseCodec.java:122)
	at org.openqa.selenium.remote.http.W3CHttpResponseCodec.decode(W3CHttpResponseCodec.java:49)
	at org.openqa.selenium.remote.HttpCommandExecutor.execute(HttpCommandExecutor.java:158)
	at org.openqa.selenium.remote.RemoteWebDriver.execute(RemoteWebDriver.java:552)
	at com.kms.katalon.selenium.driver.CRemoteWebDriver.execute(CRemoteWebDriver.java:30)
	at org.openqa.selenium.remote.RemoteWebDriver.findElements(RemoteWebDriver.java:353)
	at org.openqa.selenium.remote.RemoteWebDriver.findElementsByXPath(RemoteWebDriver.java:432)
	at org.openqa.selenium.By$ByXPath.findElements(By.java:348)
	at org.openqa.selenium.remote.RemoteWebDriver.findElements(RemoteWebDriver.java:311)
	at jdk.internal.reflect.GeneratedMethodAccessor8.invoke(Unknown Source)
	at java.base/jdk.internal.reflect.DelegatingMethodAccessorImpl.invoke(DelegatingMethodAccessorImpl.java:43)
	at org.openqa.selenium.support.events.EventFiringWebDriver.lambda$new$1(EventFiringWebDriver.java:105)
	at jdk.proxy2/jdk.proxy2.$Proxy23.findElements(Unknown Source)
	at org.openqa.selenium.support.events.EventFiringWebDriver.findElements(EventFiringWebDriver.java:182)
	at com.kms.katalon.core.webui.common.WebUiCommonHelper.findElementByNormalMethods(WebUiCommonHelper.java:1033)
	at com.kms.katalon.core.webui.common.WebUiCommonHelper.findElementsBySelectedMethod(WebUiCommonHelper.java:924)
	at com.kms.katalon.core.webui.common.WebUiCommonHelper.findElementsBySelectedMethod(WebUiCommonHelper.java:906)
	at com.kms.katalon.core.webui.common.WebUiCommonHelper.findElementsBySelectedMethod(WebUiCommonHelper.java:901)
	at com.kms.katalon.core.webui.common.WebUiCommonHelper.findElementsByDefault(WebUiCommonHelper.java:897)
	at com.kms.katalon.core.webui.common.WebUiCommonHelper.findElementsWithSelfHealing(WebUiCommonHelper.java:743)
	at com.kms.katalon.core.webui.common.WebUiCommonHelper.findWebElements(WebUiCommonHelper.java:727)
	at com.kms.katalon.core.webui.common.WebUiCommonHelper.findWebElement(WebUiCommonHelper.java:1413)
	at com.kms.katalon.core.webui.keyword.internal.WebUIAbstractKeyword.findWebElement(WebUIAbstractKeyword.groovy:27)
	at com.kms.katalon.core.webui.keyword.internal.WebUIAbstractKeyword.findWebElement(WebUIAbstractKeyword.groovy:26)
	at com.kms.katalon.core.webui.keyword.builtin.SetTextKeyword$_setText_closure1.doCall(SetTextKeyword.groovy:53)
	at com.kms.katalon.core.webui.keyword.builtin.SetTextKeyword$_setText_closure1.call(SetTextKeyword.groovy)
	at com.kms.katalon.core.webui.keyword.internal.WebUIKeywordMain.runKeyword(WebUIKeywordMain.groovy:35)
	... 27 more
</message>
  <exception>
    <message>com.kms.katalon.core.exception.StepFailedException: Unable to set text 'error_user' of object 'Object Repository/Page_Swag Labs/input_Swag Labs_user-name'</message>
    <frame>
      <class>com.kms.katalon.core.webui.keyword.internal.WebUIKeywordMain</class>
      <method>stepFailed</method>
      <line>117</line>
    </frame>
    <frame>
      <class>com.kms.katalon.core.webui.keyword.internal.WebUIKeywordMain</class>
      <method>runKeyword</method>
      <line>43</line>
    </frame>
    <frame>
      <class>com.kms.katalon.core.webui.keyword.builtin.SetTextKeyword</class>
      <method>setText</method>
      <line>85</line>
    </frame>
    <frame>
      <class>com.kms.katalon.core.webui.keyword.builtin.SetTextKeyword</class>
      <method>execute</method>
      <line>39</line>
    </frame>
    <frame>
      <class>com.kms.katalon.core.keyword.internal.KeywordExecutor</class>
      <method>executeKeywordForPlatform</method>
      <line>74</line>
    </frame>
    <frame>
      <class>com.kms.katalon.core.webui.keyword.WebUiBuiltInKeywords</class>
      <method>setText</method>
      <line>1019</line>
    </frame>
    <frame>
      <class>com.test.swaglabs.CustomLogin</class>
      <method>WebLoginFifthAccount</method>
      <line>71</line>
    </frame>
    <frame>
      <class>jdk.internal.reflect.NativeMethodAccessorImpl</class>
      <method>invoke0</method>
    </frame>
    <frame>
      <class>jdk.internal.reflect.NativeMethodAccessorImpl</class>
      <method>invoke</method>
      <line>77</line>
    </frame>
    <frame>
      <class>jdk.internal.reflect.DelegatingMethodAccessorImpl</class>
      <method>invoke</method>
      <line>43</line>
    </frame>
    <frame>
      <class>com.kms.katalon.core.main.CustomKeywordDelegatingMetaClass</class>
      <method>invokeStaticMethod</method>
      <line>55</line>
    </frame>
    <frame>
      <class>Login by Fifth Account - error_user</class>
      <method>run</method>
      <line>24</line>
    </frame>
    <frame>
      <class>com.kms.katalon.core.main.ScriptEngine</class>
      <method>run</method>
      <line>194</line>
    </frame>
    <frame>
      <class>com.kms.katalon.core.main.ScriptEngine</class>
      <method>runScriptAsRawText</method>
      <line>119</line>
    </frame>
    <frame>
      <class>com.kms.katalon.core.main.TestCaseExecutor</class>
      <method>runScript</method>
      <line>448</line>
    </frame>
    <frame>
      <class>com.kms.katalon.core.main.TestCaseExecutor</class>
      <method>doExecute</method>
      <line>439</line>
    </frame>
    <frame>
      <class>com.kms.katalon.core.main.TestCaseExecutor</class>
      <method>processExecutionPhase</method>
      <line>418</line>
    </frame>
    <frame>
      <class>com.kms.katalon.core.main.TestCaseExecutor</class>
      <method>accessMainPhase</method>
      <line>410</line>
    </frame>
    <frame>
      <class>com.kms.katalon.core.main.TestCaseExecutor</class>
      <method>execute</method>
      <line>285</line>
    </frame>
    <frame>
      <class>com.kms.katalon.core.main.TestCaseExecutor</class>
      <method>execute</method>
      <line>369</line>
    </frame>
    <frame>
      <class>com.kms.katalon.core.main.TestCaseExecutor</class>
      <method>execute</method>
      <line>369</line>
    </frame>
    <frame>
      <class>com.kms.katalon.core.common.CommonExecutor</class>
      <method>accessTestCaseMainPhase</method>
      <line>65</line>
    </frame>
    <frame>
      <class>com.kms.katalon.core.main.TestSuiteExecutor</class>
      <method>accessTestSuiteMainPhase</method>
      <line>150</line>
    </frame>
    <frame>
      <class>com.kms.katalon.core.main.TestSuiteExecutor</class>
      <method>execute</method>
      <line>106</line>
    </frame>
    <frame>
      <class>com.kms.katalon.core.main.TestCaseMain</class>
      <method>startTestSuite</method>
      <line>180</line>
    </frame>
    <frame>
      <class>TempTestSuite1738334733685</class>
      <method>run</method>
      <line>35</line>
    </frame>
    <frame>
      <class>jdk.internal.reflect.NativeMethodAccessorImpl</class>
      <method>invoke0</method>
    </frame>
    <frame>
      <class>jdk.internal.reflect.NativeMethodAccessorImpl</class>
      <method>invoke</method>
      <line>77</line>
    </frame>
    <frame>
      <class>jdk.internal.reflect.DelegatingMethodAccessorImpl</class>
      <method>invoke</method>
      <line>43</line>
    </frame>
  </exception>
  <nestedLevel>0</nestedLevel>
  <escapedJava>false</escapedJava>
  <property name="failed.exception.stacktrace">org.openqa.selenium.NoSuchSessionException: invalid session id: session deleted as the browser has closed the connection
from disconnected: Unable to receive message from renderer
  (Session info: chrome=133.0.6847.2)
Build info: version: &apos;3.141.59&apos;, revision: &apos;unknown&apos;, time: &apos;unknown&apos;
System info: host: &apos;LAPTOP-5GQHVTHK&apos;, ip: &apos;192.168.0.101&apos;, os.name: &apos;Windows 11&apos;, os.arch: &apos;amd64&apos;, os.version: &apos;10.0&apos;, java.version: &apos;17.0.7&apos;
Driver info: com.kms.katalon.selenium.driver.CRemoteWebDriver
Capabilities {acceptInsecureCerts: false, browserName: chrome, browserVersion: 133.0.6847.2, chrome: {chromedriverVersion: 133.0.6847.2 (7e95e23d2d1f8..., userDataDir: C:\Program Files\scoped_dir...}, fedcm:accounts: true, goog:chromeOptions: {debuggerAddress: localhost:9225}, javascriptEnabled: true, katalon:caps: {executionId: e03c6160-758b-4059-aab9-9ca..., executionSessionId: 52160f20-98e5-4286-b3e3-b15...}, katalon:options: {executionId: e03c6160-758b-4059-aab9-9ca..., executionSessionId: 52160f20-98e5-4286-b3e3-b15..., group: 9ab6bac5-1cc1-4a31-be02-e95..., metadata: {accountUuid: fda32340-531c-49aa-a0b7-40d..., organizationId: 1906073, usingTunnel: false}, organizationId: 1906073, runFromTestCloud: true, tenant: TestOps, tunnelMetadataId: 47bf9c75-9831-4539-a455-bf2..., userId: 1648280, username: innocent.beaver.duja@instan..., usingTunnel: true}, kt:requestId: 52160f20-98e5-4286-b3e3-b15..., kt:rid: 52160f20-98e5-4286-b3e3-b15..., networkConnectionEnabled: false, pageLoadStrategy: normal, platform: WINDOWS, platformName: WINDOWS, proxy: Proxy(), se:bidiEnabled: false, se:cdpEnabled: false, setWindowRect: true, strictFileInteractability: false, timeouts: {implicit: 0, pageLoad: 300000, script: 30000}, unhandledPromptBehavior: dismiss and notify, webauthn:extension:credBlob: true, webauthn:extension:largeBlob: true, webauthn:extension:minPinLength: true, webauthn:extension:prf: true, webauthn:virtualAuthenticators: true}
Session ID: 398760c7f91339bbb7827beb4ebdc5f8
*** Element info: {Using=xpath, value=//input[@id=&apos;user-name&apos;]}
	at jdk.internal.reflect.GeneratedConstructorAccessor21.newInstance(Unknown Source)
	at java.base/jdk.internal.reflect.DelegatingConstructorAccessorImpl.newInstance(DelegatingConstructorAccessorImpl.java:45)
	at org.openqa.selenium.remote.http.W3CHttpResponseCodec.createException(W3CHttpResponseCodec.java:187)
	at org.openqa.selenium.remote.http.W3CHttpResponseCodec.decode(W3CHttpResponseCodec.java:122)
	at org.openqa.selenium.remote.http.W3CHttpResponseCodec.decode(W3CHttpResponseCodec.java:49)
	at org.openqa.selenium.remote.HttpCommandExecutor.execute(HttpCommandExecutor.java:158)
	at org.openqa.selenium.remote.RemoteWebDriver.execute(RemoteWebDriver.java:552)
	at com.kms.katalon.selenium.driver.CRemoteWebDriver.execute(CRemoteWebDriver.java:30)
	at org.openqa.selenium.remote.RemoteWebDriver.findElements(RemoteWebDriver.java:353)
	at org.openqa.selenium.remote.RemoteWebDriver.findElementsByXPath(RemoteWebDriver.java:432)
	at org.openqa.selenium.By$ByXPath.findElements(By.java:348)
	at org.openqa.selenium.remote.RemoteWebDriver.findElements(RemoteWebDriver.java:311)
	at jdk.internal.reflect.GeneratedMethodAccessor8.invoke(Unknown Source)
	at java.base/jdk.internal.reflect.DelegatingMethodAccessorImpl.invoke(DelegatingMethodAccessorImpl.java:43)
	at org.openqa.selenium.support.events.EventFiringWebDriver.lambda$new$1(EventFiringWebDriver.java:105)
	at jdk.proxy2/jdk.proxy2.$Proxy23.findElements(Unknown Source)
	at org.openqa.selenium.support.events.EventFiringWebDriver.findElements(EventFiringWebDriver.java:182)
	at com.kms.katalon.core.webui.common.WebUiCommonHelper.findElementByNormalMethods(WebUiCommonHelper.java:1033)
	at com.kms.katalon.core.webui.common.WebUiCommonHelper.findElementsBySelectedMethod(WebUiCommonHelper.java:924)
	at com.kms.katalon.core.webui.common.WebUiCommonHelper.findElementsBySelectedMethod(WebUiCommonHelper.java:906)
	at com.kms.katalon.core.webui.common.WebUiCommonHelper.findElementsBySelectedMethod(WebUiCommonHelper.java:901)
	at com.kms.katalon.core.webui.common.WebUiCommonHelper.findElementsByDefault(WebUiCommonHelper.java:897)
	at com.kms.katalon.core.webui.common.WebUiCommonHelper.findElementsWithSelfHealing(WebUiCommonHelper.java:743)
	at com.kms.katalon.core.webui.common.WebUiCommonHelper.findWebElements(WebUiCommonHelper.java:727)
	at com.kms.katalon.core.webui.common.WebUiCommonHelper.findWebElement(WebUiCommonHelper.java:1413)
	at com.kms.katalon.core.webui.keyword.internal.WebUIAbstractKeyword.findWebElement(WebUIAbstractKeyword.groovy:27)
	at com.kms.katalon.core.webui.keyword.internal.WebUIAbstractKeyword.findWebElement(WebUIAbstractKeyword.groovy:26)
	at com.kms.katalon.core.webui.keyword.builtin.SetTextKeyword$_setText_closure1.doCall(SetTextKeyword.groovy:53)
	at com.kms.katalon.core.webui.keyword.builtin.SetTextKeyword$_setText_closure1.call(SetTextKeyword.groovy)
	at com.kms.katalon.core.webui.keyword.internal.WebUIKeywordMain.runKeyword(WebUIKeywordMain.groovy:35)
	at com.kms.katalon.core.webui.keyword.builtin.SetTextKeyword.setText(SetTextKeyword.groovy:85)
	at com.kms.katalon.core.webui.keyword.builtin.SetTextKeyword.execute(SetTextKeyword.groovy:39)
	at com.kms.katalon.core.keyword.internal.KeywordExecutor.executeKeywordForPlatform(KeywordExecutor.groovy:74)
	at com.kms.katalon.core.webui.keyword.WebUiBuiltInKeywords.setText(WebUiBuiltInKeywords.groovy:1019)
	at com.test.swaglabs.CustomLogin.WebLoginFifthAccount(CustomLogin.groovy:71)
	at java.base/jdk.internal.reflect.NativeMethodAccessorImpl.invoke0(Native Method)
	at java.base/jdk.internal.reflect.NativeMethodAccessorImpl.invoke(NativeMethodAccessorImpl.java:77)
	at java.base/jdk.internal.reflect.DelegatingMethodAccessorImpl.invoke(DelegatingMethodAccessorImpl.java:43)
	at com.kms.katalon.core.main.CustomKeywordDelegatingMetaClass.invokeStaticMethod(CustomKeywordDelegatingMetaClass.java:55)
	at Login by Fifth Account - error_user.run(Login by Fifth Account - error_user:24)
	at com.kms.katalon.core.main.ScriptEngine.run(ScriptEngine.java:194)
	at com.kms.katalon.core.main.ScriptEngine.runScriptAsRawText(ScriptEngine.java:119)
	at com.kms.katalon.core.main.TestCaseExecutor.runScript(TestCaseExecutor.java:448)
	at com.kms.katalon.core.main.TestCaseExecutor.doExecute(TestCaseExecutor.java:439)
	at com.kms.katalon.core.main.TestCaseExecutor.processExecutionPhase(TestCaseExecutor.java:418)
	at com.kms.katalon.core.main.TestCaseExecutor.accessMainPhase(TestCaseExecutor.java:410)
	at com.kms.katalon.core.main.TestCaseExecutor.execute(TestCaseExecutor.java:285)
	at com.kms.katalon.core.main.TestCaseExecutor.execute(TestCaseExecutor.java:369)
	at com.kms.katalon.core.main.TestCaseExecutor.execute(TestCaseExecutor.java:369)
	at com.kms.katalon.core.common.CommonExecutor.accessTestCaseMainPhase(CommonExecutor.java:65)
	at com.kms.katalon.core.main.TestSuiteExecutor.accessTestSuiteMainPhase(TestSuiteExecutor.java:150)
	at com.kms.katalon.core.main.TestSuiteExecutor.execute(TestSuiteExecutor.java:106)
	at com.kms.katalon.core.main.TestCaseMain.startTestSuite(TestCaseMain.java:180)
	at TempTestSuite1738334733685.run(TempTestSuite1738334733685.groovy:35)
	at java.base/jdk.internal.reflect.NativeMethodAccessorImpl.invoke0(Native Method)
	at java.base/jdk.internal.reflect.NativeMethodAccessorImpl.invoke(NativeMethodAccessorImpl.java:77)
	at java.base/jdk.internal.reflect.DelegatingMethodAccessorImpl.invoke(DelegatingMethodAccessorImpl.java:43)
</property>
  <property name="failed.exception.class">org.openqa.selenium.NoSuchSessionException</property>
  <property name="failed.exception.message">invalid session id: session deleted as the browser has closed the connection
from disconnected: Unable to receive message from renderer
  (Session info: chrome=133.0.6847.2)
Build info: version: &apos;3.141.59&apos;, revision: &apos;unknown&apos;, time: &apos;unknown&apos;
System info: host: &apos;LAPTOP-5GQHVTHK&apos;, ip: &apos;192.168.0.101&apos;, os.name: &apos;Windows 11&apos;, os.arch: &apos;amd64&apos;, os.version: &apos;10.0&apos;, java.version: &apos;17.0.7&apos;
Driver info: com.kms.katalon.selenium.driver.CRemoteWebDriver
Capabilities {acceptInsecureCerts: false, browserName: chrome, browserVersion: 133.0.6847.2, chrome: {chromedriverVersion: 133.0.6847.2 (7e95e23d2d1f8..., userDataDir: C:\Program Files\scoped_dir...}, fedcm:accounts: true, goog:chromeOptions: {debuggerAddress: localhost:9225}, javascriptEnabled: true, katalon:caps: {executionId: e03c6160-758b-4059-aab9-9ca..., executionSessionId: 52160f20-98e5-4286-b3e3-b15...}, katalon:options: {executionId: e03c6160-758b-4059-aab9-9ca..., executionSessionId: 52160f20-98e5-4286-b3e3-b15..., group: 9ab6bac5-1cc1-4a31-be02-e95..., metadata: {accountUuid: fda32340-531c-49aa-a0b7-40d..., organizationId: 1906073, usingTunnel: false}, organizationId: 1906073, runFromTestCloud: true, tenant: TestOps, tunnelMetadataId: 47bf9c75-9831-4539-a455-bf2..., userId: 1648280, username: innocent.beaver.duja@instan..., usingTunnel: true}, kt:requestId: 52160f20-98e5-4286-b3e3-b15..., kt:rid: 52160f20-98e5-4286-b3e3-b15..., networkConnectionEnabled: false, pageLoadStrategy: normal, platform: WINDOWS, platformName: WINDOWS, proxy: Proxy(), se:bidiEnabled: false, se:cdpEnabled: false, setWindowRect: true, strictFileInteractability: false, timeouts: {implicit: 0, pageLoad: 300000, script: 30000}, unhandledPromptBehavior: dismiss and notify, webauthn:extension:credBlob: true, webauthn:extension:largeBlob: true, webauthn:extension:minPinLength: true, webauthn:extension:prf: true, webauthn:virtualAuthenticators: true}
Session ID: 398760c7f91339bbb7827beb4ebdc5f8
*** Element info: {Using=xpath, value=//input[@id=&apos;user-name&apos;]}</property>
</record>
<record>
  <date>2025-01-31T14:48:08.069680500Z</date>
  <millis>1738334888069</millis>
  <nanos>680500</nanos>
  <sequence>231</sequence>
  <level>END</level>
  <class>com.kms.katalon.core.logging.XmlKeywordLogger</class>
  <method>endTest</method>
  <thread>1</thread>
  <message>End Test Case : Test Cases/Login by Fifth Account - error_user</message>
  <nestedLevel>0</nestedLevel>
  <escapedJava>false</escapedJava>
  <property name="executionBindingVariables">[]</property>
  <property name="applitools">false</property>
  <property name="remainingRetryCount">1</property>
  <property name="currentRetryCount">2</property>
  <property name="keywordsUsage">{
  &quot;web_ui&quot;: true,
  &quot;web_service&quot;: false,
  &quot;cucumber&quot;: false,
  &quot;builtin&quot;: false,
  &quot;mobile&quot;: false,
  &quot;windows&quot;: false,
  &quot;testng&quot;: false
}</property>
</record>
<record>
  <date>2025-01-31T14:48:08.074665500Z</date>
  <millis>1738334888074</millis>
  <nanos>665500</nanos>
  <sequence>232</sequence>
  <level>START</level>
  <class>com.kms.katalon.core.logging.XmlKeywordLogger</class>
  <method>startTest</method>
  <thread>1</thread>
  <message>Start Test Case : Test Cases/Login by Fifth Account - error_user</message>
  <nestedLevel>1</nestedLevel>
  <escapedJava>false</escapedJava>
  <property name="remainingRetryCount">0</property>
  <property name="name">Test Cases/Login by Fifth Account - error_user</property>
  <property name="description"></property>
  <property name="iteration"></property>
  <property name="id">Test Cases/Login by Fifth Account - error_user</property>
  <property name="source">C:\Users\ACER\git\KatalonGitSwagLabsNew\Test Cases\Login by Fifth Account - error_user.tc</property>
  <property name="tag"></property>
  <property name="isOptional">false</property>
  <property name="currentRetryCount">3</property>
</record>
<record>
  <date>2025-01-31T14:48:08.090661300Z</date>
  <millis>1738334888090</millis>
  <nanos>661300</nanos>
  <sequence>234</sequence>
  <level>START</level>
  <class>com.kms.katalon.core.logging.XmlKeywordLogger</class>
  <method>startKeyword</method>
  <thread>1</thread>
  <message>Start action : openBrowser(&amp;quot;&amp;quot;)</message>
  <nestedLevel>1</nestedLevel>
  <escapedJava>false</escapedJava>
  <property name="startLine">20</property>
  <property name="stepIndex">1</property>
</record>
<record>
  <date>2025-01-31T14:48:08.097751Z</date>
  <millis>1738334888097</millis>
  <nanos>751000</nanos>
  <sequence>236</sequence>
  <level>WARNING</level>
  <class>com.kms.katalon.core.logging.XmlKeywordLogger</class>
  <method>logMessage</method>
  <thread>1</thread>
  <message>A browser is already opened. Closing browser and opening a new one</message>
  <nestedLevel>1</nestedLevel>
  <escapedJava>false</escapedJava>
</record>
<record>
  <date>2025-01-31T14:48:08.946141600Z</date>
  <millis>1738334888946</millis>
  <nanos>141600</nanos>
  <sequence>237</sequence>
  <level>INFO</level>
  <class>com.kms.katalon.core.logging.XmlKeywordLogger</class>
  <method>logMessage</method>
  <thread>1</thread>
  <message>User set preference: [&amp;apos;os&amp;apos;, &amp;apos;windows&amp;apos;]</message>
  <nestedLevel>1</nestedLevel>
  <escapedJava>false</escapedJava>
</record>
<record>
  <date>2025-01-31T14:48:08.947170Z</date>
  <millis>1738334888947</millis>
  <nanos>170000</nanos>
  <sequence>238</sequence>
  <level>INFO</level>
  <class>com.kms.katalon.core.logging.XmlKeywordLogger</class>
  <method>logMessage</method>
  <thread>1</thread>
  <message>User set preference: [&amp;apos;browserVersion&amp;apos;, &amp;apos;133&amp;apos;]</message>
  <nestedLevel>1</nestedLevel>
  <escapedJava>false</escapedJava>
</record>
<record>
  <date>2025-01-31T14:48:08.948164300Z</date>
  <millis>1738334888948</millis>
  <nanos>164300</nanos>
  <sequence>239</sequence>
  <level>INFO</level>
  <class>com.kms.katalon.core.logging.XmlKeywordLogger</class>
  <method>logMessage</method>
  <thread>1</thread>
  <message>User set preference: [&amp;apos;browserName&amp;apos;, &amp;apos;chrome&amp;apos;]</message>
  <nestedLevel>1</nestedLevel>
  <escapedJava>false</escapedJava>
</record>
<record>
  <date>2025-01-31T14:48:08.948164300Z</date>
  <millis>1738334888948</millis>
  <nanos>164300</nanos>
  <sequence>240</sequence>
  <level>INFO</level>
  <class>com.kms.katalon.core.logging.XmlKeywordLogger</class>
  <method>logMessage</method>
  <thread>1</thread>
  <message>User set preference: [&amp;apos;katalon:option&amp;apos;, &amp;apos;{organizationId=1906073, usingTunnel=true}&amp;apos;]</message>
  <nestedLevel>1</nestedLevel>
  <escapedJava>false</escapedJava>
</record>
<record>
  <date>2025-01-31T14:48:08.952413300Z</date>
  <millis>1738334888952</millis>
  <nanos>413300</nanos>
  <sequence>241</sequence>
  <level>INFO</level>
  <class>com.kms.katalon.core.logging.XmlKeywordLogger</class>
  <method>logMessage</method>
  <thread>1</thread>
  <message>Connecting to remote web server &amp;apos;testcloud.katalon.com/hub&amp;apos; with type &amp;apos;Selenium&amp;apos;</message>
  <nestedLevel>1</nestedLevel>
  <escapedJava>false</escapedJava>
</record>
<record>
  <date>2025-01-31T14:48:08.955411600Z</date>
  <millis>1738334888955</millis>
  <nanos>411600</nanos>
  <sequence>242</sequence>
  <level>INFO</level>
  <class>com.kms.katalon.core.logging.XmlKeywordLogger</class>
  <method>logMessage</method>
  <thread>1</thread>
  <message>Action delay is set to 0 milliseconds</message>
  <nestedLevel>1</nestedLevel>
  <escapedJava>false</escapedJava>
</record>
<record>
  <date>2025-01-31T14:48:38.976853400Z</date>
  <millis>1738334918976</millis>
  <nanos>853400</nanos>
  <sequence>244</sequence>
  <level>RUN_DATA</level>
  <class>com.kms.katalon.core.logging.XmlKeywordLogger</class>
  <method>logMessage</method>
  <thread>1</thread>
  <message>remoteDriverUrl = testcloud.katalon.com/hub</message>
  <nestedLevel>1</nestedLevel>
  <escapedJava>false</escapedJava>
  <property name="remoteDriverUrl">testcloud.katalon.com/hub</property>
</record>
<record>
  <date>2025-01-31T14:48:38.977852900Z</date>
  <millis>1738334918977</millis>
  <nanos>852900</nanos>
  <sequence>245</sequence>
  <level>RUN_DATA</level>
  <class>com.kms.katalon.core.logging.XmlKeywordLogger</class>
  <method>logMessage</method>
  <thread>1</thread>
  <message>remoteOS = Windows</message>
  <nestedLevel>1</nestedLevel>
  <escapedJava>false</escapedJava>
  <property name="remoteOS">Windows</property>
</record>
<record>
  <date>2025-01-31T14:48:38.980847400Z</date>
  <millis>1738334918980</millis>
  <nanos>847400</nanos>
  <sequence>246</sequence>
  <level>RUN_DATA</level>
  <class>com.kms.katalon.core.logging.XmlKeywordLogger</class>
  <method>logMessage</method>
  <thread>1</thread>
  <message>desiredCapabilities = {
  &amp;quot;timeouts&amp;quot;: {
    &amp;quot;implicit&amp;quot;: 0,
    &amp;quot;pageLoad&amp;quot;: 300000,
    &amp;quot;script&amp;quot;: 30000
  },
  &amp;quot;se:cdpEnabled&amp;quot;: false,
  &amp;quot;platform&amp;quot;: &amp;quot;WINDOWS&amp;quot;,
  &amp;quot;goog:chromeOptions&amp;quot;: {
    &amp;quot;debuggerAddress&amp;quot;: &amp;quot;localhost:9225&amp;quot;
  },
  &amp;quot;webauthn:extension:credBlob&amp;quot;: true,
  &amp;quot;acceptInsecureCerts&amp;quot;: false,
  &amp;quot;browserVersion&amp;quot;: &amp;quot;133.0.0.0&amp;quot;,
  &amp;quot;fedcm:accounts&amp;quot;: true,
  &amp;quot;kt:requestId&amp;quot;: &amp;quot;6d396290-7b06-4eac-9371-6c8f735b6008&amp;quot;,
  &amp;quot;browserName&amp;quot;: &amp;quot;chrome&amp;quot;,
  &amp;quot;javascriptEnabled&amp;quot;: true,
  &amp;quot;platformName&amp;quot;: &amp;quot;WINDOWS&amp;quot;,
  &amp;quot;setWindowRect&amp;quot;: true,
  &amp;quot;webauthn:extension:largeBlob&amp;quot;: true,
  &amp;quot;networkConnectionEnabled&amp;quot;: false,
  &amp;quot;chrome&amp;quot;: {
    &amp;quot;chromedriverVersion&amp;quot;: &amp;quot;133.0.6847.2 (7e95e23d2d1f87886163822aa701370c1187bfa1-refs/branch-heads/6847@{#6})&amp;quot;,
    &amp;quot;userDataDir&amp;quot;: &amp;quot;C:\\Program Files\\scoped_dir4376_953410681&amp;quot;
  },
  &amp;quot;kt:rid&amp;quot;: &amp;quot;6d396290-7b06-4eac-9371-6c8f735b6008&amp;quot;,
  &amp;quot;pageLoadStrategy&amp;quot;: &amp;quot;normal&amp;quot;,
  &amp;quot;unhandledPromptBehavior&amp;quot;: &amp;quot;dismiss and notify&amp;quot;,
  &amp;quot;strictFileInteractability&amp;quot;: false,
  &amp;quot;se:bidiEnabled&amp;quot;: false,
  &amp;quot;proxy&amp;quot;: {
    &amp;quot;proxyType&amp;quot;: &amp;quot;UNSPECIFIED&amp;quot;,
    &amp;quot;autodetect&amp;quot;: false
  },
  &amp;quot;webauthn:extension:minPinLength&amp;quot;: true,
  &amp;quot;webauthn:extension:prf&amp;quot;: true,
  &amp;quot;katalon:caps&amp;quot;: {
    &amp;quot;executionId&amp;quot;: &amp;quot;f6fc9d29-8df3-408d-924b-ac115470006c&amp;quot;,
    &amp;quot;executionSessionId&amp;quot;: &amp;quot;6d396290-7b06-4eac-9371-6c8f735b6008&amp;quot;
  },
  &amp;quot;katalon:options&amp;quot;: {
    &amp;quot;executionId&amp;quot;: &amp;quot;f6fc9d29-8df3-408d-924b-ac115470006c&amp;quot;,
    &amp;quot;executionSessionId&amp;quot;: &amp;quot;6d396290-7b06-4eac-9371-6c8f735b6008&amp;quot;,
    &amp;quot;group&amp;quot;: &amp;quot;9ab6bac5-1cc1-4a31-be02-e9541dffa2d0&amp;quot;,
    &amp;quot;metadata&amp;quot;: {
      &amp;quot;usingTunnel&amp;quot;: false,
      &amp;quot;accountUuid&amp;quot;: &amp;quot;fda32340-531c-49aa-a0b7-40d478ba5457&amp;quot;,
      &amp;quot;organizationId&amp;quot;: &amp;quot;1906073&amp;quot;
    },
    &amp;quot;organizationId&amp;quot;: &amp;quot;1906073&amp;quot;,
    &amp;quot;runFromTestCloud&amp;quot;: true,
    &amp;quot;tenant&amp;quot;: &amp;quot;TestOps&amp;quot;,
    &amp;quot;tunnelMetadataId&amp;quot;: &amp;quot;47bf9c75-9831-4539-a455-bf21b2504b03&amp;quot;,
    &amp;quot;userId&amp;quot;: 1648280,
    &amp;quot;username&amp;quot;: &amp;quot;innocent.beaver.duja@instantletter.net&amp;quot;,
    &amp;quot;usingTunnel&amp;quot;: true
  },
  &amp;quot;webauthn:virtualAuthenticators&amp;quot;: true
}</message>
  <nestedLevel>1</nestedLevel>
  <escapedJava>false</escapedJava>
  <property name="desiredCapabilities">{
  &quot;timeouts&quot;: {
    &quot;implicit&quot;: 0,
    &quot;pageLoad&quot;: 300000,
    &quot;script&quot;: 30000
  },
  &quot;se:cdpEnabled&quot;: false,
  &quot;platform&quot;: &quot;WINDOWS&quot;,
  &quot;goog:chromeOptions&quot;: {
    &quot;debuggerAddress&quot;: &quot;localhost:9225&quot;
  },
  &quot;webauthn:extension:credBlob&quot;: true,
  &quot;acceptInsecureCerts&quot;: false,
  &quot;browserVersion&quot;: &quot;133.0.0.0&quot;,
  &quot;fedcm:accounts&quot;: true,
  &quot;kt:requestId&quot;: &quot;6d396290-7b06-4eac-9371-6c8f735b6008&quot;,
  &quot;browserName&quot;: &quot;chrome&quot;,
  &quot;javascriptEnabled&quot;: true,
  &quot;platformName&quot;: &quot;WINDOWS&quot;,
  &quot;setWindowRect&quot;: true,
  &quot;webauthn:extension:largeBlob&quot;: true,
  &quot;networkConnectionEnabled&quot;: false,
  &quot;chrome&quot;: {
    &quot;chromedriverVersion&quot;: &quot;133.0.6847.2 (7e95e23d2d1f87886163822aa701370c1187bfa1-refs/branch-heads/6847@{#6})&quot;,
    &quot;userDataDir&quot;: &quot;C:\\Program Files\\scoped_dir4376_953410681&quot;
  },
  &quot;kt:rid&quot;: &quot;6d396290-7b06-4eac-9371-6c8f735b6008&quot;,
  &quot;pageLoadStrategy&quot;: &quot;normal&quot;,
  &quot;unhandledPromptBehavior&quot;: &quot;dismiss and notify&quot;,
  &quot;strictFileInteractability&quot;: false,
  &quot;se:bidiEnabled&quot;: false,
  &quot;proxy&quot;: {
    &quot;proxyType&quot;: &quot;UNSPECIFIED&quot;,
    &quot;autodetect&quot;: false
  },
  &quot;webauthn:extension:minPinLength&quot;: true,
  &quot;webauthn:extension:prf&quot;: true,
  &quot;katalon:caps&quot;: {
    &quot;executionId&quot;: &quot;f6fc9d29-8df3-408d-924b-ac115470006c&quot;,
    &quot;executionSessionId&quot;: &quot;6d396290-7b06-4eac-9371-6c8f735b6008&quot;
  },
  &quot;katalon:options&quot;: {
    &quot;executionId&quot;: &quot;f6fc9d29-8df3-408d-924b-ac115470006c&quot;,
    &quot;executionSessionId&quot;: &quot;6d396290-7b06-4eac-9371-6c8f735b6008&quot;,
    &quot;group&quot;: &quot;9ab6bac5-1cc1-4a31-be02-e9541dffa2d0&quot;,
    &quot;metadata&quot;: {
      &quot;usingTunnel&quot;: false,
      &quot;accountUuid&quot;: &quot;fda32340-531c-49aa-a0b7-40d478ba5457&quot;,
      &quot;organizationId&quot;: &quot;1906073&quot;
    },
    &quot;organizationId&quot;: &quot;1906073&quot;,
    &quot;runFromTestCloud&quot;: true,
    &quot;tenant&quot;: &quot;TestOps&quot;,
    &quot;tunnelMetadataId&quot;: &quot;47bf9c75-9831-4539-a455-bf21b2504b03&quot;,
    &quot;userId&quot;: 1648280,
    &quot;username&quot;: &quot;innocent.beaver.duja@instantletter.net&quot;,
    &quot;usingTunnel&quot;: true
  },
  &quot;webauthn:virtualAuthenticators&quot;: true
}</property>
</record>
<record>
  <date>2025-01-31T14:48:38.981847600Z</date>
  <millis>1738334918981</millis>
  <nanos>847600</nanos>
  <sequence>247</sequence>
  <level>RUN_DATA</level>
  <class>com.kms.katalon.core.logging.XmlKeywordLogger</class>
  <method>logMessage</method>
  <thread>1</thread>
  <message>sessionId = 18f3a0ff9da4bdb4b7a79cbb0d5dd84d</message>
  <nestedLevel>1</nestedLevel>
  <escapedJava>false</escapedJava>
  <property name="sessionId">18f3a0ff9da4bdb4b7a79cbb0d5dd84d</property>
</record>
<record>
  <date>2025-01-31T14:48:39.341732100Z</date>
  <millis>1738334919341</millis>
  <nanos>732100</nanos>
  <sequence>248</sequence>
  <level>RUN_DATA</level>
  <class>com.kms.katalon.core.logging.XmlKeywordLogger</class>
  <method>logMessage</method>
  <thread>1</thread>
  <message>browser = Chrome 133.0.0.0</message>
  <nestedLevel>1</nestedLevel>
  <escapedJava>false</escapedJava>
  <property name="browser">Chrome 133.0.0.0</property>
</record>
<record>
  <date>2025-01-31T14:48:39.342737500Z</date>
  <millis>1738334919342</millis>
  <nanos>737500</nanos>
  <sequence>249</sequence>
  <level>RUN_DATA</level>
  <class>com.kms.katalon.core.logging.XmlKeywordLogger</class>
  <method>logMessage</method>
  <thread>1</thread>
  <message>platform = Windows 11</message>
  <nestedLevel>1</nestedLevel>
  <escapedJava>false</escapedJava>
  <property name="platform">Windows 11</property>
</record>
<record>
  <date>2025-01-31T14:48:39.343738300Z</date>
  <millis>1738334919343</millis>
  <nanos>738300</nanos>
  <sequence>250</sequence>
  <level>RUN_DATA</level>
  <class>com.kms.katalon.core.logging.XmlKeywordLogger</class>
  <method>logMessage</method>
  <thread>1</thread>
  <message>seleniumVersion = 3.141.59</message>
  <nestedLevel>1</nestedLevel>
  <escapedJava>false</escapedJava>
  <property name="seleniumVersion">3.141.59</property>
</record>
<record>
  <date>2025-01-31T14:48:39.345732900Z</date>
  <millis>1738334919345</millis>
  <nanos>732900</nanos>
  <sequence>251</sequence>
  <level>RUN_DATA</level>
  <class>com.kms.katalon.core.logging.XmlKeywordLogger</class>
  <method>logMessage</method>
  <thread>1</thread>
  <message>proxyInformation = ProxyInformation { proxyOption=NO_PROXY, proxyServerType=HTTP, username=, password=********, proxyServerAddress=, proxyServerPort=0, executionList=&amp;quot;&amp;quot;, isApplyToDesiredCapabilities=true }</message>
  <nestedLevel>1</nestedLevel>
  <escapedJava>false</escapedJava>
  <property name="proxyInformation">ProxyInformation { proxyOption=NO_PROXY, proxyServerType=HTTP, username=, password=********, proxyServerAddress=, proxyServerPort=0, executionList=&quot;&quot;, isApplyToDesiredCapabilities=true }</property>
</record>
<record>
  <date>2025-01-31T14:48:39.912925500Z</date>
  <millis>1738334919912</millis>
  <nanos>925500</nanos>
  <sequence>252</sequence>
  <level>PASSED</level>
  <class>com.kms.katalon.core.logging.XmlKeywordLogger</class>
  <method>logMessage</method>
  <thread>1</thread>
  <message>Browser is opened with url: &amp;apos;&amp;apos;</message>
  <nestedLevel>1</nestedLevel>
  <escapedJava>false</escapedJava>
  <property name="testops-method-name">com.kms.katalon.core.webui.keyword.builtin.OpenBrowserKeyword.openBrowser</property>
  <property name="testops-execution-stacktrace"></property>
</record>
<record>
  <date>2025-01-31T14:48:39.915605300Z</date>
  <millis>1738334919915</millis>
  <nanos>605300</nanos>
  <sequence>253</sequence>
  <level>END</level>
  <class>com.kms.katalon.core.logging.XmlKeywordLogger</class>
  <method>endKeyword</method>
  <thread>1</thread>
  <message>End action : openBrowser(&amp;quot;&amp;quot;)</message>
  <nestedLevel>1</nestedLevel>
  <escapedJava>false</escapedJava>
</record>
<record>
  <date>2025-01-31T14:48:39.916627900Z</date>
  <millis>1738334919916</millis>
  <nanos>627900</nanos>
  <sequence>254</sequence>
  <level>START</level>
  <class>com.kms.katalon.core.logging.XmlKeywordLogger</class>
  <method>startKeyword</method>
  <thread>1</thread>
  <message>Start action : navigateToUrl(&amp;quot;https://www.saucedemo.com/&amp;quot;)</message>
  <nestedLevel>1</nestedLevel>
  <escapedJava>false</escapedJava>
  <property name="startLine">22</property>
  <property name="stepIndex">2</property>
</record>
<record>
  <date>2025-01-31T14:48:41.722189Z</date>
  <millis>1738334921722</millis>
  <nanos>189000</nanos>
  <sequence>257</sequence>
  <level>PASSED</level>
  <class>com.kms.katalon.core.logging.XmlKeywordLogger</class>
  <method>logMessage</method>
  <thread>1</thread>
  <message>Navigate to &amp;apos;https://www.saucedemo.com/&amp;apos; successfully</message>
  <nestedLevel>1</nestedLevel>
  <escapedJava>false</escapedJava>
  <property name="testops-method-name">com.kms.katalon.core.webui.keyword.builtin.NavigateToUrlKeyword.navigateToUrl</property>
  <property name="testops-execution-stacktrace"></property>
</record>
<record>
  <date>2025-01-31T14:48:41.723990800Z</date>
  <millis>1738334921723</millis>
  <nanos>990800</nanos>
  <sequence>258</sequence>
  <level>END</level>
  <class>com.kms.katalon.core.logging.XmlKeywordLogger</class>
  <method>endKeyword</method>
  <thread>1</thread>
  <message>End action : navigateToUrl(&amp;quot;https://www.saucedemo.com/&amp;quot;)</message>
  <nestedLevel>1</nestedLevel>
  <escapedJava>false</escapedJava>
</record>
<record>
  <date>2025-01-31T14:48:41.724214800Z</date>
  <millis>1738334921724</millis>
  <nanos>214800</nanos>
  <sequence>259</sequence>
  <level>START</level>
  <class>com.kms.katalon.core.logging.XmlKeywordLogger</class>
  <method>startKeyword</method>
  <thread>1</thread>
  <message>Start action : com.test.swaglabs.CustomLogin.WebLoginFifthAccount()</message>
  <nestedLevel>1</nestedLevel>
  <escapedJava>false</escapedJava>
  <property name="startLine">24</property>
  <property name="stepIndex">3</property>
</record>
<record>
  <date>2025-01-31T14:48:44.811965400Z</date>
  <millis>1738334924811</millis>
  <nanos>965400</nanos>
  <sequence>271</sequence>
  <level>WARNING</level>
  <class>com.kms.katalon.core.logging.XmlKeywordLogger</class>
  <method>logMessage</method>
  <thread>1</thread>
  <message>[SELF-HEALING] Failed to find element with id &amp;apos;Object Repository/Page_Swag Labs/input_Swag Labs_user-name&amp;apos;. Try using Self-healing.</message>
  <nestedLevel>1</nestedLevel>
  <escapedJava>false</escapedJava>
</record>
<record>
  <date>2025-01-31T14:48:45.382459900Z</date>
  <millis>1738334925382</millis>
  <nanos>459900</nanos>
  <sequence>274</sequence>
  <level>WARNING</level>
  <class>com.kms.katalon.core.logging.XmlKeywordLogger</class>
  <method>logMessage</method>
  <thread>1</thread>
  <message>[SELF-HEALING] invalid session id
Build info: version: &amp;apos;3.141.59&amp;apos;, revision: &amp;apos;unknown&amp;apos;, time: &amp;apos;unknown&amp;apos;
System info: host: &amp;apos;LAPTOP-5GQHVTHK&amp;apos;, ip: &amp;apos;192.168.0.101&amp;apos;, os.name: &amp;apos;Windows 11&amp;apos;, os.arch: &amp;apos;amd64&amp;apos;, os.version: &amp;apos;10.0&amp;apos;, java.version: &amp;apos;17.0.7&amp;apos;
Driver info: com.kms.katalon.selenium.driver.CRemoteWebDriver
Capabilities {acceptInsecureCerts: false, browserName: chrome, browserVersion: 133.0.6847.2, chrome: {chromedriverVersion: 133.0.6847.2 (7e95e23d2d1f8..., userDataDir: C:\Program Files\scoped_dir...}, fedcm:accounts: true, goog:chromeOptions: {debuggerAddress: localhost:9225}, javascriptEnabled: true, katalon:caps: {executionId: f6fc9d29-8df3-408d-924b-ac1..., executionSessionId: 6d396290-7b06-4eac-9371-6c8...}, katalon:options: {executionId: f6fc9d29-8df3-408d-924b-ac1..., executionSessionId: 6d396290-7b06-4eac-9371-6c8..., group: 9ab6bac5-1cc1-4a31-be02-e95..., metadata: {accountUuid: fda32340-531c-49aa-a0b7-40d..., organizationId: 1906073, usingTunnel: false}, organizationId: 1906073, runFromTestCloud: true, tenant: TestOps, tunnelMetadataId: 47bf9c75-9831-4539-a455-bf2..., userId: 1648280, username: innocent.beaver.duja@instan..., usingTunnel: true}, kt:requestId: 6d396290-7b06-4eac-9371-6c8..., kt:rid: 6d396290-7b06-4eac-9371-6c8..., networkConnectionEnabled: false, pageLoadStrategy: normal, platform: WINDOWS, platformName: WINDOWS, proxy: Proxy(), se:bidiEnabled: false, se:cdpEnabled: false, setWindowRect: true, strictFileInteractability: false, timeouts: {implicit: 0, pageLoad: 300000, script: 30000}, unhandledPromptBehavior: dismiss and notify, webauthn:extension:credBlob: true, webauthn:extension:largeBlob: true, webauthn:extension:minPinLength: true, webauthn:extension:prf: true, webauthn:virtualAuthenticators: true}
Session ID: 18f3a0ff9da4bdb4b7a79cbb0d5dd84d
*** Element info: {Using=xpath, value=//input[@id=&amp;apos;user-name&amp;apos;]}</message>
  <nestedLevel>1</nestedLevel>
  <escapedJava>false</escapedJava>
  <property name="failed.exception.class">org.openqa.selenium.NoSuchSessionException</property>
  <property name="failed.exception.stacktrace">org.openqa.selenium.NoSuchSessionException: invalid session id
Build info: version: &apos;3.141.59&apos;, revision: &apos;unknown&apos;, time: &apos;unknown&apos;
System info: host: &apos;LAPTOP-5GQHVTHK&apos;, ip: &apos;192.168.0.101&apos;, os.name: &apos;Windows 11&apos;, os.arch: &apos;amd64&apos;, os.version: &apos;10.0&apos;, java.version: &apos;17.0.7&apos;
Driver info: com.kms.katalon.selenium.driver.CRemoteWebDriver
Capabilities {acceptInsecureCerts: false, browserName: chrome, browserVersion: 133.0.6847.2, chrome: {chromedriverVersion: 133.0.6847.2 (7e95e23d2d1f8..., userDataDir: C:\Program Files\scoped_dir...}, fedcm:accounts: true, goog:chromeOptions: {debuggerAddress: localhost:9225}, javascriptEnabled: true, katalon:caps: {executionId: f6fc9d29-8df3-408d-924b-ac1..., executionSessionId: 6d396290-7b06-4eac-9371-6c8...}, katalon:options: {executionId: f6fc9d29-8df3-408d-924b-ac1..., executionSessionId: 6d396290-7b06-4eac-9371-6c8..., group: 9ab6bac5-1cc1-4a31-be02-e95..., metadata: {accountUuid: fda32340-531c-49aa-a0b7-40d..., organizationId: 1906073, usingTunnel: false}, organizationId: 1906073, runFromTestCloud: true, tenant: TestOps, tunnelMetadataId: 47bf9c75-9831-4539-a455-bf2..., userId: 1648280, username: innocent.beaver.duja@instan..., usingTunnel: true}, kt:requestId: 6d396290-7b06-4eac-9371-6c8..., kt:rid: 6d396290-7b06-4eac-9371-6c8..., networkConnectionEnabled: false, pageLoadStrategy: normal, platform: WINDOWS, platformName: WINDOWS, proxy: Proxy(), se:bidiEnabled: false, se:cdpEnabled: false, setWindowRect: true, strictFileInteractability: false, timeouts: {implicit: 0, pageLoad: 300000, script: 30000}, unhandledPromptBehavior: dismiss and notify, webauthn:extension:credBlob: true, webauthn:extension:largeBlob: true, webauthn:extension:minPinLength: true, webauthn:extension:prf: true, webauthn:virtualAuthenticators: true}
Session ID: 18f3a0ff9da4bdb4b7a79cbb0d5dd84d
*** Element info: {Using=xpath, value=//input[@id=&apos;user-name&apos;]}
	at jdk.internal.reflect.GeneratedConstructorAccessor21.newInstance(Unknown Source)
	at java.base/jdk.internal.reflect.DelegatingConstructorAccessorImpl.newInstance(DelegatingConstructorAccessorImpl.java:45)
	at org.openqa.selenium.remote.http.W3CHttpResponseCodec.createException(W3CHttpResponseCodec.java:187)
	at org.openqa.selenium.remote.http.W3CHttpResponseCodec.decode(W3CHttpResponseCodec.java:122)
	at org.openqa.selenium.remote.http.W3CHttpResponseCodec.decode(W3CHttpResponseCodec.java:49)
	at org.openqa.selenium.remote.HttpCommandExecutor.execute(HttpCommandExecutor.java:158)
	at org.openqa.selenium.remote.RemoteWebDriver.execute(RemoteWebDriver.java:552)
	at com.kms.katalon.selenium.driver.CRemoteWebDriver.execute(CRemoteWebDriver.java:30)
	at org.openqa.selenium.remote.RemoteWebDriver.findElements(RemoteWebDriver.java:353)
	at org.openqa.selenium.remote.RemoteWebDriver.findElementsByXPath(RemoteWebDriver.java:432)
	at org.openqa.selenium.By$ByXPath.findElements(By.java:348)
	at org.openqa.selenium.remote.RemoteWebDriver.findElements(RemoteWebDriver.java:311)
	at jdk.internal.reflect.GeneratedMethodAccessor8.invoke(Unknown Source)
	at java.base/jdk.internal.reflect.DelegatingMethodAccessorImpl.invoke(DelegatingMethodAccessorImpl.java:43)
	at org.openqa.selenium.support.events.EventFiringWebDriver.lambda$new$1(EventFiringWebDriver.java:105)
	at jdk.proxy2/jdk.proxy2.$Proxy23.findElements(Unknown Source)
	at org.openqa.selenium.support.events.EventFiringWebDriver.findElements(EventFiringWebDriver.java:182)
	at com.kms.katalon.core.webui.common.WebUiCommonHelper.findWebElementsWithSmartXPath(WebUiCommonHelper.java:1110)
	at com.kms.katalon.core.webui.common.WebUiCommonHelper.findElementsBySelectedMethod(WebUiCommonHelper.java:923)
	at com.kms.katalon.core.webui.common.WebUiCommonHelper.findElementsWithSelfHealing(WebUiCommonHelper.java:815)
	at com.kms.katalon.core.webui.common.WebUiCommonHelper.findWebElements(WebUiCommonHelper.java:727)
	at com.kms.katalon.core.webui.common.WebUiCommonHelper.findWebElement(WebUiCommonHelper.java:1413)
	at com.kms.katalon.core.webui.keyword.internal.WebUIAbstractKeyword.findWebElement(WebUIAbstractKeyword.groovy:27)
	at com.kms.katalon.core.webui.keyword.internal.WebUIAbstractKeyword.findWebElement(WebUIAbstractKeyword.groovy:26)
	at com.kms.katalon.core.webui.keyword.builtin.SetTextKeyword$_setText_closure1.doCall(SetTextKeyword.groovy:53)
	at com.kms.katalon.core.webui.keyword.builtin.SetTextKeyword$_setText_closure1.call(SetTextKeyword.groovy)
	at com.kms.katalon.core.webui.keyword.internal.WebUIKeywordMain.runKeyword(WebUIKeywordMain.groovy:35)
	at com.kms.katalon.core.webui.keyword.builtin.SetTextKeyword.setText(SetTextKeyword.groovy:85)
	at com.kms.katalon.core.webui.keyword.builtin.SetTextKeyword.execute(SetTextKeyword.groovy:39)
	at com.kms.katalon.core.keyword.internal.KeywordExecutor.executeKeywordForPlatform(KeywordExecutor.groovy:74)
	at com.kms.katalon.core.webui.keyword.WebUiBuiltInKeywords.setText(WebUiBuiltInKeywords.groovy:1019)
	at com.test.swaglabs.CustomLogin.WebLoginFifthAccount(CustomLogin.groovy:71)
	at java.base/jdk.internal.reflect.NativeMethodAccessorImpl.invoke0(Native Method)
	at java.base/jdk.internal.reflect.NativeMethodAccessorImpl.invoke(NativeMethodAccessorImpl.java:77)
	at java.base/jdk.internal.reflect.DelegatingMethodAccessorImpl.invoke(DelegatingMethodAccessorImpl.java:43)
	at com.kms.katalon.core.main.CustomKeywordDelegatingMetaClass.invokeStaticMethod(CustomKeywordDelegatingMetaClass.java:55)
	at Login by Fifth Account - error_user.run(Login by Fifth Account - error_user:24)
	at com.kms.katalon.core.main.ScriptEngine.run(ScriptEngine.java:194)
	at com.kms.katalon.core.main.ScriptEngine.runScriptAsRawText(ScriptEngine.java:119)
	at com.kms.katalon.core.main.TestCaseExecutor.runScript(TestCaseExecutor.java:448)
	at com.kms.katalon.core.main.TestCaseExecutor.doExecute(TestCaseExecutor.java:439)
	at com.kms.katalon.core.main.TestCaseExecutor.processExecutionPhase(TestCaseExecutor.java:418)
	at com.kms.katalon.core.main.TestCaseExecutor.accessMainPhase(TestCaseExecutor.java:410)
	at com.kms.katalon.core.main.TestCaseExecutor.execute(TestCaseExecutor.java:285)
	at com.kms.katalon.core.main.TestCaseExecutor.execute(TestCaseExecutor.java:369)
	at com.kms.katalon.core.main.TestCaseExecutor.execute(TestCaseExecutor.java:369)
	at com.kms.katalon.core.main.TestCaseExecutor.execute(TestCaseExecutor.java:369)
	at com.kms.katalon.core.common.CommonExecutor.accessTestCaseMainPhase(CommonExecutor.java:65)
	at com.kms.katalon.core.main.TestSuiteExecutor.accessTestSuiteMainPhase(TestSuiteExecutor.java:150)
	at com.kms.katalon.core.main.TestSuiteExecutor.execute(TestSuiteExecutor.java:106)
	at com.kms.katalon.core.main.TestCaseMain.startTestSuite(TestCaseMain.java:180)
	at TempTestSuite1738334733685.run(TempTestSuite1738334733685.groovy:35)
	at java.base/jdk.internal.reflect.NativeMethodAccessorImpl.invoke0(Native Method)
	at java.base/jdk.internal.reflect.NativeMethodAccessorImpl.invoke(NativeMethodAccessorImpl.java:77)
	at java.base/jdk.internal.reflect.DelegatingMethodAccessorImpl.invoke(DelegatingMethodAccessorImpl.java:43)
</property>
  <property name="failed.exception.message">invalid session id
Build info: version: &apos;3.141.59&apos;, revision: &apos;unknown&apos;, time: &apos;unknown&apos;
System info: host: &apos;LAPTOP-5GQHVTHK&apos;, ip: &apos;192.168.0.101&apos;, os.name: &apos;Windows 11&apos;, os.arch: &apos;amd64&apos;, os.version: &apos;10.0&apos;, java.version: &apos;17.0.7&apos;
Driver info: com.kms.katalon.selenium.driver.CRemoteWebDriver
Capabilities {acceptInsecureCerts: false, browserName: chrome, browserVersion: 133.0.6847.2, chrome: {chromedriverVersion: 133.0.6847.2 (7e95e23d2d1f8..., userDataDir: C:\Program Files\scoped_dir...}, fedcm:accounts: true, goog:chromeOptions: {debuggerAddress: localhost:9225}, javascriptEnabled: true, katalon:caps: {executionId: f6fc9d29-8df3-408d-924b-ac1..., executionSessionId: 6d396290-7b06-4eac-9371-6c8...}, katalon:options: {executionId: f6fc9d29-8df3-408d-924b-ac1..., executionSessionId: 6d396290-7b06-4eac-9371-6c8..., group: 9ab6bac5-1cc1-4a31-be02-e95..., metadata: {accountUuid: fda32340-531c-49aa-a0b7-40d..., organizationId: 1906073, usingTunnel: false}, organizationId: 1906073, runFromTestCloud: true, tenant: TestOps, tunnelMetadataId: 47bf9c75-9831-4539-a455-bf2..., userId: 1648280, username: innocent.beaver.duja@instan..., usingTunnel: true}, kt:requestId: 6d396290-7b06-4eac-9371-6c8..., kt:rid: 6d396290-7b06-4eac-9371-6c8..., networkConnectionEnabled: false, pageLoadStrategy: normal, platform: WINDOWS, platformName: WINDOWS, proxy: Proxy(), se:bidiEnabled: false, se:cdpEnabled: false, setWindowRect: true, strictFileInteractability: false, timeouts: {implicit: 0, pageLoad: 300000, script: 30000}, unhandledPromptBehavior: dismiss and notify, webauthn:extension:credBlob: true, webauthn:extension:largeBlob: true, webauthn:extension:minPinLength: true, webauthn:extension:prf: true, webauthn:virtualAuthenticators: true}
Session ID: 18f3a0ff9da4bdb4b7a79cbb0d5dd84d
*** Element info: {Using=xpath, value=//input[@id=&apos;user-name&apos;]}</property>
</record>
<record>
  <date>2025-01-31T14:48:47.197362200Z</date>
  <millis>1738334927197</millis>
  <nanos>362200</nanos>
  <sequence>278</sequence>
  <level>WARNING</level>
  <class>com.kms.katalon.core.logging.XmlKeywordLogger</class>
  <method>logMessage</method>
  <thread>1</thread>
  <message>[SELF-HEALING] invalid session id
Build info: version: &amp;apos;3.141.59&amp;apos;, revision: &amp;apos;unknown&amp;apos;, time: &amp;apos;unknown&amp;apos;
System info: host: &amp;apos;LAPTOP-5GQHVTHK&amp;apos;, ip: &amp;apos;192.168.0.101&amp;apos;, os.name: &amp;apos;Windows 11&amp;apos;, os.arch: &amp;apos;amd64&amp;apos;, os.version: &amp;apos;10.0&amp;apos;, java.version: &amp;apos;17.0.7&amp;apos;
Driver info: com.kms.katalon.selenium.driver.CRemoteWebDriver
Capabilities {acceptInsecureCerts: false, browserName: chrome, browserVersion: 133.0.6847.2, chrome: {chromedriverVersion: 133.0.6847.2 (7e95e23d2d1f8..., userDataDir: C:\Program Files\scoped_dir...}, fedcm:accounts: true, goog:chromeOptions: {debuggerAddress: localhost:9225}, javascriptEnabled: true, katalon:caps: {executionId: f6fc9d29-8df3-408d-924b-ac1..., executionSessionId: 6d396290-7b06-4eac-9371-6c8...}, katalon:options: {executionId: f6fc9d29-8df3-408d-924b-ac1..., executionSessionId: 6d396290-7b06-4eac-9371-6c8..., group: 9ab6bac5-1cc1-4a31-be02-e95..., metadata: {accountUuid: fda32340-531c-49aa-a0b7-40d..., organizationId: 1906073, usingTunnel: false}, organizationId: 1906073, runFromTestCloud: true, tenant: TestOps, tunnelMetadataId: 47bf9c75-9831-4539-a455-bf2..., userId: 1648280, username: innocent.beaver.duja@instan..., usingTunnel: true}, kt:requestId: 6d396290-7b06-4eac-9371-6c8..., kt:rid: 6d396290-7b06-4eac-9371-6c8..., networkConnectionEnabled: false, pageLoadStrategy: normal, platform: WINDOWS, platformName: WINDOWS, proxy: Proxy(), se:bidiEnabled: false, se:cdpEnabled: false, setWindowRect: true, strictFileInteractability: false, timeouts: {implicit: 0, pageLoad: 300000, script: 30000}, unhandledPromptBehavior: dismiss and notify, webauthn:extension:credBlob: true, webauthn:extension:largeBlob: true, webauthn:extension:minPinLength: true, webauthn:extension:prf: true, webauthn:virtualAuthenticators: true}
Session ID: 18f3a0ff9da4bdb4b7a79cbb0d5dd84d
*** Element info: {Using=xpath, value=//*[@placeholder = &amp;apos;Username&amp;apos; and @type = &amp;apos;text&amp;apos; and @id = &amp;apos;user-name&amp;apos; and @name = &amp;apos;user-name&amp;apos;]}</message>
  <nestedLevel>1</nestedLevel>
  <escapedJava>false</escapedJava>
  <property name="failed.exception.class">org.openqa.selenium.NoSuchSessionException</property>
  <property name="failed.exception.stacktrace">org.openqa.selenium.NoSuchSessionException: invalid session id
Build info: version: &apos;3.141.59&apos;, revision: &apos;unknown&apos;, time: &apos;unknown&apos;
System info: host: &apos;LAPTOP-5GQHVTHK&apos;, ip: &apos;192.168.0.101&apos;, os.name: &apos;Windows 11&apos;, os.arch: &apos;amd64&apos;, os.version: &apos;10.0&apos;, java.version: &apos;17.0.7&apos;
Driver info: com.kms.katalon.selenium.driver.CRemoteWebDriver
Capabilities {acceptInsecureCerts: false, browserName: chrome, browserVersion: 133.0.6847.2, chrome: {chromedriverVersion: 133.0.6847.2 (7e95e23d2d1f8..., userDataDir: C:\Program Files\scoped_dir...}, fedcm:accounts: true, goog:chromeOptions: {debuggerAddress: localhost:9225}, javascriptEnabled: true, katalon:caps: {executionId: f6fc9d29-8df3-408d-924b-ac1..., executionSessionId: 6d396290-7b06-4eac-9371-6c8...}, katalon:options: {executionId: f6fc9d29-8df3-408d-924b-ac1..., executionSessionId: 6d396290-7b06-4eac-9371-6c8..., group: 9ab6bac5-1cc1-4a31-be02-e95..., metadata: {accountUuid: fda32340-531c-49aa-a0b7-40d..., organizationId: 1906073, usingTunnel: false}, organizationId: 1906073, runFromTestCloud: true, tenant: TestOps, tunnelMetadataId: 47bf9c75-9831-4539-a455-bf2..., userId: 1648280, username: innocent.beaver.duja@instan..., usingTunnel: true}, kt:requestId: 6d396290-7b06-4eac-9371-6c8..., kt:rid: 6d396290-7b06-4eac-9371-6c8..., networkConnectionEnabled: false, pageLoadStrategy: normal, platform: WINDOWS, platformName: WINDOWS, proxy: Proxy(), se:bidiEnabled: false, se:cdpEnabled: false, setWindowRect: true, strictFileInteractability: false, timeouts: {implicit: 0, pageLoad: 300000, script: 30000}, unhandledPromptBehavior: dismiss and notify, webauthn:extension:credBlob: true, webauthn:extension:largeBlob: true, webauthn:extension:minPinLength: true, webauthn:extension:prf: true, webauthn:virtualAuthenticators: true}
Session ID: 18f3a0ff9da4bdb4b7a79cbb0d5dd84d
*** Element info: {Using=xpath, value=//*[@placeholder = &apos;Username&apos; and @type = &apos;text&apos; and @id = &apos;user-name&apos; and @name = &apos;user-name&apos;]}
	at jdk.internal.reflect.GeneratedConstructorAccessor21.newInstance(Unknown Source)
	at java.base/jdk.internal.reflect.DelegatingConstructorAccessorImpl.newInstance(DelegatingConstructorAccessorImpl.java:45)
	at org.openqa.selenium.remote.http.W3CHttpResponseCodec.createException(W3CHttpResponseCodec.java:187)
	at org.openqa.selenium.remote.http.W3CHttpResponseCodec.decode(W3CHttpResponseCodec.java:122)
	at org.openqa.selenium.remote.http.W3CHttpResponseCodec.decode(W3CHttpResponseCodec.java:49)
	at org.openqa.selenium.remote.HttpCommandExecutor.execute(HttpCommandExecutor.java:158)
	at org.openqa.selenium.remote.RemoteWebDriver.execute(RemoteWebDriver.java:552)
	at com.kms.katalon.selenium.driver.CRemoteWebDriver.execute(CRemoteWebDriver.java:30)
	at org.openqa.selenium.remote.RemoteWebDriver.findElements(RemoteWebDriver.java:353)
	at org.openqa.selenium.remote.RemoteWebDriver.findElementsByXPath(RemoteWebDriver.java:432)
	at org.openqa.selenium.By$ByXPath.findElements(By.java:348)
	at org.openqa.selenium.remote.RemoteWebDriver.findElements(RemoteWebDriver.java:311)
	at jdk.internal.reflect.GeneratedMethodAccessor8.invoke(Unknown Source)
	at java.base/jdk.internal.reflect.DelegatingMethodAccessorImpl.invoke(DelegatingMethodAccessorImpl.java:43)
	at org.openqa.selenium.support.events.EventFiringWebDriver.lambda$new$1(EventFiringWebDriver.java:105)
	at jdk.proxy2/jdk.proxy2.$Proxy23.findElements(Unknown Source)
	at org.openqa.selenium.support.events.EventFiringWebDriver.findElements(EventFiringWebDriver.java:182)
	at com.kms.katalon.core.webui.common.WebUiCommonHelper.findElementByNormalMethods(WebUiCommonHelper.java:1033)
	at com.kms.katalon.core.webui.common.WebUiCommonHelper.findElementsBySelectedMethod(WebUiCommonHelper.java:918)
	at com.kms.katalon.core.webui.common.WebUiCommonHelper.findElementsWithSelfHealing(WebUiCommonHelper.java:815)
	at com.kms.katalon.core.webui.common.WebUiCommonHelper.findWebElements(WebUiCommonHelper.java:727)
	at com.kms.katalon.core.webui.common.WebUiCommonHelper.findWebElement(WebUiCommonHelper.java:1413)
	at com.kms.katalon.core.webui.keyword.internal.WebUIAbstractKeyword.findWebElement(WebUIAbstractKeyword.groovy:27)
	at com.kms.katalon.core.webui.keyword.internal.WebUIAbstractKeyword.findWebElement(WebUIAbstractKeyword.groovy:26)
	at com.kms.katalon.core.webui.keyword.builtin.SetTextKeyword$_setText_closure1.doCall(SetTextKeyword.groovy:53)
	at com.kms.katalon.core.webui.keyword.builtin.SetTextKeyword$_setText_closure1.call(SetTextKeyword.groovy)
	at com.kms.katalon.core.webui.keyword.internal.WebUIKeywordMain.runKeyword(WebUIKeywordMain.groovy:35)
	at com.kms.katalon.core.webui.keyword.builtin.SetTextKeyword.setText(SetTextKeyword.groovy:85)
	at com.kms.katalon.core.webui.keyword.builtin.SetTextKeyword.execute(SetTextKeyword.groovy:39)
	at com.kms.katalon.core.keyword.internal.KeywordExecutor.executeKeywordForPlatform(KeywordExecutor.groovy:74)
	at com.kms.katalon.core.webui.keyword.WebUiBuiltInKeywords.setText(WebUiBuiltInKeywords.groovy:1019)
	at com.test.swaglabs.CustomLogin.WebLoginFifthAccount(CustomLogin.groovy:71)
	at java.base/jdk.internal.reflect.NativeMethodAccessorImpl.invoke0(Native Method)
	at java.base/jdk.internal.reflect.NativeMethodAccessorImpl.invoke(NativeMethodAccessorImpl.java:77)
	at java.base/jdk.internal.reflect.DelegatingMethodAccessorImpl.invoke(DelegatingMethodAccessorImpl.java:43)
	at com.kms.katalon.core.main.CustomKeywordDelegatingMetaClass.invokeStaticMethod(CustomKeywordDelegatingMetaClass.java:55)
	at Login by Fifth Account - error_user.run(Login by Fifth Account - error_user:24)
	at com.kms.katalon.core.main.ScriptEngine.run(ScriptEngine.java:194)
	at com.kms.katalon.core.main.ScriptEngine.runScriptAsRawText(ScriptEngine.java:119)
	at com.kms.katalon.core.main.TestCaseExecutor.runScript(TestCaseExecutor.java:448)
	at com.kms.katalon.core.main.TestCaseExecutor.doExecute(TestCaseExecutor.java:439)
	at com.kms.katalon.core.main.TestCaseExecutor.processExecutionPhase(TestCaseExecutor.java:418)
	at com.kms.katalon.core.main.TestCaseExecutor.accessMainPhase(TestCaseExecutor.java:410)
	at com.kms.katalon.core.main.TestCaseExecutor.execute(TestCaseExecutor.java:285)
	at com.kms.katalon.core.main.TestCaseExecutor.execute(TestCaseExecutor.java:369)
	at com.kms.katalon.core.main.TestCaseExecutor.execute(TestCaseExecutor.java:369)
	at com.kms.katalon.core.main.TestCaseExecutor.execute(TestCaseExecutor.java:369)
	at com.kms.katalon.core.common.CommonExecutor.accessTestCaseMainPhase(CommonExecutor.java:65)
	at com.kms.katalon.core.main.TestSuiteExecutor.accessTestSuiteMainPhase(TestSuiteExecutor.java:150)
	at com.kms.katalon.core.main.TestSuiteExecutor.execute(TestSuiteExecutor.java:106)
	at com.kms.katalon.core.main.TestCaseMain.startTestSuite(TestCaseMain.java:180)
	at TempTestSuite1738334733685.run(TempTestSuite1738334733685.groovy:35)
	at java.base/jdk.internal.reflect.NativeMethodAccessorImpl.invoke0(Native Method)
	at java.base/jdk.internal.reflect.NativeMethodAccessorImpl.invoke(NativeMethodAccessorImpl.java:77)
	at java.base/jdk.internal.reflect.DelegatingMethodAccessorImpl.invoke(DelegatingMethodAccessorImpl.java:43)
</property>
  <property name="failed.exception.message">invalid session id
Build info: version: &apos;3.141.59&apos;, revision: &apos;unknown&apos;, time: &apos;unknown&apos;
System info: host: &apos;LAPTOP-5GQHVTHK&apos;, ip: &apos;192.168.0.101&apos;, os.name: &apos;Windows 11&apos;, os.arch: &apos;amd64&apos;, os.version: &apos;10.0&apos;, java.version: &apos;17.0.7&apos;
Driver info: com.kms.katalon.selenium.driver.CRemoteWebDriver
Capabilities {acceptInsecureCerts: false, browserName: chrome, browserVersion: 133.0.6847.2, chrome: {chromedriverVersion: 133.0.6847.2 (7e95e23d2d1f8..., userDataDir: C:\Program Files\scoped_dir...}, fedcm:accounts: true, goog:chromeOptions: {debuggerAddress: localhost:9225}, javascriptEnabled: true, katalon:caps: {executionId: f6fc9d29-8df3-408d-924b-ac1..., executionSessionId: 6d396290-7b06-4eac-9371-6c8...}, katalon:options: {executionId: f6fc9d29-8df3-408d-924b-ac1..., executionSessionId: 6d396290-7b06-4eac-9371-6c8..., group: 9ab6bac5-1cc1-4a31-be02-e95..., metadata: {accountUuid: fda32340-531c-49aa-a0b7-40d..., organizationId: 1906073, usingTunnel: false}, organizationId: 1906073, runFromTestCloud: true, tenant: TestOps, tunnelMetadataId: 47bf9c75-9831-4539-a455-bf2..., userId: 1648280, username: innocent.beaver.duja@instan..., usingTunnel: true}, kt:requestId: 6d396290-7b06-4eac-9371-6c8..., kt:rid: 6d396290-7b06-4eac-9371-6c8..., networkConnectionEnabled: false, pageLoadStrategy: normal, platform: WINDOWS, platformName: WINDOWS, proxy: Proxy(), se:bidiEnabled: false, se:cdpEnabled: false, setWindowRect: true, strictFileInteractability: false, timeouts: {implicit: 0, pageLoad: 300000, script: 30000}, unhandledPromptBehavior: dismiss and notify, webauthn:extension:credBlob: true, webauthn:extension:largeBlob: true, webauthn:extension:minPinLength: true, webauthn:extension:prf: true, webauthn:virtualAuthenticators: true}
Session ID: 18f3a0ff9da4bdb4b7a79cbb0d5dd84d
*** Element info: {Using=xpath, value=//*[@placeholder = &apos;Username&apos; and @type = &apos;text&apos; and @id = &apos;user-name&apos; and @name = &apos;user-name&apos;]}</property>
</record>
<record>
  <date>2025-01-31T14:48:47.768056700Z</date>
  <millis>1738334927768</millis>
  <nanos>56700</nanos>
  <sequence>282</sequence>
  <level>WARNING</level>
  <class>com.kms.katalon.core.logging.XmlKeywordLogger</class>
  <method>logMessage</method>
  <thread>1</thread>
  <message>[SELF-HEALING] invalid session id
Build info: version: &amp;apos;3.141.59&amp;apos;, revision: &amp;apos;unknown&amp;apos;, time: &amp;apos;unknown&amp;apos;
System info: host: &amp;apos;LAPTOP-5GQHVTHK&amp;apos;, ip: &amp;apos;192.168.0.101&amp;apos;, os.name: &amp;apos;Windows 11&amp;apos;, os.arch: &amp;apos;amd64&amp;apos;, os.version: &amp;apos;10.0&amp;apos;, java.version: &amp;apos;17.0.7&amp;apos;
Driver info: com.kms.katalon.selenium.driver.CRemoteWebDriver
Capabilities {acceptInsecureCerts: false, browserName: chrome, browserVersion: 133.0.6847.2, chrome: {chromedriverVersion: 133.0.6847.2 (7e95e23d2d1f8..., userDataDir: C:\Program Files\scoped_dir...}, fedcm:accounts: true, goog:chromeOptions: {debuggerAddress: localhost:9225}, javascriptEnabled: true, katalon:caps: {executionId: f6fc9d29-8df3-408d-924b-ac1..., executionSessionId: 6d396290-7b06-4eac-9371-6c8...}, katalon:options: {executionId: f6fc9d29-8df3-408d-924b-ac1..., executionSessionId: 6d396290-7b06-4eac-9371-6c8..., group: 9ab6bac5-1cc1-4a31-be02-e95..., metadata: {accountUuid: fda32340-531c-49aa-a0b7-40d..., organizationId: 1906073, usingTunnel: false}, organizationId: 1906073, runFromTestCloud: true, tenant: TestOps, tunnelMetadataId: 47bf9c75-9831-4539-a455-bf2..., userId: 1648280, username: innocent.beaver.duja@instan..., usingTunnel: true}, kt:requestId: 6d396290-7b06-4eac-9371-6c8..., kt:rid: 6d396290-7b06-4eac-9371-6c8..., networkConnectionEnabled: false, pageLoadStrategy: normal, platform: WINDOWS, platformName: WINDOWS, proxy: Proxy(), se:bidiEnabled: false, se:cdpEnabled: false, setWindowRect: true, strictFileInteractability: false, timeouts: {implicit: 0, pageLoad: 300000, script: 30000}, unhandledPromptBehavior: dismiss and notify, webauthn:extension:credBlob: true, webauthn:extension:largeBlob: true, webauthn:extension:minPinLength: true, webauthn:extension:prf: true, webauthn:virtualAuthenticators: true}
Session ID: 18f3a0ff9da4bdb4b7a79cbb0d5dd84d
*** Element info: {Using=css selector, value=#user-name}</message>
  <nestedLevel>1</nestedLevel>
  <escapedJava>false</escapedJava>
  <property name="failed.exception.class">org.openqa.selenium.NoSuchSessionException</property>
  <property name="failed.exception.stacktrace">org.openqa.selenium.NoSuchSessionException: invalid session id
Build info: version: &apos;3.141.59&apos;, revision: &apos;unknown&apos;, time: &apos;unknown&apos;
System info: host: &apos;LAPTOP-5GQHVTHK&apos;, ip: &apos;192.168.0.101&apos;, os.name: &apos;Windows 11&apos;, os.arch: &apos;amd64&apos;, os.version: &apos;10.0&apos;, java.version: &apos;17.0.7&apos;
Driver info: com.kms.katalon.selenium.driver.CRemoteWebDriver
Capabilities {acceptInsecureCerts: false, browserName: chrome, browserVersion: 133.0.6847.2, chrome: {chromedriverVersion: 133.0.6847.2 (7e95e23d2d1f8..., userDataDir: C:\Program Files\scoped_dir...}, fedcm:accounts: true, goog:chromeOptions: {debuggerAddress: localhost:9225}, javascriptEnabled: true, katalon:caps: {executionId: f6fc9d29-8df3-408d-924b-ac1..., executionSessionId: 6d396290-7b06-4eac-9371-6c8...}, katalon:options: {executionId: f6fc9d29-8df3-408d-924b-ac1..., executionSessionId: 6d396290-7b06-4eac-9371-6c8..., group: 9ab6bac5-1cc1-4a31-be02-e95..., metadata: {accountUuid: fda32340-531c-49aa-a0b7-40d..., organizationId: 1906073, usingTunnel: false}, organizationId: 1906073, runFromTestCloud: true, tenant: TestOps, tunnelMetadataId: 47bf9c75-9831-4539-a455-bf2..., userId: 1648280, username: innocent.beaver.duja@instan..., usingTunnel: true}, kt:requestId: 6d396290-7b06-4eac-9371-6c8..., kt:rid: 6d396290-7b06-4eac-9371-6c8..., networkConnectionEnabled: false, pageLoadStrategy: normal, platform: WINDOWS, platformName: WINDOWS, proxy: Proxy(), se:bidiEnabled: false, se:cdpEnabled: false, setWindowRect: true, strictFileInteractability: false, timeouts: {implicit: 0, pageLoad: 300000, script: 30000}, unhandledPromptBehavior: dismiss and notify, webauthn:extension:credBlob: true, webauthn:extension:largeBlob: true, webauthn:extension:minPinLength: true, webauthn:extension:prf: true, webauthn:virtualAuthenticators: true}
Session ID: 18f3a0ff9da4bdb4b7a79cbb0d5dd84d
*** Element info: {Using=css selector, value=#user-name}
	at jdk.internal.reflect.GeneratedConstructorAccessor21.newInstance(Unknown Source)
	at java.base/jdk.internal.reflect.DelegatingConstructorAccessorImpl.newInstance(DelegatingConstructorAccessorImpl.java:45)
	at org.openqa.selenium.remote.http.W3CHttpResponseCodec.createException(W3CHttpResponseCodec.java:187)
	at org.openqa.selenium.remote.http.W3CHttpResponseCodec.decode(W3CHttpResponseCodec.java:122)
	at org.openqa.selenium.remote.http.W3CHttpResponseCodec.decode(W3CHttpResponseCodec.java:49)
	at org.openqa.selenium.remote.HttpCommandExecutor.execute(HttpCommandExecutor.java:158)
	at org.openqa.selenium.remote.RemoteWebDriver.execute(RemoteWebDriver.java:552)
	at com.kms.katalon.selenium.driver.CRemoteWebDriver.execute(CRemoteWebDriver.java:30)
	at org.openqa.selenium.remote.RemoteWebDriver.findElements(RemoteWebDriver.java:353)
	at org.openqa.selenium.remote.RemoteWebDriver.findElementsByCssSelector(RemoteWebDriver.java:424)
	at org.openqa.selenium.By$ByCssSelector.findElements(By.java:441)
	at org.openqa.selenium.remote.RemoteWebDriver.findElements(RemoteWebDriver.java:311)
	at jdk.internal.reflect.GeneratedMethodAccessor8.invoke(Unknown Source)
	at java.base/jdk.internal.reflect.DelegatingMethodAccessorImpl.invoke(DelegatingMethodAccessorImpl.java:43)
	at org.openqa.selenium.support.events.EventFiringWebDriver.lambda$new$1(EventFiringWebDriver.java:105)
	at jdk.proxy2/jdk.proxy2.$Proxy23.findElements(Unknown Source)
	at org.openqa.selenium.support.events.EventFiringWebDriver.findElements(EventFiringWebDriver.java:182)
	at com.kms.katalon.core.webui.common.WebUiCommonHelper.findElementByNormalMethods(WebUiCommonHelper.java:1033)
	at com.kms.katalon.core.webui.common.WebUiCommonHelper.findElementsBySelectedMethod(WebUiCommonHelper.java:920)
	at com.kms.katalon.core.webui.common.WebUiCommonHelper.findElementsWithSelfHealing(WebUiCommonHelper.java:815)
	at com.kms.katalon.core.webui.common.WebUiCommonHelper.findWebElements(WebUiCommonHelper.java:727)
	at com.kms.katalon.core.webui.common.WebUiCommonHelper.findWebElement(WebUiCommonHelper.java:1413)
	at com.kms.katalon.core.webui.keyword.internal.WebUIAbstractKeyword.findWebElement(WebUIAbstractKeyword.groovy:27)
	at com.kms.katalon.core.webui.keyword.internal.WebUIAbstractKeyword.findWebElement(WebUIAbstractKeyword.groovy:26)
	at com.kms.katalon.core.webui.keyword.builtin.SetTextKeyword$_setText_closure1.doCall(SetTextKeyword.groovy:53)
	at com.kms.katalon.core.webui.keyword.builtin.SetTextKeyword$_setText_closure1.call(SetTextKeyword.groovy)
	at com.kms.katalon.core.webui.keyword.internal.WebUIKeywordMain.runKeyword(WebUIKeywordMain.groovy:35)
	at com.kms.katalon.core.webui.keyword.builtin.SetTextKeyword.setText(SetTextKeyword.groovy:85)
	at com.kms.katalon.core.webui.keyword.builtin.SetTextKeyword.execute(SetTextKeyword.groovy:39)
	at com.kms.katalon.core.keyword.internal.KeywordExecutor.executeKeywordForPlatform(KeywordExecutor.groovy:74)
	at com.kms.katalon.core.webui.keyword.WebUiBuiltInKeywords.setText(WebUiBuiltInKeywords.groovy:1019)
	at com.test.swaglabs.CustomLogin.WebLoginFifthAccount(CustomLogin.groovy:71)
	at java.base/jdk.internal.reflect.NativeMethodAccessorImpl.invoke0(Native Method)
	at java.base/jdk.internal.reflect.NativeMethodAccessorImpl.invoke(NativeMethodAccessorImpl.java:77)
	at java.base/jdk.internal.reflect.DelegatingMethodAccessorImpl.invoke(DelegatingMethodAccessorImpl.java:43)
	at com.kms.katalon.core.main.CustomKeywordDelegatingMetaClass.invokeStaticMethod(CustomKeywordDelegatingMetaClass.java:55)
	at Login by Fifth Account - error_user.run(Login by Fifth Account - error_user:24)
	at com.kms.katalon.core.main.ScriptEngine.run(ScriptEngine.java:194)
	at com.kms.katalon.core.main.ScriptEngine.runScriptAsRawText(ScriptEngine.java:119)
	at com.kms.katalon.core.main.TestCaseExecutor.runScript(TestCaseExecutor.java:448)
	at com.kms.katalon.core.main.TestCaseExecutor.doExecute(TestCaseExecutor.java:439)
	at com.kms.katalon.core.main.TestCaseExecutor.processExecutionPhase(TestCaseExecutor.java:418)
	at com.kms.katalon.core.main.TestCaseExecutor.accessMainPhase(TestCaseExecutor.java:410)
	at com.kms.katalon.core.main.TestCaseExecutor.execute(TestCaseExecutor.java:285)
	at com.kms.katalon.core.main.TestCaseExecutor.execute(TestCaseExecutor.java:369)
	at com.kms.katalon.core.main.TestCaseExecutor.execute(TestCaseExecutor.java:369)
	at com.kms.katalon.core.main.TestCaseExecutor.execute(TestCaseExecutor.java:369)
	at com.kms.katalon.core.common.CommonExecutor.accessTestCaseMainPhase(CommonExecutor.java:65)
	at com.kms.katalon.core.main.TestSuiteExecutor.accessTestSuiteMainPhase(TestSuiteExecutor.java:150)
	at com.kms.katalon.core.main.TestSuiteExecutor.execute(TestSuiteExecutor.java:106)
	at com.kms.katalon.core.main.TestCaseMain.startTestSuite(TestCaseMain.java:180)
	at TempTestSuite1738334733685.run(TempTestSuite1738334733685.groovy:35)
	at java.base/jdk.internal.reflect.NativeMethodAccessorImpl.invoke0(Native Method)
	at java.base/jdk.internal.reflect.NativeMethodAccessorImpl.invoke(NativeMethodAccessorImpl.java:77)
	at java.base/jdk.internal.reflect.DelegatingMethodAccessorImpl.invoke(DelegatingMethodAccessorImpl.java:43)
</property>
  <property name="failed.exception.message">invalid session id
Build info: version: &apos;3.141.59&apos;, revision: &apos;unknown&apos;, time: &apos;unknown&apos;
System info: host: &apos;LAPTOP-5GQHVTHK&apos;, ip: &apos;192.168.0.101&apos;, os.name: &apos;Windows 11&apos;, os.arch: &apos;amd64&apos;, os.version: &apos;10.0&apos;, java.version: &apos;17.0.7&apos;
Driver info: com.kms.katalon.selenium.driver.CRemoteWebDriver
Capabilities {acceptInsecureCerts: false, browserName: chrome, browserVersion: 133.0.6847.2, chrome: {chromedriverVersion: 133.0.6847.2 (7e95e23d2d1f8..., userDataDir: C:\Program Files\scoped_dir...}, fedcm:accounts: true, goog:chromeOptions: {debuggerAddress: localhost:9225}, javascriptEnabled: true, katalon:caps: {executionId: f6fc9d29-8df3-408d-924b-ac1..., executionSessionId: 6d396290-7b06-4eac-9371-6c8...}, katalon:options: {executionId: f6fc9d29-8df3-408d-924b-ac1..., executionSessionId: 6d396290-7b06-4eac-9371-6c8..., group: 9ab6bac5-1cc1-4a31-be02-e95..., metadata: {accountUuid: fda32340-531c-49aa-a0b7-40d..., organizationId: 1906073, usingTunnel: false}, organizationId: 1906073, runFromTestCloud: true, tenant: TestOps, tunnelMetadataId: 47bf9c75-9831-4539-a455-bf2..., userId: 1648280, username: innocent.beaver.duja@instan..., usingTunnel: true}, kt:requestId: 6d396290-7b06-4eac-9371-6c8..., kt:rid: 6d396290-7b06-4eac-9371-6c8..., networkConnectionEnabled: false, pageLoadStrategy: normal, platform: WINDOWS, platformName: WINDOWS, proxy: Proxy(), se:bidiEnabled: false, se:cdpEnabled: false, setWindowRect: true, strictFileInteractability: false, timeouts: {implicit: 0, pageLoad: 300000, script: 30000}, unhandledPromptBehavior: dismiss and notify, webauthn:extension:credBlob: true, webauthn:extension:largeBlob: true, webauthn:extension:minPinLength: true, webauthn:extension:prf: true, webauthn:virtualAuthenticators: true}
Session ID: 18f3a0ff9da4bdb4b7a79cbb0d5dd84d
*** Element info: {Using=css selector, value=#user-name}</property>
</record>
<record>
  <date>2025-01-31T14:48:48.054320700Z</date>
  <millis>1738334928054</millis>
  <nanos>320700</nanos>
  <sequence>284</sequence>
  <level>WARNING</level>
  <class>com.kms.katalon.core.logging.XmlKeywordLogger</class>
  <method>logMessage</method>
  <thread>1</thread>
  <message>Cannot take screenshot</message>
  <nestedLevel>1</nestedLevel>
  <escapedJava>false</escapedJava>
  <property name="failed.exception.class">org.openqa.selenium.WebDriverException</property>
  <property name="failed.exception.stacktrace">org.openqa.selenium.WebDriverException: An unknown error has occurred
Build info: version: &apos;3.141.59&apos;, revision: &apos;unknown&apos;, time: &apos;unknown&apos;
System info: host: &apos;LAPTOP-5GQHVTHK&apos;, ip: &apos;192.168.0.101&apos;, os.name: &apos;Windows 11&apos;, os.arch: &apos;amd64&apos;, os.version: &apos;10.0&apos;, java.version: &apos;17.0.7&apos;
Driver info: com.kms.katalon.selenium.driver.CRemoteWebDriver
Capabilities {acceptInsecureCerts: false, browserName: chrome, browserVersion: 133.0.6847.2, chrome: {chromedriverVersion: 133.0.6847.2 (7e95e23d2d1f8..., userDataDir: C:\Program Files\scoped_dir...}, fedcm:accounts: true, goog:chromeOptions: {debuggerAddress: localhost:9225}, javascriptEnabled: true, katalon:caps: {executionId: f6fc9d29-8df3-408d-924b-ac1..., executionSessionId: 6d396290-7b06-4eac-9371-6c8...}, katalon:options: {executionId: f6fc9d29-8df3-408d-924b-ac1..., executionSessionId: 6d396290-7b06-4eac-9371-6c8..., group: 9ab6bac5-1cc1-4a31-be02-e95..., metadata: {accountUuid: fda32340-531c-49aa-a0b7-40d..., organizationId: 1906073, usingTunnel: false}, organizationId: 1906073, runFromTestCloud: true, tenant: TestOps, tunnelMetadataId: 47bf9c75-9831-4539-a455-bf2..., userId: 1648280, username: innocent.beaver.duja@instan..., usingTunnel: true}, kt:requestId: 6d396290-7b06-4eac-9371-6c8..., kt:rid: 6d396290-7b06-4eac-9371-6c8..., networkConnectionEnabled: false, pageLoadStrategy: normal, platform: WINDOWS, platformName: WINDOWS, proxy: Proxy(), se:bidiEnabled: false, se:cdpEnabled: false, setWindowRect: true, strictFileInteractability: false, timeouts: {implicit: 0, pageLoad: 300000, script: 30000}, unhandledPromptBehavior: dismiss and notify, webauthn:extension:credBlob: true, webauthn:extension:largeBlob: true, webauthn:extension:minPinLength: true, webauthn:extension:prf: true, webauthn:virtualAuthenticators: true}
Session ID: 18f3a0ff9da4bdb4b7a79cbb0d5dd84d
	at java.base/jdk.internal.reflect.NativeConstructorAccessorImpl.newInstance0(Native Method)
	at java.base/jdk.internal.reflect.NativeConstructorAccessorImpl.newInstance(NativeConstructorAccessorImpl.java:77)
	at java.base/jdk.internal.reflect.DelegatingConstructorAccessorImpl.newInstance(DelegatingConstructorAccessorImpl.java:45)
	at org.openqa.selenium.remote.http.W3CHttpResponseCodec.createException(W3CHttpResponseCodec.java:187)
	at org.openqa.selenium.remote.http.W3CHttpResponseCodec.decode(W3CHttpResponseCodec.java:122)
	at org.openqa.selenium.remote.http.W3CHttpResponseCodec.decode(W3CHttpResponseCodec.java:49)
	at org.openqa.selenium.remote.HttpCommandExecutor.execute(HttpCommandExecutor.java:158)
	at org.openqa.selenium.remote.RemoteWebDriver.execute(RemoteWebDriver.java:552)
	at com.kms.katalon.selenium.driver.CRemoteWebDriver.execute(CRemoteWebDriver.java:30)
	at org.openqa.selenium.remote.RemoteWebDriver.execute(RemoteWebDriver.java:609)
	at org.openqa.selenium.remote.RemoteWebDriver.getScreenshotAs(RemoteWebDriver.java:295)
	at java.base/jdk.internal.reflect.NativeMethodAccessorImpl.invoke0(Native Method)
	at java.base/jdk.internal.reflect.NativeMethodAccessorImpl.invoke(NativeMethodAccessorImpl.java:77)
	at java.base/jdk.internal.reflect.DelegatingMethodAccessorImpl.invoke(DelegatingMethodAccessorImpl.java:43)
	at org.openqa.selenium.support.events.EventFiringWebDriver.lambda$new$1(EventFiringWebDriver.java:105)
	at jdk.proxy2/jdk.proxy2.$Proxy23.getScreenshotAs(Unknown Source)
	at org.openqa.selenium.support.events.EventFiringWebDriver.getScreenshotAs(EventFiringWebDriver.java:302)
	at com.kms.katalon.core.webui.helper.screenshot.WebUIScreenCaptor.take(WebUIScreenCaptor.java:26)
	at com.kms.katalon.core.helper.screenshot.ScreenCaptor.takeScreenshotAndGetAttributes(ScreenCaptor.java:38)
	at com.kms.katalon.core.webui.keyword.internal.WebUIKeywordMain.stepFailed(WebUIKeywordMain.groovy:117)
	at com.kms.katalon.core.webui.keyword.internal.WebUIKeywordMain.runKeyword(WebUIKeywordMain.groovy:43)
	at com.kms.katalon.core.webui.keyword.builtin.SetTextKeyword.setText(SetTextKeyword.groovy:85)
	at com.kms.katalon.core.webui.keyword.builtin.SetTextKeyword.execute(SetTextKeyword.groovy:39)
	at com.kms.katalon.core.keyword.internal.KeywordExecutor.executeKeywordForPlatform(KeywordExecutor.groovy:74)
	at com.kms.katalon.core.webui.keyword.WebUiBuiltInKeywords.setText(WebUiBuiltInKeywords.groovy:1019)
	at com.test.swaglabs.CustomLogin.WebLoginFifthAccount(CustomLogin.groovy:71)
	at java.base/jdk.internal.reflect.NativeMethodAccessorImpl.invoke0(Native Method)
	at java.base/jdk.internal.reflect.NativeMethodAccessorImpl.invoke(NativeMethodAccessorImpl.java:77)
	at java.base/jdk.internal.reflect.DelegatingMethodAccessorImpl.invoke(DelegatingMethodAccessorImpl.java:43)
	at com.kms.katalon.core.main.CustomKeywordDelegatingMetaClass.invokeStaticMethod(CustomKeywordDelegatingMetaClass.java:55)
	at Login by Fifth Account - error_user.run(Login by Fifth Account - error_user:24)
	at com.kms.katalon.core.main.ScriptEngine.run(ScriptEngine.java:194)
	at com.kms.katalon.core.main.ScriptEngine.runScriptAsRawText(ScriptEngine.java:119)
	at com.kms.katalon.core.main.TestCaseExecutor.runScript(TestCaseExecutor.java:448)
	at com.kms.katalon.core.main.TestCaseExecutor.doExecute(TestCaseExecutor.java:439)
	at com.kms.katalon.core.main.TestCaseExecutor.processExecutionPhase(TestCaseExecutor.java:418)
	at com.kms.katalon.core.main.TestCaseExecutor.accessMainPhase(TestCaseExecutor.java:410)
	at com.kms.katalon.core.main.TestCaseExecutor.execute(TestCaseExecutor.java:285)
	at com.kms.katalon.core.main.TestCaseExecutor.execute(TestCaseExecutor.java:369)
	at com.kms.katalon.core.main.TestCaseExecutor.execute(TestCaseExecutor.java:369)
	at com.kms.katalon.core.main.TestCaseExecutor.execute(TestCaseExecutor.java:369)
	at com.kms.katalon.core.common.CommonExecutor.accessTestCaseMainPhase(CommonExecutor.java:65)
	at com.kms.katalon.core.main.TestSuiteExecutor.accessTestSuiteMainPhase(TestSuiteExecutor.java:150)
	at com.kms.katalon.core.main.TestSuiteExecutor.execute(TestSuiteExecutor.java:106)
	at com.kms.katalon.core.main.TestCaseMain.startTestSuite(TestCaseMain.java:180)
	at TempTestSuite1738334733685.run(TempTestSuite1738334733685.groovy:35)
	at java.base/jdk.internal.reflect.NativeMethodAccessorImpl.invoke0(Native Method)
	at java.base/jdk.internal.reflect.NativeMethodAccessorImpl.invoke(NativeMethodAccessorImpl.java:77)
	at java.base/jdk.internal.reflect.DelegatingMethodAccessorImpl.invoke(DelegatingMethodAccessorImpl.java:43)
</property>
  <property name="failed.exception.message">An unknown error has occurred
Build info: version: &apos;3.141.59&apos;, revision: &apos;unknown&apos;, time: &apos;unknown&apos;
System info: host: &apos;LAPTOP-5GQHVTHK&apos;, ip: &apos;192.168.0.101&apos;, os.name: &apos;Windows 11&apos;, os.arch: &apos;amd64&apos;, os.version: &apos;10.0&apos;, java.version: &apos;17.0.7&apos;
Driver info: com.kms.katalon.selenium.driver.CRemoteWebDriver
Capabilities {acceptInsecureCerts: false, browserName: chrome, browserVersion: 133.0.6847.2, chrome: {chromedriverVersion: 133.0.6847.2 (7e95e23d2d1f8..., userDataDir: C:\Program Files\scoped_dir...}, fedcm:accounts: true, goog:chromeOptions: {debuggerAddress: localhost:9225}, javascriptEnabled: true, katalon:caps: {executionId: f6fc9d29-8df3-408d-924b-ac1..., executionSessionId: 6d396290-7b06-4eac-9371-6c8...}, katalon:options: {executionId: f6fc9d29-8df3-408d-924b-ac1..., executionSessionId: 6d396290-7b06-4eac-9371-6c8..., group: 9ab6bac5-1cc1-4a31-be02-e95..., metadata: {accountUuid: fda32340-531c-49aa-a0b7-40d..., organizationId: 1906073, usingTunnel: false}, organizationId: 1906073, runFromTestCloud: true, tenant: TestOps, tunnelMetadataId: 47bf9c75-9831-4539-a455-bf2..., userId: 1648280, username: innocent.beaver.duja@instan..., usingTunnel: true}, kt:requestId: 6d396290-7b06-4eac-9371-6c8..., kt:rid: 6d396290-7b06-4eac-9371-6c8..., networkConnectionEnabled: false, pageLoadStrategy: normal, platform: WINDOWS, platformName: WINDOWS, proxy: Proxy(), se:bidiEnabled: false, se:cdpEnabled: false, setWindowRect: true, strictFileInteractability: false, timeouts: {implicit: 0, pageLoad: 300000, script: 30000}, unhandledPromptBehavior: dismiss and notify, webauthn:extension:credBlob: true, webauthn:extension:largeBlob: true, webauthn:extension:minPinLength: true, webauthn:extension:prf: true, webauthn:virtualAuthenticators: true}
Session ID: 18f3a0ff9da4bdb4b7a79cbb0d5dd84d</property>
</record>
<record>
  <date>2025-01-31T14:48:48.058319700Z</date>
  <millis>1738334928058</millis>
  <nanos>319700</nanos>
  <sequence>288</sequence>
  <level>FAILED</level>
  <class>com.kms.katalon.core.logging.XmlKeywordLogger</class>
  <method>logMessage</method>
  <thread>1</thread>
  <message>Unable to set text &amp;apos;error_user&amp;apos; of object &amp;apos;Object Repository/Page_Swag Labs/input_Swag Labs_user-name&amp;apos; (Root cause: com.kms.katalon.core.exception.StepFailedException: Unable to set text &amp;apos;error_user&amp;apos; of object &amp;apos;Object Repository/Page_Swag Labs/input_Swag Labs_user-name&amp;apos;
	at com.kms.katalon.core.webui.keyword.internal.WebUIKeywordMain.stepFailed(WebUIKeywordMain.groovy:117)
	at com.kms.katalon.core.webui.keyword.internal.WebUIKeywordMain.runKeyword(WebUIKeywordMain.groovy:43)
	at com.kms.katalon.core.webui.keyword.builtin.SetTextKeyword.setText(SetTextKeyword.groovy:85)
	at com.kms.katalon.core.webui.keyword.builtin.SetTextKeyword.execute(SetTextKeyword.groovy:39)
	at com.kms.katalon.core.keyword.internal.KeywordExecutor.executeKeywordForPlatform(KeywordExecutor.groovy:74)
	at com.kms.katalon.core.webui.keyword.WebUiBuiltInKeywords.setText(WebUiBuiltInKeywords.groovy:1019)
	at com.test.swaglabs.CustomLogin.WebLoginFifthAccount(CustomLogin.groovy:71)
	at java.base/jdk.internal.reflect.NativeMethodAccessorImpl.invoke0(Native Method)
	at java.base/jdk.internal.reflect.NativeMethodAccessorImpl.invoke(NativeMethodAccessorImpl.java:77)
	at java.base/jdk.internal.reflect.DelegatingMethodAccessorImpl.invoke(DelegatingMethodAccessorImpl.java:43)
	at com.kms.katalon.core.main.CustomKeywordDelegatingMetaClass.invokeStaticMethod(CustomKeywordDelegatingMetaClass.java:55)
	at Login by Fifth Account - error_user.run(Login by Fifth Account - error_user:24)
	at com.kms.katalon.core.main.ScriptEngine.run(ScriptEngine.java:194)
	at com.kms.katalon.core.main.ScriptEngine.runScriptAsRawText(ScriptEngine.java:119)
	at com.kms.katalon.core.main.TestCaseExecutor.runScript(TestCaseExecutor.java:448)
	at com.kms.katalon.core.main.TestCaseExecutor.doExecute(TestCaseExecutor.java:439)
	at com.kms.katalon.core.main.TestCaseExecutor.processExecutionPhase(TestCaseExecutor.java:418)
	at com.kms.katalon.core.main.TestCaseExecutor.accessMainPhase(TestCaseExecutor.java:410)
	at com.kms.katalon.core.main.TestCaseExecutor.execute(TestCaseExecutor.java:285)
	at com.kms.katalon.core.main.TestCaseExecutor.execute(TestCaseExecutor.java:369)
	at com.kms.katalon.core.main.TestCaseExecutor.execute(TestCaseExecutor.java:369)
	at com.kms.katalon.core.main.TestCaseExecutor.execute(TestCaseExecutor.java:369)
	at com.kms.katalon.core.common.CommonExecutor.accessTestCaseMainPhase(CommonExecutor.java:65)
	at com.kms.katalon.core.main.TestSuiteExecutor.accessTestSuiteMainPhase(TestSuiteExecutor.java:150)
	at com.kms.katalon.core.main.TestSuiteExecutor.execute(TestSuiteExecutor.java:106)
	at com.kms.katalon.core.main.TestCaseMain.startTestSuite(TestCaseMain.java:180)
	at TempTestSuite1738334733685.run(TempTestSuite1738334733685.groovy:35)
	at java.base/jdk.internal.reflect.NativeMethodAccessorImpl.invoke0(Native Method)
	at java.base/jdk.internal.reflect.NativeMethodAccessorImpl.invoke(NativeMethodAccessorImpl.java:77)
	at java.base/jdk.internal.reflect.DelegatingMethodAccessorImpl.invoke(DelegatingMethodAccessorImpl.java:43)
Caused by: org.openqa.selenium.NoSuchSessionException: invalid session id: session deleted as the browser has closed the connection
from disconnected: Unable to receive message from renderer
  (Session info: chrome=133.0.6847.2)
Build info: version: &amp;apos;3.141.59&amp;apos;, revision: &amp;apos;unknown&amp;apos;, time: &amp;apos;unknown&amp;apos;
System info: host: &amp;apos;LAPTOP-5GQHVTHK&amp;apos;, ip: &amp;apos;192.168.0.101&amp;apos;, os.name: &amp;apos;Windows 11&amp;apos;, os.arch: &amp;apos;amd64&amp;apos;, os.version: &amp;apos;10.0&amp;apos;, java.version: &amp;apos;17.0.7&amp;apos;
Driver info: com.kms.katalon.selenium.driver.CRemoteWebDriver
Capabilities {acceptInsecureCerts: false, browserName: chrome, browserVersion: 133.0.6847.2, chrome: {chromedriverVersion: 133.0.6847.2 (7e95e23d2d1f8..., userDataDir: C:\Program Files\scoped_dir...}, fedcm:accounts: true, goog:chromeOptions: {debuggerAddress: localhost:9225}, javascriptEnabled: true, katalon:caps: {executionId: f6fc9d29-8df3-408d-924b-ac1..., executionSessionId: 6d396290-7b06-4eac-9371-6c8...}, katalon:options: {executionId: f6fc9d29-8df3-408d-924b-ac1..., executionSessionId: 6d396290-7b06-4eac-9371-6c8..., group: 9ab6bac5-1cc1-4a31-be02-e95..., metadata: {accountUuid: fda32340-531c-49aa-a0b7-40d..., organizationId: 1906073, usingTunnel: false}, organizationId: 1906073, runFromTestCloud: true, tenant: TestOps, tunnelMetadataId: 47bf9c75-9831-4539-a455-bf2..., userId: 1648280, username: innocent.beaver.duja@instan..., usingTunnel: true}, kt:requestId: 6d396290-7b06-4eac-9371-6c8..., kt:rid: 6d396290-7b06-4eac-9371-6c8..., networkConnectionEnabled: false, pageLoadStrategy: normal, platform: WINDOWS, platformName: WINDOWS, proxy: Proxy(), se:bidiEnabled: false, se:cdpEnabled: false, setWindowRect: true, strictFileInteractability: false, timeouts: {implicit: 0, pageLoad: 300000, script: 30000}, unhandledPromptBehavior: dismiss and notify, webauthn:extension:credBlob: true, webauthn:extension:largeBlob: true, webauthn:extension:minPinLength: true, webauthn:extension:prf: true, webauthn:virtualAuthenticators: true}
Session ID: 18f3a0ff9da4bdb4b7a79cbb0d5dd84d
*** Element info: {Using=xpath, value=//input[@id=&amp;apos;user-name&amp;apos;]}
	at jdk.internal.reflect.GeneratedConstructorAccessor21.newInstance(Unknown Source)
	at java.base/jdk.internal.reflect.DelegatingConstructorAccessorImpl.newInstance(DelegatingConstructorAccessorImpl.java:45)
	at org.openqa.selenium.remote.http.W3CHttpResponseCodec.createException(W3CHttpResponseCodec.java:187)
	at org.openqa.selenium.remote.http.W3CHttpResponseCodec.decode(W3CHttpResponseCodec.java:122)
	at org.openqa.selenium.remote.http.W3CHttpResponseCodec.decode(W3CHttpResponseCodec.java:49)
	at org.openqa.selenium.remote.HttpCommandExecutor.execute(HttpCommandExecutor.java:158)
	at org.openqa.selenium.remote.RemoteWebDriver.execute(RemoteWebDriver.java:552)
	at com.kms.katalon.selenium.driver.CRemoteWebDriver.execute(CRemoteWebDriver.java:30)
	at org.openqa.selenium.remote.RemoteWebDriver.findElements(RemoteWebDriver.java:353)
	at org.openqa.selenium.remote.RemoteWebDriver.findElementsByXPath(RemoteWebDriver.java:432)
	at org.openqa.selenium.By$ByXPath.findElements(By.java:348)
	at org.openqa.selenium.remote.RemoteWebDriver.findElements(RemoteWebDriver.java:311)
	at jdk.internal.reflect.GeneratedMethodAccessor8.invoke(Unknown Source)
	at java.base/jdk.internal.reflect.DelegatingMethodAccessorImpl.invoke(DelegatingMethodAccessorImpl.java:43)
	at org.openqa.selenium.support.events.EventFiringWebDriver.lambda$new$1(EventFiringWebDriver.java:105)
	at jdk.proxy2/jdk.proxy2.$Proxy23.findElements(Unknown Source)
	at org.openqa.selenium.support.events.EventFiringWebDriver.findElements(EventFiringWebDriver.java:182)
	at com.kms.katalon.core.webui.common.WebUiCommonHelper.findElementByNormalMethods(WebUiCommonHelper.java:1033)
	at com.kms.katalon.core.webui.common.WebUiCommonHelper.findElementsBySelectedMethod(WebUiCommonHelper.java:924)
	at com.kms.katalon.core.webui.common.WebUiCommonHelper.findElementsBySelectedMethod(WebUiCommonHelper.java:906)
	at com.kms.katalon.core.webui.common.WebUiCommonHelper.findElementsBySelectedMethod(WebUiCommonHelper.java:901)
	at com.kms.katalon.core.webui.common.WebUiCommonHelper.findElementsByDefault(WebUiCommonHelper.java:897)
	at com.kms.katalon.core.webui.common.WebUiCommonHelper.findElementsWithSelfHealing(WebUiCommonHelper.java:743)
	at com.kms.katalon.core.webui.common.WebUiCommonHelper.findWebElements(WebUiCommonHelper.java:727)
	at com.kms.katalon.core.webui.common.WebUiCommonHelper.findWebElement(WebUiCommonHelper.java:1413)
	at com.kms.katalon.core.webui.keyword.internal.WebUIAbstractKeyword.findWebElement(WebUIAbstractKeyword.groovy:27)
	at com.kms.katalon.core.webui.keyword.internal.WebUIAbstractKeyword.findWebElement(WebUIAbstractKeyword.groovy:26)
	at com.kms.katalon.core.webui.keyword.builtin.SetTextKeyword$_setText_closure1.doCall(SetTextKeyword.groovy:53)
	at com.kms.katalon.core.webui.keyword.builtin.SetTextKeyword$_setText_closure1.call(SetTextKeyword.groovy)
	at com.kms.katalon.core.webui.keyword.internal.WebUIKeywordMain.runKeyword(WebUIKeywordMain.groovy:35)
	at com.kms.katalon.core.webui.keyword.builtin.SetTextKeyword.setText(SetTextKeyword.groovy:85)
	at com.kms.katalon.core.webui.keyword.builtin.SetTextKeyword.execute(SetTextKeyword.groovy:39)
	at com.kms.katalon.core.keyword.internal.KeywordExecutor.executeKeywordForPlatform(KeywordExecutor.groovy:74)
	at com.kms.katalon.core.webui.keyword.WebUiBuiltInKeywords.setText(WebUiBuiltInKeywords.groovy:1019)
	at com.test.swaglabs.CustomLogin.WebLoginFifthAccount(CustomLogin.groovy:71)
	at java.base/jdk.internal.reflect.NativeMethodAccessorImpl.invoke0(Native Method)
	at java.base/jdk.internal.reflect.NativeMethodAccessorImpl.invoke(NativeMethodAccessorImpl.java:77)
	at java.base/jdk.internal.reflect.DelegatingMethodAccessorImpl.invoke(DelegatingMethodAccessorImpl.java:43)
	at com.kms.katalon.core.main.CustomKeywordDelegatingMetaClass.invokeStaticMethod(CustomKeywordDelegatingMetaClass.java:55)
	at Script1738220888053.run(Script1738220888053.groovy:24)
	... 18 more
)</message>
  <nestedLevel>1</nestedLevel>
  <escapedJava>false</escapedJava>
  <property name="failed.exception.class">org.openqa.selenium.NoSuchSessionException</property>
  <property name="failed.exception.stacktrace">org.openqa.selenium.NoSuchSessionException: invalid session id: session deleted as the browser has closed the connection
from disconnected: Unable to receive message from renderer
  (Session info: chrome=133.0.6847.2)
Build info: version: &apos;3.141.59&apos;, revision: &apos;unknown&apos;, time: &apos;unknown&apos;
System info: host: &apos;LAPTOP-5GQHVTHK&apos;, ip: &apos;192.168.0.101&apos;, os.name: &apos;Windows 11&apos;, os.arch: &apos;amd64&apos;, os.version: &apos;10.0&apos;, java.version: &apos;17.0.7&apos;
Driver info: com.kms.katalon.selenium.driver.CRemoteWebDriver
Capabilities {acceptInsecureCerts: false, browserName: chrome, browserVersion: 133.0.6847.2, chrome: {chromedriverVersion: 133.0.6847.2 (7e95e23d2d1f8..., userDataDir: C:\Program Files\scoped_dir...}, fedcm:accounts: true, goog:chromeOptions: {debuggerAddress: localhost:9225}, javascriptEnabled: true, katalon:caps: {executionId: f6fc9d29-8df3-408d-924b-ac1..., executionSessionId: 6d396290-7b06-4eac-9371-6c8...}, katalon:options: {executionId: f6fc9d29-8df3-408d-924b-ac1..., executionSessionId: 6d396290-7b06-4eac-9371-6c8..., group: 9ab6bac5-1cc1-4a31-be02-e95..., metadata: {accountUuid: fda32340-531c-49aa-a0b7-40d..., organizationId: 1906073, usingTunnel: false}, organizationId: 1906073, runFromTestCloud: true, tenant: TestOps, tunnelMetadataId: 47bf9c75-9831-4539-a455-bf2..., userId: 1648280, username: innocent.beaver.duja@instan..., usingTunnel: true}, kt:requestId: 6d396290-7b06-4eac-9371-6c8..., kt:rid: 6d396290-7b06-4eac-9371-6c8..., networkConnectionEnabled: false, pageLoadStrategy: normal, platform: WINDOWS, platformName: WINDOWS, proxy: Proxy(), se:bidiEnabled: false, se:cdpEnabled: false, setWindowRect: true, strictFileInteractability: false, timeouts: {implicit: 0, pageLoad: 300000, script: 30000}, unhandledPromptBehavior: dismiss and notify, webauthn:extension:credBlob: true, webauthn:extension:largeBlob: true, webauthn:extension:minPinLength: true, webauthn:extension:prf: true, webauthn:virtualAuthenticators: true}
Session ID: 18f3a0ff9da4bdb4b7a79cbb0d5dd84d
*** Element info: {Using=xpath, value=//input[@id=&apos;user-name&apos;]}
	at jdk.internal.reflect.GeneratedConstructorAccessor21.newInstance(Unknown Source)
	at java.base/jdk.internal.reflect.DelegatingConstructorAccessorImpl.newInstance(DelegatingConstructorAccessorImpl.java:45)
	at org.openqa.selenium.remote.http.W3CHttpResponseCodec.createException(W3CHttpResponseCodec.java:187)
	at org.openqa.selenium.remote.http.W3CHttpResponseCodec.decode(W3CHttpResponseCodec.java:122)
	at org.openqa.selenium.remote.http.W3CHttpResponseCodec.decode(W3CHttpResponseCodec.java:49)
	at org.openqa.selenium.remote.HttpCommandExecutor.execute(HttpCommandExecutor.java:158)
	at org.openqa.selenium.remote.RemoteWebDriver.execute(RemoteWebDriver.java:552)
	at com.kms.katalon.selenium.driver.CRemoteWebDriver.execute(CRemoteWebDriver.java:30)
	at org.openqa.selenium.remote.RemoteWebDriver.findElements(RemoteWebDriver.java:353)
	at org.openqa.selenium.remote.RemoteWebDriver.findElementsByXPath(RemoteWebDriver.java:432)
	at org.openqa.selenium.By$ByXPath.findElements(By.java:348)
	at org.openqa.selenium.remote.RemoteWebDriver.findElements(RemoteWebDriver.java:311)
	at jdk.internal.reflect.GeneratedMethodAccessor8.invoke(Unknown Source)
	at java.base/jdk.internal.reflect.DelegatingMethodAccessorImpl.invoke(DelegatingMethodAccessorImpl.java:43)
	at org.openqa.selenium.support.events.EventFiringWebDriver.lambda$new$1(EventFiringWebDriver.java:105)
	at jdk.proxy2/jdk.proxy2.$Proxy23.findElements(Unknown Source)
	at org.openqa.selenium.support.events.EventFiringWebDriver.findElements(EventFiringWebDriver.java:182)
	at com.kms.katalon.core.webui.common.WebUiCommonHelper.findElementByNormalMethods(WebUiCommonHelper.java:1033)
	at com.kms.katalon.core.webui.common.WebUiCommonHelper.findElementsBySelectedMethod(WebUiCommonHelper.java:924)
	at com.kms.katalon.core.webui.common.WebUiCommonHelper.findElementsBySelectedMethod(WebUiCommonHelper.java:906)
	at com.kms.katalon.core.webui.common.WebUiCommonHelper.findElementsBySelectedMethod(WebUiCommonHelper.java:901)
	at com.kms.katalon.core.webui.common.WebUiCommonHelper.findElementsByDefault(WebUiCommonHelper.java:897)
	at com.kms.katalon.core.webui.common.WebUiCommonHelper.findElementsWithSelfHealing(WebUiCommonHelper.java:743)
	at com.kms.katalon.core.webui.common.WebUiCommonHelper.findWebElements(WebUiCommonHelper.java:727)
	at com.kms.katalon.core.webui.common.WebUiCommonHelper.findWebElement(WebUiCommonHelper.java:1413)
	at com.kms.katalon.core.webui.keyword.internal.WebUIAbstractKeyword.findWebElement(WebUIAbstractKeyword.groovy:27)
	at com.kms.katalon.core.webui.keyword.internal.WebUIAbstractKeyword.findWebElement(WebUIAbstractKeyword.groovy:26)
	at com.kms.katalon.core.webui.keyword.builtin.SetTextKeyword$_setText_closure1.doCall(SetTextKeyword.groovy:53)
	at com.kms.katalon.core.webui.keyword.builtin.SetTextKeyword$_setText_closure1.call(SetTextKeyword.groovy)
	at com.kms.katalon.core.webui.keyword.internal.WebUIKeywordMain.runKeyword(WebUIKeywordMain.groovy:35)
	at com.kms.katalon.core.webui.keyword.builtin.SetTextKeyword.setText(SetTextKeyword.groovy:85)
	at com.kms.katalon.core.webui.keyword.builtin.SetTextKeyword.execute(SetTextKeyword.groovy:39)
	at com.kms.katalon.core.keyword.internal.KeywordExecutor.executeKeywordForPlatform(KeywordExecutor.groovy:74)
	at com.kms.katalon.core.webui.keyword.WebUiBuiltInKeywords.setText(WebUiBuiltInKeywords.groovy:1019)
	at com.test.swaglabs.CustomLogin.WebLoginFifthAccount(CustomLogin.groovy:71)
	at java.base/jdk.internal.reflect.NativeMethodAccessorImpl.invoke0(Native Method)
	at java.base/jdk.internal.reflect.NativeMethodAccessorImpl.invoke(NativeMethodAccessorImpl.java:77)
	at java.base/jdk.internal.reflect.DelegatingMethodAccessorImpl.invoke(DelegatingMethodAccessorImpl.java:43)
	at com.kms.katalon.core.main.CustomKeywordDelegatingMetaClass.invokeStaticMethod(CustomKeywordDelegatingMetaClass.java:55)
	at Login by Fifth Account - error_user.run(Login by Fifth Account - error_user:24)
	at com.kms.katalon.core.main.ScriptEngine.run(ScriptEngine.java:194)
	at com.kms.katalon.core.main.ScriptEngine.runScriptAsRawText(ScriptEngine.java:119)
	at com.kms.katalon.core.main.TestCaseExecutor.runScript(TestCaseExecutor.java:448)
	at com.kms.katalon.core.main.TestCaseExecutor.doExecute(TestCaseExecutor.java:439)
	at com.kms.katalon.core.main.TestCaseExecutor.processExecutionPhase(TestCaseExecutor.java:418)
	at com.kms.katalon.core.main.TestCaseExecutor.accessMainPhase(TestCaseExecutor.java:410)
	at com.kms.katalon.core.main.TestCaseExecutor.execute(TestCaseExecutor.java:285)
	at com.kms.katalon.core.main.TestCaseExecutor.execute(TestCaseExecutor.java:369)
	at com.kms.katalon.core.main.TestCaseExecutor.execute(TestCaseExecutor.java:369)
	at com.kms.katalon.core.main.TestCaseExecutor.execute(TestCaseExecutor.java:369)
	at com.kms.katalon.core.common.CommonExecutor.accessTestCaseMainPhase(CommonExecutor.java:65)
	at com.kms.katalon.core.main.TestSuiteExecutor.accessTestSuiteMainPhase(TestSuiteExecutor.java:150)
	at com.kms.katalon.core.main.TestSuiteExecutor.execute(TestSuiteExecutor.java:106)
	at com.kms.katalon.core.main.TestCaseMain.startTestSuite(TestCaseMain.java:180)
	at TempTestSuite1738334733685.run(TempTestSuite1738334733685.groovy:35)
	at java.base/jdk.internal.reflect.NativeMethodAccessorImpl.invoke0(Native Method)
	at java.base/jdk.internal.reflect.NativeMethodAccessorImpl.invoke(NativeMethodAccessorImpl.java:77)
	at java.base/jdk.internal.reflect.DelegatingMethodAccessorImpl.invoke(DelegatingMethodAccessorImpl.java:43)
</property>
  <property name="failed.exception.message">invalid session id: session deleted as the browser has closed the connection
from disconnected: Unable to receive message from renderer
  (Session info: chrome=133.0.6847.2)
Build info: version: &apos;3.141.59&apos;, revision: &apos;unknown&apos;, time: &apos;unknown&apos;
System info: host: &apos;LAPTOP-5GQHVTHK&apos;, ip: &apos;192.168.0.101&apos;, os.name: &apos;Windows 11&apos;, os.arch: &apos;amd64&apos;, os.version: &apos;10.0&apos;, java.version: &apos;17.0.7&apos;
Driver info: com.kms.katalon.selenium.driver.CRemoteWebDriver
Capabilities {acceptInsecureCerts: false, browserName: chrome, browserVersion: 133.0.6847.2, chrome: {chromedriverVersion: 133.0.6847.2 (7e95e23d2d1f8..., userDataDir: C:\Program Files\scoped_dir...}, fedcm:accounts: true, goog:chromeOptions: {debuggerAddress: localhost:9225}, javascriptEnabled: true, katalon:caps: {executionId: f6fc9d29-8df3-408d-924b-ac1..., executionSessionId: 6d396290-7b06-4eac-9371-6c8...}, katalon:options: {executionId: f6fc9d29-8df3-408d-924b-ac1..., executionSessionId: 6d396290-7b06-4eac-9371-6c8..., group: 9ab6bac5-1cc1-4a31-be02-e95..., metadata: {accountUuid: fda32340-531c-49aa-a0b7-40d..., organizationId: 1906073, usingTunnel: false}, organizationId: 1906073, runFromTestCloud: true, tenant: TestOps, tunnelMetadataId: 47bf9c75-9831-4539-a455-bf2..., userId: 1648280, username: innocent.beaver.duja@instan..., usingTunnel: true}, kt:requestId: 6d396290-7b06-4eac-9371-6c8..., kt:rid: 6d396290-7b06-4eac-9371-6c8..., networkConnectionEnabled: false, pageLoadStrategy: normal, platform: WINDOWS, platformName: WINDOWS, proxy: Proxy(), se:bidiEnabled: false, se:cdpEnabled: false, setWindowRect: true, strictFileInteractability: false, timeouts: {implicit: 0, pageLoad: 300000, script: 30000}, unhandledPromptBehavior: dismiss and notify, webauthn:extension:credBlob: true, webauthn:extension:largeBlob: true, webauthn:extension:minPinLength: true, webauthn:extension:prf: true, webauthn:virtualAuthenticators: true}
Session ID: 18f3a0ff9da4bdb4b7a79cbb0d5dd84d
*** Element info: {Using=xpath, value=//input[@id=&apos;user-name&apos;]}</property>
</record>
<record>
  <date>2025-01-31T14:48:48.062762300Z</date>
  <millis>1738334928062</millis>
  <nanos>762300</nanos>
  <sequence>290</sequence>
  <level>FAILED</level>
  <class>com.kms.katalon.core.logging.XmlKeywordLogger</class>
  <method>logMessage</method>
  <thread>1</thread>
  <message>Unable to set text &amp;apos;error_user&amp;apos; of object &amp;apos;Object Repository/Page_Swag Labs/input_Swag Labs_user-name&amp;apos;</message>
  <nestedLevel>1</nestedLevel>
  <escapedJava>false</escapedJava>
  <property name="failed.exception.class">org.openqa.selenium.NoSuchSessionException</property>
  <property name="failed.exception.stacktrace">org.openqa.selenium.NoSuchSessionException: invalid session id: session deleted as the browser has closed the connection
from disconnected: Unable to receive message from renderer
  (Session info: chrome=133.0.6847.2)
Build info: version: &apos;3.141.59&apos;, revision: &apos;unknown&apos;, time: &apos;unknown&apos;
System info: host: &apos;LAPTOP-5GQHVTHK&apos;, ip: &apos;192.168.0.101&apos;, os.name: &apos;Windows 11&apos;, os.arch: &apos;amd64&apos;, os.version: &apos;10.0&apos;, java.version: &apos;17.0.7&apos;
Driver info: com.kms.katalon.selenium.driver.CRemoteWebDriver
Capabilities {acceptInsecureCerts: false, browserName: chrome, browserVersion: 133.0.6847.2, chrome: {chromedriverVersion: 133.0.6847.2 (7e95e23d2d1f8..., userDataDir: C:\Program Files\scoped_dir...}, fedcm:accounts: true, goog:chromeOptions: {debuggerAddress: localhost:9225}, javascriptEnabled: true, katalon:caps: {executionId: f6fc9d29-8df3-408d-924b-ac1..., executionSessionId: 6d396290-7b06-4eac-9371-6c8...}, katalon:options: {executionId: f6fc9d29-8df3-408d-924b-ac1..., executionSessionId: 6d396290-7b06-4eac-9371-6c8..., group: 9ab6bac5-1cc1-4a31-be02-e95..., metadata: {accountUuid: fda32340-531c-49aa-a0b7-40d..., organizationId: 1906073, usingTunnel: false}, organizationId: 1906073, runFromTestCloud: true, tenant: TestOps, tunnelMetadataId: 47bf9c75-9831-4539-a455-bf2..., userId: 1648280, username: innocent.beaver.duja@instan..., usingTunnel: true}, kt:requestId: 6d396290-7b06-4eac-9371-6c8..., kt:rid: 6d396290-7b06-4eac-9371-6c8..., networkConnectionEnabled: false, pageLoadStrategy: normal, platform: WINDOWS, platformName: WINDOWS, proxy: Proxy(), se:bidiEnabled: false, se:cdpEnabled: false, setWindowRect: true, strictFileInteractability: false, timeouts: {implicit: 0, pageLoad: 300000, script: 30000}, unhandledPromptBehavior: dismiss and notify, webauthn:extension:credBlob: true, webauthn:extension:largeBlob: true, webauthn:extension:minPinLength: true, webauthn:extension:prf: true, webauthn:virtualAuthenticators: true}
Session ID: 18f3a0ff9da4bdb4b7a79cbb0d5dd84d
*** Element info: {Using=xpath, value=//input[@id=&apos;user-name&apos;]}
	at jdk.internal.reflect.GeneratedConstructorAccessor21.newInstance(Unknown Source)
	at java.base/jdk.internal.reflect.DelegatingConstructorAccessorImpl.newInstance(DelegatingConstructorAccessorImpl.java:45)
	at org.openqa.selenium.remote.http.W3CHttpResponseCodec.createException(W3CHttpResponseCodec.java:187)
	at org.openqa.selenium.remote.http.W3CHttpResponseCodec.decode(W3CHttpResponseCodec.java:122)
	at org.openqa.selenium.remote.http.W3CHttpResponseCodec.decode(W3CHttpResponseCodec.java:49)
	at org.openqa.selenium.remote.HttpCommandExecutor.execute(HttpCommandExecutor.java:158)
	at org.openqa.selenium.remote.RemoteWebDriver.execute(RemoteWebDriver.java:552)
	at com.kms.katalon.selenium.driver.CRemoteWebDriver.execute(CRemoteWebDriver.java:30)
	at org.openqa.selenium.remote.RemoteWebDriver.findElements(RemoteWebDriver.java:353)
	at org.openqa.selenium.remote.RemoteWebDriver.findElementsByXPath(RemoteWebDriver.java:432)
	at org.openqa.selenium.By$ByXPath.findElements(By.java:348)
	at org.openqa.selenium.remote.RemoteWebDriver.findElements(RemoteWebDriver.java:311)
	at jdk.internal.reflect.GeneratedMethodAccessor8.invoke(Unknown Source)
	at java.base/jdk.internal.reflect.DelegatingMethodAccessorImpl.invoke(DelegatingMethodAccessorImpl.java:43)
	at org.openqa.selenium.support.events.EventFiringWebDriver.lambda$new$1(EventFiringWebDriver.java:105)
	at jdk.proxy2/jdk.proxy2.$Proxy23.findElements(Unknown Source)
	at org.openqa.selenium.support.events.EventFiringWebDriver.findElements(EventFiringWebDriver.java:182)
	at com.kms.katalon.core.webui.common.WebUiCommonHelper.findElementByNormalMethods(WebUiCommonHelper.java:1033)
	at com.kms.katalon.core.webui.common.WebUiCommonHelper.findElementsBySelectedMethod(WebUiCommonHelper.java:924)
	at com.kms.katalon.core.webui.common.WebUiCommonHelper.findElementsBySelectedMethod(WebUiCommonHelper.java:906)
	at com.kms.katalon.core.webui.common.WebUiCommonHelper.findElementsBySelectedMethod(WebUiCommonHelper.java:901)
	at com.kms.katalon.core.webui.common.WebUiCommonHelper.findElementsByDefault(WebUiCommonHelper.java:897)
	at com.kms.katalon.core.webui.common.WebUiCommonHelper.findElementsWithSelfHealing(WebUiCommonHelper.java:743)
	at com.kms.katalon.core.webui.common.WebUiCommonHelper.findWebElements(WebUiCommonHelper.java:727)
	at com.kms.katalon.core.webui.common.WebUiCommonHelper.findWebElement(WebUiCommonHelper.java:1413)
	at com.kms.katalon.core.webui.keyword.internal.WebUIAbstractKeyword.findWebElement(WebUIAbstractKeyword.groovy:27)
	at com.kms.katalon.core.webui.keyword.internal.WebUIAbstractKeyword.findWebElement(WebUIAbstractKeyword.groovy:26)
	at com.kms.katalon.core.webui.keyword.builtin.SetTextKeyword$_setText_closure1.doCall(SetTextKeyword.groovy:53)
	at com.kms.katalon.core.webui.keyword.builtin.SetTextKeyword$_setText_closure1.call(SetTextKeyword.groovy)
	at com.kms.katalon.core.webui.keyword.internal.WebUIKeywordMain.runKeyword(WebUIKeywordMain.groovy:35)
	at com.kms.katalon.core.webui.keyword.builtin.SetTextKeyword.setText(SetTextKeyword.groovy:85)
	at com.kms.katalon.core.webui.keyword.builtin.SetTextKeyword.execute(SetTextKeyword.groovy:39)
	at com.kms.katalon.core.keyword.internal.KeywordExecutor.executeKeywordForPlatform(KeywordExecutor.groovy:74)
	at com.kms.katalon.core.webui.keyword.WebUiBuiltInKeywords.setText(WebUiBuiltInKeywords.groovy:1019)
	at com.test.swaglabs.CustomLogin.WebLoginFifthAccount(CustomLogin.groovy:71)
	at java.base/jdk.internal.reflect.NativeMethodAccessorImpl.invoke0(Native Method)
	at java.base/jdk.internal.reflect.NativeMethodAccessorImpl.invoke(NativeMethodAccessorImpl.java:77)
	at java.base/jdk.internal.reflect.DelegatingMethodAccessorImpl.invoke(DelegatingMethodAccessorImpl.java:43)
	at com.kms.katalon.core.main.CustomKeywordDelegatingMetaClass.invokeStaticMethod(CustomKeywordDelegatingMetaClass.java:55)
	at Login by Fifth Account - error_user.run(Login by Fifth Account - error_user:24)
	at com.kms.katalon.core.main.ScriptEngine.run(ScriptEngine.java:194)
	at com.kms.katalon.core.main.ScriptEngine.runScriptAsRawText(ScriptEngine.java:119)
	at com.kms.katalon.core.main.TestCaseExecutor.runScript(TestCaseExecutor.java:448)
	at com.kms.katalon.core.main.TestCaseExecutor.doExecute(TestCaseExecutor.java:439)
	at com.kms.katalon.core.main.TestCaseExecutor.processExecutionPhase(TestCaseExecutor.java:418)
	at com.kms.katalon.core.main.TestCaseExecutor.accessMainPhase(TestCaseExecutor.java:410)
	at com.kms.katalon.core.main.TestCaseExecutor.execute(TestCaseExecutor.java:285)
	at com.kms.katalon.core.main.TestCaseExecutor.execute(TestCaseExecutor.java:369)
	at com.kms.katalon.core.main.TestCaseExecutor.execute(TestCaseExecutor.java:369)
	at com.kms.katalon.core.main.TestCaseExecutor.execute(TestCaseExecutor.java:369)
	at com.kms.katalon.core.common.CommonExecutor.accessTestCaseMainPhase(CommonExecutor.java:65)
	at com.kms.katalon.core.main.TestSuiteExecutor.accessTestSuiteMainPhase(TestSuiteExecutor.java:150)
	at com.kms.katalon.core.main.TestSuiteExecutor.execute(TestSuiteExecutor.java:106)
	at com.kms.katalon.core.main.TestCaseMain.startTestSuite(TestCaseMain.java:180)
	at TempTestSuite1738334733685.run(TempTestSuite1738334733685.groovy:35)
	at java.base/jdk.internal.reflect.NativeMethodAccessorImpl.invoke0(Native Method)
	at java.base/jdk.internal.reflect.NativeMethodAccessorImpl.invoke(NativeMethodAccessorImpl.java:77)
	at java.base/jdk.internal.reflect.DelegatingMethodAccessorImpl.invoke(DelegatingMethodAccessorImpl.java:43)
</property>
  <property name="failed.exception.message">invalid session id: session deleted as the browser has closed the connection
from disconnected: Unable to receive message from renderer
  (Session info: chrome=133.0.6847.2)
Build info: version: &apos;3.141.59&apos;, revision: &apos;unknown&apos;, time: &apos;unknown&apos;
System info: host: &apos;LAPTOP-5GQHVTHK&apos;, ip: &apos;192.168.0.101&apos;, os.name: &apos;Windows 11&apos;, os.arch: &apos;amd64&apos;, os.version: &apos;10.0&apos;, java.version: &apos;17.0.7&apos;
Driver info: com.kms.katalon.selenium.driver.CRemoteWebDriver
Capabilities {acceptInsecureCerts: false, browserName: chrome, browserVersion: 133.0.6847.2, chrome: {chromedriverVersion: 133.0.6847.2 (7e95e23d2d1f8..., userDataDir: C:\Program Files\scoped_dir...}, fedcm:accounts: true, goog:chromeOptions: {debuggerAddress: localhost:9225}, javascriptEnabled: true, katalon:caps: {executionId: f6fc9d29-8df3-408d-924b-ac1..., executionSessionId: 6d396290-7b06-4eac-9371-6c8...}, katalon:options: {executionId: f6fc9d29-8df3-408d-924b-ac1..., executionSessionId: 6d396290-7b06-4eac-9371-6c8..., group: 9ab6bac5-1cc1-4a31-be02-e95..., metadata: {accountUuid: fda32340-531c-49aa-a0b7-40d..., organizationId: 1906073, usingTunnel: false}, organizationId: 1906073, runFromTestCloud: true, tenant: TestOps, tunnelMetadataId: 47bf9c75-9831-4539-a455-bf2..., userId: 1648280, username: innocent.beaver.duja@instan..., usingTunnel: true}, kt:requestId: 6d396290-7b06-4eac-9371-6c8..., kt:rid: 6d396290-7b06-4eac-9371-6c8..., networkConnectionEnabled: false, pageLoadStrategy: normal, platform: WINDOWS, platformName: WINDOWS, proxy: Proxy(), se:bidiEnabled: false, se:cdpEnabled: false, setWindowRect: true, strictFileInteractability: false, timeouts: {implicit: 0, pageLoad: 300000, script: 30000}, unhandledPromptBehavior: dismiss and notify, webauthn:extension:credBlob: true, webauthn:extension:largeBlob: true, webauthn:extension:minPinLength: true, webauthn:extension:prf: true, webauthn:virtualAuthenticators: true}
Session ID: 18f3a0ff9da4bdb4b7a79cbb0d5dd84d
*** Element info: {Using=xpath, value=//input[@id=&apos;user-name&apos;]}</property>
</record>
<record>
  <date>2025-01-31T14:48:48.065765200Z</date>
  <millis>1738334928065</millis>
  <nanos>765200</nanos>
  <sequence>293</sequence>
  <level>END</level>
  <class>com.kms.katalon.core.logging.XmlKeywordLogger</class>
  <method>endKeyword</method>
  <thread>1</thread>
  <message>End action : com.test.swaglabs.CustomLogin.WebLoginFifthAccount()</message>
  <nestedLevel>1</nestedLevel>
  <escapedJava>false</escapedJava>
</record>
<record>
  <date>2025-01-31T14:48:48.066765800Z</date>
  <millis>1738334928066</millis>
  <nanos>765800</nanos>
  <sequence>296</sequence>
  <level>FAILED</level>
  <class>com.kms.katalon.core.logging.XmlKeywordLogger</class>
  <method>logMessage</method>
  <thread>1</thread>
  <message>Test Cases/Login by Fifth Account - error_user FAILED.
Reason:
com.kms.katalon.core.exception.StepFailedException: Unable to set text &amp;apos;error_user&amp;apos; of object &amp;apos;Object Repository/Page_Swag Labs/input_Swag Labs_user-name&amp;apos;
	at com.kms.katalon.core.webui.keyword.internal.WebUIKeywordMain.stepFailed(WebUIKeywordMain.groovy:117)
	at com.kms.katalon.core.webui.keyword.internal.WebUIKeywordMain.runKeyword(WebUIKeywordMain.groovy:43)
	at com.kms.katalon.core.webui.keyword.builtin.SetTextKeyword.setText(SetTextKeyword.groovy:85)
	at com.kms.katalon.core.webui.keyword.builtin.SetTextKeyword.execute(SetTextKeyword.groovy:39)
	at com.kms.katalon.core.keyword.internal.KeywordExecutor.executeKeywordForPlatform(KeywordExecutor.groovy:74)
	at com.kms.katalon.core.webui.keyword.WebUiBuiltInKeywords.setText(WebUiBuiltInKeywords.groovy:1019)
	at com.test.swaglabs.CustomLogin.WebLoginFifthAccount(CustomLogin.groovy:71)
	at java.base/jdk.internal.reflect.NativeMethodAccessorImpl.invoke0(Native Method)
	at java.base/jdk.internal.reflect.NativeMethodAccessorImpl.invoke(NativeMethodAccessorImpl.java:77)
	at java.base/jdk.internal.reflect.DelegatingMethodAccessorImpl.invoke(DelegatingMethodAccessorImpl.java:43)
	at com.kms.katalon.core.main.CustomKeywordDelegatingMetaClass.invokeStaticMethod(CustomKeywordDelegatingMetaClass.java:55)
	at Login by Fifth Account - error_user.run(Login by Fifth Account - error_user:24)
	at com.kms.katalon.core.main.ScriptEngine.run(ScriptEngine.java:194)
	at com.kms.katalon.core.main.ScriptEngine.runScriptAsRawText(ScriptEngine.java:119)
	at com.kms.katalon.core.main.TestCaseExecutor.runScript(TestCaseExecutor.java:448)
	at com.kms.katalon.core.main.TestCaseExecutor.doExecute(TestCaseExecutor.java:439)
	at com.kms.katalon.core.main.TestCaseExecutor.processExecutionPhase(TestCaseExecutor.java:418)
	at com.kms.katalon.core.main.TestCaseExecutor.accessMainPhase(TestCaseExecutor.java:410)
	at com.kms.katalon.core.main.TestCaseExecutor.execute(TestCaseExecutor.java:285)
	at com.kms.katalon.core.main.TestCaseExecutor.execute(TestCaseExecutor.java:369)
	at com.kms.katalon.core.main.TestCaseExecutor.execute(TestCaseExecutor.java:369)
	at com.kms.katalon.core.main.TestCaseExecutor.execute(TestCaseExecutor.java:369)
	at com.kms.katalon.core.common.CommonExecutor.accessTestCaseMainPhase(CommonExecutor.java:65)
	at com.kms.katalon.core.main.TestSuiteExecutor.accessTestSuiteMainPhase(TestSuiteExecutor.java:150)
	at com.kms.katalon.core.main.TestSuiteExecutor.execute(TestSuiteExecutor.java:106)
	at com.kms.katalon.core.main.TestCaseMain.startTestSuite(TestCaseMain.java:180)
	at TempTestSuite1738334733685.run(TempTestSuite1738334733685.groovy:35)
	at java.base/jdk.internal.reflect.NativeMethodAccessorImpl.invoke0(Native Method)
	at java.base/jdk.internal.reflect.NativeMethodAccessorImpl.invoke(NativeMethodAccessorImpl.java:77)
	at java.base/jdk.internal.reflect.DelegatingMethodAccessorImpl.invoke(DelegatingMethodAccessorImpl.java:43)
Caused by: org.openqa.selenium.NoSuchSessionException: invalid session id: session deleted as the browser has closed the connection
from disconnected: Unable to receive message from renderer
  (Session info: chrome=133.0.6847.2)
Build info: version: &amp;apos;3.141.59&amp;apos;, revision: &amp;apos;unknown&amp;apos;, time: &amp;apos;unknown&amp;apos;
System info: host: &amp;apos;LAPTOP-5GQHVTHK&amp;apos;, ip: &amp;apos;192.168.0.101&amp;apos;, os.name: &amp;apos;Windows 11&amp;apos;, os.arch: &amp;apos;amd64&amp;apos;, os.version: &amp;apos;10.0&amp;apos;, java.version: &amp;apos;17.0.7&amp;apos;
Driver info: com.kms.katalon.selenium.driver.CRemoteWebDriver
Capabilities {acceptInsecureCerts: false, browserName: chrome, browserVersion: 133.0.6847.2, chrome: {chromedriverVersion: 133.0.6847.2 (7e95e23d2d1f8..., userDataDir: C:\Program Files\scoped_dir...}, fedcm:accounts: true, goog:chromeOptions: {debuggerAddress: localhost:9225}, javascriptEnabled: true, katalon:caps: {executionId: f6fc9d29-8df3-408d-924b-ac1..., executionSessionId: 6d396290-7b06-4eac-9371-6c8...}, katalon:options: {executionId: f6fc9d29-8df3-408d-924b-ac1..., executionSessionId: 6d396290-7b06-4eac-9371-6c8..., group: 9ab6bac5-1cc1-4a31-be02-e95..., metadata: {accountUuid: fda32340-531c-49aa-a0b7-40d..., organizationId: 1906073, usingTunnel: false}, organizationId: 1906073, runFromTestCloud: true, tenant: TestOps, tunnelMetadataId: 47bf9c75-9831-4539-a455-bf2..., userId: 1648280, username: innocent.beaver.duja@instan..., usingTunnel: true}, kt:requestId: 6d396290-7b06-4eac-9371-6c8..., kt:rid: 6d396290-7b06-4eac-9371-6c8..., networkConnectionEnabled: false, pageLoadStrategy: normal, platform: WINDOWS, platformName: WINDOWS, proxy: Proxy(), se:bidiEnabled: false, se:cdpEnabled: false, setWindowRect: true, strictFileInteractability: false, timeouts: {implicit: 0, pageLoad: 300000, script: 30000}, unhandledPromptBehavior: dismiss and notify, webauthn:extension:credBlob: true, webauthn:extension:largeBlob: true, webauthn:extension:minPinLength: true, webauthn:extension:prf: true, webauthn:virtualAuthenticators: true}
Session ID: 18f3a0ff9da4bdb4b7a79cbb0d5dd84d
*** Element info: {Using=xpath, value=//input[@id=&amp;apos;user-name&amp;apos;]}
	at jdk.internal.reflect.GeneratedConstructorAccessor21.newInstance(Unknown Source)
	at java.base/jdk.internal.reflect.DelegatingConstructorAccessorImpl.newInstance(DelegatingConstructorAccessorImpl.java:45)
	at org.openqa.selenium.remote.http.W3CHttpResponseCodec.createException(W3CHttpResponseCodec.java:187)
	at org.openqa.selenium.remote.http.W3CHttpResponseCodec.decode(W3CHttpResponseCodec.java:122)
	at org.openqa.selenium.remote.http.W3CHttpResponseCodec.decode(W3CHttpResponseCodec.java:49)
	at org.openqa.selenium.remote.HttpCommandExecutor.execute(HttpCommandExecutor.java:158)
	at org.openqa.selenium.remote.RemoteWebDriver.execute(RemoteWebDriver.java:552)
	at com.kms.katalon.selenium.driver.CRemoteWebDriver.execute(CRemoteWebDriver.java:30)
	at org.openqa.selenium.remote.RemoteWebDriver.findElements(RemoteWebDriver.java:353)
	at org.openqa.selenium.remote.RemoteWebDriver.findElementsByXPath(RemoteWebDriver.java:432)
	at org.openqa.selenium.By$ByXPath.findElements(By.java:348)
	at org.openqa.selenium.remote.RemoteWebDriver.findElements(RemoteWebDriver.java:311)
	at jdk.internal.reflect.GeneratedMethodAccessor8.invoke(Unknown Source)
	at java.base/jdk.internal.reflect.DelegatingMethodAccessorImpl.invoke(DelegatingMethodAccessorImpl.java:43)
	at org.openqa.selenium.support.events.EventFiringWebDriver.lambda$new$1(EventFiringWebDriver.java:105)
	at jdk.proxy2/jdk.proxy2.$Proxy23.findElements(Unknown Source)
	at org.openqa.selenium.support.events.EventFiringWebDriver.findElements(EventFiringWebDriver.java:182)
	at com.kms.katalon.core.webui.common.WebUiCommonHelper.findElementByNormalMethods(WebUiCommonHelper.java:1033)
	at com.kms.katalon.core.webui.common.WebUiCommonHelper.findElementsBySelectedMethod(WebUiCommonHelper.java:924)
	at com.kms.katalon.core.webui.common.WebUiCommonHelper.findElementsBySelectedMethod(WebUiCommonHelper.java:906)
	at com.kms.katalon.core.webui.common.WebUiCommonHelper.findElementsBySelectedMethod(WebUiCommonHelper.java:901)
	at com.kms.katalon.core.webui.common.WebUiCommonHelper.findElementsByDefault(WebUiCommonHelper.java:897)
	at com.kms.katalon.core.webui.common.WebUiCommonHelper.findElementsWithSelfHealing(WebUiCommonHelper.java:743)
	at com.kms.katalon.core.webui.common.WebUiCommonHelper.findWebElements(WebUiCommonHelper.java:727)
	at com.kms.katalon.core.webui.common.WebUiCommonHelper.findWebElement(WebUiCommonHelper.java:1413)
	at com.kms.katalon.core.webui.keyword.internal.WebUIAbstractKeyword.findWebElement(WebUIAbstractKeyword.groovy:27)
	at com.kms.katalon.core.webui.keyword.internal.WebUIAbstractKeyword.findWebElement(WebUIAbstractKeyword.groovy:26)
	at com.kms.katalon.core.webui.keyword.builtin.SetTextKeyword$_setText_closure1.doCall(SetTextKeyword.groovy:53)
	at com.kms.katalon.core.webui.keyword.builtin.SetTextKeyword$_setText_closure1.call(SetTextKeyword.groovy)
	at com.kms.katalon.core.webui.keyword.internal.WebUIKeywordMain.runKeyword(WebUIKeywordMain.groovy:35)
	... 28 more
</message>
  <exception>
    <message>com.kms.katalon.core.exception.StepFailedException: Unable to set text 'error_user' of object 'Object Repository/Page_Swag Labs/input_Swag Labs_user-name'</message>
    <frame>
      <class>com.kms.katalon.core.webui.keyword.internal.WebUIKeywordMain</class>
      <method>stepFailed</method>
      <line>117</line>
    </frame>
    <frame>
      <class>com.kms.katalon.core.webui.keyword.internal.WebUIKeywordMain</class>
      <method>runKeyword</method>
      <line>43</line>
    </frame>
    <frame>
      <class>com.kms.katalon.core.webui.keyword.builtin.SetTextKeyword</class>
      <method>setText</method>
      <line>85</line>
    </frame>
    <frame>
      <class>com.kms.katalon.core.webui.keyword.builtin.SetTextKeyword</class>
      <method>execute</method>
      <line>39</line>
    </frame>
    <frame>
      <class>com.kms.katalon.core.keyword.internal.KeywordExecutor</class>
      <method>executeKeywordForPlatform</method>
      <line>74</line>
    </frame>
    <frame>
      <class>com.kms.katalon.core.webui.keyword.WebUiBuiltInKeywords</class>
      <method>setText</method>
      <line>1019</line>
    </frame>
    <frame>
      <class>com.test.swaglabs.CustomLogin</class>
      <method>WebLoginFifthAccount</method>
      <line>71</line>
    </frame>
    <frame>
      <class>jdk.internal.reflect.NativeMethodAccessorImpl</class>
      <method>invoke0</method>
    </frame>
    <frame>
      <class>jdk.internal.reflect.NativeMethodAccessorImpl</class>
      <method>invoke</method>
      <line>77</line>
    </frame>
    <frame>
      <class>jdk.internal.reflect.DelegatingMethodAccessorImpl</class>
      <method>invoke</method>
      <line>43</line>
    </frame>
    <frame>
      <class>com.kms.katalon.core.main.CustomKeywordDelegatingMetaClass</class>
      <method>invokeStaticMethod</method>
      <line>55</line>
    </frame>
    <frame>
      <class>Login by Fifth Account - error_user</class>
      <method>run</method>
      <line>24</line>
    </frame>
    <frame>
      <class>com.kms.katalon.core.main.ScriptEngine</class>
      <method>run</method>
      <line>194</line>
    </frame>
    <frame>
      <class>com.kms.katalon.core.main.ScriptEngine</class>
      <method>runScriptAsRawText</method>
      <line>119</line>
    </frame>
    <frame>
      <class>com.kms.katalon.core.main.TestCaseExecutor</class>
      <method>runScript</method>
      <line>448</line>
    </frame>
    <frame>
      <class>com.kms.katalon.core.main.TestCaseExecutor</class>
      <method>doExecute</method>
      <line>439</line>
    </frame>
    <frame>
      <class>com.kms.katalon.core.main.TestCaseExecutor</class>
      <method>processExecutionPhase</method>
      <line>418</line>
    </frame>
    <frame>
      <class>com.kms.katalon.core.main.TestCaseExecutor</class>
      <method>accessMainPhase</method>
      <line>410</line>
    </frame>
    <frame>
      <class>com.kms.katalon.core.main.TestCaseExecutor</class>
      <method>execute</method>
      <line>285</line>
    </frame>
    <frame>
      <class>com.kms.katalon.core.main.TestCaseExecutor</class>
      <method>execute</method>
      <line>369</line>
    </frame>
    <frame>
      <class>com.kms.katalon.core.main.TestCaseExecutor</class>
      <method>execute</method>
      <line>369</line>
    </frame>
    <frame>
      <class>com.kms.katalon.core.main.TestCaseExecutor</class>
      <method>execute</method>
      <line>369</line>
    </frame>
    <frame>
      <class>com.kms.katalon.core.common.CommonExecutor</class>
      <method>accessTestCaseMainPhase</method>
      <line>65</line>
    </frame>
    <frame>
      <class>com.kms.katalon.core.main.TestSuiteExecutor</class>
      <method>accessTestSuiteMainPhase</method>
      <line>150</line>
    </frame>
    <frame>
      <class>com.kms.katalon.core.main.TestSuiteExecutor</class>
      <method>execute</method>
      <line>106</line>
    </frame>
    <frame>
      <class>com.kms.katalon.core.main.TestCaseMain</class>
      <method>startTestSuite</method>
      <line>180</line>
    </frame>
    <frame>
      <class>TempTestSuite1738334733685</class>
      <method>run</method>
      <line>35</line>
    </frame>
    <frame>
      <class>jdk.internal.reflect.NativeMethodAccessorImpl</class>
      <method>invoke0</method>
    </frame>
    <frame>
      <class>jdk.internal.reflect.NativeMethodAccessorImpl</class>
      <method>invoke</method>
      <line>77</line>
    </frame>
    <frame>
      <class>jdk.internal.reflect.DelegatingMethodAccessorImpl</class>
      <method>invoke</method>
      <line>43</line>
    </frame>
  </exception>
  <nestedLevel>0</nestedLevel>
  <escapedJava>false</escapedJava>
  <property name="failed.exception.stacktrace">org.openqa.selenium.NoSuchSessionException: invalid session id: session deleted as the browser has closed the connection
from disconnected: Unable to receive message from renderer
  (Session info: chrome=133.0.6847.2)
Build info: version: &apos;3.141.59&apos;, revision: &apos;unknown&apos;, time: &apos;unknown&apos;
System info: host: &apos;LAPTOP-5GQHVTHK&apos;, ip: &apos;192.168.0.101&apos;, os.name: &apos;Windows 11&apos;, os.arch: &apos;amd64&apos;, os.version: &apos;10.0&apos;, java.version: &apos;17.0.7&apos;
Driver info: com.kms.katalon.selenium.driver.CRemoteWebDriver
Capabilities {acceptInsecureCerts: false, browserName: chrome, browserVersion: 133.0.6847.2, chrome: {chromedriverVersion: 133.0.6847.2 (7e95e23d2d1f8..., userDataDir: C:\Program Files\scoped_dir...}, fedcm:accounts: true, goog:chromeOptions: {debuggerAddress: localhost:9225}, javascriptEnabled: true, katalon:caps: {executionId: f6fc9d29-8df3-408d-924b-ac1..., executionSessionId: 6d396290-7b06-4eac-9371-6c8...}, katalon:options: {executionId: f6fc9d29-8df3-408d-924b-ac1..., executionSessionId: 6d396290-7b06-4eac-9371-6c8..., group: 9ab6bac5-1cc1-4a31-be02-e95..., metadata: {accountUuid: fda32340-531c-49aa-a0b7-40d..., organizationId: 1906073, usingTunnel: false}, organizationId: 1906073, runFromTestCloud: true, tenant: TestOps, tunnelMetadataId: 47bf9c75-9831-4539-a455-bf2..., userId: 1648280, username: innocent.beaver.duja@instan..., usingTunnel: true}, kt:requestId: 6d396290-7b06-4eac-9371-6c8..., kt:rid: 6d396290-7b06-4eac-9371-6c8..., networkConnectionEnabled: false, pageLoadStrategy: normal, platform: WINDOWS, platformName: WINDOWS, proxy: Proxy(), se:bidiEnabled: false, se:cdpEnabled: false, setWindowRect: true, strictFileInteractability: false, timeouts: {implicit: 0, pageLoad: 300000, script: 30000}, unhandledPromptBehavior: dismiss and notify, webauthn:extension:credBlob: true, webauthn:extension:largeBlob: true, webauthn:extension:minPinLength: true, webauthn:extension:prf: true, webauthn:virtualAuthenticators: true}
Session ID: 18f3a0ff9da4bdb4b7a79cbb0d5dd84d
*** Element info: {Using=xpath, value=//input[@id=&apos;user-name&apos;]}
	at jdk.internal.reflect.GeneratedConstructorAccessor21.newInstance(Unknown Source)
	at java.base/jdk.internal.reflect.DelegatingConstructorAccessorImpl.newInstance(DelegatingConstructorAccessorImpl.java:45)
	at org.openqa.selenium.remote.http.W3CHttpResponseCodec.createException(W3CHttpResponseCodec.java:187)
	at org.openqa.selenium.remote.http.W3CHttpResponseCodec.decode(W3CHttpResponseCodec.java:122)
	at org.openqa.selenium.remote.http.W3CHttpResponseCodec.decode(W3CHttpResponseCodec.java:49)
	at org.openqa.selenium.remote.HttpCommandExecutor.execute(HttpCommandExecutor.java:158)
	at org.openqa.selenium.remote.RemoteWebDriver.execute(RemoteWebDriver.java:552)
	at com.kms.katalon.selenium.driver.CRemoteWebDriver.execute(CRemoteWebDriver.java:30)
	at org.openqa.selenium.remote.RemoteWebDriver.findElements(RemoteWebDriver.java:353)
	at org.openqa.selenium.remote.RemoteWebDriver.findElementsByXPath(RemoteWebDriver.java:432)
	at org.openqa.selenium.By$ByXPath.findElements(By.java:348)
	at org.openqa.selenium.remote.RemoteWebDriver.findElements(RemoteWebDriver.java:311)
	at jdk.internal.reflect.GeneratedMethodAccessor8.invoke(Unknown Source)
	at java.base/jdk.internal.reflect.DelegatingMethodAccessorImpl.invoke(DelegatingMethodAccessorImpl.java:43)
	at org.openqa.selenium.support.events.EventFiringWebDriver.lambda$new$1(EventFiringWebDriver.java:105)
	at jdk.proxy2/jdk.proxy2.$Proxy23.findElements(Unknown Source)
	at org.openqa.selenium.support.events.EventFiringWebDriver.findElements(EventFiringWebDriver.java:182)
	at com.kms.katalon.core.webui.common.WebUiCommonHelper.findElementByNormalMethods(WebUiCommonHelper.java:1033)
	at com.kms.katalon.core.webui.common.WebUiCommonHelper.findElementsBySelectedMethod(WebUiCommonHelper.java:924)
	at com.kms.katalon.core.webui.common.WebUiCommonHelper.findElementsBySelectedMethod(WebUiCommonHelper.java:906)
	at com.kms.katalon.core.webui.common.WebUiCommonHelper.findElementsBySelectedMethod(WebUiCommonHelper.java:901)
	at com.kms.katalon.core.webui.common.WebUiCommonHelper.findElementsByDefault(WebUiCommonHelper.java:897)
	at com.kms.katalon.core.webui.common.WebUiCommonHelper.findElementsWithSelfHealing(WebUiCommonHelper.java:743)
	at com.kms.katalon.core.webui.common.WebUiCommonHelper.findWebElements(WebUiCommonHelper.java:727)
	at com.kms.katalon.core.webui.common.WebUiCommonHelper.findWebElement(WebUiCommonHelper.java:1413)
	at com.kms.katalon.core.webui.keyword.internal.WebUIAbstractKeyword.findWebElement(WebUIAbstractKeyword.groovy:27)
	at com.kms.katalon.core.webui.keyword.internal.WebUIAbstractKeyword.findWebElement(WebUIAbstractKeyword.groovy:26)
	at com.kms.katalon.core.webui.keyword.builtin.SetTextKeyword$_setText_closure1.doCall(SetTextKeyword.groovy:53)
	at com.kms.katalon.core.webui.keyword.builtin.SetTextKeyword$_setText_closure1.call(SetTextKeyword.groovy)
	at com.kms.katalon.core.webui.keyword.internal.WebUIKeywordMain.runKeyword(WebUIKeywordMain.groovy:35)
	at com.kms.katalon.core.webui.keyword.builtin.SetTextKeyword.setText(SetTextKeyword.groovy:85)
	at com.kms.katalon.core.webui.keyword.builtin.SetTextKeyword.execute(SetTextKeyword.groovy:39)
	at com.kms.katalon.core.keyword.internal.KeywordExecutor.executeKeywordForPlatform(KeywordExecutor.groovy:74)
	at com.kms.katalon.core.webui.keyword.WebUiBuiltInKeywords.setText(WebUiBuiltInKeywords.groovy:1019)
	at com.test.swaglabs.CustomLogin.WebLoginFifthAccount(CustomLogin.groovy:71)
	at java.base/jdk.internal.reflect.NativeMethodAccessorImpl.invoke0(Native Method)
	at java.base/jdk.internal.reflect.NativeMethodAccessorImpl.invoke(NativeMethodAccessorImpl.java:77)
	at java.base/jdk.internal.reflect.DelegatingMethodAccessorImpl.invoke(DelegatingMethodAccessorImpl.java:43)
	at com.kms.katalon.core.main.CustomKeywordDelegatingMetaClass.invokeStaticMethod(CustomKeywordDelegatingMetaClass.java:55)
	at Login by Fifth Account - error_user.run(Login by Fifth Account - error_user:24)
	at com.kms.katalon.core.main.ScriptEngine.run(ScriptEngine.java:194)
	at com.kms.katalon.core.main.ScriptEngine.runScriptAsRawText(ScriptEngine.java:119)
	at com.kms.katalon.core.main.TestCaseExecutor.runScript(TestCaseExecutor.java:448)
	at com.kms.katalon.core.main.TestCaseExecutor.doExecute(TestCaseExecutor.java:439)
	at com.kms.katalon.core.main.TestCaseExecutor.processExecutionPhase(TestCaseExecutor.java:418)
	at com.kms.katalon.core.main.TestCaseExecutor.accessMainPhase(TestCaseExecutor.java:410)
	at com.kms.katalon.core.main.TestCaseExecutor.execute(TestCaseExecutor.java:285)
	at com.kms.katalon.core.main.TestCaseExecutor.execute(TestCaseExecutor.java:369)
	at com.kms.katalon.core.main.TestCaseExecutor.execute(TestCaseExecutor.java:369)
	at com.kms.katalon.core.main.TestCaseExecutor.execute(TestCaseExecutor.java:369)
	at com.kms.katalon.core.common.CommonExecutor.accessTestCaseMainPhase(CommonExecutor.java:65)
	at com.kms.katalon.core.main.TestSuiteExecutor.accessTestSuiteMainPhase(TestSuiteExecutor.java:150)
	at com.kms.katalon.core.main.TestSuiteExecutor.execute(TestSuiteExecutor.java:106)
	at com.kms.katalon.core.main.TestCaseMain.startTestSuite(TestCaseMain.java:180)
	at TempTestSuite1738334733685.run(TempTestSuite1738334733685.groovy:35)
	at java.base/jdk.internal.reflect.NativeMethodAccessorImpl.invoke0(Native Method)
	at java.base/jdk.internal.reflect.NativeMethodAccessorImpl.invoke(NativeMethodAccessorImpl.java:77)
	at java.base/jdk.internal.reflect.DelegatingMethodAccessorImpl.invoke(DelegatingMethodAccessorImpl.java:43)
</property>
  <property name="failed.exception.class">org.openqa.selenium.NoSuchSessionException</property>
  <property name="failed.exception.message">invalid session id: session deleted as the browser has closed the connection
from disconnected: Unable to receive message from renderer
  (Session info: chrome=133.0.6847.2)
Build info: version: &apos;3.141.59&apos;, revision: &apos;unknown&apos;, time: &apos;unknown&apos;
System info: host: &apos;LAPTOP-5GQHVTHK&apos;, ip: &apos;192.168.0.101&apos;, os.name: &apos;Windows 11&apos;, os.arch: &apos;amd64&apos;, os.version: &apos;10.0&apos;, java.version: &apos;17.0.7&apos;
Driver info: com.kms.katalon.selenium.driver.CRemoteWebDriver
Capabilities {acceptInsecureCerts: false, browserName: chrome, browserVersion: 133.0.6847.2, chrome: {chromedriverVersion: 133.0.6847.2 (7e95e23d2d1f8..., userDataDir: C:\Program Files\scoped_dir...}, fedcm:accounts: true, goog:chromeOptions: {debuggerAddress: localhost:9225}, javascriptEnabled: true, katalon:caps: {executionId: f6fc9d29-8df3-408d-924b-ac1..., executionSessionId: 6d396290-7b06-4eac-9371-6c8...}, katalon:options: {executionId: f6fc9d29-8df3-408d-924b-ac1..., executionSessionId: 6d396290-7b06-4eac-9371-6c8..., group: 9ab6bac5-1cc1-4a31-be02-e95..., metadata: {accountUuid: fda32340-531c-49aa-a0b7-40d..., organizationId: 1906073, usingTunnel: false}, organizationId: 1906073, runFromTestCloud: true, tenant: TestOps, tunnelMetadataId: 47bf9c75-9831-4539-a455-bf2..., userId: 1648280, username: innocent.beaver.duja@instan..., usingTunnel: true}, kt:requestId: 6d396290-7b06-4eac-9371-6c8..., kt:rid: 6d396290-7b06-4eac-9371-6c8..., networkConnectionEnabled: false, pageLoadStrategy: normal, platform: WINDOWS, platformName: WINDOWS, proxy: Proxy(), se:bidiEnabled: false, se:cdpEnabled: false, setWindowRect: true, strictFileInteractability: false, timeouts: {implicit: 0, pageLoad: 300000, script: 30000}, unhandledPromptBehavior: dismiss and notify, webauthn:extension:credBlob: true, webauthn:extension:largeBlob: true, webauthn:extension:minPinLength: true, webauthn:extension:prf: true, webauthn:virtualAuthenticators: true}
Session ID: 18f3a0ff9da4bdb4b7a79cbb0d5dd84d
*** Element info: {Using=xpath, value=//input[@id=&apos;user-name&apos;]}</property>
</record>
<record>
  <date>2025-01-31T14:48:48.071766Z</date>
  <millis>1738334928071</millis>
  <nanos>766000</nanos>
  <sequence>298</sequence>
  <level>END</level>
  <class>com.kms.katalon.core.logging.XmlKeywordLogger</class>
  <method>endTest</method>
  <thread>1</thread>
  <message>End Test Case : Test Cases/Login by Fifth Account - error_user</message>
  <nestedLevel>0</nestedLevel>
  <escapedJava>false</escapedJava>
  <property name="executionBindingVariables">[]</property>
  <property name="applitools">false</property>
  <property name="remainingRetryCount">0</property>
  <property name="currentRetryCount">3</property>
  <property name="keywordsUsage">{
  &quot;web_ui&quot;: true,
  &quot;web_service&quot;: false,
  &quot;cucumber&quot;: false,
  &quot;builtin&quot;: false,
  &quot;mobile&quot;: false,
  &quot;windows&quot;: false,
  &quot;testng&quot;: false
}</property>
</record>
<record>
  <date>2025-01-31T14:48:48.078764200Z</date>
  <millis>1738334928078</millis>
  <nanos>764200</nanos>
  <sequence>299</sequence>
  <level>START</level>
  <class>com.kms.katalon.core.logging.XmlKeywordLogger</class>
  <method>startTest</method>
  <thread>1</thread>
  <message>Start Test Case : Test Cases/Login by Fourth Account - performance_glitch_user</message>
  <nestedLevel>1</nestedLevel>
  <escapedJava>false</escapedJava>
  <property name="remainingRetryCount">3</property>
  <property name="name">Test Cases/Login by Fourth Account - performance_glitch_user</property>
  <property name="description"></property>
  <property name="iteration"></property>
  <property name="id">Test Cases/Login by Fourth Account - performance_glitch_user</property>
  <property name="source">C:\Users\ACER\git\KatalonGitSwagLabsNew\Test Cases\Login by Fourth Account - performance_glitch_user.tc</property>
  <property name="tag"></property>
  <property name="isOptional">false</property>
  <property name="currentRetryCount">0</property>
</record>
<record>
  <date>2025-01-31T14:48:48.153759700Z</date>
  <millis>1738334928153</millis>
  <nanos>759700</nanos>
  <sequence>301</sequence>
  <level>START</level>
  <class>com.kms.katalon.core.logging.XmlKeywordLogger</class>
  <method>startKeyword</method>
  <thread>1</thread>
  <message>Start action : openBrowser(&amp;quot;&amp;quot;)</message>
  <nestedLevel>1</nestedLevel>
  <escapedJava>false</escapedJava>
  <property name="startLine">20</property>
  <property name="stepIndex">1</property>
</record>
<record>
  <date>2025-01-31T14:48:48.158766900Z</date>
  <millis>1738334928158</millis>
  <nanos>766900</nanos>
  <sequence>303</sequence>
  <level>WARNING</level>
  <class>com.kms.katalon.core.logging.XmlKeywordLogger</class>
  <method>logMessage</method>
  <thread>1</thread>
  <message>A browser is already opened. Closing browser and opening a new one</message>
  <nestedLevel>1</nestedLevel>
  <escapedJava>false</escapedJava>
</record>
<record>
  <date>2025-01-31T14:48:48.976731800Z</date>
  <millis>1738334928976</millis>
  <nanos>731800</nanos>
  <sequence>304</sequence>
  <level>INFO</level>
  <class>com.kms.katalon.core.logging.XmlKeywordLogger</class>
  <method>logMessage</method>
  <thread>1</thread>
  <message>User set preference: [&amp;apos;os&amp;apos;, &amp;apos;windows&amp;apos;]</message>
  <nestedLevel>1</nestedLevel>
  <escapedJava>false</escapedJava>
</record>
<record>
  <date>2025-01-31T14:48:48.977729300Z</date>
  <millis>1738334928977</millis>
  <nanos>729300</nanos>
  <sequence>305</sequence>
  <level>INFO</level>
  <class>com.kms.katalon.core.logging.XmlKeywordLogger</class>
  <method>logMessage</method>
  <thread>1</thread>
  <message>User set preference: [&amp;apos;browserVersion&amp;apos;, &amp;apos;133&amp;apos;]</message>
  <nestedLevel>1</nestedLevel>
  <escapedJava>false</escapedJava>
</record>
<record>
  <date>2025-01-31T14:48:48.979731Z</date>
  <millis>1738334928979</millis>
  <nanos>731000</nanos>
  <sequence>306</sequence>
  <level>INFO</level>
  <class>com.kms.katalon.core.logging.XmlKeywordLogger</class>
  <method>logMessage</method>
  <thread>1</thread>
  <message>User set preference: [&amp;apos;browserName&amp;apos;, &amp;apos;chrome&amp;apos;]</message>
  <nestedLevel>1</nestedLevel>
  <escapedJava>false</escapedJava>
</record>
<record>
  <date>2025-01-31T14:48:48.981727100Z</date>
  <millis>1738334928981</millis>
  <nanos>727100</nanos>
  <sequence>307</sequence>
  <level>INFO</level>
  <class>com.kms.katalon.core.logging.XmlKeywordLogger</class>
  <method>logMessage</method>
  <thread>1</thread>
  <message>User set preference: [&amp;apos;katalon:option&amp;apos;, &amp;apos;{organizationId=1906073, usingTunnel=true}&amp;apos;]</message>
  <nestedLevel>1</nestedLevel>
  <escapedJava>false</escapedJava>
</record>
<record>
  <date>2025-01-31T14:48:48.984725500Z</date>
  <millis>1738334928984</millis>
  <nanos>725500</nanos>
  <sequence>308</sequence>
  <level>INFO</level>
  <class>com.kms.katalon.core.logging.XmlKeywordLogger</class>
  <method>logMessage</method>
  <thread>1</thread>
  <message>Connecting to remote web server &amp;apos;testcloud.katalon.com/hub&amp;apos; with type &amp;apos;Selenium&amp;apos;</message>
  <nestedLevel>1</nestedLevel>
  <escapedJava>false</escapedJava>
</record>
<record>
  <date>2025-01-31T14:48:48.987726900Z</date>
  <millis>1738334928987</millis>
  <nanos>726900</nanos>
  <sequence>309</sequence>
  <level>INFO</level>
  <class>com.kms.katalon.core.logging.XmlKeywordLogger</class>
  <method>logMessage</method>
  <thread>1</thread>
  <message>Action delay is set to 0 milliseconds</message>
  <nestedLevel>1</nestedLevel>
  <escapedJava>false</escapedJava>
</record>
<record>
  <date>2025-01-31T14:49:17.347376300Z</date>
  <millis>1738334957347</millis>
  <nanos>376300</nanos>
  <sequence>311</sequence>
  <level>RUN_DATA</level>
  <class>com.kms.katalon.core.logging.XmlKeywordLogger</class>
  <method>logMessage</method>
  <thread>1</thread>
  <message>remoteDriverUrl = testcloud.katalon.com/hub</message>
  <nestedLevel>1</nestedLevel>
  <escapedJava>false</escapedJava>
  <property name="remoteDriverUrl">testcloud.katalon.com/hub</property>
</record>
<record>
  <date>2025-01-31T14:49:17.348379900Z</date>
  <millis>1738334957348</millis>
  <nanos>379900</nanos>
  <sequence>312</sequence>
  <level>RUN_DATA</level>
  <class>com.kms.katalon.core.logging.XmlKeywordLogger</class>
  <method>logMessage</method>
  <thread>1</thread>
  <message>remoteOS = Windows</message>
  <nestedLevel>1</nestedLevel>
  <escapedJava>false</escapedJava>
  <property name="remoteOS">Windows</property>
</record>
<record>
  <date>2025-01-31T14:49:17.351367500Z</date>
  <millis>1738334957351</millis>
  <nanos>367500</nanos>
  <sequence>313</sequence>
  <level>RUN_DATA</level>
  <class>com.kms.katalon.core.logging.XmlKeywordLogger</class>
  <method>logMessage</method>
  <thread>1</thread>
  <message>desiredCapabilities = {
  &amp;quot;timeouts&amp;quot;: {
    &amp;quot;implicit&amp;quot;: 0,
    &amp;quot;pageLoad&amp;quot;: 300000,
    &amp;quot;script&amp;quot;: 30000
  },
  &amp;quot;se:cdpEnabled&amp;quot;: false,
  &amp;quot;platform&amp;quot;: &amp;quot;WINDOWS&amp;quot;,
  &amp;quot;goog:chromeOptions&amp;quot;: {
    &amp;quot;debuggerAddress&amp;quot;: &amp;quot;localhost:9225&amp;quot;
  },
  &amp;quot;webauthn:extension:credBlob&amp;quot;: true,
  &amp;quot;acceptInsecureCerts&amp;quot;: false,
  &amp;quot;browserVersion&amp;quot;: &amp;quot;133.0.0.0&amp;quot;,
  &amp;quot;fedcm:accounts&amp;quot;: true,
  &amp;quot;kt:requestId&amp;quot;: &amp;quot;8a4b7fce-eb78-4f50-9ab8-9f7a84c1818d&amp;quot;,
  &amp;quot;browserName&amp;quot;: &amp;quot;chrome&amp;quot;,
  &amp;quot;javascriptEnabled&amp;quot;: true,
  &amp;quot;platformName&amp;quot;: &amp;quot;WINDOWS&amp;quot;,
  &amp;quot;setWindowRect&amp;quot;: true,
  &amp;quot;webauthn:extension:largeBlob&amp;quot;: true,
  &amp;quot;networkConnectionEnabled&amp;quot;: false,
  &amp;quot;chrome&amp;quot;: {
    &amp;quot;chromedriverVersion&amp;quot;: &amp;quot;133.0.6847.2 (7e95e23d2d1f87886163822aa701370c1187bfa1-refs/branch-heads/6847@{#6})&amp;quot;,
    &amp;quot;userDataDir&amp;quot;: &amp;quot;C:\\Program Files\\scoped_dir3076_1659624573&amp;quot;
  },
  &amp;quot;kt:rid&amp;quot;: &amp;quot;8a4b7fce-eb78-4f50-9ab8-9f7a84c1818d&amp;quot;,
  &amp;quot;pageLoadStrategy&amp;quot;: &amp;quot;normal&amp;quot;,
  &amp;quot;unhandledPromptBehavior&amp;quot;: &amp;quot;dismiss and notify&amp;quot;,
  &amp;quot;strictFileInteractability&amp;quot;: false,
  &amp;quot;se:bidiEnabled&amp;quot;: false,
  &amp;quot;proxy&amp;quot;: {
    &amp;quot;proxyType&amp;quot;: &amp;quot;UNSPECIFIED&amp;quot;,
    &amp;quot;autodetect&amp;quot;: false
  },
  &amp;quot;webauthn:extension:minPinLength&amp;quot;: true,
  &amp;quot;webauthn:extension:prf&amp;quot;: true,
  &amp;quot;katalon:caps&amp;quot;: {
    &amp;quot;executionId&amp;quot;: &amp;quot;7f162be9-fa1e-4bc8-8744-cdd2d4172476&amp;quot;,
    &amp;quot;executionSessionId&amp;quot;: &amp;quot;8a4b7fce-eb78-4f50-9ab8-9f7a84c1818d&amp;quot;
  },
  &amp;quot;katalon:options&amp;quot;: {
    &amp;quot;executionId&amp;quot;: &amp;quot;7f162be9-fa1e-4bc8-8744-cdd2d4172476&amp;quot;,
    &amp;quot;executionSessionId&amp;quot;: &amp;quot;8a4b7fce-eb78-4f50-9ab8-9f7a84c1818d&amp;quot;,
    &amp;quot;group&amp;quot;: &amp;quot;9ab6bac5-1cc1-4a31-be02-e9541dffa2d0&amp;quot;,
    &amp;quot;metadata&amp;quot;: {
      &amp;quot;usingTunnel&amp;quot;: false,
      &amp;quot;accountUuid&amp;quot;: &amp;quot;fda32340-531c-49aa-a0b7-40d478ba5457&amp;quot;,
      &amp;quot;organizationId&amp;quot;: &amp;quot;1906073&amp;quot;
    },
    &amp;quot;organizationId&amp;quot;: &amp;quot;1906073&amp;quot;,
    &amp;quot;runFromTestCloud&amp;quot;: true,
    &amp;quot;tenant&amp;quot;: &amp;quot;TestOps&amp;quot;,
    &amp;quot;tunnelMetadataId&amp;quot;: &amp;quot;47bf9c75-9831-4539-a455-bf21b2504b03&amp;quot;,
    &amp;quot;userId&amp;quot;: 1648280,
    &amp;quot;username&amp;quot;: &amp;quot;innocent.beaver.duja@instantletter.net&amp;quot;,
    &amp;quot;usingTunnel&amp;quot;: true
  },
  &amp;quot;webauthn:virtualAuthenticators&amp;quot;: true
}</message>
  <nestedLevel>1</nestedLevel>
  <escapedJava>false</escapedJava>
  <property name="desiredCapabilities">{
  &quot;timeouts&quot;: {
    &quot;implicit&quot;: 0,
    &quot;pageLoad&quot;: 300000,
    &quot;script&quot;: 30000
  },
  &quot;se:cdpEnabled&quot;: false,
  &quot;platform&quot;: &quot;WINDOWS&quot;,
  &quot;goog:chromeOptions&quot;: {
    &quot;debuggerAddress&quot;: &quot;localhost:9225&quot;
  },
  &quot;webauthn:extension:credBlob&quot;: true,
  &quot;acceptInsecureCerts&quot;: false,
  &quot;browserVersion&quot;: &quot;133.0.0.0&quot;,
  &quot;fedcm:accounts&quot;: true,
  &quot;kt:requestId&quot;: &quot;8a4b7fce-eb78-4f50-9ab8-9f7a84c1818d&quot;,
  &quot;browserName&quot;: &quot;chrome&quot;,
  &quot;javascriptEnabled&quot;: true,
  &quot;platformName&quot;: &quot;WINDOWS&quot;,
  &quot;setWindowRect&quot;: true,
  &quot;webauthn:extension:largeBlob&quot;: true,
  &quot;networkConnectionEnabled&quot;: false,
  &quot;chrome&quot;: {
    &quot;chromedriverVersion&quot;: &quot;133.0.6847.2 (7e95e23d2d1f87886163822aa701370c1187bfa1-refs/branch-heads/6847@{#6})&quot;,
    &quot;userDataDir&quot;: &quot;C:\\Program Files\\scoped_dir3076_1659624573&quot;
  },
  &quot;kt:rid&quot;: &quot;8a4b7fce-eb78-4f50-9ab8-9f7a84c1818d&quot;,
  &quot;pageLoadStrategy&quot;: &quot;normal&quot;,
  &quot;unhandledPromptBehavior&quot;: &quot;dismiss and notify&quot;,
  &quot;strictFileInteractability&quot;: false,
  &quot;se:bidiEnabled&quot;: false,
  &quot;proxy&quot;: {
    &quot;proxyType&quot;: &quot;UNSPECIFIED&quot;,
    &quot;autodetect&quot;: false
  },
  &quot;webauthn:extension:minPinLength&quot;: true,
  &quot;webauthn:extension:prf&quot;: true,
  &quot;katalon:caps&quot;: {
    &quot;executionId&quot;: &quot;7f162be9-fa1e-4bc8-8744-cdd2d4172476&quot;,
    &quot;executionSessionId&quot;: &quot;8a4b7fce-eb78-4f50-9ab8-9f7a84c1818d&quot;
  },
  &quot;katalon:options&quot;: {
    &quot;executionId&quot;: &quot;7f162be9-fa1e-4bc8-8744-cdd2d4172476&quot;,
    &quot;executionSessionId&quot;: &quot;8a4b7fce-eb78-4f50-9ab8-9f7a84c1818d&quot;,
    &quot;group&quot;: &quot;9ab6bac5-1cc1-4a31-be02-e9541dffa2d0&quot;,
    &quot;metadata&quot;: {
      &quot;usingTunnel&quot;: false,
      &quot;accountUuid&quot;: &quot;fda32340-531c-49aa-a0b7-40d478ba5457&quot;,
      &quot;organizationId&quot;: &quot;1906073&quot;
    },
    &quot;organizationId&quot;: &quot;1906073&quot;,
    &quot;runFromTestCloud&quot;: true,
    &quot;tenant&quot;: &quot;TestOps&quot;,
    &quot;tunnelMetadataId&quot;: &quot;47bf9c75-9831-4539-a455-bf21b2504b03&quot;,
    &quot;userId&quot;: 1648280,
    &quot;username&quot;: &quot;innocent.beaver.duja@instantletter.net&quot;,
    &quot;usingTunnel&quot;: true
  },
  &quot;webauthn:virtualAuthenticators&quot;: true
}</property>
</record>
<record>
  <date>2025-01-31T14:49:17.352365500Z</date>
  <millis>1738334957352</millis>
  <nanos>365500</nanos>
  <sequence>314</sequence>
  <level>RUN_DATA</level>
  <class>com.kms.katalon.core.logging.XmlKeywordLogger</class>
  <method>logMessage</method>
  <thread>1</thread>
  <message>sessionId = 49125acfb67ae6c94de217cb048f9a95</message>
  <nestedLevel>1</nestedLevel>
  <escapedJava>false</escapedJava>
  <property name="sessionId">49125acfb67ae6c94de217cb048f9a95</property>
</record>
<record>
  <date>2025-01-31T14:49:17.670185400Z</date>
  <millis>1738334957670</millis>
  <nanos>185400</nanos>
  <sequence>315</sequence>
  <level>RUN_DATA</level>
  <class>com.kms.katalon.core.logging.XmlKeywordLogger</class>
  <method>logMessage</method>
  <thread>1</thread>
  <message>browser = Chrome 133.0.0.0</message>
  <nestedLevel>1</nestedLevel>
  <escapedJava>false</escapedJava>
  <property name="browser">Chrome 133.0.0.0</property>
</record>
<record>
  <date>2025-01-31T14:49:17.671186800Z</date>
  <millis>1738334957671</millis>
  <nanos>186800</nanos>
  <sequence>316</sequence>
  <level>RUN_DATA</level>
  <class>com.kms.katalon.core.logging.XmlKeywordLogger</class>
  <method>logMessage</method>
  <thread>1</thread>
  <message>platform = Windows 11</message>
  <nestedLevel>1</nestedLevel>
  <escapedJava>false</escapedJava>
  <property name="platform">Windows 11</property>
</record>
<record>
  <date>2025-01-31T14:49:17.672185400Z</date>
  <millis>1738334957672</millis>
  <nanos>185400</nanos>
  <sequence>317</sequence>
  <level>RUN_DATA</level>
  <class>com.kms.katalon.core.logging.XmlKeywordLogger</class>
  <method>logMessage</method>
  <thread>1</thread>
  <message>seleniumVersion = 3.141.59</message>
  <nestedLevel>1</nestedLevel>
  <escapedJava>false</escapedJava>
  <property name="seleniumVersion">3.141.59</property>
</record>
<record>
  <date>2025-01-31T14:49:17.673184400Z</date>
  <millis>1738334957673</millis>
  <nanos>184400</nanos>
  <sequence>318</sequence>
  <level>RUN_DATA</level>
  <class>com.kms.katalon.core.logging.XmlKeywordLogger</class>
  <method>logMessage</method>
  <thread>1</thread>
  <message>proxyInformation = ProxyInformation { proxyOption=NO_PROXY, proxyServerType=HTTP, username=, password=********, proxyServerAddress=, proxyServerPort=0, executionList=&amp;quot;&amp;quot;, isApplyToDesiredCapabilities=true }</message>
  <nestedLevel>1</nestedLevel>
  <escapedJava>false</escapedJava>
  <property name="proxyInformation">ProxyInformation { proxyOption=NO_PROXY, proxyServerType=HTTP, username=, password=********, proxyServerAddress=, proxyServerPort=0, executionList=&quot;&quot;, isApplyToDesiredCapabilities=true }</property>
</record>
<record>
  <date>2025-01-31T14:49:18.285214900Z</date>
  <millis>1738334958285</millis>
  <nanos>214900</nanos>
  <sequence>319</sequence>
  <level>PASSED</level>
  <class>com.kms.katalon.core.logging.XmlKeywordLogger</class>
  <method>logMessage</method>
  <thread>1</thread>
  <message>Browser is opened with url: &amp;apos;&amp;apos;</message>
  <nestedLevel>1</nestedLevel>
  <escapedJava>false</escapedJava>
  <property name="testops-method-name">com.kms.katalon.core.webui.keyword.builtin.OpenBrowserKeyword.openBrowser</property>
  <property name="testops-execution-stacktrace"></property>
</record>
<record>
  <date>2025-01-31T14:49:18.288147100Z</date>
  <millis>1738334958288</millis>
  <nanos>147100</nanos>
  <sequence>320</sequence>
  <level>END</level>
  <class>com.kms.katalon.core.logging.XmlKeywordLogger</class>
  <method>endKeyword</method>
  <thread>1</thread>
  <message>End action : openBrowser(&amp;quot;&amp;quot;)</message>
  <nestedLevel>1</nestedLevel>
  <escapedJava>false</escapedJava>
</record>
<record>
  <date>2025-01-31T14:49:18.289148Z</date>
  <millis>1738334958289</millis>
  <nanos>148000</nanos>
  <sequence>321</sequence>
  <level>START</level>
  <class>com.kms.katalon.core.logging.XmlKeywordLogger</class>
  <method>startKeyword</method>
  <thread>1</thread>
  <message>Start action : navigateToUrl(&amp;quot;https://www.saucedemo.com/&amp;quot;)</message>
  <nestedLevel>1</nestedLevel>
  <escapedJava>false</escapedJava>
  <property name="startLine">22</property>
  <property name="stepIndex">2</property>
</record>
<record>
  <date>2025-01-31T14:49:20.375111100Z</date>
  <millis>1738334960375</millis>
  <nanos>111100</nanos>
  <sequence>324</sequence>
  <level>PASSED</level>
  <class>com.kms.katalon.core.logging.XmlKeywordLogger</class>
  <method>logMessage</method>
  <thread>1</thread>
  <message>Navigate to &amp;apos;https://www.saucedemo.com/&amp;apos; successfully</message>
  <nestedLevel>1</nestedLevel>
  <escapedJava>false</escapedJava>
  <property name="testops-method-name">com.kms.katalon.core.webui.keyword.builtin.NavigateToUrlKeyword.navigateToUrl</property>
  <property name="testops-execution-stacktrace"></property>
</record>
<record>
  <date>2025-01-31T14:49:20.378107600Z</date>
  <millis>1738334960378</millis>
  <nanos>107600</nanos>
  <sequence>325</sequence>
  <level>END</level>
  <class>com.kms.katalon.core.logging.XmlKeywordLogger</class>
  <method>endKeyword</method>
  <thread>1</thread>
  <message>End action : navigateToUrl(&amp;quot;https://www.saucedemo.com/&amp;quot;)</message>
  <nestedLevel>1</nestedLevel>
  <escapedJava>false</escapedJava>
</record>
<record>
  <date>2025-01-31T14:49:20.378107600Z</date>
  <millis>1738334960378</millis>
  <nanos>107600</nanos>
  <sequence>326</sequence>
  <level>START</level>
  <class>com.kms.katalon.core.logging.XmlKeywordLogger</class>
  <method>startKeyword</method>
  <thread>1</thread>
  <message>Start action : com.test.swaglabs.CustomLogin.WebLoginFourthAccount()</message>
  <nestedLevel>1</nestedLevel>
  <escapedJava>false</escapedJava>
  <property name="startLine">24</property>
  <property name="stepIndex">3</property>
</record>
<record>
  <date>2025-01-31T14:49:49.468343300Z</date>
  <millis>1738334989468</millis>
  <nanos>343300</nanos>
  <sequence>376</sequence>
  <level>WARNING</level>
  <class>com.kms.katalon.core.logging.XmlKeywordLogger</class>
  <method>logMessage</method>
  <thread>1</thread>
  <message>[SELF-HEALING] Failed to find element with id &amp;apos;Object Repository/Page_Swag Labs/input_Swag Labs_user-name&amp;apos;. Try using Self-healing.</message>
  <nestedLevel>1</nestedLevel>
  <escapedJava>false</escapedJava>
</record>
<record>
  <date>2025-01-31T14:49:50.081551300Z</date>
  <millis>1738334990081</millis>
  <nanos>551300</nanos>
  <sequence>379</sequence>
  <level>WARNING</level>
  <class>com.kms.katalon.core.logging.XmlKeywordLogger</class>
  <method>logMessage</method>
  <thread>1</thread>
  <message>[SELF-HEALING] invalid session id
Build info: version: &amp;apos;3.141.59&amp;apos;, revision: &amp;apos;unknown&amp;apos;, time: &amp;apos;unknown&amp;apos;
System info: host: &amp;apos;LAPTOP-5GQHVTHK&amp;apos;, ip: &amp;apos;192.168.0.101&amp;apos;, os.name: &amp;apos;Windows 11&amp;apos;, os.arch: &amp;apos;amd64&amp;apos;, os.version: &amp;apos;10.0&amp;apos;, java.version: &amp;apos;17.0.7&amp;apos;
Driver info: com.kms.katalon.selenium.driver.CRemoteWebDriver
Capabilities {acceptInsecureCerts: false, browserName: chrome, browserVersion: 133.0.6847.2, chrome: {chromedriverVersion: 133.0.6847.2 (7e95e23d2d1f8..., userDataDir: C:\Program Files\scoped_dir...}, fedcm:accounts: true, goog:chromeOptions: {debuggerAddress: localhost:9225}, javascriptEnabled: true, katalon:caps: {executionId: 7f162be9-fa1e-4bc8-8744-cdd..., executionSessionId: 8a4b7fce-eb78-4f50-9ab8-9f7...}, katalon:options: {executionId: 7f162be9-fa1e-4bc8-8744-cdd..., executionSessionId: 8a4b7fce-eb78-4f50-9ab8-9f7..., group: 9ab6bac5-1cc1-4a31-be02-e95..., metadata: {accountUuid: fda32340-531c-49aa-a0b7-40d..., organizationId: 1906073, usingTunnel: false}, organizationId: 1906073, runFromTestCloud: true, tenant: TestOps, tunnelMetadataId: 47bf9c75-9831-4539-a455-bf2..., userId: 1648280, username: innocent.beaver.duja@instan..., usingTunnel: true}, kt:requestId: 8a4b7fce-eb78-4f50-9ab8-9f7..., kt:rid: 8a4b7fce-eb78-4f50-9ab8-9f7..., networkConnectionEnabled: false, pageLoadStrategy: normal, platform: WINDOWS, platformName: WINDOWS, proxy: Proxy(), se:bidiEnabled: false, se:cdpEnabled: false, setWindowRect: true, strictFileInteractability: false, timeouts: {implicit: 0, pageLoad: 300000, script: 30000}, unhandledPromptBehavior: dismiss and notify, webauthn:extension:credBlob: true, webauthn:extension:largeBlob: true, webauthn:extension:minPinLength: true, webauthn:extension:prf: true, webauthn:virtualAuthenticators: true}
Session ID: 49125acfb67ae6c94de217cb048f9a95
*** Element info: {Using=xpath, value=//input[@id=&amp;apos;user-name&amp;apos;]}</message>
  <nestedLevel>1</nestedLevel>
  <escapedJava>false</escapedJava>
  <property name="failed.exception.class">org.openqa.selenium.NoSuchSessionException</property>
  <property name="failed.exception.stacktrace">org.openqa.selenium.NoSuchSessionException: invalid session id
Build info: version: &apos;3.141.59&apos;, revision: &apos;unknown&apos;, time: &apos;unknown&apos;
System info: host: &apos;LAPTOP-5GQHVTHK&apos;, ip: &apos;192.168.0.101&apos;, os.name: &apos;Windows 11&apos;, os.arch: &apos;amd64&apos;, os.version: &apos;10.0&apos;, java.version: &apos;17.0.7&apos;
Driver info: com.kms.katalon.selenium.driver.CRemoteWebDriver
Capabilities {acceptInsecureCerts: false, browserName: chrome, browserVersion: 133.0.6847.2, chrome: {chromedriverVersion: 133.0.6847.2 (7e95e23d2d1f8..., userDataDir: C:\Program Files\scoped_dir...}, fedcm:accounts: true, goog:chromeOptions: {debuggerAddress: localhost:9225}, javascriptEnabled: true, katalon:caps: {executionId: 7f162be9-fa1e-4bc8-8744-cdd..., executionSessionId: 8a4b7fce-eb78-4f50-9ab8-9f7...}, katalon:options: {executionId: 7f162be9-fa1e-4bc8-8744-cdd..., executionSessionId: 8a4b7fce-eb78-4f50-9ab8-9f7..., group: 9ab6bac5-1cc1-4a31-be02-e95..., metadata: {accountUuid: fda32340-531c-49aa-a0b7-40d..., organizationId: 1906073, usingTunnel: false}, organizationId: 1906073, runFromTestCloud: true, tenant: TestOps, tunnelMetadataId: 47bf9c75-9831-4539-a455-bf2..., userId: 1648280, username: innocent.beaver.duja@instan..., usingTunnel: true}, kt:requestId: 8a4b7fce-eb78-4f50-9ab8-9f7..., kt:rid: 8a4b7fce-eb78-4f50-9ab8-9f7..., networkConnectionEnabled: false, pageLoadStrategy: normal, platform: WINDOWS, platformName: WINDOWS, proxy: Proxy(), se:bidiEnabled: false, se:cdpEnabled: false, setWindowRect: true, strictFileInteractability: false, timeouts: {implicit: 0, pageLoad: 300000, script: 30000}, unhandledPromptBehavior: dismiss and notify, webauthn:extension:credBlob: true, webauthn:extension:largeBlob: true, webauthn:extension:minPinLength: true, webauthn:extension:prf: true, webauthn:virtualAuthenticators: true}
Session ID: 49125acfb67ae6c94de217cb048f9a95
*** Element info: {Using=xpath, value=//input[@id=&apos;user-name&apos;]}
	at jdk.internal.reflect.GeneratedConstructorAccessor21.newInstance(Unknown Source)
	at java.base/jdk.internal.reflect.DelegatingConstructorAccessorImpl.newInstance(DelegatingConstructorAccessorImpl.java:45)
	at org.openqa.selenium.remote.http.W3CHttpResponseCodec.createException(W3CHttpResponseCodec.java:187)
	at org.openqa.selenium.remote.http.W3CHttpResponseCodec.decode(W3CHttpResponseCodec.java:122)
	at org.openqa.selenium.remote.http.W3CHttpResponseCodec.decode(W3CHttpResponseCodec.java:49)
	at org.openqa.selenium.remote.HttpCommandExecutor.execute(HttpCommandExecutor.java:158)
	at org.openqa.selenium.remote.RemoteWebDriver.execute(RemoteWebDriver.java:552)
	at com.kms.katalon.selenium.driver.CRemoteWebDriver.execute(CRemoteWebDriver.java:30)
	at org.openqa.selenium.remote.RemoteWebDriver.findElements(RemoteWebDriver.java:353)
	at org.openqa.selenium.remote.RemoteWebDriver.findElementsByXPath(RemoteWebDriver.java:432)
	at org.openqa.selenium.By$ByXPath.findElements(By.java:348)
	at org.openqa.selenium.remote.RemoteWebDriver.findElements(RemoteWebDriver.java:311)
	at jdk.internal.reflect.GeneratedMethodAccessor8.invoke(Unknown Source)
	at java.base/jdk.internal.reflect.DelegatingMethodAccessorImpl.invoke(DelegatingMethodAccessorImpl.java:43)
	at org.openqa.selenium.support.events.EventFiringWebDriver.lambda$new$1(EventFiringWebDriver.java:105)
	at jdk.proxy2/jdk.proxy2.$Proxy23.findElements(Unknown Source)
	at org.openqa.selenium.support.events.EventFiringWebDriver.findElements(EventFiringWebDriver.java:182)
	at com.kms.katalon.core.webui.common.WebUiCommonHelper.findWebElementsWithSmartXPath(WebUiCommonHelper.java:1110)
	at com.kms.katalon.core.webui.common.WebUiCommonHelper.findElementsBySelectedMethod(WebUiCommonHelper.java:923)
	at com.kms.katalon.core.webui.common.WebUiCommonHelper.findElementsWithSelfHealing(WebUiCommonHelper.java:815)
	at com.kms.katalon.core.webui.common.WebUiCommonHelper.findWebElements(WebUiCommonHelper.java:727)
	at com.kms.katalon.core.webui.common.WebUiCommonHelper.findWebElement(WebUiCommonHelper.java:1413)
	at com.kms.katalon.core.webui.keyword.internal.WebUIAbstractKeyword.findWebElement(WebUIAbstractKeyword.groovy:27)
	at com.kms.katalon.core.webui.keyword.internal.WebUIAbstractKeyword.findWebElement(WebUIAbstractKeyword.groovy:26)
	at com.kms.katalon.core.webui.keyword.builtin.SetTextKeyword$_setText_closure1.doCall(SetTextKeyword.groovy:53)
	at com.kms.katalon.core.webui.keyword.builtin.SetTextKeyword$_setText_closure1.call(SetTextKeyword.groovy)
	at com.kms.katalon.core.webui.keyword.internal.WebUIKeywordMain.runKeyword(WebUIKeywordMain.groovy:35)
	at com.kms.katalon.core.webui.keyword.builtin.SetTextKeyword.setText(SetTextKeyword.groovy:85)
	at com.kms.katalon.core.webui.keyword.builtin.SetTextKeyword.execute(SetTextKeyword.groovy:39)
	at com.kms.katalon.core.keyword.internal.KeywordExecutor.executeKeywordForPlatform(KeywordExecutor.groovy:74)
	at com.kms.katalon.core.webui.keyword.WebUiBuiltInKeywords.setText(WebUiBuiltInKeywords.groovy:1019)
	at com.test.swaglabs.CustomLogin.WebLoginFourthAccount(CustomLogin.groovy:63)
	at java.base/jdk.internal.reflect.NativeMethodAccessorImpl.invoke0(Native Method)
	at java.base/jdk.internal.reflect.NativeMethodAccessorImpl.invoke(NativeMethodAccessorImpl.java:77)
	at java.base/jdk.internal.reflect.DelegatingMethodAccessorImpl.invoke(DelegatingMethodAccessorImpl.java:43)
	at com.kms.katalon.core.main.CustomKeywordDelegatingMetaClass.invokeStaticMethod(CustomKeywordDelegatingMetaClass.java:55)
	at Login by Fourth Account - performance_glitch_user.run(Login by Fourth Account - performance_glitch_user:24)
	at com.kms.katalon.core.main.ScriptEngine.run(ScriptEngine.java:194)
	at com.kms.katalon.core.main.ScriptEngine.runScriptAsRawText(ScriptEngine.java:119)
	at com.kms.katalon.core.main.TestCaseExecutor.runScript(TestCaseExecutor.java:448)
	at com.kms.katalon.core.main.TestCaseExecutor.doExecute(TestCaseExecutor.java:439)
	at com.kms.katalon.core.main.TestCaseExecutor.processExecutionPhase(TestCaseExecutor.java:418)
	at com.kms.katalon.core.main.TestCaseExecutor.accessMainPhase(TestCaseExecutor.java:410)
	at com.kms.katalon.core.main.TestCaseExecutor.execute(TestCaseExecutor.java:285)
	at com.kms.katalon.core.common.CommonExecutor.accessTestCaseMainPhase(CommonExecutor.java:65)
	at com.kms.katalon.core.main.TestSuiteExecutor.accessTestSuiteMainPhase(TestSuiteExecutor.java:150)
	at com.kms.katalon.core.main.TestSuiteExecutor.execute(TestSuiteExecutor.java:106)
	at com.kms.katalon.core.main.TestCaseMain.startTestSuite(TestCaseMain.java:180)
	at TempTestSuite1738334733685.run(TempTestSuite1738334733685.groovy:35)
	at java.base/jdk.internal.reflect.NativeMethodAccessorImpl.invoke0(Native Method)
	at java.base/jdk.internal.reflect.NativeMethodAccessorImpl.invoke(NativeMethodAccessorImpl.java:77)
	at java.base/jdk.internal.reflect.DelegatingMethodAccessorImpl.invoke(DelegatingMethodAccessorImpl.java:43)
</property>
  <property name="failed.exception.message">invalid session id
Build info: version: &apos;3.141.59&apos;, revision: &apos;unknown&apos;, time: &apos;unknown&apos;
System info: host: &apos;LAPTOP-5GQHVTHK&apos;, ip: &apos;192.168.0.101&apos;, os.name: &apos;Windows 11&apos;, os.arch: &apos;amd64&apos;, os.version: &apos;10.0&apos;, java.version: &apos;17.0.7&apos;
Driver info: com.kms.katalon.selenium.driver.CRemoteWebDriver
Capabilities {acceptInsecureCerts: false, browserName: chrome, browserVersion: 133.0.6847.2, chrome: {chromedriverVersion: 133.0.6847.2 (7e95e23d2d1f8..., userDataDir: C:\Program Files\scoped_dir...}, fedcm:accounts: true, goog:chromeOptions: {debuggerAddress: localhost:9225}, javascriptEnabled: true, katalon:caps: {executionId: 7f162be9-fa1e-4bc8-8744-cdd..., executionSessionId: 8a4b7fce-eb78-4f50-9ab8-9f7...}, katalon:options: {executionId: 7f162be9-fa1e-4bc8-8744-cdd..., executionSessionId: 8a4b7fce-eb78-4f50-9ab8-9f7..., group: 9ab6bac5-1cc1-4a31-be02-e95..., metadata: {accountUuid: fda32340-531c-49aa-a0b7-40d..., organizationId: 1906073, usingTunnel: false}, organizationId: 1906073, runFromTestCloud: true, tenant: TestOps, tunnelMetadataId: 47bf9c75-9831-4539-a455-bf2..., userId: 1648280, username: innocent.beaver.duja@instan..., usingTunnel: true}, kt:requestId: 8a4b7fce-eb78-4f50-9ab8-9f7..., kt:rid: 8a4b7fce-eb78-4f50-9ab8-9f7..., networkConnectionEnabled: false, pageLoadStrategy: normal, platform: WINDOWS, platformName: WINDOWS, proxy: Proxy(), se:bidiEnabled: false, se:cdpEnabled: false, setWindowRect: true, strictFileInteractability: false, timeouts: {implicit: 0, pageLoad: 300000, script: 30000}, unhandledPromptBehavior: dismiss and notify, webauthn:extension:credBlob: true, webauthn:extension:largeBlob: true, webauthn:extension:minPinLength: true, webauthn:extension:prf: true, webauthn:virtualAuthenticators: true}
Session ID: 49125acfb67ae6c94de217cb048f9a95
*** Element info: {Using=xpath, value=//input[@id=&apos;user-name&apos;]}</property>
</record>
<record>
  <date>2025-01-31T14:49:52.042700700Z</date>
  <millis>1738334992042</millis>
  <nanos>700700</nanos>
  <sequence>383</sequence>
  <level>WARNING</level>
  <class>com.kms.katalon.core.logging.XmlKeywordLogger</class>
  <method>logMessage</method>
  <thread>1</thread>
  <message>[SELF-HEALING] invalid session id
Build info: version: &amp;apos;3.141.59&amp;apos;, revision: &amp;apos;unknown&amp;apos;, time: &amp;apos;unknown&amp;apos;
System info: host: &amp;apos;LAPTOP-5GQHVTHK&amp;apos;, ip: &amp;apos;192.168.0.101&amp;apos;, os.name: &amp;apos;Windows 11&amp;apos;, os.arch: &amp;apos;amd64&amp;apos;, os.version: &amp;apos;10.0&amp;apos;, java.version: &amp;apos;17.0.7&amp;apos;
Driver info: com.kms.katalon.selenium.driver.CRemoteWebDriver
Capabilities {acceptInsecureCerts: false, browserName: chrome, browserVersion: 133.0.6847.2, chrome: {chromedriverVersion: 133.0.6847.2 (7e95e23d2d1f8..., userDataDir: C:\Program Files\scoped_dir...}, fedcm:accounts: true, goog:chromeOptions: {debuggerAddress: localhost:9225}, javascriptEnabled: true, katalon:caps: {executionId: 7f162be9-fa1e-4bc8-8744-cdd..., executionSessionId: 8a4b7fce-eb78-4f50-9ab8-9f7...}, katalon:options: {executionId: 7f162be9-fa1e-4bc8-8744-cdd..., executionSessionId: 8a4b7fce-eb78-4f50-9ab8-9f7..., group: 9ab6bac5-1cc1-4a31-be02-e95..., metadata: {accountUuid: fda32340-531c-49aa-a0b7-40d..., organizationId: 1906073, usingTunnel: false}, organizationId: 1906073, runFromTestCloud: true, tenant: TestOps, tunnelMetadataId: 47bf9c75-9831-4539-a455-bf2..., userId: 1648280, username: innocent.beaver.duja@instan..., usingTunnel: true}, kt:requestId: 8a4b7fce-eb78-4f50-9ab8-9f7..., kt:rid: 8a4b7fce-eb78-4f50-9ab8-9f7..., networkConnectionEnabled: false, pageLoadStrategy: normal, platform: WINDOWS, platformName: WINDOWS, proxy: Proxy(), se:bidiEnabled: false, se:cdpEnabled: false, setWindowRect: true, strictFileInteractability: false, timeouts: {implicit: 0, pageLoad: 300000, script: 30000}, unhandledPromptBehavior: dismiss and notify, webauthn:extension:credBlob: true, webauthn:extension:largeBlob: true, webauthn:extension:minPinLength: true, webauthn:extension:prf: true, webauthn:virtualAuthenticators: true}
Session ID: 49125acfb67ae6c94de217cb048f9a95
*** Element info: {Using=xpath, value=//*[@placeholder = &amp;apos;Username&amp;apos; and @type = &amp;apos;text&amp;apos; and @id = &amp;apos;user-name&amp;apos; and @name = &amp;apos;user-name&amp;apos;]}</message>
  <nestedLevel>1</nestedLevel>
  <escapedJava>false</escapedJava>
  <property name="failed.exception.class">org.openqa.selenium.NoSuchSessionException</property>
  <property name="failed.exception.stacktrace">org.openqa.selenium.NoSuchSessionException: invalid session id
Build info: version: &apos;3.141.59&apos;, revision: &apos;unknown&apos;, time: &apos;unknown&apos;
System info: host: &apos;LAPTOP-5GQHVTHK&apos;, ip: &apos;192.168.0.101&apos;, os.name: &apos;Windows 11&apos;, os.arch: &apos;amd64&apos;, os.version: &apos;10.0&apos;, java.version: &apos;17.0.7&apos;
Driver info: com.kms.katalon.selenium.driver.CRemoteWebDriver
Capabilities {acceptInsecureCerts: false, browserName: chrome, browserVersion: 133.0.6847.2, chrome: {chromedriverVersion: 133.0.6847.2 (7e95e23d2d1f8..., userDataDir: C:\Program Files\scoped_dir...}, fedcm:accounts: true, goog:chromeOptions: {debuggerAddress: localhost:9225}, javascriptEnabled: true, katalon:caps: {executionId: 7f162be9-fa1e-4bc8-8744-cdd..., executionSessionId: 8a4b7fce-eb78-4f50-9ab8-9f7...}, katalon:options: {executionId: 7f162be9-fa1e-4bc8-8744-cdd..., executionSessionId: 8a4b7fce-eb78-4f50-9ab8-9f7..., group: 9ab6bac5-1cc1-4a31-be02-e95..., metadata: {accountUuid: fda32340-531c-49aa-a0b7-40d..., organizationId: 1906073, usingTunnel: false}, organizationId: 1906073, runFromTestCloud: true, tenant: TestOps, tunnelMetadataId: 47bf9c75-9831-4539-a455-bf2..., userId: 1648280, username: innocent.beaver.duja@instan..., usingTunnel: true}, kt:requestId: 8a4b7fce-eb78-4f50-9ab8-9f7..., kt:rid: 8a4b7fce-eb78-4f50-9ab8-9f7..., networkConnectionEnabled: false, pageLoadStrategy: normal, platform: WINDOWS, platformName: WINDOWS, proxy: Proxy(), se:bidiEnabled: false, se:cdpEnabled: false, setWindowRect: true, strictFileInteractability: false, timeouts: {implicit: 0, pageLoad: 300000, script: 30000}, unhandledPromptBehavior: dismiss and notify, webauthn:extension:credBlob: true, webauthn:extension:largeBlob: true, webauthn:extension:minPinLength: true, webauthn:extension:prf: true, webauthn:virtualAuthenticators: true}
Session ID: 49125acfb67ae6c94de217cb048f9a95
*** Element info: {Using=xpath, value=//*[@placeholder = &apos;Username&apos; and @type = &apos;text&apos; and @id = &apos;user-name&apos; and @name = &apos;user-name&apos;]}
	at jdk.internal.reflect.GeneratedConstructorAccessor21.newInstance(Unknown Source)
	at java.base/jdk.internal.reflect.DelegatingConstructorAccessorImpl.newInstance(DelegatingConstructorAccessorImpl.java:45)
	at org.openqa.selenium.remote.http.W3CHttpResponseCodec.createException(W3CHttpResponseCodec.java:187)
	at org.openqa.selenium.remote.http.W3CHttpResponseCodec.decode(W3CHttpResponseCodec.java:122)
	at org.openqa.selenium.remote.http.W3CHttpResponseCodec.decode(W3CHttpResponseCodec.java:49)
	at org.openqa.selenium.remote.HttpCommandExecutor.execute(HttpCommandExecutor.java:158)
	at org.openqa.selenium.remote.RemoteWebDriver.execute(RemoteWebDriver.java:552)
	at com.kms.katalon.selenium.driver.CRemoteWebDriver.execute(CRemoteWebDriver.java:30)
	at org.openqa.selenium.remote.RemoteWebDriver.findElements(RemoteWebDriver.java:353)
	at org.openqa.selenium.remote.RemoteWebDriver.findElementsByXPath(RemoteWebDriver.java:432)
	at org.openqa.selenium.By$ByXPath.findElements(By.java:348)
	at org.openqa.selenium.remote.RemoteWebDriver.findElements(RemoteWebDriver.java:311)
	at jdk.internal.reflect.GeneratedMethodAccessor8.invoke(Unknown Source)
	at java.base/jdk.internal.reflect.DelegatingMethodAccessorImpl.invoke(DelegatingMethodAccessorImpl.java:43)
	at org.openqa.selenium.support.events.EventFiringWebDriver.lambda$new$1(EventFiringWebDriver.java:105)
	at jdk.proxy2/jdk.proxy2.$Proxy23.findElements(Unknown Source)
	at org.openqa.selenium.support.events.EventFiringWebDriver.findElements(EventFiringWebDriver.java:182)
	at com.kms.katalon.core.webui.common.WebUiCommonHelper.findElementByNormalMethods(WebUiCommonHelper.java:1033)
	at com.kms.katalon.core.webui.common.WebUiCommonHelper.findElementsBySelectedMethod(WebUiCommonHelper.java:918)
	at com.kms.katalon.core.webui.common.WebUiCommonHelper.findElementsWithSelfHealing(WebUiCommonHelper.java:815)
	at com.kms.katalon.core.webui.common.WebUiCommonHelper.findWebElements(WebUiCommonHelper.java:727)
	at com.kms.katalon.core.webui.common.WebUiCommonHelper.findWebElement(WebUiCommonHelper.java:1413)
	at com.kms.katalon.core.webui.keyword.internal.WebUIAbstractKeyword.findWebElement(WebUIAbstractKeyword.groovy:27)
	at com.kms.katalon.core.webui.keyword.internal.WebUIAbstractKeyword.findWebElement(WebUIAbstractKeyword.groovy:26)
	at com.kms.katalon.core.webui.keyword.builtin.SetTextKeyword$_setText_closure1.doCall(SetTextKeyword.groovy:53)
	at com.kms.katalon.core.webui.keyword.builtin.SetTextKeyword$_setText_closure1.call(SetTextKeyword.groovy)
	at com.kms.katalon.core.webui.keyword.internal.WebUIKeywordMain.runKeyword(WebUIKeywordMain.groovy:35)
	at com.kms.katalon.core.webui.keyword.builtin.SetTextKeyword.setText(SetTextKeyword.groovy:85)
	at com.kms.katalon.core.webui.keyword.builtin.SetTextKeyword.execute(SetTextKeyword.groovy:39)
	at com.kms.katalon.core.keyword.internal.KeywordExecutor.executeKeywordForPlatform(KeywordExecutor.groovy:74)
	at com.kms.katalon.core.webui.keyword.WebUiBuiltInKeywords.setText(WebUiBuiltInKeywords.groovy:1019)
	at com.test.swaglabs.CustomLogin.WebLoginFourthAccount(CustomLogin.groovy:63)
	at java.base/jdk.internal.reflect.NativeMethodAccessorImpl.invoke0(Native Method)
	at java.base/jdk.internal.reflect.NativeMethodAccessorImpl.invoke(NativeMethodAccessorImpl.java:77)
	at java.base/jdk.internal.reflect.DelegatingMethodAccessorImpl.invoke(DelegatingMethodAccessorImpl.java:43)
	at com.kms.katalon.core.main.CustomKeywordDelegatingMetaClass.invokeStaticMethod(CustomKeywordDelegatingMetaClass.java:55)
	at Login by Fourth Account - performance_glitch_user.run(Login by Fourth Account - performance_glitch_user:24)
	at com.kms.katalon.core.main.ScriptEngine.run(ScriptEngine.java:194)
	at com.kms.katalon.core.main.ScriptEngine.runScriptAsRawText(ScriptEngine.java:119)
	at com.kms.katalon.core.main.TestCaseExecutor.runScript(TestCaseExecutor.java:448)
	at com.kms.katalon.core.main.TestCaseExecutor.doExecute(TestCaseExecutor.java:439)
	at com.kms.katalon.core.main.TestCaseExecutor.processExecutionPhase(TestCaseExecutor.java:418)
	at com.kms.katalon.core.main.TestCaseExecutor.accessMainPhase(TestCaseExecutor.java:410)
	at com.kms.katalon.core.main.TestCaseExecutor.execute(TestCaseExecutor.java:285)
	at com.kms.katalon.core.common.CommonExecutor.accessTestCaseMainPhase(CommonExecutor.java:65)
	at com.kms.katalon.core.main.TestSuiteExecutor.accessTestSuiteMainPhase(TestSuiteExecutor.java:150)
	at com.kms.katalon.core.main.TestSuiteExecutor.execute(TestSuiteExecutor.java:106)
	at com.kms.katalon.core.main.TestCaseMain.startTestSuite(TestCaseMain.java:180)
	at TempTestSuite1738334733685.run(TempTestSuite1738334733685.groovy:35)
	at java.base/jdk.internal.reflect.NativeMethodAccessorImpl.invoke0(Native Method)
	at java.base/jdk.internal.reflect.NativeMethodAccessorImpl.invoke(NativeMethodAccessorImpl.java:77)
	at java.base/jdk.internal.reflect.DelegatingMethodAccessorImpl.invoke(DelegatingMethodAccessorImpl.java:43)
</property>
  <property name="failed.exception.message">invalid session id
Build info: version: &apos;3.141.59&apos;, revision: &apos;unknown&apos;, time: &apos;unknown&apos;
System info: host: &apos;LAPTOP-5GQHVTHK&apos;, ip: &apos;192.168.0.101&apos;, os.name: &apos;Windows 11&apos;, os.arch: &apos;amd64&apos;, os.version: &apos;10.0&apos;, java.version: &apos;17.0.7&apos;
Driver info: com.kms.katalon.selenium.driver.CRemoteWebDriver
Capabilities {acceptInsecureCerts: false, browserName: chrome, browserVersion: 133.0.6847.2, chrome: {chromedriverVersion: 133.0.6847.2 (7e95e23d2d1f8..., userDataDir: C:\Program Files\scoped_dir...}, fedcm:accounts: true, goog:chromeOptions: {debuggerAddress: localhost:9225}, javascriptEnabled: true, katalon:caps: {executionId: 7f162be9-fa1e-4bc8-8744-cdd..., executionSessionId: 8a4b7fce-eb78-4f50-9ab8-9f7...}, katalon:options: {executionId: 7f162be9-fa1e-4bc8-8744-cdd..., executionSessionId: 8a4b7fce-eb78-4f50-9ab8-9f7..., group: 9ab6bac5-1cc1-4a31-be02-e95..., metadata: {accountUuid: fda32340-531c-49aa-a0b7-40d..., organizationId: 1906073, usingTunnel: false}, organizationId: 1906073, runFromTestCloud: true, tenant: TestOps, tunnelMetadataId: 47bf9c75-9831-4539-a455-bf2..., userId: 1648280, username: innocent.beaver.duja@instan..., usingTunnel: true}, kt:requestId: 8a4b7fce-eb78-4f50-9ab8-9f7..., kt:rid: 8a4b7fce-eb78-4f50-9ab8-9f7..., networkConnectionEnabled: false, pageLoadStrategy: normal, platform: WINDOWS, platformName: WINDOWS, proxy: Proxy(), se:bidiEnabled: false, se:cdpEnabled: false, setWindowRect: true, strictFileInteractability: false, timeouts: {implicit: 0, pageLoad: 300000, script: 30000}, unhandledPromptBehavior: dismiss and notify, webauthn:extension:credBlob: true, webauthn:extension:largeBlob: true, webauthn:extension:minPinLength: true, webauthn:extension:prf: true, webauthn:virtualAuthenticators: true}
Session ID: 49125acfb67ae6c94de217cb048f9a95
*** Element info: {Using=xpath, value=//*[@placeholder = &apos;Username&apos; and @type = &apos;text&apos; and @id = &apos;user-name&apos; and @name = &apos;user-name&apos;]}</property>
</record>
<record>
  <date>2025-01-31T14:49:52.664042100Z</date>
  <millis>1738334992664</millis>
  <nanos>42100</nanos>
  <sequence>387</sequence>
  <level>WARNING</level>
  <class>com.kms.katalon.core.logging.XmlKeywordLogger</class>
  <method>logMessage</method>
  <thread>1</thread>
  <message>[SELF-HEALING] invalid session id
Build info: version: &amp;apos;3.141.59&amp;apos;, revision: &amp;apos;unknown&amp;apos;, time: &amp;apos;unknown&amp;apos;
System info: host: &amp;apos;LAPTOP-5GQHVTHK&amp;apos;, ip: &amp;apos;192.168.0.101&amp;apos;, os.name: &amp;apos;Windows 11&amp;apos;, os.arch: &amp;apos;amd64&amp;apos;, os.version: &amp;apos;10.0&amp;apos;, java.version: &amp;apos;17.0.7&amp;apos;
Driver info: com.kms.katalon.selenium.driver.CRemoteWebDriver
Capabilities {acceptInsecureCerts: false, browserName: chrome, browserVersion: 133.0.6847.2, chrome: {chromedriverVersion: 133.0.6847.2 (7e95e23d2d1f8..., userDataDir: C:\Program Files\scoped_dir...}, fedcm:accounts: true, goog:chromeOptions: {debuggerAddress: localhost:9225}, javascriptEnabled: true, katalon:caps: {executionId: 7f162be9-fa1e-4bc8-8744-cdd..., executionSessionId: 8a4b7fce-eb78-4f50-9ab8-9f7...}, katalon:options: {executionId: 7f162be9-fa1e-4bc8-8744-cdd..., executionSessionId: 8a4b7fce-eb78-4f50-9ab8-9f7..., group: 9ab6bac5-1cc1-4a31-be02-e95..., metadata: {accountUuid: fda32340-531c-49aa-a0b7-40d..., organizationId: 1906073, usingTunnel: false}, organizationId: 1906073, runFromTestCloud: true, tenant: TestOps, tunnelMetadataId: 47bf9c75-9831-4539-a455-bf2..., userId: 1648280, username: innocent.beaver.duja@instan..., usingTunnel: true}, kt:requestId: 8a4b7fce-eb78-4f50-9ab8-9f7..., kt:rid: 8a4b7fce-eb78-4f50-9ab8-9f7..., networkConnectionEnabled: false, pageLoadStrategy: normal, platform: WINDOWS, platformName: WINDOWS, proxy: Proxy(), se:bidiEnabled: false, se:cdpEnabled: false, setWindowRect: true, strictFileInteractability: false, timeouts: {implicit: 0, pageLoad: 300000, script: 30000}, unhandledPromptBehavior: dismiss and notify, webauthn:extension:credBlob: true, webauthn:extension:largeBlob: true, webauthn:extension:minPinLength: true, webauthn:extension:prf: true, webauthn:virtualAuthenticators: true}
Session ID: 49125acfb67ae6c94de217cb048f9a95
*** Element info: {Using=css selector, value=#user-name}</message>
  <nestedLevel>1</nestedLevel>
  <escapedJava>false</escapedJava>
  <property name="failed.exception.class">org.openqa.selenium.NoSuchSessionException</property>
  <property name="failed.exception.stacktrace">org.openqa.selenium.NoSuchSessionException: invalid session id
Build info: version: &apos;3.141.59&apos;, revision: &apos;unknown&apos;, time: &apos;unknown&apos;
System info: host: &apos;LAPTOP-5GQHVTHK&apos;, ip: &apos;192.168.0.101&apos;, os.name: &apos;Windows 11&apos;, os.arch: &apos;amd64&apos;, os.version: &apos;10.0&apos;, java.version: &apos;17.0.7&apos;
Driver info: com.kms.katalon.selenium.driver.CRemoteWebDriver
Capabilities {acceptInsecureCerts: false, browserName: chrome, browserVersion: 133.0.6847.2, chrome: {chromedriverVersion: 133.0.6847.2 (7e95e23d2d1f8..., userDataDir: C:\Program Files\scoped_dir...}, fedcm:accounts: true, goog:chromeOptions: {debuggerAddress: localhost:9225}, javascriptEnabled: true, katalon:caps: {executionId: 7f162be9-fa1e-4bc8-8744-cdd..., executionSessionId: 8a4b7fce-eb78-4f50-9ab8-9f7...}, katalon:options: {executionId: 7f162be9-fa1e-4bc8-8744-cdd..., executionSessionId: 8a4b7fce-eb78-4f50-9ab8-9f7..., group: 9ab6bac5-1cc1-4a31-be02-e95..., metadata: {accountUuid: fda32340-531c-49aa-a0b7-40d..., organizationId: 1906073, usingTunnel: false}, organizationId: 1906073, runFromTestCloud: true, tenant: TestOps, tunnelMetadataId: 47bf9c75-9831-4539-a455-bf2..., userId: 1648280, username: innocent.beaver.duja@instan..., usingTunnel: true}, kt:requestId: 8a4b7fce-eb78-4f50-9ab8-9f7..., kt:rid: 8a4b7fce-eb78-4f50-9ab8-9f7..., networkConnectionEnabled: false, pageLoadStrategy: normal, platform: WINDOWS, platformName: WINDOWS, proxy: Proxy(), se:bidiEnabled: false, se:cdpEnabled: false, setWindowRect: true, strictFileInteractability: false, timeouts: {implicit: 0, pageLoad: 300000, script: 30000}, unhandledPromptBehavior: dismiss and notify, webauthn:extension:credBlob: true, webauthn:extension:largeBlob: true, webauthn:extension:minPinLength: true, webauthn:extension:prf: true, webauthn:virtualAuthenticators: true}
Session ID: 49125acfb67ae6c94de217cb048f9a95
*** Element info: {Using=css selector, value=#user-name}
	at jdk.internal.reflect.GeneratedConstructorAccessor21.newInstance(Unknown Source)
	at java.base/jdk.internal.reflect.DelegatingConstructorAccessorImpl.newInstance(DelegatingConstructorAccessorImpl.java:45)
	at org.openqa.selenium.remote.http.W3CHttpResponseCodec.createException(W3CHttpResponseCodec.java:187)
	at org.openqa.selenium.remote.http.W3CHttpResponseCodec.decode(W3CHttpResponseCodec.java:122)
	at org.openqa.selenium.remote.http.W3CHttpResponseCodec.decode(W3CHttpResponseCodec.java:49)
	at org.openqa.selenium.remote.HttpCommandExecutor.execute(HttpCommandExecutor.java:158)
	at org.openqa.selenium.remote.RemoteWebDriver.execute(RemoteWebDriver.java:552)
	at com.kms.katalon.selenium.driver.CRemoteWebDriver.execute(CRemoteWebDriver.java:30)
	at org.openqa.selenium.remote.RemoteWebDriver.findElements(RemoteWebDriver.java:353)
	at org.openqa.selenium.remote.RemoteWebDriver.findElementsByCssSelector(RemoteWebDriver.java:424)
	at org.openqa.selenium.By$ByCssSelector.findElements(By.java:441)
	at org.openqa.selenium.remote.RemoteWebDriver.findElements(RemoteWebDriver.java:311)
	at jdk.internal.reflect.GeneratedMethodAccessor8.invoke(Unknown Source)
	at java.base/jdk.internal.reflect.DelegatingMethodAccessorImpl.invoke(DelegatingMethodAccessorImpl.java:43)
	at org.openqa.selenium.support.events.EventFiringWebDriver.lambda$new$1(EventFiringWebDriver.java:105)
	at jdk.proxy2/jdk.proxy2.$Proxy23.findElements(Unknown Source)
	at org.openqa.selenium.support.events.EventFiringWebDriver.findElements(EventFiringWebDriver.java:182)
	at com.kms.katalon.core.webui.common.WebUiCommonHelper.findElementByNormalMethods(WebUiCommonHelper.java:1033)
	at com.kms.katalon.core.webui.common.WebUiCommonHelper.findElementsBySelectedMethod(WebUiCommonHelper.java:920)
	at com.kms.katalon.core.webui.common.WebUiCommonHelper.findElementsWithSelfHealing(WebUiCommonHelper.java:815)
	at com.kms.katalon.core.webui.common.WebUiCommonHelper.findWebElements(WebUiCommonHelper.java:727)
	at com.kms.katalon.core.webui.common.WebUiCommonHelper.findWebElement(WebUiCommonHelper.java:1413)
	at com.kms.katalon.core.webui.keyword.internal.WebUIAbstractKeyword.findWebElement(WebUIAbstractKeyword.groovy:27)
	at com.kms.katalon.core.webui.keyword.internal.WebUIAbstractKeyword.findWebElement(WebUIAbstractKeyword.groovy:26)
	at com.kms.katalon.core.webui.keyword.builtin.SetTextKeyword$_setText_closure1.doCall(SetTextKeyword.groovy:53)
	at com.kms.katalon.core.webui.keyword.builtin.SetTextKeyword$_setText_closure1.call(SetTextKeyword.groovy)
	at com.kms.katalon.core.webui.keyword.internal.WebUIKeywordMain.runKeyword(WebUIKeywordMain.groovy:35)
	at com.kms.katalon.core.webui.keyword.builtin.SetTextKeyword.setText(SetTextKeyword.groovy:85)
	at com.kms.katalon.core.webui.keyword.builtin.SetTextKeyword.execute(SetTextKeyword.groovy:39)
	at com.kms.katalon.core.keyword.internal.KeywordExecutor.executeKeywordForPlatform(KeywordExecutor.groovy:74)
	at com.kms.katalon.core.webui.keyword.WebUiBuiltInKeywords.setText(WebUiBuiltInKeywords.groovy:1019)
	at com.test.swaglabs.CustomLogin.WebLoginFourthAccount(CustomLogin.groovy:63)
	at java.base/jdk.internal.reflect.NativeMethodAccessorImpl.invoke0(Native Method)
	at java.base/jdk.internal.reflect.NativeMethodAccessorImpl.invoke(NativeMethodAccessorImpl.java:77)
	at java.base/jdk.internal.reflect.DelegatingMethodAccessorImpl.invoke(DelegatingMethodAccessorImpl.java:43)
	at com.kms.katalon.core.main.CustomKeywordDelegatingMetaClass.invokeStaticMethod(CustomKeywordDelegatingMetaClass.java:55)
	at Login by Fourth Account - performance_glitch_user.run(Login by Fourth Account - performance_glitch_user:24)
	at com.kms.katalon.core.main.ScriptEngine.run(ScriptEngine.java:194)
	at com.kms.katalon.core.main.ScriptEngine.runScriptAsRawText(ScriptEngine.java:119)
	at com.kms.katalon.core.main.TestCaseExecutor.runScript(TestCaseExecutor.java:448)
	at com.kms.katalon.core.main.TestCaseExecutor.doExecute(TestCaseExecutor.java:439)
	at com.kms.katalon.core.main.TestCaseExecutor.processExecutionPhase(TestCaseExecutor.java:418)
	at com.kms.katalon.core.main.TestCaseExecutor.accessMainPhase(TestCaseExecutor.java:410)
	at com.kms.katalon.core.main.TestCaseExecutor.execute(TestCaseExecutor.java:285)
	at com.kms.katalon.core.common.CommonExecutor.accessTestCaseMainPhase(CommonExecutor.java:65)
	at com.kms.katalon.core.main.TestSuiteExecutor.accessTestSuiteMainPhase(TestSuiteExecutor.java:150)
	at com.kms.katalon.core.main.TestSuiteExecutor.execute(TestSuiteExecutor.java:106)
	at com.kms.katalon.core.main.TestCaseMain.startTestSuite(TestCaseMain.java:180)
	at TempTestSuite1738334733685.run(TempTestSuite1738334733685.groovy:35)
	at java.base/jdk.internal.reflect.NativeMethodAccessorImpl.invoke0(Native Method)
	at java.base/jdk.internal.reflect.NativeMethodAccessorImpl.invoke(NativeMethodAccessorImpl.java:77)
	at java.base/jdk.internal.reflect.DelegatingMethodAccessorImpl.invoke(DelegatingMethodAccessorImpl.java:43)
</property>
  <property name="failed.exception.message">invalid session id
Build info: version: &apos;3.141.59&apos;, revision: &apos;unknown&apos;, time: &apos;unknown&apos;
System info: host: &apos;LAPTOP-5GQHVTHK&apos;, ip: &apos;192.168.0.101&apos;, os.name: &apos;Windows 11&apos;, os.arch: &apos;amd64&apos;, os.version: &apos;10.0&apos;, java.version: &apos;17.0.7&apos;
Driver info: com.kms.katalon.selenium.driver.CRemoteWebDriver
Capabilities {acceptInsecureCerts: false, browserName: chrome, browserVersion: 133.0.6847.2, chrome: {chromedriverVersion: 133.0.6847.2 (7e95e23d2d1f8..., userDataDir: C:\Program Files\scoped_dir...}, fedcm:accounts: true, goog:chromeOptions: {debuggerAddress: localhost:9225}, javascriptEnabled: true, katalon:caps: {executionId: 7f162be9-fa1e-4bc8-8744-cdd..., executionSessionId: 8a4b7fce-eb78-4f50-9ab8-9f7...}, katalon:options: {executionId: 7f162be9-fa1e-4bc8-8744-cdd..., executionSessionId: 8a4b7fce-eb78-4f50-9ab8-9f7..., group: 9ab6bac5-1cc1-4a31-be02-e95..., metadata: {accountUuid: fda32340-531c-49aa-a0b7-40d..., organizationId: 1906073, usingTunnel: false}, organizationId: 1906073, runFromTestCloud: true, tenant: TestOps, tunnelMetadataId: 47bf9c75-9831-4539-a455-bf2..., userId: 1648280, username: innocent.beaver.duja@instan..., usingTunnel: true}, kt:requestId: 8a4b7fce-eb78-4f50-9ab8-9f7..., kt:rid: 8a4b7fce-eb78-4f50-9ab8-9f7..., networkConnectionEnabled: false, pageLoadStrategy: normal, platform: WINDOWS, platformName: WINDOWS, proxy: Proxy(), se:bidiEnabled: false, se:cdpEnabled: false, setWindowRect: true, strictFileInteractability: false, timeouts: {implicit: 0, pageLoad: 300000, script: 30000}, unhandledPromptBehavior: dismiss and notify, webauthn:extension:credBlob: true, webauthn:extension:largeBlob: true, webauthn:extension:minPinLength: true, webauthn:extension:prf: true, webauthn:virtualAuthenticators: true}
Session ID: 49125acfb67ae6c94de217cb048f9a95
*** Element info: {Using=css selector, value=#user-name}</property>
</record>
<record>
  <date>2025-01-31T14:49:53.068147700Z</date>
  <millis>1738334993068</millis>
  <nanos>147700</nanos>
  <sequence>389</sequence>
  <level>WARNING</level>
  <class>com.kms.katalon.core.logging.XmlKeywordLogger</class>
  <method>logMessage</method>
  <thread>1</thread>
  <message>Cannot take screenshot</message>
  <nestedLevel>1</nestedLevel>
  <escapedJava>false</escapedJava>
  <property name="failed.exception.class">org.openqa.selenium.WebDriverException</property>
  <property name="failed.exception.stacktrace">org.openqa.selenium.WebDriverException: An unknown error has occurred
Build info: version: &apos;3.141.59&apos;, revision: &apos;unknown&apos;, time: &apos;unknown&apos;
System info: host: &apos;LAPTOP-5GQHVTHK&apos;, ip: &apos;192.168.0.101&apos;, os.name: &apos;Windows 11&apos;, os.arch: &apos;amd64&apos;, os.version: &apos;10.0&apos;, java.version: &apos;17.0.7&apos;
Driver info: com.kms.katalon.selenium.driver.CRemoteWebDriver
Capabilities {acceptInsecureCerts: false, browserName: chrome, browserVersion: 133.0.6847.2, chrome: {chromedriverVersion: 133.0.6847.2 (7e95e23d2d1f8..., userDataDir: C:\Program Files\scoped_dir...}, fedcm:accounts: true, goog:chromeOptions: {debuggerAddress: localhost:9225}, javascriptEnabled: true, katalon:caps: {executionId: 7f162be9-fa1e-4bc8-8744-cdd..., executionSessionId: 8a4b7fce-eb78-4f50-9ab8-9f7...}, katalon:options: {executionId: 7f162be9-fa1e-4bc8-8744-cdd..., executionSessionId: 8a4b7fce-eb78-4f50-9ab8-9f7..., group: 9ab6bac5-1cc1-4a31-be02-e95..., metadata: {accountUuid: fda32340-531c-49aa-a0b7-40d..., organizationId: 1906073, usingTunnel: false}, organizationId: 1906073, runFromTestCloud: true, tenant: TestOps, tunnelMetadataId: 47bf9c75-9831-4539-a455-bf2..., userId: 1648280, username: innocent.beaver.duja@instan..., usingTunnel: true}, kt:requestId: 8a4b7fce-eb78-4f50-9ab8-9f7..., kt:rid: 8a4b7fce-eb78-4f50-9ab8-9f7..., networkConnectionEnabled: false, pageLoadStrategy: normal, platform: WINDOWS, platformName: WINDOWS, proxy: Proxy(), se:bidiEnabled: false, se:cdpEnabled: false, setWindowRect: true, strictFileInteractability: false, timeouts: {implicit: 0, pageLoad: 300000, script: 30000}, unhandledPromptBehavior: dismiss and notify, webauthn:extension:credBlob: true, webauthn:extension:largeBlob: true, webauthn:extension:minPinLength: true, webauthn:extension:prf: true, webauthn:virtualAuthenticators: true}
Session ID: 49125acfb67ae6c94de217cb048f9a95
	at java.base/jdk.internal.reflect.NativeConstructorAccessorImpl.newInstance0(Native Method)
	at java.base/jdk.internal.reflect.NativeConstructorAccessorImpl.newInstance(NativeConstructorAccessorImpl.java:77)
	at java.base/jdk.internal.reflect.DelegatingConstructorAccessorImpl.newInstance(DelegatingConstructorAccessorImpl.java:45)
	at org.openqa.selenium.remote.http.W3CHttpResponseCodec.createException(W3CHttpResponseCodec.java:187)
	at org.openqa.selenium.remote.http.W3CHttpResponseCodec.decode(W3CHttpResponseCodec.java:122)
	at org.openqa.selenium.remote.http.W3CHttpResponseCodec.decode(W3CHttpResponseCodec.java:49)
	at org.openqa.selenium.remote.HttpCommandExecutor.execute(HttpCommandExecutor.java:158)
	at org.openqa.selenium.remote.RemoteWebDriver.execute(RemoteWebDriver.java:552)
	at com.kms.katalon.selenium.driver.CRemoteWebDriver.execute(CRemoteWebDriver.java:30)
	at org.openqa.selenium.remote.RemoteWebDriver.execute(RemoteWebDriver.java:609)
	at org.openqa.selenium.remote.RemoteWebDriver.getScreenshotAs(RemoteWebDriver.java:295)
	at java.base/jdk.internal.reflect.NativeMethodAccessorImpl.invoke0(Native Method)
	at java.base/jdk.internal.reflect.NativeMethodAccessorImpl.invoke(NativeMethodAccessorImpl.java:77)
	at java.base/jdk.internal.reflect.DelegatingMethodAccessorImpl.invoke(DelegatingMethodAccessorImpl.java:43)
	at org.openqa.selenium.support.events.EventFiringWebDriver.lambda$new$1(EventFiringWebDriver.java:105)
	at jdk.proxy2/jdk.proxy2.$Proxy23.getScreenshotAs(Unknown Source)
	at org.openqa.selenium.support.events.EventFiringWebDriver.getScreenshotAs(EventFiringWebDriver.java:302)
	at com.kms.katalon.core.webui.helper.screenshot.WebUIScreenCaptor.take(WebUIScreenCaptor.java:26)
	at com.kms.katalon.core.helper.screenshot.ScreenCaptor.takeScreenshotAndGetAttributes(ScreenCaptor.java:38)
	at com.kms.katalon.core.webui.keyword.internal.WebUIKeywordMain.stepFailed(WebUIKeywordMain.groovy:117)
	at com.kms.katalon.core.webui.keyword.internal.WebUIKeywordMain.runKeyword(WebUIKeywordMain.groovy:43)
	at com.kms.katalon.core.webui.keyword.builtin.SetTextKeyword.setText(SetTextKeyword.groovy:85)
	at com.kms.katalon.core.webui.keyword.builtin.SetTextKeyword.execute(SetTextKeyword.groovy:39)
	at com.kms.katalon.core.keyword.internal.KeywordExecutor.executeKeywordForPlatform(KeywordExecutor.groovy:74)
	at com.kms.katalon.core.webui.keyword.WebUiBuiltInKeywords.setText(WebUiBuiltInKeywords.groovy:1019)
	at com.test.swaglabs.CustomLogin.WebLoginFourthAccount(CustomLogin.groovy:63)
	at java.base/jdk.internal.reflect.NativeMethodAccessorImpl.invoke0(Native Method)
	at java.base/jdk.internal.reflect.NativeMethodAccessorImpl.invoke(NativeMethodAccessorImpl.java:77)
	at java.base/jdk.internal.reflect.DelegatingMethodAccessorImpl.invoke(DelegatingMethodAccessorImpl.java:43)
	at com.kms.katalon.core.main.CustomKeywordDelegatingMetaClass.invokeStaticMethod(CustomKeywordDelegatingMetaClass.java:55)
	at Login by Fourth Account - performance_glitch_user.run(Login by Fourth Account - performance_glitch_user:24)
	at com.kms.katalon.core.main.ScriptEngine.run(ScriptEngine.java:194)
	at com.kms.katalon.core.main.ScriptEngine.runScriptAsRawText(ScriptEngine.java:119)
	at com.kms.katalon.core.main.TestCaseExecutor.runScript(TestCaseExecutor.java:448)
	at com.kms.katalon.core.main.TestCaseExecutor.doExecute(TestCaseExecutor.java:439)
	at com.kms.katalon.core.main.TestCaseExecutor.processExecutionPhase(TestCaseExecutor.java:418)
	at com.kms.katalon.core.main.TestCaseExecutor.accessMainPhase(TestCaseExecutor.java:410)
	at com.kms.katalon.core.main.TestCaseExecutor.execute(TestCaseExecutor.java:285)
	at com.kms.katalon.core.common.CommonExecutor.accessTestCaseMainPhase(CommonExecutor.java:65)
	at com.kms.katalon.core.main.TestSuiteExecutor.accessTestSuiteMainPhase(TestSuiteExecutor.java:150)
	at com.kms.katalon.core.main.TestSuiteExecutor.execute(TestSuiteExecutor.java:106)
	at com.kms.katalon.core.main.TestCaseMain.startTestSuite(TestCaseMain.java:180)
	at TempTestSuite1738334733685.run(TempTestSuite1738334733685.groovy:35)
	at java.base/jdk.internal.reflect.NativeMethodAccessorImpl.invoke0(Native Method)
	at java.base/jdk.internal.reflect.NativeMethodAccessorImpl.invoke(NativeMethodAccessorImpl.java:77)
	at java.base/jdk.internal.reflect.DelegatingMethodAccessorImpl.invoke(DelegatingMethodAccessorImpl.java:43)
</property>
  <property name="failed.exception.message">An unknown error has occurred
Build info: version: &apos;3.141.59&apos;, revision: &apos;unknown&apos;, time: &apos;unknown&apos;
System info: host: &apos;LAPTOP-5GQHVTHK&apos;, ip: &apos;192.168.0.101&apos;, os.name: &apos;Windows 11&apos;, os.arch: &apos;amd64&apos;, os.version: &apos;10.0&apos;, java.version: &apos;17.0.7&apos;
Driver info: com.kms.katalon.selenium.driver.CRemoteWebDriver
Capabilities {acceptInsecureCerts: false, browserName: chrome, browserVersion: 133.0.6847.2, chrome: {chromedriverVersion: 133.0.6847.2 (7e95e23d2d1f8..., userDataDir: C:\Program Files\scoped_dir...}, fedcm:accounts: true, goog:chromeOptions: {debuggerAddress: localhost:9225}, javascriptEnabled: true, katalon:caps: {executionId: 7f162be9-fa1e-4bc8-8744-cdd..., executionSessionId: 8a4b7fce-eb78-4f50-9ab8-9f7...}, katalon:options: {executionId: 7f162be9-fa1e-4bc8-8744-cdd..., executionSessionId: 8a4b7fce-eb78-4f50-9ab8-9f7..., group: 9ab6bac5-1cc1-4a31-be02-e95..., metadata: {accountUuid: fda32340-531c-49aa-a0b7-40d..., organizationId: 1906073, usingTunnel: false}, organizationId: 1906073, runFromTestCloud: true, tenant: TestOps, tunnelMetadataId: 47bf9c75-9831-4539-a455-bf2..., userId: 1648280, username: innocent.beaver.duja@instan..., usingTunnel: true}, kt:requestId: 8a4b7fce-eb78-4f50-9ab8-9f7..., kt:rid: 8a4b7fce-eb78-4f50-9ab8-9f7..., networkConnectionEnabled: false, pageLoadStrategy: normal, platform: WINDOWS, platformName: WINDOWS, proxy: Proxy(), se:bidiEnabled: false, se:cdpEnabled: false, setWindowRect: true, strictFileInteractability: false, timeouts: {implicit: 0, pageLoad: 300000, script: 30000}, unhandledPromptBehavior: dismiss and notify, webauthn:extension:credBlob: true, webauthn:extension:largeBlob: true, webauthn:extension:minPinLength: true, webauthn:extension:prf: true, webauthn:virtualAuthenticators: true}
Session ID: 49125acfb67ae6c94de217cb048f9a95</property>
</record>
<record>
  <date>2025-01-31T14:49:53.068147700Z</date>
  <millis>1738334993068</millis>
  <nanos>147700</nanos>
  <sequence>393</sequence>
  <level>FAILED</level>
  <class>com.kms.katalon.core.logging.XmlKeywordLogger</class>
  <method>logMessage</method>
  <thread>1</thread>
  <message>Unable to set text &amp;apos;performance_glitch_user&amp;apos; of object &amp;apos;Object Repository/Page_Swag Labs/input_Swag Labs_user-name&amp;apos; (Root cause: com.kms.katalon.core.exception.StepFailedException: Unable to set text &amp;apos;performance_glitch_user&amp;apos; of object &amp;apos;Object Repository/Page_Swag Labs/input_Swag Labs_user-name&amp;apos;
	at com.kms.katalon.core.webui.keyword.internal.WebUIKeywordMain.stepFailed(WebUIKeywordMain.groovy:117)
	at com.kms.katalon.core.webui.keyword.internal.WebUIKeywordMain.runKeyword(WebUIKeywordMain.groovy:43)
	at com.kms.katalon.core.webui.keyword.builtin.SetTextKeyword.setText(SetTextKeyword.groovy:85)
	at com.kms.katalon.core.webui.keyword.builtin.SetTextKeyword.execute(SetTextKeyword.groovy:39)
	at com.kms.katalon.core.keyword.internal.KeywordExecutor.executeKeywordForPlatform(KeywordExecutor.groovy:74)
	at com.kms.katalon.core.webui.keyword.WebUiBuiltInKeywords.setText(WebUiBuiltInKeywords.groovy:1019)
	at com.test.swaglabs.CustomLogin.WebLoginFourthAccount(CustomLogin.groovy:63)
	at java.base/jdk.internal.reflect.NativeMethodAccessorImpl.invoke0(Native Method)
	at java.base/jdk.internal.reflect.NativeMethodAccessorImpl.invoke(NativeMethodAccessorImpl.java:77)
	at java.base/jdk.internal.reflect.DelegatingMethodAccessorImpl.invoke(DelegatingMethodAccessorImpl.java:43)
	at com.kms.katalon.core.main.CustomKeywordDelegatingMetaClass.invokeStaticMethod(CustomKeywordDelegatingMetaClass.java:55)
	at Login by Fourth Account - performance_glitch_user.run(Login by Fourth Account - performance_glitch_user:24)
	at com.kms.katalon.core.main.ScriptEngine.run(ScriptEngine.java:194)
	at com.kms.katalon.core.main.ScriptEngine.runScriptAsRawText(ScriptEngine.java:119)
	at com.kms.katalon.core.main.TestCaseExecutor.runScript(TestCaseExecutor.java:448)
	at com.kms.katalon.core.main.TestCaseExecutor.doExecute(TestCaseExecutor.java:439)
	at com.kms.katalon.core.main.TestCaseExecutor.processExecutionPhase(TestCaseExecutor.java:418)
	at com.kms.katalon.core.main.TestCaseExecutor.accessMainPhase(TestCaseExecutor.java:410)
	at com.kms.katalon.core.main.TestCaseExecutor.execute(TestCaseExecutor.java:285)
	at com.kms.katalon.core.common.CommonExecutor.accessTestCaseMainPhase(CommonExecutor.java:65)
	at com.kms.katalon.core.main.TestSuiteExecutor.accessTestSuiteMainPhase(TestSuiteExecutor.java:150)
	at com.kms.katalon.core.main.TestSuiteExecutor.execute(TestSuiteExecutor.java:106)
	at com.kms.katalon.core.main.TestCaseMain.startTestSuite(TestCaseMain.java:180)
	at TempTestSuite1738334733685.run(TempTestSuite1738334733685.groovy:35)
	at java.base/jdk.internal.reflect.NativeMethodAccessorImpl.invoke0(Native Method)
	at java.base/jdk.internal.reflect.NativeMethodAccessorImpl.invoke(NativeMethodAccessorImpl.java:77)
	at java.base/jdk.internal.reflect.DelegatingMethodAccessorImpl.invoke(DelegatingMethodAccessorImpl.java:43)
Caused by: org.openqa.selenium.NoSuchSessionException: invalid session id: session deleted as the browser has closed the connection
from disconnected: Unable to receive message from renderer
  (Session info: chrome=133.0.6847.2)
Build info: version: &amp;apos;3.141.59&amp;apos;, revision: &amp;apos;unknown&amp;apos;, time: &amp;apos;unknown&amp;apos;
System info: host: &amp;apos;LAPTOP-5GQHVTHK&amp;apos;, ip: &amp;apos;192.168.0.101&amp;apos;, os.name: &amp;apos;Windows 11&amp;apos;, os.arch: &amp;apos;amd64&amp;apos;, os.version: &amp;apos;10.0&amp;apos;, java.version: &amp;apos;17.0.7&amp;apos;
Driver info: com.kms.katalon.selenium.driver.CRemoteWebDriver
Capabilities {acceptInsecureCerts: false, browserName: chrome, browserVersion: 133.0.6847.2, chrome: {chromedriverVersion: 133.0.6847.2 (7e95e23d2d1f8..., userDataDir: C:\Program Files\scoped_dir...}, fedcm:accounts: true, goog:chromeOptions: {debuggerAddress: localhost:9225}, javascriptEnabled: true, katalon:caps: {executionId: 7f162be9-fa1e-4bc8-8744-cdd..., executionSessionId: 8a4b7fce-eb78-4f50-9ab8-9f7...}, katalon:options: {executionId: 7f162be9-fa1e-4bc8-8744-cdd..., executionSessionId: 8a4b7fce-eb78-4f50-9ab8-9f7..., group: 9ab6bac5-1cc1-4a31-be02-e95..., metadata: {accountUuid: fda32340-531c-49aa-a0b7-40d..., organizationId: 1906073, usingTunnel: false}, organizationId: 1906073, runFromTestCloud: true, tenant: TestOps, tunnelMetadataId: 47bf9c75-9831-4539-a455-bf2..., userId: 1648280, username: innocent.beaver.duja@instan..., usingTunnel: true}, kt:requestId: 8a4b7fce-eb78-4f50-9ab8-9f7..., kt:rid: 8a4b7fce-eb78-4f50-9ab8-9f7..., networkConnectionEnabled: false, pageLoadStrategy: normal, platform: WINDOWS, platformName: WINDOWS, proxy: Proxy(), se:bidiEnabled: false, se:cdpEnabled: false, setWindowRect: true, strictFileInteractability: false, timeouts: {implicit: 0, pageLoad: 300000, script: 30000}, unhandledPromptBehavior: dismiss and notify, webauthn:extension:credBlob: true, webauthn:extension:largeBlob: true, webauthn:extension:minPinLength: true, webauthn:extension:prf: true, webauthn:virtualAuthenticators: true}
Session ID: 49125acfb67ae6c94de217cb048f9a95
*** Element info: {Using=xpath, value=//input[@id=&amp;apos;user-name&amp;apos;]}
	at jdk.internal.reflect.GeneratedConstructorAccessor21.newInstance(Unknown Source)
	at java.base/jdk.internal.reflect.DelegatingConstructorAccessorImpl.newInstance(DelegatingConstructorAccessorImpl.java:45)
	at org.openqa.selenium.remote.http.W3CHttpResponseCodec.createException(W3CHttpResponseCodec.java:187)
	at org.openqa.selenium.remote.http.W3CHttpResponseCodec.decode(W3CHttpResponseCodec.java:122)
	at org.openqa.selenium.remote.http.W3CHttpResponseCodec.decode(W3CHttpResponseCodec.java:49)
	at org.openqa.selenium.remote.HttpCommandExecutor.execute(HttpCommandExecutor.java:158)
	at org.openqa.selenium.remote.RemoteWebDriver.execute(RemoteWebDriver.java:552)
	at com.kms.katalon.selenium.driver.CRemoteWebDriver.execute(CRemoteWebDriver.java:30)
	at org.openqa.selenium.remote.RemoteWebDriver.findElements(RemoteWebDriver.java:353)
	at org.openqa.selenium.remote.RemoteWebDriver.findElementsByXPath(RemoteWebDriver.java:432)
	at org.openqa.selenium.By$ByXPath.findElements(By.java:348)
	at org.openqa.selenium.remote.RemoteWebDriver.findElements(RemoteWebDriver.java:311)
	at jdk.internal.reflect.GeneratedMethodAccessor8.invoke(Unknown Source)
	at java.base/jdk.internal.reflect.DelegatingMethodAccessorImpl.invoke(DelegatingMethodAccessorImpl.java:43)
	at org.openqa.selenium.support.events.EventFiringWebDriver.lambda$new$1(EventFiringWebDriver.java:105)
	at jdk.proxy2/jdk.proxy2.$Proxy23.findElements(Unknown Source)
	at org.openqa.selenium.support.events.EventFiringWebDriver.findElements(EventFiringWebDriver.java:182)
	at com.kms.katalon.core.webui.common.WebUiCommonHelper.findElementByNormalMethods(WebUiCommonHelper.java:1033)
	at com.kms.katalon.core.webui.common.WebUiCommonHelper.findElementsBySelectedMethod(WebUiCommonHelper.java:924)
	at com.kms.katalon.core.webui.common.WebUiCommonHelper.findElementsBySelectedMethod(WebUiCommonHelper.java:906)
	at com.kms.katalon.core.webui.common.WebUiCommonHelper.findElementsBySelectedMethod(WebUiCommonHelper.java:901)
	at com.kms.katalon.core.webui.common.WebUiCommonHelper.findElementsByDefault(WebUiCommonHelper.java:897)
	at com.kms.katalon.core.webui.common.WebUiCommonHelper.findElementsWithSelfHealing(WebUiCommonHelper.java:743)
	at com.kms.katalon.core.webui.common.WebUiCommonHelper.findWebElements(WebUiCommonHelper.java:727)
	at com.kms.katalon.core.webui.common.WebUiCommonHelper.findWebElement(WebUiCommonHelper.java:1413)
	at com.kms.katalon.core.webui.keyword.internal.WebUIAbstractKeyword.findWebElement(WebUIAbstractKeyword.groovy:27)
	at com.kms.katalon.core.webui.keyword.internal.WebUIAbstractKeyword.findWebElement(WebUIAbstractKeyword.groovy:26)
	at com.kms.katalon.core.webui.keyword.builtin.SetTextKeyword$_setText_closure1.doCall(SetTextKeyword.groovy:53)
	at com.kms.katalon.core.webui.keyword.builtin.SetTextKeyword$_setText_closure1.call(SetTextKeyword.groovy)
	at com.kms.katalon.core.webui.keyword.internal.WebUIKeywordMain.runKeyword(WebUIKeywordMain.groovy:35)
	at com.kms.katalon.core.webui.keyword.builtin.SetTextKeyword.setText(SetTextKeyword.groovy:85)
	at com.kms.katalon.core.webui.keyword.builtin.SetTextKeyword.execute(SetTextKeyword.groovy:39)
	at com.kms.katalon.core.keyword.internal.KeywordExecutor.executeKeywordForPlatform(KeywordExecutor.groovy:74)
	at com.kms.katalon.core.webui.keyword.WebUiBuiltInKeywords.setText(WebUiBuiltInKeywords.groovy:1019)
	at com.test.swaglabs.CustomLogin.WebLoginFourthAccount(CustomLogin.groovy:63)
	at java.base/jdk.internal.reflect.NativeMethodAccessorImpl.invoke0(Native Method)
	at java.base/jdk.internal.reflect.NativeMethodAccessorImpl.invoke(NativeMethodAccessorImpl.java:77)
	at java.base/jdk.internal.reflect.DelegatingMethodAccessorImpl.invoke(DelegatingMethodAccessorImpl.java:43)
	at com.kms.katalon.core.main.CustomKeywordDelegatingMetaClass.invokeStaticMethod(CustomKeywordDelegatingMetaClass.java:55)
	at Script1738220797178.run(Script1738220797178.groovy:24)
	... 15 more
)</message>
  <nestedLevel>1</nestedLevel>
  <escapedJava>false</escapedJava>
  <property name="failed.exception.class">org.openqa.selenium.NoSuchSessionException</property>
  <property name="failed.exception.stacktrace">org.openqa.selenium.NoSuchSessionException: invalid session id: session deleted as the browser has closed the connection
from disconnected: Unable to receive message from renderer
  (Session info: chrome=133.0.6847.2)
Build info: version: &apos;3.141.59&apos;, revision: &apos;unknown&apos;, time: &apos;unknown&apos;
System info: host: &apos;LAPTOP-5GQHVTHK&apos;, ip: &apos;192.168.0.101&apos;, os.name: &apos;Windows 11&apos;, os.arch: &apos;amd64&apos;, os.version: &apos;10.0&apos;, java.version: &apos;17.0.7&apos;
Driver info: com.kms.katalon.selenium.driver.CRemoteWebDriver
Capabilities {acceptInsecureCerts: false, browserName: chrome, browserVersion: 133.0.6847.2, chrome: {chromedriverVersion: 133.0.6847.2 (7e95e23d2d1f8..., userDataDir: C:\Program Files\scoped_dir...}, fedcm:accounts: true, goog:chromeOptions: {debuggerAddress: localhost:9225}, javascriptEnabled: true, katalon:caps: {executionId: 7f162be9-fa1e-4bc8-8744-cdd..., executionSessionId: 8a4b7fce-eb78-4f50-9ab8-9f7...}, katalon:options: {executionId: 7f162be9-fa1e-4bc8-8744-cdd..., executionSessionId: 8a4b7fce-eb78-4f50-9ab8-9f7..., group: 9ab6bac5-1cc1-4a31-be02-e95..., metadata: {accountUuid: fda32340-531c-49aa-a0b7-40d..., organizationId: 1906073, usingTunnel: false}, organizationId: 1906073, runFromTestCloud: true, tenant: TestOps, tunnelMetadataId: 47bf9c75-9831-4539-a455-bf2..., userId: 1648280, username: innocent.beaver.duja@instan..., usingTunnel: true}, kt:requestId: 8a4b7fce-eb78-4f50-9ab8-9f7..., kt:rid: 8a4b7fce-eb78-4f50-9ab8-9f7..., networkConnectionEnabled: false, pageLoadStrategy: normal, platform: WINDOWS, platformName: WINDOWS, proxy: Proxy(), se:bidiEnabled: false, se:cdpEnabled: false, setWindowRect: true, strictFileInteractability: false, timeouts: {implicit: 0, pageLoad: 300000, script: 30000}, unhandledPromptBehavior: dismiss and notify, webauthn:extension:credBlob: true, webauthn:extension:largeBlob: true, webauthn:extension:minPinLength: true, webauthn:extension:prf: true, webauthn:virtualAuthenticators: true}
Session ID: 49125acfb67ae6c94de217cb048f9a95
*** Element info: {Using=xpath, value=//input[@id=&apos;user-name&apos;]}
	at jdk.internal.reflect.GeneratedConstructorAccessor21.newInstance(Unknown Source)
	at java.base/jdk.internal.reflect.DelegatingConstructorAccessorImpl.newInstance(DelegatingConstructorAccessorImpl.java:45)
	at org.openqa.selenium.remote.http.W3CHttpResponseCodec.createException(W3CHttpResponseCodec.java:187)
	at org.openqa.selenium.remote.http.W3CHttpResponseCodec.decode(W3CHttpResponseCodec.java:122)
	at org.openqa.selenium.remote.http.W3CHttpResponseCodec.decode(W3CHttpResponseCodec.java:49)
	at org.openqa.selenium.remote.HttpCommandExecutor.execute(HttpCommandExecutor.java:158)
	at org.openqa.selenium.remote.RemoteWebDriver.execute(RemoteWebDriver.java:552)
	at com.kms.katalon.selenium.driver.CRemoteWebDriver.execute(CRemoteWebDriver.java:30)
	at org.openqa.selenium.remote.RemoteWebDriver.findElements(RemoteWebDriver.java:353)
	at org.openqa.selenium.remote.RemoteWebDriver.findElementsByXPath(RemoteWebDriver.java:432)
	at org.openqa.selenium.By$ByXPath.findElements(By.java:348)
	at org.openqa.selenium.remote.RemoteWebDriver.findElements(RemoteWebDriver.java:311)
	at jdk.internal.reflect.GeneratedMethodAccessor8.invoke(Unknown Source)
	at java.base/jdk.internal.reflect.DelegatingMethodAccessorImpl.invoke(DelegatingMethodAccessorImpl.java:43)
	at org.openqa.selenium.support.events.EventFiringWebDriver.lambda$new$1(EventFiringWebDriver.java:105)
	at jdk.proxy2/jdk.proxy2.$Proxy23.findElements(Unknown Source)
	at org.openqa.selenium.support.events.EventFiringWebDriver.findElements(EventFiringWebDriver.java:182)
	at com.kms.katalon.core.webui.common.WebUiCommonHelper.findElementByNormalMethods(WebUiCommonHelper.java:1033)
	at com.kms.katalon.core.webui.common.WebUiCommonHelper.findElementsBySelectedMethod(WebUiCommonHelper.java:924)
	at com.kms.katalon.core.webui.common.WebUiCommonHelper.findElementsBySelectedMethod(WebUiCommonHelper.java:906)
	at com.kms.katalon.core.webui.common.WebUiCommonHelper.findElementsBySelectedMethod(WebUiCommonHelper.java:901)
	at com.kms.katalon.core.webui.common.WebUiCommonHelper.findElementsByDefault(WebUiCommonHelper.java:897)
	at com.kms.katalon.core.webui.common.WebUiCommonHelper.findElementsWithSelfHealing(WebUiCommonHelper.java:743)
	at com.kms.katalon.core.webui.common.WebUiCommonHelper.findWebElements(WebUiCommonHelper.java:727)
	at com.kms.katalon.core.webui.common.WebUiCommonHelper.findWebElement(WebUiCommonHelper.java:1413)
	at com.kms.katalon.core.webui.keyword.internal.WebUIAbstractKeyword.findWebElement(WebUIAbstractKeyword.groovy:27)
	at com.kms.katalon.core.webui.keyword.internal.WebUIAbstractKeyword.findWebElement(WebUIAbstractKeyword.groovy:26)
	at com.kms.katalon.core.webui.keyword.builtin.SetTextKeyword$_setText_closure1.doCall(SetTextKeyword.groovy:53)
	at com.kms.katalon.core.webui.keyword.builtin.SetTextKeyword$_setText_closure1.call(SetTextKeyword.groovy)
	at com.kms.katalon.core.webui.keyword.internal.WebUIKeywordMain.runKeyword(WebUIKeywordMain.groovy:35)
	at com.kms.katalon.core.webui.keyword.builtin.SetTextKeyword.setText(SetTextKeyword.groovy:85)
	at com.kms.katalon.core.webui.keyword.builtin.SetTextKeyword.execute(SetTextKeyword.groovy:39)
	at com.kms.katalon.core.keyword.internal.KeywordExecutor.executeKeywordForPlatform(KeywordExecutor.groovy:74)
	at com.kms.katalon.core.webui.keyword.WebUiBuiltInKeywords.setText(WebUiBuiltInKeywords.groovy:1019)
	at com.test.swaglabs.CustomLogin.WebLoginFourthAccount(CustomLogin.groovy:63)
	at java.base/jdk.internal.reflect.NativeMethodAccessorImpl.invoke0(Native Method)
	at java.base/jdk.internal.reflect.NativeMethodAccessorImpl.invoke(NativeMethodAccessorImpl.java:77)
	at java.base/jdk.internal.reflect.DelegatingMethodAccessorImpl.invoke(DelegatingMethodAccessorImpl.java:43)
	at com.kms.katalon.core.main.CustomKeywordDelegatingMetaClass.invokeStaticMethod(CustomKeywordDelegatingMetaClass.java:55)
	at Login by Fourth Account - performance_glitch_user.run(Login by Fourth Account - performance_glitch_user:24)
	at com.kms.katalon.core.main.ScriptEngine.run(ScriptEngine.java:194)
	at com.kms.katalon.core.main.ScriptEngine.runScriptAsRawText(ScriptEngine.java:119)
	at com.kms.katalon.core.main.TestCaseExecutor.runScript(TestCaseExecutor.java:448)
	at com.kms.katalon.core.main.TestCaseExecutor.doExecute(TestCaseExecutor.java:439)
	at com.kms.katalon.core.main.TestCaseExecutor.processExecutionPhase(TestCaseExecutor.java:418)
	at com.kms.katalon.core.main.TestCaseExecutor.accessMainPhase(TestCaseExecutor.java:410)
	at com.kms.katalon.core.main.TestCaseExecutor.execute(TestCaseExecutor.java:285)
	at com.kms.katalon.core.common.CommonExecutor.accessTestCaseMainPhase(CommonExecutor.java:65)
	at com.kms.katalon.core.main.TestSuiteExecutor.accessTestSuiteMainPhase(TestSuiteExecutor.java:150)
	at com.kms.katalon.core.main.TestSuiteExecutor.execute(TestSuiteExecutor.java:106)
	at com.kms.katalon.core.main.TestCaseMain.startTestSuite(TestCaseMain.java:180)
	at TempTestSuite1738334733685.run(TempTestSuite1738334733685.groovy:35)
	at java.base/jdk.internal.reflect.NativeMethodAccessorImpl.invoke0(Native Method)
	at java.base/jdk.internal.reflect.NativeMethodAccessorImpl.invoke(NativeMethodAccessorImpl.java:77)
	at java.base/jdk.internal.reflect.DelegatingMethodAccessorImpl.invoke(DelegatingMethodAccessorImpl.java:43)
</property>
  <property name="failed.exception.message">invalid session id: session deleted as the browser has closed the connection
from disconnected: Unable to receive message from renderer
  (Session info: chrome=133.0.6847.2)
Build info: version: &apos;3.141.59&apos;, revision: &apos;unknown&apos;, time: &apos;unknown&apos;
System info: host: &apos;LAPTOP-5GQHVTHK&apos;, ip: &apos;192.168.0.101&apos;, os.name: &apos;Windows 11&apos;, os.arch: &apos;amd64&apos;, os.version: &apos;10.0&apos;, java.version: &apos;17.0.7&apos;
Driver info: com.kms.katalon.selenium.driver.CRemoteWebDriver
Capabilities {acceptInsecureCerts: false, browserName: chrome, browserVersion: 133.0.6847.2, chrome: {chromedriverVersion: 133.0.6847.2 (7e95e23d2d1f8..., userDataDir: C:\Program Files\scoped_dir...}, fedcm:accounts: true, goog:chromeOptions: {debuggerAddress: localhost:9225}, javascriptEnabled: true, katalon:caps: {executionId: 7f162be9-fa1e-4bc8-8744-cdd..., executionSessionId: 8a4b7fce-eb78-4f50-9ab8-9f7...}, katalon:options: {executionId: 7f162be9-fa1e-4bc8-8744-cdd..., executionSessionId: 8a4b7fce-eb78-4f50-9ab8-9f7..., group: 9ab6bac5-1cc1-4a31-be02-e95..., metadata: {accountUuid: fda32340-531c-49aa-a0b7-40d..., organizationId: 1906073, usingTunnel: false}, organizationId: 1906073, runFromTestCloud: true, tenant: TestOps, tunnelMetadataId: 47bf9c75-9831-4539-a455-bf2..., userId: 1648280, username: innocent.beaver.duja@instan..., usingTunnel: true}, kt:requestId: 8a4b7fce-eb78-4f50-9ab8-9f7..., kt:rid: 8a4b7fce-eb78-4f50-9ab8-9f7..., networkConnectionEnabled: false, pageLoadStrategy: normal, platform: WINDOWS, platformName: WINDOWS, proxy: Proxy(), se:bidiEnabled: false, se:cdpEnabled: false, setWindowRect: true, strictFileInteractability: false, timeouts: {implicit: 0, pageLoad: 300000, script: 30000}, unhandledPromptBehavior: dismiss and notify, webauthn:extension:credBlob: true, webauthn:extension:largeBlob: true, webauthn:extension:minPinLength: true, webauthn:extension:prf: true, webauthn:virtualAuthenticators: true}
Session ID: 49125acfb67ae6c94de217cb048f9a95
*** Element info: {Using=xpath, value=//input[@id=&apos;user-name&apos;]}</property>
</record>
<record>
  <date>2025-01-31T14:49:53.074655500Z</date>
  <millis>1738334993074</millis>
  <nanos>655500</nanos>
  <sequence>395</sequence>
  <level>FAILED</level>
  <class>com.kms.katalon.core.logging.XmlKeywordLogger</class>
  <method>logMessage</method>
  <thread>1</thread>
  <message>Unable to set text &amp;apos;performance_glitch_user&amp;apos; of object &amp;apos;Object Repository/Page_Swag Labs/input_Swag Labs_user-name&amp;apos;</message>
  <nestedLevel>1</nestedLevel>
  <escapedJava>false</escapedJava>
  <property name="failed.exception.class">org.openqa.selenium.NoSuchSessionException</property>
  <property name="failed.exception.stacktrace">org.openqa.selenium.NoSuchSessionException: invalid session id: session deleted as the browser has closed the connection
from disconnected: Unable to receive message from renderer
  (Session info: chrome=133.0.6847.2)
Build info: version: &apos;3.141.59&apos;, revision: &apos;unknown&apos;, time: &apos;unknown&apos;
System info: host: &apos;LAPTOP-5GQHVTHK&apos;, ip: &apos;192.168.0.101&apos;, os.name: &apos;Windows 11&apos;, os.arch: &apos;amd64&apos;, os.version: &apos;10.0&apos;, java.version: &apos;17.0.7&apos;
Driver info: com.kms.katalon.selenium.driver.CRemoteWebDriver
Capabilities {acceptInsecureCerts: false, browserName: chrome, browserVersion: 133.0.6847.2, chrome: {chromedriverVersion: 133.0.6847.2 (7e95e23d2d1f8..., userDataDir: C:\Program Files\scoped_dir...}, fedcm:accounts: true, goog:chromeOptions: {debuggerAddress: localhost:9225}, javascriptEnabled: true, katalon:caps: {executionId: 7f162be9-fa1e-4bc8-8744-cdd..., executionSessionId: 8a4b7fce-eb78-4f50-9ab8-9f7...}, katalon:options: {executionId: 7f162be9-fa1e-4bc8-8744-cdd..., executionSessionId: 8a4b7fce-eb78-4f50-9ab8-9f7..., group: 9ab6bac5-1cc1-4a31-be02-e95..., metadata: {accountUuid: fda32340-531c-49aa-a0b7-40d..., organizationId: 1906073, usingTunnel: false}, organizationId: 1906073, runFromTestCloud: true, tenant: TestOps, tunnelMetadataId: 47bf9c75-9831-4539-a455-bf2..., userId: 1648280, username: innocent.beaver.duja@instan..., usingTunnel: true}, kt:requestId: 8a4b7fce-eb78-4f50-9ab8-9f7..., kt:rid: 8a4b7fce-eb78-4f50-9ab8-9f7..., networkConnectionEnabled: false, pageLoadStrategy: normal, platform: WINDOWS, platformName: WINDOWS, proxy: Proxy(), se:bidiEnabled: false, se:cdpEnabled: false, setWindowRect: true, strictFileInteractability: false, timeouts: {implicit: 0, pageLoad: 300000, script: 30000}, unhandledPromptBehavior: dismiss and notify, webauthn:extension:credBlob: true, webauthn:extension:largeBlob: true, webauthn:extension:minPinLength: true, webauthn:extension:prf: true, webauthn:virtualAuthenticators: true}
Session ID: 49125acfb67ae6c94de217cb048f9a95
*** Element info: {Using=xpath, value=//input[@id=&apos;user-name&apos;]}
	at jdk.internal.reflect.GeneratedConstructorAccessor21.newInstance(Unknown Source)
	at java.base/jdk.internal.reflect.DelegatingConstructorAccessorImpl.newInstance(DelegatingConstructorAccessorImpl.java:45)
	at org.openqa.selenium.remote.http.W3CHttpResponseCodec.createException(W3CHttpResponseCodec.java:187)
	at org.openqa.selenium.remote.http.W3CHttpResponseCodec.decode(W3CHttpResponseCodec.java:122)
	at org.openqa.selenium.remote.http.W3CHttpResponseCodec.decode(W3CHttpResponseCodec.java:49)
	at org.openqa.selenium.remote.HttpCommandExecutor.execute(HttpCommandExecutor.java:158)
	at org.openqa.selenium.remote.RemoteWebDriver.execute(RemoteWebDriver.java:552)
	at com.kms.katalon.selenium.driver.CRemoteWebDriver.execute(CRemoteWebDriver.java:30)
	at org.openqa.selenium.remote.RemoteWebDriver.findElements(RemoteWebDriver.java:353)
	at org.openqa.selenium.remote.RemoteWebDriver.findElementsByXPath(RemoteWebDriver.java:432)
	at org.openqa.selenium.By$ByXPath.findElements(By.java:348)
	at org.openqa.selenium.remote.RemoteWebDriver.findElements(RemoteWebDriver.java:311)
	at jdk.internal.reflect.GeneratedMethodAccessor8.invoke(Unknown Source)
	at java.base/jdk.internal.reflect.DelegatingMethodAccessorImpl.invoke(DelegatingMethodAccessorImpl.java:43)
	at org.openqa.selenium.support.events.EventFiringWebDriver.lambda$new$1(EventFiringWebDriver.java:105)
	at jdk.proxy2/jdk.proxy2.$Proxy23.findElements(Unknown Source)
	at org.openqa.selenium.support.events.EventFiringWebDriver.findElements(EventFiringWebDriver.java:182)
	at com.kms.katalon.core.webui.common.WebUiCommonHelper.findElementByNormalMethods(WebUiCommonHelper.java:1033)
	at com.kms.katalon.core.webui.common.WebUiCommonHelper.findElementsBySelectedMethod(WebUiCommonHelper.java:924)
	at com.kms.katalon.core.webui.common.WebUiCommonHelper.findElementsBySelectedMethod(WebUiCommonHelper.java:906)
	at com.kms.katalon.core.webui.common.WebUiCommonHelper.findElementsBySelectedMethod(WebUiCommonHelper.java:901)
	at com.kms.katalon.core.webui.common.WebUiCommonHelper.findElementsByDefault(WebUiCommonHelper.java:897)
	at com.kms.katalon.core.webui.common.WebUiCommonHelper.findElementsWithSelfHealing(WebUiCommonHelper.java:743)
	at com.kms.katalon.core.webui.common.WebUiCommonHelper.findWebElements(WebUiCommonHelper.java:727)
	at com.kms.katalon.core.webui.common.WebUiCommonHelper.findWebElement(WebUiCommonHelper.java:1413)
	at com.kms.katalon.core.webui.keyword.internal.WebUIAbstractKeyword.findWebElement(WebUIAbstractKeyword.groovy:27)
	at com.kms.katalon.core.webui.keyword.internal.WebUIAbstractKeyword.findWebElement(WebUIAbstractKeyword.groovy:26)
	at com.kms.katalon.core.webui.keyword.builtin.SetTextKeyword$_setText_closure1.doCall(SetTextKeyword.groovy:53)
	at com.kms.katalon.core.webui.keyword.builtin.SetTextKeyword$_setText_closure1.call(SetTextKeyword.groovy)
	at com.kms.katalon.core.webui.keyword.internal.WebUIKeywordMain.runKeyword(WebUIKeywordMain.groovy:35)
	at com.kms.katalon.core.webui.keyword.builtin.SetTextKeyword.setText(SetTextKeyword.groovy:85)
	at com.kms.katalon.core.webui.keyword.builtin.SetTextKeyword.execute(SetTextKeyword.groovy:39)
	at com.kms.katalon.core.keyword.internal.KeywordExecutor.executeKeywordForPlatform(KeywordExecutor.groovy:74)
	at com.kms.katalon.core.webui.keyword.WebUiBuiltInKeywords.setText(WebUiBuiltInKeywords.groovy:1019)
	at com.test.swaglabs.CustomLogin.WebLoginFourthAccount(CustomLogin.groovy:63)
	at java.base/jdk.internal.reflect.NativeMethodAccessorImpl.invoke0(Native Method)
	at java.base/jdk.internal.reflect.NativeMethodAccessorImpl.invoke(NativeMethodAccessorImpl.java:77)
	at java.base/jdk.internal.reflect.DelegatingMethodAccessorImpl.invoke(DelegatingMethodAccessorImpl.java:43)
	at com.kms.katalon.core.main.CustomKeywordDelegatingMetaClass.invokeStaticMethod(CustomKeywordDelegatingMetaClass.java:55)
	at Login by Fourth Account - performance_glitch_user.run(Login by Fourth Account - performance_glitch_user:24)
	at com.kms.katalon.core.main.ScriptEngine.run(ScriptEngine.java:194)
	at com.kms.katalon.core.main.ScriptEngine.runScriptAsRawText(ScriptEngine.java:119)
	at com.kms.katalon.core.main.TestCaseExecutor.runScript(TestCaseExecutor.java:448)
	at com.kms.katalon.core.main.TestCaseExecutor.doExecute(TestCaseExecutor.java:439)
	at com.kms.katalon.core.main.TestCaseExecutor.processExecutionPhase(TestCaseExecutor.java:418)
	at com.kms.katalon.core.main.TestCaseExecutor.accessMainPhase(TestCaseExecutor.java:410)
	at com.kms.katalon.core.main.TestCaseExecutor.execute(TestCaseExecutor.java:285)
	at com.kms.katalon.core.common.CommonExecutor.accessTestCaseMainPhase(CommonExecutor.java:65)
	at com.kms.katalon.core.main.TestSuiteExecutor.accessTestSuiteMainPhase(TestSuiteExecutor.java:150)
	at com.kms.katalon.core.main.TestSuiteExecutor.execute(TestSuiteExecutor.java:106)
	at com.kms.katalon.core.main.TestCaseMain.startTestSuite(TestCaseMain.java:180)
	at TempTestSuite1738334733685.run(TempTestSuite1738334733685.groovy:35)
	at java.base/jdk.internal.reflect.NativeMethodAccessorImpl.invoke0(Native Method)
	at java.base/jdk.internal.reflect.NativeMethodAccessorImpl.invoke(NativeMethodAccessorImpl.java:77)
	at java.base/jdk.internal.reflect.DelegatingMethodAccessorImpl.invoke(DelegatingMethodAccessorImpl.java:43)
</property>
  <property name="failed.exception.message">invalid session id: session deleted as the browser has closed the connection
from disconnected: Unable to receive message from renderer
  (Session info: chrome=133.0.6847.2)
Build info: version: &apos;3.141.59&apos;, revision: &apos;unknown&apos;, time: &apos;unknown&apos;
System info: host: &apos;LAPTOP-5GQHVTHK&apos;, ip: &apos;192.168.0.101&apos;, os.name: &apos;Windows 11&apos;, os.arch: &apos;amd64&apos;, os.version: &apos;10.0&apos;, java.version: &apos;17.0.7&apos;
Driver info: com.kms.katalon.selenium.driver.CRemoteWebDriver
Capabilities {acceptInsecureCerts: false, browserName: chrome, browserVersion: 133.0.6847.2, chrome: {chromedriverVersion: 133.0.6847.2 (7e95e23d2d1f8..., userDataDir: C:\Program Files\scoped_dir...}, fedcm:accounts: true, goog:chromeOptions: {debuggerAddress: localhost:9225}, javascriptEnabled: true, katalon:caps: {executionId: 7f162be9-fa1e-4bc8-8744-cdd..., executionSessionId: 8a4b7fce-eb78-4f50-9ab8-9f7...}, katalon:options: {executionId: 7f162be9-fa1e-4bc8-8744-cdd..., executionSessionId: 8a4b7fce-eb78-4f50-9ab8-9f7..., group: 9ab6bac5-1cc1-4a31-be02-e95..., metadata: {accountUuid: fda32340-531c-49aa-a0b7-40d..., organizationId: 1906073, usingTunnel: false}, organizationId: 1906073, runFromTestCloud: true, tenant: TestOps, tunnelMetadataId: 47bf9c75-9831-4539-a455-bf2..., userId: 1648280, username: innocent.beaver.duja@instan..., usingTunnel: true}, kt:requestId: 8a4b7fce-eb78-4f50-9ab8-9f7..., kt:rid: 8a4b7fce-eb78-4f50-9ab8-9f7..., networkConnectionEnabled: false, pageLoadStrategy: normal, platform: WINDOWS, platformName: WINDOWS, proxy: Proxy(), se:bidiEnabled: false, se:cdpEnabled: false, setWindowRect: true, strictFileInteractability: false, timeouts: {implicit: 0, pageLoad: 300000, script: 30000}, unhandledPromptBehavior: dismiss and notify, webauthn:extension:credBlob: true, webauthn:extension:largeBlob: true, webauthn:extension:minPinLength: true, webauthn:extension:prf: true, webauthn:virtualAuthenticators: true}
Session ID: 49125acfb67ae6c94de217cb048f9a95
*** Element info: {Using=xpath, value=//input[@id=&apos;user-name&apos;]}</property>
</record>
<record>
  <date>2025-01-31T14:49:53.074655500Z</date>
  <millis>1738334993074</millis>
  <nanos>655500</nanos>
  <sequence>398</sequence>
  <level>END</level>
  <class>com.kms.katalon.core.logging.XmlKeywordLogger</class>
  <method>endKeyword</method>
  <thread>1</thread>
  <message>End action : com.test.swaglabs.CustomLogin.WebLoginFourthAccount()</message>
  <nestedLevel>1</nestedLevel>
  <escapedJava>false</escapedJava>
</record>
<record>
  <date>2025-01-31T14:49:53.074655500Z</date>
  <millis>1738334993074</millis>
  <nanos>655500</nanos>
  <sequence>401</sequence>
  <level>FAILED</level>
  <class>com.kms.katalon.core.logging.XmlKeywordLogger</class>
  <method>logMessage</method>
  <thread>1</thread>
  <message>Test Cases/Login by Fourth Account - performance_glitch_user FAILED.
Reason:
com.kms.katalon.core.exception.StepFailedException: Unable to set text &amp;apos;performance_glitch_user&amp;apos; of object &amp;apos;Object Repository/Page_Swag Labs/input_Swag Labs_user-name&amp;apos;
	at com.kms.katalon.core.webui.keyword.internal.WebUIKeywordMain.stepFailed(WebUIKeywordMain.groovy:117)
	at com.kms.katalon.core.webui.keyword.internal.WebUIKeywordMain.runKeyword(WebUIKeywordMain.groovy:43)
	at com.kms.katalon.core.webui.keyword.builtin.SetTextKeyword.setText(SetTextKeyword.groovy:85)
	at com.kms.katalon.core.webui.keyword.builtin.SetTextKeyword.execute(SetTextKeyword.groovy:39)
	at com.kms.katalon.core.keyword.internal.KeywordExecutor.executeKeywordForPlatform(KeywordExecutor.groovy:74)
	at com.kms.katalon.core.webui.keyword.WebUiBuiltInKeywords.setText(WebUiBuiltInKeywords.groovy:1019)
	at com.test.swaglabs.CustomLogin.WebLoginFourthAccount(CustomLogin.groovy:63)
	at java.base/jdk.internal.reflect.NativeMethodAccessorImpl.invoke0(Native Method)
	at java.base/jdk.internal.reflect.NativeMethodAccessorImpl.invoke(NativeMethodAccessorImpl.java:77)
	at java.base/jdk.internal.reflect.DelegatingMethodAccessorImpl.invoke(DelegatingMethodAccessorImpl.java:43)
	at com.kms.katalon.core.main.CustomKeywordDelegatingMetaClass.invokeStaticMethod(CustomKeywordDelegatingMetaClass.java:55)
	at Login by Fourth Account - performance_glitch_user.run(Login by Fourth Account - performance_glitch_user:24)
	at com.kms.katalon.core.main.ScriptEngine.run(ScriptEngine.java:194)
	at com.kms.katalon.core.main.ScriptEngine.runScriptAsRawText(ScriptEngine.java:119)
	at com.kms.katalon.core.main.TestCaseExecutor.runScript(TestCaseExecutor.java:448)
	at com.kms.katalon.core.main.TestCaseExecutor.doExecute(TestCaseExecutor.java:439)
	at com.kms.katalon.core.main.TestCaseExecutor.processExecutionPhase(TestCaseExecutor.java:418)
	at com.kms.katalon.core.main.TestCaseExecutor.accessMainPhase(TestCaseExecutor.java:410)
	at com.kms.katalon.core.main.TestCaseExecutor.execute(TestCaseExecutor.java:285)
	at com.kms.katalon.core.common.CommonExecutor.accessTestCaseMainPhase(CommonExecutor.java:65)
	at com.kms.katalon.core.main.TestSuiteExecutor.accessTestSuiteMainPhase(TestSuiteExecutor.java:150)
	at com.kms.katalon.core.main.TestSuiteExecutor.execute(TestSuiteExecutor.java:106)
	at com.kms.katalon.core.main.TestCaseMain.startTestSuite(TestCaseMain.java:180)
	at TempTestSuite1738334733685.run(TempTestSuite1738334733685.groovy:35)
	at java.base/jdk.internal.reflect.NativeMethodAccessorImpl.invoke0(Native Method)
	at java.base/jdk.internal.reflect.NativeMethodAccessorImpl.invoke(NativeMethodAccessorImpl.java:77)
	at java.base/jdk.internal.reflect.DelegatingMethodAccessorImpl.invoke(DelegatingMethodAccessorImpl.java:43)
Caused by: org.openqa.selenium.NoSuchSessionException: invalid session id: session deleted as the browser has closed the connection
from disconnected: Unable to receive message from renderer
  (Session info: chrome=133.0.6847.2)
Build info: version: &amp;apos;3.141.59&amp;apos;, revision: &amp;apos;unknown&amp;apos;, time: &amp;apos;unknown&amp;apos;
System info: host: &amp;apos;LAPTOP-5GQHVTHK&amp;apos;, ip: &amp;apos;192.168.0.101&amp;apos;, os.name: &amp;apos;Windows 11&amp;apos;, os.arch: &amp;apos;amd64&amp;apos;, os.version: &amp;apos;10.0&amp;apos;, java.version: &amp;apos;17.0.7&amp;apos;
Driver info: com.kms.katalon.selenium.driver.CRemoteWebDriver
Capabilities {acceptInsecureCerts: false, browserName: chrome, browserVersion: 133.0.6847.2, chrome: {chromedriverVersion: 133.0.6847.2 (7e95e23d2d1f8..., userDataDir: C:\Program Files\scoped_dir...}, fedcm:accounts: true, goog:chromeOptions: {debuggerAddress: localhost:9225}, javascriptEnabled: true, katalon:caps: {executionId: 7f162be9-fa1e-4bc8-8744-cdd..., executionSessionId: 8a4b7fce-eb78-4f50-9ab8-9f7...}, katalon:options: {executionId: 7f162be9-fa1e-4bc8-8744-cdd..., executionSessionId: 8a4b7fce-eb78-4f50-9ab8-9f7..., group: 9ab6bac5-1cc1-4a31-be02-e95..., metadata: {accountUuid: fda32340-531c-49aa-a0b7-40d..., organizationId: 1906073, usingTunnel: false}, organizationId: 1906073, runFromTestCloud: true, tenant: TestOps, tunnelMetadataId: 47bf9c75-9831-4539-a455-bf2..., userId: 1648280, username: innocent.beaver.duja@instan..., usingTunnel: true}, kt:requestId: 8a4b7fce-eb78-4f50-9ab8-9f7..., kt:rid: 8a4b7fce-eb78-4f50-9ab8-9f7..., networkConnectionEnabled: false, pageLoadStrategy: normal, platform: WINDOWS, platformName: WINDOWS, proxy: Proxy(), se:bidiEnabled: false, se:cdpEnabled: false, setWindowRect: true, strictFileInteractability: false, timeouts: {implicit: 0, pageLoad: 300000, script: 30000}, unhandledPromptBehavior: dismiss and notify, webauthn:extension:credBlob: true, webauthn:extension:largeBlob: true, webauthn:extension:minPinLength: true, webauthn:extension:prf: true, webauthn:virtualAuthenticators: true}
Session ID: 49125acfb67ae6c94de217cb048f9a95
*** Element info: {Using=xpath, value=//input[@id=&amp;apos;user-name&amp;apos;]}
	at jdk.internal.reflect.GeneratedConstructorAccessor21.newInstance(Unknown Source)
	at java.base/jdk.internal.reflect.DelegatingConstructorAccessorImpl.newInstance(DelegatingConstructorAccessorImpl.java:45)
	at org.openqa.selenium.remote.http.W3CHttpResponseCodec.createException(W3CHttpResponseCodec.java:187)
	at org.openqa.selenium.remote.http.W3CHttpResponseCodec.decode(W3CHttpResponseCodec.java:122)
	at org.openqa.selenium.remote.http.W3CHttpResponseCodec.decode(W3CHttpResponseCodec.java:49)
	at org.openqa.selenium.remote.HttpCommandExecutor.execute(HttpCommandExecutor.java:158)
	at org.openqa.selenium.remote.RemoteWebDriver.execute(RemoteWebDriver.java:552)
	at com.kms.katalon.selenium.driver.CRemoteWebDriver.execute(CRemoteWebDriver.java:30)
	at org.openqa.selenium.remote.RemoteWebDriver.findElements(RemoteWebDriver.java:353)
	at org.openqa.selenium.remote.RemoteWebDriver.findElementsByXPath(RemoteWebDriver.java:432)
	at org.openqa.selenium.By$ByXPath.findElements(By.java:348)
	at org.openqa.selenium.remote.RemoteWebDriver.findElements(RemoteWebDriver.java:311)
	at jdk.internal.reflect.GeneratedMethodAccessor8.invoke(Unknown Source)
	at java.base/jdk.internal.reflect.DelegatingMethodAccessorImpl.invoke(DelegatingMethodAccessorImpl.java:43)
	at org.openqa.selenium.support.events.EventFiringWebDriver.lambda$new$1(EventFiringWebDriver.java:105)
	at jdk.proxy2/jdk.proxy2.$Proxy23.findElements(Unknown Source)
	at org.openqa.selenium.support.events.EventFiringWebDriver.findElements(EventFiringWebDriver.java:182)
	at com.kms.katalon.core.webui.common.WebUiCommonHelper.findElementByNormalMethods(WebUiCommonHelper.java:1033)
	at com.kms.katalon.core.webui.common.WebUiCommonHelper.findElementsBySelectedMethod(WebUiCommonHelper.java:924)
	at com.kms.katalon.core.webui.common.WebUiCommonHelper.findElementsBySelectedMethod(WebUiCommonHelper.java:906)
	at com.kms.katalon.core.webui.common.WebUiCommonHelper.findElementsBySelectedMethod(WebUiCommonHelper.java:901)
	at com.kms.katalon.core.webui.common.WebUiCommonHelper.findElementsByDefault(WebUiCommonHelper.java:897)
	at com.kms.katalon.core.webui.common.WebUiCommonHelper.findElementsWithSelfHealing(WebUiCommonHelper.java:743)
	at com.kms.katalon.core.webui.common.WebUiCommonHelper.findWebElements(WebUiCommonHelper.java:727)
	at com.kms.katalon.core.webui.common.WebUiCommonHelper.findWebElement(WebUiCommonHelper.java:1413)
	at com.kms.katalon.core.webui.keyword.internal.WebUIAbstractKeyword.findWebElement(WebUIAbstractKeyword.groovy:27)
	at com.kms.katalon.core.webui.keyword.internal.WebUIAbstractKeyword.findWebElement(WebUIAbstractKeyword.groovy:26)
	at com.kms.katalon.core.webui.keyword.builtin.SetTextKeyword$_setText_closure1.doCall(SetTextKeyword.groovy:53)
	at com.kms.katalon.core.webui.keyword.builtin.SetTextKeyword$_setText_closure1.call(SetTextKeyword.groovy)
	at com.kms.katalon.core.webui.keyword.internal.WebUIKeywordMain.runKeyword(WebUIKeywordMain.groovy:35)
	... 25 more
</message>
  <exception>
    <message>com.kms.katalon.core.exception.StepFailedException: Unable to set text 'performance_glitch_user' of object 'Object Repository/Page_Swag Labs/input_Swag Labs_user-name'</message>
    <frame>
      <class>com.kms.katalon.core.webui.keyword.internal.WebUIKeywordMain</class>
      <method>stepFailed</method>
      <line>117</line>
    </frame>
    <frame>
      <class>com.kms.katalon.core.webui.keyword.internal.WebUIKeywordMain</class>
      <method>runKeyword</method>
      <line>43</line>
    </frame>
    <frame>
      <class>com.kms.katalon.core.webui.keyword.builtin.SetTextKeyword</class>
      <method>setText</method>
      <line>85</line>
    </frame>
    <frame>
      <class>com.kms.katalon.core.webui.keyword.builtin.SetTextKeyword</class>
      <method>execute</method>
      <line>39</line>
    </frame>
    <frame>
      <class>com.kms.katalon.core.keyword.internal.KeywordExecutor</class>
      <method>executeKeywordForPlatform</method>
      <line>74</line>
    </frame>
    <frame>
      <class>com.kms.katalon.core.webui.keyword.WebUiBuiltInKeywords</class>
      <method>setText</method>
      <line>1019</line>
    </frame>
    <frame>
      <class>com.test.swaglabs.CustomLogin</class>
      <method>WebLoginFourthAccount</method>
      <line>63</line>
    </frame>
    <frame>
      <class>jdk.internal.reflect.NativeMethodAccessorImpl</class>
      <method>invoke0</method>
    </frame>
    <frame>
      <class>jdk.internal.reflect.NativeMethodAccessorImpl</class>
      <method>invoke</method>
      <line>77</line>
    </frame>
    <frame>
      <class>jdk.internal.reflect.DelegatingMethodAccessorImpl</class>
      <method>invoke</method>
      <line>43</line>
    </frame>
    <frame>
      <class>com.kms.katalon.core.main.CustomKeywordDelegatingMetaClass</class>
      <method>invokeStaticMethod</method>
      <line>55</line>
    </frame>
    <frame>
      <class>Login by Fourth Account - performance_glitch_user</class>
      <method>run</method>
      <line>24</line>
    </frame>
    <frame>
      <class>com.kms.katalon.core.main.ScriptEngine</class>
      <method>run</method>
      <line>194</line>
    </frame>
    <frame>
      <class>com.kms.katalon.core.main.ScriptEngine</class>
      <method>runScriptAsRawText</method>
      <line>119</line>
    </frame>
    <frame>
      <class>com.kms.katalon.core.main.TestCaseExecutor</class>
      <method>runScript</method>
      <line>448</line>
    </frame>
    <frame>
      <class>com.kms.katalon.core.main.TestCaseExecutor</class>
      <method>doExecute</method>
      <line>439</line>
    </frame>
    <frame>
      <class>com.kms.katalon.core.main.TestCaseExecutor</class>
      <method>processExecutionPhase</method>
      <line>418</line>
    </frame>
    <frame>
      <class>com.kms.katalon.core.main.TestCaseExecutor</class>
      <method>accessMainPhase</method>
      <line>410</line>
    </frame>
    <frame>
      <class>com.kms.katalon.core.main.TestCaseExecutor</class>
      <method>execute</method>
      <line>285</line>
    </frame>
    <frame>
      <class>com.kms.katalon.core.common.CommonExecutor</class>
      <method>accessTestCaseMainPhase</method>
      <line>65</line>
    </frame>
    <frame>
      <class>com.kms.katalon.core.main.TestSuiteExecutor</class>
      <method>accessTestSuiteMainPhase</method>
      <line>150</line>
    </frame>
    <frame>
      <class>com.kms.katalon.core.main.TestSuiteExecutor</class>
      <method>execute</method>
      <line>106</line>
    </frame>
    <frame>
      <class>com.kms.katalon.core.main.TestCaseMain</class>
      <method>startTestSuite</method>
      <line>180</line>
    </frame>
    <frame>
      <class>TempTestSuite1738334733685</class>
      <method>run</method>
      <line>35</line>
    </frame>
    <frame>
      <class>jdk.internal.reflect.NativeMethodAccessorImpl</class>
      <method>invoke0</method>
    </frame>
    <frame>
      <class>jdk.internal.reflect.NativeMethodAccessorImpl</class>
      <method>invoke</method>
      <line>77</line>
    </frame>
    <frame>
      <class>jdk.internal.reflect.DelegatingMethodAccessorImpl</class>
      <method>invoke</method>
      <line>43</line>
    </frame>
  </exception>
  <nestedLevel>0</nestedLevel>
  <escapedJava>false</escapedJava>
  <property name="failed.exception.stacktrace">org.openqa.selenium.NoSuchSessionException: invalid session id: session deleted as the browser has closed the connection
from disconnected: Unable to receive message from renderer
  (Session info: chrome=133.0.6847.2)
Build info: version: &apos;3.141.59&apos;, revision: &apos;unknown&apos;, time: &apos;unknown&apos;
System info: host: &apos;LAPTOP-5GQHVTHK&apos;, ip: &apos;192.168.0.101&apos;, os.name: &apos;Windows 11&apos;, os.arch: &apos;amd64&apos;, os.version: &apos;10.0&apos;, java.version: &apos;17.0.7&apos;
Driver info: com.kms.katalon.selenium.driver.CRemoteWebDriver
Capabilities {acceptInsecureCerts: false, browserName: chrome, browserVersion: 133.0.6847.2, chrome: {chromedriverVersion: 133.0.6847.2 (7e95e23d2d1f8..., userDataDir: C:\Program Files\scoped_dir...}, fedcm:accounts: true, goog:chromeOptions: {debuggerAddress: localhost:9225}, javascriptEnabled: true, katalon:caps: {executionId: 7f162be9-fa1e-4bc8-8744-cdd..., executionSessionId: 8a4b7fce-eb78-4f50-9ab8-9f7...}, katalon:options: {executionId: 7f162be9-fa1e-4bc8-8744-cdd..., executionSessionId: 8a4b7fce-eb78-4f50-9ab8-9f7..., group: 9ab6bac5-1cc1-4a31-be02-e95..., metadata: {accountUuid: fda32340-531c-49aa-a0b7-40d..., organizationId: 1906073, usingTunnel: false}, organizationId: 1906073, runFromTestCloud: true, tenant: TestOps, tunnelMetadataId: 47bf9c75-9831-4539-a455-bf2..., userId: 1648280, username: innocent.beaver.duja@instan..., usingTunnel: true}, kt:requestId: 8a4b7fce-eb78-4f50-9ab8-9f7..., kt:rid: 8a4b7fce-eb78-4f50-9ab8-9f7..., networkConnectionEnabled: false, pageLoadStrategy: normal, platform: WINDOWS, platformName: WINDOWS, proxy: Proxy(), se:bidiEnabled: false, se:cdpEnabled: false, setWindowRect: true, strictFileInteractability: false, timeouts: {implicit: 0, pageLoad: 300000, script: 30000}, unhandledPromptBehavior: dismiss and notify, webauthn:extension:credBlob: true, webauthn:extension:largeBlob: true, webauthn:extension:minPinLength: true, webauthn:extension:prf: true, webauthn:virtualAuthenticators: true}
Session ID: 49125acfb67ae6c94de217cb048f9a95
*** Element info: {Using=xpath, value=//input[@id=&apos;user-name&apos;]}
	at jdk.internal.reflect.GeneratedConstructorAccessor21.newInstance(Unknown Source)
	at java.base/jdk.internal.reflect.DelegatingConstructorAccessorImpl.newInstance(DelegatingConstructorAccessorImpl.java:45)
	at org.openqa.selenium.remote.http.W3CHttpResponseCodec.createException(W3CHttpResponseCodec.java:187)
	at org.openqa.selenium.remote.http.W3CHttpResponseCodec.decode(W3CHttpResponseCodec.java:122)
	at org.openqa.selenium.remote.http.W3CHttpResponseCodec.decode(W3CHttpResponseCodec.java:49)
	at org.openqa.selenium.remote.HttpCommandExecutor.execute(HttpCommandExecutor.java:158)
	at org.openqa.selenium.remote.RemoteWebDriver.execute(RemoteWebDriver.java:552)
	at com.kms.katalon.selenium.driver.CRemoteWebDriver.execute(CRemoteWebDriver.java:30)
	at org.openqa.selenium.remote.RemoteWebDriver.findElements(RemoteWebDriver.java:353)
	at org.openqa.selenium.remote.RemoteWebDriver.findElementsByXPath(RemoteWebDriver.java:432)
	at org.openqa.selenium.By$ByXPath.findElements(By.java:348)
	at org.openqa.selenium.remote.RemoteWebDriver.findElements(RemoteWebDriver.java:311)
	at jdk.internal.reflect.GeneratedMethodAccessor8.invoke(Unknown Source)
	at java.base/jdk.internal.reflect.DelegatingMethodAccessorImpl.invoke(DelegatingMethodAccessorImpl.java:43)
	at org.openqa.selenium.support.events.EventFiringWebDriver.lambda$new$1(EventFiringWebDriver.java:105)
	at jdk.proxy2/jdk.proxy2.$Proxy23.findElements(Unknown Source)
	at org.openqa.selenium.support.events.EventFiringWebDriver.findElements(EventFiringWebDriver.java:182)
	at com.kms.katalon.core.webui.common.WebUiCommonHelper.findElementByNormalMethods(WebUiCommonHelper.java:1033)
	at com.kms.katalon.core.webui.common.WebUiCommonHelper.findElementsBySelectedMethod(WebUiCommonHelper.java:924)
	at com.kms.katalon.core.webui.common.WebUiCommonHelper.findElementsBySelectedMethod(WebUiCommonHelper.java:906)
	at com.kms.katalon.core.webui.common.WebUiCommonHelper.findElementsBySelectedMethod(WebUiCommonHelper.java:901)
	at com.kms.katalon.core.webui.common.WebUiCommonHelper.findElementsByDefault(WebUiCommonHelper.java:897)
	at com.kms.katalon.core.webui.common.WebUiCommonHelper.findElementsWithSelfHealing(WebUiCommonHelper.java:743)
	at com.kms.katalon.core.webui.common.WebUiCommonHelper.findWebElements(WebUiCommonHelper.java:727)
	at com.kms.katalon.core.webui.common.WebUiCommonHelper.findWebElement(WebUiCommonHelper.java:1413)
	at com.kms.katalon.core.webui.keyword.internal.WebUIAbstractKeyword.findWebElement(WebUIAbstractKeyword.groovy:27)
	at com.kms.katalon.core.webui.keyword.internal.WebUIAbstractKeyword.findWebElement(WebUIAbstractKeyword.groovy:26)
	at com.kms.katalon.core.webui.keyword.builtin.SetTextKeyword$_setText_closure1.doCall(SetTextKeyword.groovy:53)
	at com.kms.katalon.core.webui.keyword.builtin.SetTextKeyword$_setText_closure1.call(SetTextKeyword.groovy)
	at com.kms.katalon.core.webui.keyword.internal.WebUIKeywordMain.runKeyword(WebUIKeywordMain.groovy:35)
	at com.kms.katalon.core.webui.keyword.builtin.SetTextKeyword.setText(SetTextKeyword.groovy:85)
	at com.kms.katalon.core.webui.keyword.builtin.SetTextKeyword.execute(SetTextKeyword.groovy:39)
	at com.kms.katalon.core.keyword.internal.KeywordExecutor.executeKeywordForPlatform(KeywordExecutor.groovy:74)
	at com.kms.katalon.core.webui.keyword.WebUiBuiltInKeywords.setText(WebUiBuiltInKeywords.groovy:1019)
	at com.test.swaglabs.CustomLogin.WebLoginFourthAccount(CustomLogin.groovy:63)
	at java.base/jdk.internal.reflect.NativeMethodAccessorImpl.invoke0(Native Method)
	at java.base/jdk.internal.reflect.NativeMethodAccessorImpl.invoke(NativeMethodAccessorImpl.java:77)
	at java.base/jdk.internal.reflect.DelegatingMethodAccessorImpl.invoke(DelegatingMethodAccessorImpl.java:43)
	at com.kms.katalon.core.main.CustomKeywordDelegatingMetaClass.invokeStaticMethod(CustomKeywordDelegatingMetaClass.java:55)
	at Login by Fourth Account - performance_glitch_user.run(Login by Fourth Account - performance_glitch_user:24)
	at com.kms.katalon.core.main.ScriptEngine.run(ScriptEngine.java:194)
	at com.kms.katalon.core.main.ScriptEngine.runScriptAsRawText(ScriptEngine.java:119)
	at com.kms.katalon.core.main.TestCaseExecutor.runScript(TestCaseExecutor.java:448)
	at com.kms.katalon.core.main.TestCaseExecutor.doExecute(TestCaseExecutor.java:439)
	at com.kms.katalon.core.main.TestCaseExecutor.processExecutionPhase(TestCaseExecutor.java:418)
	at com.kms.katalon.core.main.TestCaseExecutor.accessMainPhase(TestCaseExecutor.java:410)
	at com.kms.katalon.core.main.TestCaseExecutor.execute(TestCaseExecutor.java:285)
	at com.kms.katalon.core.common.CommonExecutor.accessTestCaseMainPhase(CommonExecutor.java:65)
	at com.kms.katalon.core.main.TestSuiteExecutor.accessTestSuiteMainPhase(TestSuiteExecutor.java:150)
	at com.kms.katalon.core.main.TestSuiteExecutor.execute(TestSuiteExecutor.java:106)
	at com.kms.katalon.core.main.TestCaseMain.startTestSuite(TestCaseMain.java:180)
	at TempTestSuite1738334733685.run(TempTestSuite1738334733685.groovy:35)
	at java.base/jdk.internal.reflect.NativeMethodAccessorImpl.invoke0(Native Method)
	at java.base/jdk.internal.reflect.NativeMethodAccessorImpl.invoke(NativeMethodAccessorImpl.java:77)
	at java.base/jdk.internal.reflect.DelegatingMethodAccessorImpl.invoke(DelegatingMethodAccessorImpl.java:43)
</property>
  <property name="failed.exception.class">org.openqa.selenium.NoSuchSessionException</property>
  <property name="failed.exception.message">invalid session id: session deleted as the browser has closed the connection
from disconnected: Unable to receive message from renderer
  (Session info: chrome=133.0.6847.2)
Build info: version: &apos;3.141.59&apos;, revision: &apos;unknown&apos;, time: &apos;unknown&apos;
System info: host: &apos;LAPTOP-5GQHVTHK&apos;, ip: &apos;192.168.0.101&apos;, os.name: &apos;Windows 11&apos;, os.arch: &apos;amd64&apos;, os.version: &apos;10.0&apos;, java.version: &apos;17.0.7&apos;
Driver info: com.kms.katalon.selenium.driver.CRemoteWebDriver
Capabilities {acceptInsecureCerts: false, browserName: chrome, browserVersion: 133.0.6847.2, chrome: {chromedriverVersion: 133.0.6847.2 (7e95e23d2d1f8..., userDataDir: C:\Program Files\scoped_dir...}, fedcm:accounts: true, goog:chromeOptions: {debuggerAddress: localhost:9225}, javascriptEnabled: true, katalon:caps: {executionId: 7f162be9-fa1e-4bc8-8744-cdd..., executionSessionId: 8a4b7fce-eb78-4f50-9ab8-9f7...}, katalon:options: {executionId: 7f162be9-fa1e-4bc8-8744-cdd..., executionSessionId: 8a4b7fce-eb78-4f50-9ab8-9f7..., group: 9ab6bac5-1cc1-4a31-be02-e95..., metadata: {accountUuid: fda32340-531c-49aa-a0b7-40d..., organizationId: 1906073, usingTunnel: false}, organizationId: 1906073, runFromTestCloud: true, tenant: TestOps, tunnelMetadataId: 47bf9c75-9831-4539-a455-bf2..., userId: 1648280, username: innocent.beaver.duja@instan..., usingTunnel: true}, kt:requestId: 8a4b7fce-eb78-4f50-9ab8-9f7..., kt:rid: 8a4b7fce-eb78-4f50-9ab8-9f7..., networkConnectionEnabled: false, pageLoadStrategy: normal, platform: WINDOWS, platformName: WINDOWS, proxy: Proxy(), se:bidiEnabled: false, se:cdpEnabled: false, setWindowRect: true, strictFileInteractability: false, timeouts: {implicit: 0, pageLoad: 300000, script: 30000}, unhandledPromptBehavior: dismiss and notify, webauthn:extension:credBlob: true, webauthn:extension:largeBlob: true, webauthn:extension:minPinLength: true, webauthn:extension:prf: true, webauthn:virtualAuthenticators: true}
Session ID: 49125acfb67ae6c94de217cb048f9a95
*** Element info: {Using=xpath, value=//input[@id=&apos;user-name&apos;]}</property>
</record>
<record>
  <date>2025-01-31T14:49:53.083961600Z</date>
  <millis>1738334993083</millis>
  <nanos>961600</nanos>
  <sequence>403</sequence>
  <level>END</level>
  <class>com.kms.katalon.core.logging.XmlKeywordLogger</class>
  <method>endTest</method>
  <thread>1</thread>
  <message>End Test Case : Test Cases/Login by Fourth Account - performance_glitch_user</message>
  <nestedLevel>0</nestedLevel>
  <escapedJava>false</escapedJava>
  <property name="executionBindingVariables">[]</property>
  <property name="applitools">false</property>
  <property name="remainingRetryCount">3</property>
  <property name="currentRetryCount">0</property>
  <property name="keywordsUsage">{
  &quot;web_ui&quot;: true,
  &quot;web_service&quot;: false,
  &quot;cucumber&quot;: false,
  &quot;builtin&quot;: false,
  &quot;mobile&quot;: false,
  &quot;windows&quot;: false,
  &quot;testng&quot;: false
}</property>
</record>
<record>
  <date>2025-01-31T14:49:53.083961600Z</date>
  <millis>1738334993083</millis>
  <nanos>961600</nanos>
  <sequence>404</sequence>
  <level>START</level>
  <class>com.kms.katalon.core.logging.XmlKeywordLogger</class>
  <method>startTest</method>
  <thread>1</thread>
  <message>Start Test Case : Test Cases/Login by Fourth Account - performance_glitch_user</message>
  <nestedLevel>1</nestedLevel>
  <escapedJava>false</escapedJava>
  <property name="remainingRetryCount">2</property>
  <property name="name">Test Cases/Login by Fourth Account - performance_glitch_user</property>
  <property name="description"></property>
  <property name="iteration"></property>
  <property name="id">Test Cases/Login by Fourth Account - performance_glitch_user</property>
  <property name="source">C:\Users\ACER\git\KatalonGitSwagLabsNew\Test Cases\Login by Fourth Account - performance_glitch_user.tc</property>
  <property name="tag"></property>
  <property name="isOptional">false</property>
  <property name="currentRetryCount">1</property>
</record>
<record>
  <date>2025-01-31T14:49:53.114210800Z</date>
  <millis>1738334993114</millis>
  <nanos>210800</nanos>
  <sequence>406</sequence>
  <level>START</level>
  <class>com.kms.katalon.core.logging.XmlKeywordLogger</class>
  <method>startKeyword</method>
  <thread>1</thread>
  <message>Start action : openBrowser(&amp;quot;&amp;quot;)</message>
  <nestedLevel>1</nestedLevel>
  <escapedJava>false</escapedJava>
  <property name="startLine">20</property>
  <property name="stepIndex">1</property>
</record>
<record>
  <date>2025-01-31T14:49:53.129828Z</date>
  <millis>1738334993129</millis>
  <nanos>828000</nanos>
  <sequence>408</sequence>
  <level>WARNING</level>
  <class>com.kms.katalon.core.logging.XmlKeywordLogger</class>
  <method>logMessage</method>
  <thread>1</thread>
  <message>A browser is already opened. Closing browser and opening a new one</message>
  <nestedLevel>1</nestedLevel>
  <escapedJava>false</escapedJava>
</record>
<record>
  <date>2025-01-31T14:49:53.986345100Z</date>
  <millis>1738334993986</millis>
  <nanos>345100</nanos>
  <sequence>409</sequence>
  <level>INFO</level>
  <class>com.kms.katalon.core.logging.XmlKeywordLogger</class>
  <method>logMessage</method>
  <thread>1</thread>
  <message>User set preference: [&amp;apos;os&amp;apos;, &amp;apos;windows&amp;apos;]</message>
  <nestedLevel>1</nestedLevel>
  <escapedJava>false</escapedJava>
</record>
<record>
  <date>2025-01-31T14:49:53.986345100Z</date>
  <millis>1738334993986</millis>
  <nanos>345100</nanos>
  <sequence>410</sequence>
  <level>INFO</level>
  <class>com.kms.katalon.core.logging.XmlKeywordLogger</class>
  <method>logMessage</method>
  <thread>1</thread>
  <message>User set preference: [&amp;apos;browserVersion&amp;apos;, &amp;apos;133&amp;apos;]</message>
  <nestedLevel>1</nestedLevel>
  <escapedJava>false</escapedJava>
</record>
<record>
  <date>2025-01-31T14:49:53.986345100Z</date>
  <millis>1738334993986</millis>
  <nanos>345100</nanos>
  <sequence>411</sequence>
  <level>INFO</level>
  <class>com.kms.katalon.core.logging.XmlKeywordLogger</class>
  <method>logMessage</method>
  <thread>1</thread>
  <message>User set preference: [&amp;apos;browserName&amp;apos;, &amp;apos;chrome&amp;apos;]</message>
  <nestedLevel>1</nestedLevel>
  <escapedJava>false</escapedJava>
</record>
<record>
  <date>2025-01-31T14:49:53.986345100Z</date>
  <millis>1738334993986</millis>
  <nanos>345100</nanos>
  <sequence>412</sequence>
  <level>INFO</level>
  <class>com.kms.katalon.core.logging.XmlKeywordLogger</class>
  <method>logMessage</method>
  <thread>1</thread>
  <message>User set preference: [&amp;apos;katalon:option&amp;apos;, &amp;apos;{organizationId=1906073, usingTunnel=true}&amp;apos;]</message>
  <nestedLevel>1</nestedLevel>
  <escapedJava>false</escapedJava>
</record>
<record>
  <date>2025-01-31T14:49:53.986345100Z</date>
  <millis>1738334993986</millis>
  <nanos>345100</nanos>
  <sequence>413</sequence>
  <level>INFO</level>
  <class>com.kms.katalon.core.logging.XmlKeywordLogger</class>
  <method>logMessage</method>
  <thread>1</thread>
  <message>Connecting to remote web server &amp;apos;testcloud.katalon.com/hub&amp;apos; with type &amp;apos;Selenium&amp;apos;</message>
  <nestedLevel>1</nestedLevel>
  <escapedJava>false</escapedJava>
</record>
<record>
  <date>2025-01-31T14:49:53.986345100Z</date>
  <millis>1738334993986</millis>
  <nanos>345100</nanos>
  <sequence>414</sequence>
  <level>INFO</level>
  <class>com.kms.katalon.core.logging.XmlKeywordLogger</class>
  <method>logMessage</method>
  <thread>1</thread>
  <message>Action delay is set to 0 milliseconds</message>
  <nestedLevel>1</nestedLevel>
  <escapedJava>false</escapedJava>
</record>
<record>
  <date>2025-01-31T14:50:26.870265700Z</date>
  <millis>1738335026870</millis>
  <nanos>265700</nanos>
  <sequence>416</sequence>
  <level>RUN_DATA</level>
  <class>com.kms.katalon.core.logging.XmlKeywordLogger</class>
  <method>logMessage</method>
  <thread>1</thread>
  <message>remoteDriverUrl = testcloud.katalon.com/hub</message>
  <nestedLevel>1</nestedLevel>
  <escapedJava>false</escapedJava>
  <property name="remoteDriverUrl">testcloud.katalon.com/hub</property>
</record>
<record>
  <date>2025-01-31T14:50:26.870265700Z</date>
  <millis>1738335026870</millis>
  <nanos>265700</nanos>
  <sequence>417</sequence>
  <level>RUN_DATA</level>
  <class>com.kms.katalon.core.logging.XmlKeywordLogger</class>
  <method>logMessage</method>
  <thread>1</thread>
  <message>remoteOS = Windows</message>
  <nestedLevel>1</nestedLevel>
  <escapedJava>false</escapedJava>
  <property name="remoteOS">Windows</property>
</record>
<record>
  <date>2025-01-31T14:50:26.870265700Z</date>
  <millis>1738335026870</millis>
  <nanos>265700</nanos>
  <sequence>418</sequence>
  <level>RUN_DATA</level>
  <class>com.kms.katalon.core.logging.XmlKeywordLogger</class>
  <method>logMessage</method>
  <thread>1</thread>
  <message>desiredCapabilities = {
  &amp;quot;timeouts&amp;quot;: {
    &amp;quot;implicit&amp;quot;: 0,
    &amp;quot;pageLoad&amp;quot;: 300000,
    &amp;quot;script&amp;quot;: 30000
  },
  &amp;quot;se:cdpEnabled&amp;quot;: false,
  &amp;quot;platform&amp;quot;: &amp;quot;WINDOWS&amp;quot;,
  &amp;quot;goog:chromeOptions&amp;quot;: {
    &amp;quot;debuggerAddress&amp;quot;: &amp;quot;localhost:9225&amp;quot;
  },
  &amp;quot;webauthn:extension:credBlob&amp;quot;: true,
  &amp;quot;acceptInsecureCerts&amp;quot;: false,
  &amp;quot;browserVersion&amp;quot;: &amp;quot;133.0.0.0&amp;quot;,
  &amp;quot;fedcm:accounts&amp;quot;: true,
  &amp;quot;kt:requestId&amp;quot;: &amp;quot;162a17db-9a56-424e-9f1c-8f3a9acf1109&amp;quot;,
  &amp;quot;browserName&amp;quot;: &amp;quot;chrome&amp;quot;,
  &amp;quot;javascriptEnabled&amp;quot;: true,
  &amp;quot;platformName&amp;quot;: &amp;quot;WINDOWS&amp;quot;,
  &amp;quot;setWindowRect&amp;quot;: true,
  &amp;quot;webauthn:extension:largeBlob&amp;quot;: true,
  &amp;quot;networkConnectionEnabled&amp;quot;: false,
  &amp;quot;chrome&amp;quot;: {
    &amp;quot;chromedriverVersion&amp;quot;: &amp;quot;133.0.6847.2 (7e95e23d2d1f87886163822aa701370c1187bfa1-refs/branch-heads/6847@{#6})&amp;quot;,
    &amp;quot;userDataDir&amp;quot;: &amp;quot;C:\\Program Files\\scoped_dir1628_1460782963&amp;quot;
  },
  &amp;quot;kt:rid&amp;quot;: &amp;quot;162a17db-9a56-424e-9f1c-8f3a9acf1109&amp;quot;,
  &amp;quot;pageLoadStrategy&amp;quot;: &amp;quot;normal&amp;quot;,
  &amp;quot;unhandledPromptBehavior&amp;quot;: &amp;quot;dismiss and notify&amp;quot;,
  &amp;quot;strictFileInteractability&amp;quot;: false,
  &amp;quot;se:bidiEnabled&amp;quot;: false,
  &amp;quot;proxy&amp;quot;: {
    &amp;quot;proxyType&amp;quot;: &amp;quot;UNSPECIFIED&amp;quot;,
    &amp;quot;autodetect&amp;quot;: false
  },
  &amp;quot;webauthn:extension:minPinLength&amp;quot;: true,
  &amp;quot;webauthn:extension:prf&amp;quot;: true,
  &amp;quot;katalon:caps&amp;quot;: {
    &amp;quot;executionId&amp;quot;: &amp;quot;9b1113f6-2f9b-4abe-b9cd-3ad374c976fe&amp;quot;,
    &amp;quot;executionSessionId&amp;quot;: &amp;quot;162a17db-9a56-424e-9f1c-8f3a9acf1109&amp;quot;
  },
  &amp;quot;katalon:options&amp;quot;: {
    &amp;quot;executionId&amp;quot;: &amp;quot;9b1113f6-2f9b-4abe-b9cd-3ad374c976fe&amp;quot;,
    &amp;quot;executionSessionId&amp;quot;: &amp;quot;162a17db-9a56-424e-9f1c-8f3a9acf1109&amp;quot;,
    &amp;quot;group&amp;quot;: &amp;quot;9ab6bac5-1cc1-4a31-be02-e9541dffa2d0&amp;quot;,
    &amp;quot;metadata&amp;quot;: {
      &amp;quot;usingTunnel&amp;quot;: false,
      &amp;quot;accountUuid&amp;quot;: &amp;quot;fda32340-531c-49aa-a0b7-40d478ba5457&amp;quot;,
      &amp;quot;organizationId&amp;quot;: &amp;quot;1906073&amp;quot;
    },
    &amp;quot;organizationId&amp;quot;: &amp;quot;1906073&amp;quot;,
    &amp;quot;runFromTestCloud&amp;quot;: true,
    &amp;quot;tenant&amp;quot;: &amp;quot;TestOps&amp;quot;,
    &amp;quot;tunnelMetadataId&amp;quot;: &amp;quot;47bf9c75-9831-4539-a455-bf21b2504b03&amp;quot;,
    &amp;quot;userId&amp;quot;: 1648280,
    &amp;quot;username&amp;quot;: &amp;quot;innocent.beaver.duja@instantletter.net&amp;quot;,
    &amp;quot;usingTunnel&amp;quot;: true
  },
  &amp;quot;webauthn:virtualAuthenticators&amp;quot;: true
}</message>
  <nestedLevel>1</nestedLevel>
  <escapedJava>false</escapedJava>
  <property name="desiredCapabilities">{
  &quot;timeouts&quot;: {
    &quot;implicit&quot;: 0,
    &quot;pageLoad&quot;: 300000,
    &quot;script&quot;: 30000
  },
  &quot;se:cdpEnabled&quot;: false,
  &quot;platform&quot;: &quot;WINDOWS&quot;,
  &quot;goog:chromeOptions&quot;: {
    &quot;debuggerAddress&quot;: &quot;localhost:9225&quot;
  },
  &quot;webauthn:extension:credBlob&quot;: true,
  &quot;acceptInsecureCerts&quot;: false,
  &quot;browserVersion&quot;: &quot;133.0.0.0&quot;,
  &quot;fedcm:accounts&quot;: true,
  &quot;kt:requestId&quot;: &quot;162a17db-9a56-424e-9f1c-8f3a9acf1109&quot;,
  &quot;browserName&quot;: &quot;chrome&quot;,
  &quot;javascriptEnabled&quot;: true,
  &quot;platformName&quot;: &quot;WINDOWS&quot;,
  &quot;setWindowRect&quot;: true,
  &quot;webauthn:extension:largeBlob&quot;: true,
  &quot;networkConnectionEnabled&quot;: false,
  &quot;chrome&quot;: {
    &quot;chromedriverVersion&quot;: &quot;133.0.6847.2 (7e95e23d2d1f87886163822aa701370c1187bfa1-refs/branch-heads/6847@{#6})&quot;,
    &quot;userDataDir&quot;: &quot;C:\\Program Files\\scoped_dir1628_1460782963&quot;
  },
  &quot;kt:rid&quot;: &quot;162a17db-9a56-424e-9f1c-8f3a9acf1109&quot;,
  &quot;pageLoadStrategy&quot;: &quot;normal&quot;,
  &quot;unhandledPromptBehavior&quot;: &quot;dismiss and notify&quot;,
  &quot;strictFileInteractability&quot;: false,
  &quot;se:bidiEnabled&quot;: false,
  &quot;proxy&quot;: {
    &quot;proxyType&quot;: &quot;UNSPECIFIED&quot;,
    &quot;autodetect&quot;: false
  },
  &quot;webauthn:extension:minPinLength&quot;: true,
  &quot;webauthn:extension:prf&quot;: true,
  &quot;katalon:caps&quot;: {
    &quot;executionId&quot;: &quot;9b1113f6-2f9b-4abe-b9cd-3ad374c976fe&quot;,
    &quot;executionSessionId&quot;: &quot;162a17db-9a56-424e-9f1c-8f3a9acf1109&quot;
  },
  &quot;katalon:options&quot;: {
    &quot;executionId&quot;: &quot;9b1113f6-2f9b-4abe-b9cd-3ad374c976fe&quot;,
    &quot;executionSessionId&quot;: &quot;162a17db-9a56-424e-9f1c-8f3a9acf1109&quot;,
    &quot;group&quot;: &quot;9ab6bac5-1cc1-4a31-be02-e9541dffa2d0&quot;,
    &quot;metadata&quot;: {
      &quot;usingTunnel&quot;: false,
      &quot;accountUuid&quot;: &quot;fda32340-531c-49aa-a0b7-40d478ba5457&quot;,
      &quot;organizationId&quot;: &quot;1906073&quot;
    },
    &quot;organizationId&quot;: &quot;1906073&quot;,
    &quot;runFromTestCloud&quot;: true,
    &quot;tenant&quot;: &quot;TestOps&quot;,
    &quot;tunnelMetadataId&quot;: &quot;47bf9c75-9831-4539-a455-bf21b2504b03&quot;,
    &quot;userId&quot;: 1648280,
    &quot;username&quot;: &quot;innocent.beaver.duja@instantletter.net&quot;,
    &quot;usingTunnel&quot;: true
  },
  &quot;webauthn:virtualAuthenticators&quot;: true
}</property>
</record>
<record>
  <date>2025-01-31T14:50:26.870265700Z</date>
  <millis>1738335026870</millis>
  <nanos>265700</nanos>
  <sequence>419</sequence>
  <level>RUN_DATA</level>
  <class>com.kms.katalon.core.logging.XmlKeywordLogger</class>
  <method>logMessage</method>
  <thread>1</thread>
  <message>sessionId = deab9c87f4daad539a5b5140c5a4ec81</message>
  <nestedLevel>1</nestedLevel>
  <escapedJava>false</escapedJava>
  <property name="sessionId">deab9c87f4daad539a5b5140c5a4ec81</property>
</record>
<record>
  <date>2025-01-31T14:50:27.258900800Z</date>
  <millis>1738335027258</millis>
  <nanos>900800</nanos>
  <sequence>420</sequence>
  <level>RUN_DATA</level>
  <class>com.kms.katalon.core.logging.XmlKeywordLogger</class>
  <method>logMessage</method>
  <thread>1</thread>
  <message>browser = Chrome 133.0.0.0</message>
  <nestedLevel>1</nestedLevel>
  <escapedJava>false</escapedJava>
  <property name="browser">Chrome 133.0.0.0</property>
</record>
<record>
  <date>2025-01-31T14:50:27.258900800Z</date>
  <millis>1738335027258</millis>
  <nanos>900800</nanos>
  <sequence>421</sequence>
  <level>RUN_DATA</level>
  <class>com.kms.katalon.core.logging.XmlKeywordLogger</class>
  <method>logMessage</method>
  <thread>1</thread>
  <message>platform = Windows 11</message>
  <nestedLevel>1</nestedLevel>
  <escapedJava>false</escapedJava>
  <property name="platform">Windows 11</property>
</record>
<record>
  <date>2025-01-31T14:50:27.258900800Z</date>
  <millis>1738335027258</millis>
  <nanos>900800</nanos>
  <sequence>422</sequence>
  <level>RUN_DATA</level>
  <class>com.kms.katalon.core.logging.XmlKeywordLogger</class>
  <method>logMessage</method>
  <thread>1</thread>
  <message>seleniumVersion = 3.141.59</message>
  <nestedLevel>1</nestedLevel>
  <escapedJava>false</escapedJava>
  <property name="seleniumVersion">3.141.59</property>
</record>
<record>
  <date>2025-01-31T14:50:27.264830700Z</date>
  <millis>1738335027264</millis>
  <nanos>830700</nanos>
  <sequence>423</sequence>
  <level>RUN_DATA</level>
  <class>com.kms.katalon.core.logging.XmlKeywordLogger</class>
  <method>logMessage</method>
  <thread>1</thread>
  <message>proxyInformation = ProxyInformation { proxyOption=NO_PROXY, proxyServerType=HTTP, username=, password=********, proxyServerAddress=, proxyServerPort=0, executionList=&amp;quot;&amp;quot;, isApplyToDesiredCapabilities=true }</message>
  <nestedLevel>1</nestedLevel>
  <escapedJava>false</escapedJava>
  <property name="proxyInformation">ProxyInformation { proxyOption=NO_PROXY, proxyServerType=HTTP, username=, password=********, proxyServerAddress=, proxyServerPort=0, executionList=&quot;&quot;, isApplyToDesiredCapabilities=true }</property>
</record>
<record>
  <date>2025-01-31T14:50:27.824507Z</date>
  <millis>1738335027824</millis>
  <nanos>507000</nanos>
  <sequence>424</sequence>
  <level>PASSED</level>
  <class>com.kms.katalon.core.logging.XmlKeywordLogger</class>
  <method>logMessage</method>
  <thread>1</thread>
  <message>Browser is opened with url: &amp;apos;&amp;apos;</message>
  <nestedLevel>1</nestedLevel>
  <escapedJava>false</escapedJava>
  <property name="testops-method-name">com.kms.katalon.core.webui.keyword.builtin.OpenBrowserKeyword.openBrowser</property>
  <property name="testops-execution-stacktrace"></property>
</record>
<record>
  <date>2025-01-31T14:50:27.831698400Z</date>
  <millis>1738335027831</millis>
  <nanos>698400</nanos>
  <sequence>425</sequence>
  <level>END</level>
  <class>com.kms.katalon.core.logging.XmlKeywordLogger</class>
  <method>endKeyword</method>
  <thread>1</thread>
  <message>End action : openBrowser(&amp;quot;&amp;quot;)</message>
  <nestedLevel>1</nestedLevel>
  <escapedJava>false</escapedJava>
</record>
<record>
  <date>2025-01-31T14:50:27.831698400Z</date>
  <millis>1738335027831</millis>
  <nanos>698400</nanos>
  <sequence>426</sequence>
  <level>START</level>
  <class>com.kms.katalon.core.logging.XmlKeywordLogger</class>
  <method>startKeyword</method>
  <thread>1</thread>
  <message>Start action : navigateToUrl(&amp;quot;https://www.saucedemo.com/&amp;quot;)</message>
  <nestedLevel>1</nestedLevel>
  <escapedJava>false</escapedJava>
  <property name="startLine">22</property>
  <property name="stepIndex">2</property>
</record>
<record>
  <date>2025-01-31T14:50:29.801867800Z</date>
  <millis>1738335029801</millis>
  <nanos>867800</nanos>
  <sequence>429</sequence>
  <level>PASSED</level>
  <class>com.kms.katalon.core.logging.XmlKeywordLogger</class>
  <method>logMessage</method>
  <thread>1</thread>
  <message>Navigate to &amp;apos;https://www.saucedemo.com/&amp;apos; successfully</message>
  <nestedLevel>1</nestedLevel>
  <escapedJava>false</escapedJava>
  <property name="testops-method-name">com.kms.katalon.core.webui.keyword.builtin.NavigateToUrlKeyword.navigateToUrl</property>
  <property name="testops-execution-stacktrace"></property>
</record>
<record>
  <date>2025-01-31T14:50:29.803149100Z</date>
  <millis>1738335029803</millis>
  <nanos>149100</nanos>
  <sequence>430</sequence>
  <level>END</level>
  <class>com.kms.katalon.core.logging.XmlKeywordLogger</class>
  <method>endKeyword</method>
  <thread>1</thread>
  <message>End action : navigateToUrl(&amp;quot;https://www.saucedemo.com/&amp;quot;)</message>
  <nestedLevel>1</nestedLevel>
  <escapedJava>false</escapedJava>
</record>
<record>
  <date>2025-01-31T14:50:29.803714800Z</date>
  <millis>1738335029803</millis>
  <nanos>714800</nanos>
  <sequence>431</sequence>
  <level>START</level>
  <class>com.kms.katalon.core.logging.XmlKeywordLogger</class>
  <method>startKeyword</method>
  <thread>1</thread>
  <message>Start action : com.test.swaglabs.CustomLogin.WebLoginFourthAccount()</message>
  <nestedLevel>1</nestedLevel>
  <escapedJava>false</escapedJava>
  <property name="startLine">24</property>
  <property name="stepIndex">3</property>
</record>
<record>
  <date>2025-01-31T14:50:41.559290300Z</date>
  <millis>1738335041559</millis>
  <nanos>290300</nanos>
  <sequence>458</sequence>
  <level>WARNING</level>
  <class>com.kms.katalon.core.logging.XmlKeywordLogger</class>
  <method>logMessage</method>
  <thread>1</thread>
  <message>[SELF-HEALING] Failed to find element with id &amp;apos;Object Repository/Page_Swag Labs/input_Swag Labs_user-name&amp;apos;. Try using Self-healing.</message>
  <nestedLevel>1</nestedLevel>
  <escapedJava>false</escapedJava>
</record>
<record>
  <date>2025-01-31T14:50:42.136764500Z</date>
  <millis>1738335042136</millis>
  <nanos>764500</nanos>
  <sequence>461</sequence>
  <level>WARNING</level>
  <class>com.kms.katalon.core.logging.XmlKeywordLogger</class>
  <method>logMessage</method>
  <thread>1</thread>
  <message>[SELF-HEALING] invalid session id
Build info: version: &amp;apos;3.141.59&amp;apos;, revision: &amp;apos;unknown&amp;apos;, time: &amp;apos;unknown&amp;apos;
System info: host: &amp;apos;LAPTOP-5GQHVTHK&amp;apos;, ip: &amp;apos;192.168.0.101&amp;apos;, os.name: &amp;apos;Windows 11&amp;apos;, os.arch: &amp;apos;amd64&amp;apos;, os.version: &amp;apos;10.0&amp;apos;, java.version: &amp;apos;17.0.7&amp;apos;
Driver info: com.kms.katalon.selenium.driver.CRemoteWebDriver
Capabilities {acceptInsecureCerts: false, browserName: chrome, browserVersion: 133.0.6847.2, chrome: {chromedriverVersion: 133.0.6847.2 (7e95e23d2d1f8..., userDataDir: C:\Program Files\scoped_dir...}, fedcm:accounts: true, goog:chromeOptions: {debuggerAddress: localhost:9225}, javascriptEnabled: true, katalon:caps: {executionId: 9b1113f6-2f9b-4abe-b9cd-3ad..., executionSessionId: 162a17db-9a56-424e-9f1c-8f3...}, katalon:options: {executionId: 9b1113f6-2f9b-4abe-b9cd-3ad..., executionSessionId: 162a17db-9a56-424e-9f1c-8f3..., group: 9ab6bac5-1cc1-4a31-be02-e95..., metadata: {accountUuid: fda32340-531c-49aa-a0b7-40d..., organizationId: 1906073, usingTunnel: false}, organizationId: 1906073, runFromTestCloud: true, tenant: TestOps, tunnelMetadataId: 47bf9c75-9831-4539-a455-bf2..., userId: 1648280, username: innocent.beaver.duja@instan..., usingTunnel: true}, kt:requestId: 162a17db-9a56-424e-9f1c-8f3..., kt:rid: 162a17db-9a56-424e-9f1c-8f3..., networkConnectionEnabled: false, pageLoadStrategy: normal, platform: WINDOWS, platformName: WINDOWS, proxy: Proxy(), se:bidiEnabled: false, se:cdpEnabled: false, setWindowRect: true, strictFileInteractability: false, timeouts: {implicit: 0, pageLoad: 300000, script: 30000}, unhandledPromptBehavior: dismiss and notify, webauthn:extension:credBlob: true, webauthn:extension:largeBlob: true, webauthn:extension:minPinLength: true, webauthn:extension:prf: true, webauthn:virtualAuthenticators: true}
Session ID: deab9c87f4daad539a5b5140c5a4ec81
*** Element info: {Using=xpath, value=//input[@id=&amp;apos;user-name&amp;apos;]}</message>
  <nestedLevel>1</nestedLevel>
  <escapedJava>false</escapedJava>
  <property name="failed.exception.class">org.openqa.selenium.NoSuchSessionException</property>
  <property name="failed.exception.stacktrace">org.openqa.selenium.NoSuchSessionException: invalid session id
Build info: version: &apos;3.141.59&apos;, revision: &apos;unknown&apos;, time: &apos;unknown&apos;
System info: host: &apos;LAPTOP-5GQHVTHK&apos;, ip: &apos;192.168.0.101&apos;, os.name: &apos;Windows 11&apos;, os.arch: &apos;amd64&apos;, os.version: &apos;10.0&apos;, java.version: &apos;17.0.7&apos;
Driver info: com.kms.katalon.selenium.driver.CRemoteWebDriver
Capabilities {acceptInsecureCerts: false, browserName: chrome, browserVersion: 133.0.6847.2, chrome: {chromedriverVersion: 133.0.6847.2 (7e95e23d2d1f8..., userDataDir: C:\Program Files\scoped_dir...}, fedcm:accounts: true, goog:chromeOptions: {debuggerAddress: localhost:9225}, javascriptEnabled: true, katalon:caps: {executionId: 9b1113f6-2f9b-4abe-b9cd-3ad..., executionSessionId: 162a17db-9a56-424e-9f1c-8f3...}, katalon:options: {executionId: 9b1113f6-2f9b-4abe-b9cd-3ad..., executionSessionId: 162a17db-9a56-424e-9f1c-8f3..., group: 9ab6bac5-1cc1-4a31-be02-e95..., metadata: {accountUuid: fda32340-531c-49aa-a0b7-40d..., organizationId: 1906073, usingTunnel: false}, organizationId: 1906073, runFromTestCloud: true, tenant: TestOps, tunnelMetadataId: 47bf9c75-9831-4539-a455-bf2..., userId: 1648280, username: innocent.beaver.duja@instan..., usingTunnel: true}, kt:requestId: 162a17db-9a56-424e-9f1c-8f3..., kt:rid: 162a17db-9a56-424e-9f1c-8f3..., networkConnectionEnabled: false, pageLoadStrategy: normal, platform: WINDOWS, platformName: WINDOWS, proxy: Proxy(), se:bidiEnabled: false, se:cdpEnabled: false, setWindowRect: true, strictFileInteractability: false, timeouts: {implicit: 0, pageLoad: 300000, script: 30000}, unhandledPromptBehavior: dismiss and notify, webauthn:extension:credBlob: true, webauthn:extension:largeBlob: true, webauthn:extension:minPinLength: true, webauthn:extension:prf: true, webauthn:virtualAuthenticators: true}
Session ID: deab9c87f4daad539a5b5140c5a4ec81
*** Element info: {Using=xpath, value=//input[@id=&apos;user-name&apos;]}
	at jdk.internal.reflect.GeneratedConstructorAccessor21.newInstance(Unknown Source)
	at java.base/jdk.internal.reflect.DelegatingConstructorAccessorImpl.newInstance(DelegatingConstructorAccessorImpl.java:45)
	at org.openqa.selenium.remote.http.W3CHttpResponseCodec.createException(W3CHttpResponseCodec.java:187)
	at org.openqa.selenium.remote.http.W3CHttpResponseCodec.decode(W3CHttpResponseCodec.java:122)
	at org.openqa.selenium.remote.http.W3CHttpResponseCodec.decode(W3CHttpResponseCodec.java:49)
	at org.openqa.selenium.remote.HttpCommandExecutor.execute(HttpCommandExecutor.java:158)
	at org.openqa.selenium.remote.RemoteWebDriver.execute(RemoteWebDriver.java:552)
	at com.kms.katalon.selenium.driver.CRemoteWebDriver.execute(CRemoteWebDriver.java:30)
	at org.openqa.selenium.remote.RemoteWebDriver.findElements(RemoteWebDriver.java:353)
	at org.openqa.selenium.remote.RemoteWebDriver.findElementsByXPath(RemoteWebDriver.java:432)
	at org.openqa.selenium.By$ByXPath.findElements(By.java:348)
	at org.openqa.selenium.remote.RemoteWebDriver.findElements(RemoteWebDriver.java:311)
	at jdk.internal.reflect.GeneratedMethodAccessor8.invoke(Unknown Source)
	at java.base/jdk.internal.reflect.DelegatingMethodAccessorImpl.invoke(DelegatingMethodAccessorImpl.java:43)
	at org.openqa.selenium.support.events.EventFiringWebDriver.lambda$new$1(EventFiringWebDriver.java:105)
	at jdk.proxy2/jdk.proxy2.$Proxy23.findElements(Unknown Source)
	at org.openqa.selenium.support.events.EventFiringWebDriver.findElements(EventFiringWebDriver.java:182)
	at com.kms.katalon.core.webui.common.WebUiCommonHelper.findWebElementsWithSmartXPath(WebUiCommonHelper.java:1110)
	at com.kms.katalon.core.webui.common.WebUiCommonHelper.findElementsBySelectedMethod(WebUiCommonHelper.java:923)
	at com.kms.katalon.core.webui.common.WebUiCommonHelper.findElementsWithSelfHealing(WebUiCommonHelper.java:815)
	at com.kms.katalon.core.webui.common.WebUiCommonHelper.findWebElements(WebUiCommonHelper.java:727)
	at com.kms.katalon.core.webui.common.WebUiCommonHelper.findWebElement(WebUiCommonHelper.java:1413)
	at com.kms.katalon.core.webui.keyword.internal.WebUIAbstractKeyword.findWebElement(WebUIAbstractKeyword.groovy:27)
	at com.kms.katalon.core.webui.keyword.internal.WebUIAbstractKeyword.findWebElement(WebUIAbstractKeyword.groovy:26)
	at com.kms.katalon.core.webui.keyword.builtin.SetTextKeyword$_setText_closure1.doCall(SetTextKeyword.groovy:53)
	at com.kms.katalon.core.webui.keyword.builtin.SetTextKeyword$_setText_closure1.call(SetTextKeyword.groovy)
	at com.kms.katalon.core.webui.keyword.internal.WebUIKeywordMain.runKeyword(WebUIKeywordMain.groovy:35)
	at com.kms.katalon.core.webui.keyword.builtin.SetTextKeyword.setText(SetTextKeyword.groovy:85)
	at com.kms.katalon.core.webui.keyword.builtin.SetTextKeyword.execute(SetTextKeyword.groovy:39)
	at com.kms.katalon.core.keyword.internal.KeywordExecutor.executeKeywordForPlatform(KeywordExecutor.groovy:74)
	at com.kms.katalon.core.webui.keyword.WebUiBuiltInKeywords.setText(WebUiBuiltInKeywords.groovy:1019)
	at com.test.swaglabs.CustomLogin.WebLoginFourthAccount(CustomLogin.groovy:63)
	at java.base/jdk.internal.reflect.NativeMethodAccessorImpl.invoke0(Native Method)
	at java.base/jdk.internal.reflect.NativeMethodAccessorImpl.invoke(NativeMethodAccessorImpl.java:77)
	at java.base/jdk.internal.reflect.DelegatingMethodAccessorImpl.invoke(DelegatingMethodAccessorImpl.java:43)
	at com.kms.katalon.core.main.CustomKeywordDelegatingMetaClass.invokeStaticMethod(CustomKeywordDelegatingMetaClass.java:55)
	at Login by Fourth Account - performance_glitch_user.run(Login by Fourth Account - performance_glitch_user:24)
	at com.kms.katalon.core.main.ScriptEngine.run(ScriptEngine.java:194)
	at com.kms.katalon.core.main.ScriptEngine.runScriptAsRawText(ScriptEngine.java:119)
	at com.kms.katalon.core.main.TestCaseExecutor.runScript(TestCaseExecutor.java:448)
	at com.kms.katalon.core.main.TestCaseExecutor.doExecute(TestCaseExecutor.java:439)
	at com.kms.katalon.core.main.TestCaseExecutor.processExecutionPhase(TestCaseExecutor.java:418)
	at com.kms.katalon.core.main.TestCaseExecutor.accessMainPhase(TestCaseExecutor.java:410)
	at com.kms.katalon.core.main.TestCaseExecutor.execute(TestCaseExecutor.java:285)
	at com.kms.katalon.core.main.TestCaseExecutor.execute(TestCaseExecutor.java:369)
	at com.kms.katalon.core.common.CommonExecutor.accessTestCaseMainPhase(CommonExecutor.java:65)
	at com.kms.katalon.core.main.TestSuiteExecutor.accessTestSuiteMainPhase(TestSuiteExecutor.java:150)
	at com.kms.katalon.core.main.TestSuiteExecutor.execute(TestSuiteExecutor.java:106)
	at com.kms.katalon.core.main.TestCaseMain.startTestSuite(TestCaseMain.java:180)
	at TempTestSuite1738334733685.run(TempTestSuite1738334733685.groovy:35)
	at java.base/jdk.internal.reflect.NativeMethodAccessorImpl.invoke0(Native Method)
	at java.base/jdk.internal.reflect.NativeMethodAccessorImpl.invoke(NativeMethodAccessorImpl.java:77)
	at java.base/jdk.internal.reflect.DelegatingMethodAccessorImpl.invoke(DelegatingMethodAccessorImpl.java:43)
</property>
  <property name="failed.exception.message">invalid session id
Build info: version: &apos;3.141.59&apos;, revision: &apos;unknown&apos;, time: &apos;unknown&apos;
System info: host: &apos;LAPTOP-5GQHVTHK&apos;, ip: &apos;192.168.0.101&apos;, os.name: &apos;Windows 11&apos;, os.arch: &apos;amd64&apos;, os.version: &apos;10.0&apos;, java.version: &apos;17.0.7&apos;
Driver info: com.kms.katalon.selenium.driver.CRemoteWebDriver
Capabilities {acceptInsecureCerts: false, browserName: chrome, browserVersion: 133.0.6847.2, chrome: {chromedriverVersion: 133.0.6847.2 (7e95e23d2d1f8..., userDataDir: C:\Program Files\scoped_dir...}, fedcm:accounts: true, goog:chromeOptions: {debuggerAddress: localhost:9225}, javascriptEnabled: true, katalon:caps: {executionId: 9b1113f6-2f9b-4abe-b9cd-3ad..., executionSessionId: 162a17db-9a56-424e-9f1c-8f3...}, katalon:options: {executionId: 9b1113f6-2f9b-4abe-b9cd-3ad..., executionSessionId: 162a17db-9a56-424e-9f1c-8f3..., group: 9ab6bac5-1cc1-4a31-be02-e95..., metadata: {accountUuid: fda32340-531c-49aa-a0b7-40d..., organizationId: 1906073, usingTunnel: false}, organizationId: 1906073, runFromTestCloud: true, tenant: TestOps, tunnelMetadataId: 47bf9c75-9831-4539-a455-bf2..., userId: 1648280, username: innocent.beaver.duja@instan..., usingTunnel: true}, kt:requestId: 162a17db-9a56-424e-9f1c-8f3..., kt:rid: 162a17db-9a56-424e-9f1c-8f3..., networkConnectionEnabled: false, pageLoadStrategy: normal, platform: WINDOWS, platformName: WINDOWS, proxy: Proxy(), se:bidiEnabled: false, se:cdpEnabled: false, setWindowRect: true, strictFileInteractability: false, timeouts: {implicit: 0, pageLoad: 300000, script: 30000}, unhandledPromptBehavior: dismiss and notify, webauthn:extension:credBlob: true, webauthn:extension:largeBlob: true, webauthn:extension:minPinLength: true, webauthn:extension:prf: true, webauthn:virtualAuthenticators: true}
Session ID: deab9c87f4daad539a5b5140c5a4ec81
*** Element info: {Using=xpath, value=//input[@id=&apos;user-name&apos;]}</property>
</record>
<record>
  <date>2025-01-31T14:50:43.840259100Z</date>
  <millis>1738335043840</millis>
  <nanos>259100</nanos>
  <sequence>465</sequence>
  <level>WARNING</level>
  <class>com.kms.katalon.core.logging.XmlKeywordLogger</class>
  <method>logMessage</method>
  <thread>1</thread>
  <message>[SELF-HEALING] invalid session id
Build info: version: &amp;apos;3.141.59&amp;apos;, revision: &amp;apos;unknown&amp;apos;, time: &amp;apos;unknown&amp;apos;
System info: host: &amp;apos;LAPTOP-5GQHVTHK&amp;apos;, ip: &amp;apos;192.168.0.101&amp;apos;, os.name: &amp;apos;Windows 11&amp;apos;, os.arch: &amp;apos;amd64&amp;apos;, os.version: &amp;apos;10.0&amp;apos;, java.version: &amp;apos;17.0.7&amp;apos;
Driver info: com.kms.katalon.selenium.driver.CRemoteWebDriver
Capabilities {acceptInsecureCerts: false, browserName: chrome, browserVersion: 133.0.6847.2, chrome: {chromedriverVersion: 133.0.6847.2 (7e95e23d2d1f8..., userDataDir: C:\Program Files\scoped_dir...}, fedcm:accounts: true, goog:chromeOptions: {debuggerAddress: localhost:9225}, javascriptEnabled: true, katalon:caps: {executionId: 9b1113f6-2f9b-4abe-b9cd-3ad..., executionSessionId: 162a17db-9a56-424e-9f1c-8f3...}, katalon:options: {executionId: 9b1113f6-2f9b-4abe-b9cd-3ad..., executionSessionId: 162a17db-9a56-424e-9f1c-8f3..., group: 9ab6bac5-1cc1-4a31-be02-e95..., metadata: {accountUuid: fda32340-531c-49aa-a0b7-40d..., organizationId: 1906073, usingTunnel: false}, organizationId: 1906073, runFromTestCloud: true, tenant: TestOps, tunnelMetadataId: 47bf9c75-9831-4539-a455-bf2..., userId: 1648280, username: innocent.beaver.duja@instan..., usingTunnel: true}, kt:requestId: 162a17db-9a56-424e-9f1c-8f3..., kt:rid: 162a17db-9a56-424e-9f1c-8f3..., networkConnectionEnabled: false, pageLoadStrategy: normal, platform: WINDOWS, platformName: WINDOWS, proxy: Proxy(), se:bidiEnabled: false, se:cdpEnabled: false, setWindowRect: true, strictFileInteractability: false, timeouts: {implicit: 0, pageLoad: 300000, script: 30000}, unhandledPromptBehavior: dismiss and notify, webauthn:extension:credBlob: true, webauthn:extension:largeBlob: true, webauthn:extension:minPinLength: true, webauthn:extension:prf: true, webauthn:virtualAuthenticators: true}
Session ID: deab9c87f4daad539a5b5140c5a4ec81
*** Element info: {Using=xpath, value=//*[@placeholder = &amp;apos;Username&amp;apos; and @type = &amp;apos;text&amp;apos; and @id = &amp;apos;user-name&amp;apos; and @name = &amp;apos;user-name&amp;apos;]}</message>
  <nestedLevel>1</nestedLevel>
  <escapedJava>false</escapedJava>
  <property name="failed.exception.class">org.openqa.selenium.NoSuchSessionException</property>
  <property name="failed.exception.stacktrace">org.openqa.selenium.NoSuchSessionException: invalid session id
Build info: version: &apos;3.141.59&apos;, revision: &apos;unknown&apos;, time: &apos;unknown&apos;
System info: host: &apos;LAPTOP-5GQHVTHK&apos;, ip: &apos;192.168.0.101&apos;, os.name: &apos;Windows 11&apos;, os.arch: &apos;amd64&apos;, os.version: &apos;10.0&apos;, java.version: &apos;17.0.7&apos;
Driver info: com.kms.katalon.selenium.driver.CRemoteWebDriver
Capabilities {acceptInsecureCerts: false, browserName: chrome, browserVersion: 133.0.6847.2, chrome: {chromedriverVersion: 133.0.6847.2 (7e95e23d2d1f8..., userDataDir: C:\Program Files\scoped_dir...}, fedcm:accounts: true, goog:chromeOptions: {debuggerAddress: localhost:9225}, javascriptEnabled: true, katalon:caps: {executionId: 9b1113f6-2f9b-4abe-b9cd-3ad..., executionSessionId: 162a17db-9a56-424e-9f1c-8f3...}, katalon:options: {executionId: 9b1113f6-2f9b-4abe-b9cd-3ad..., executionSessionId: 162a17db-9a56-424e-9f1c-8f3..., group: 9ab6bac5-1cc1-4a31-be02-e95..., metadata: {accountUuid: fda32340-531c-49aa-a0b7-40d..., organizationId: 1906073, usingTunnel: false}, organizationId: 1906073, runFromTestCloud: true, tenant: TestOps, tunnelMetadataId: 47bf9c75-9831-4539-a455-bf2..., userId: 1648280, username: innocent.beaver.duja@instan..., usingTunnel: true}, kt:requestId: 162a17db-9a56-424e-9f1c-8f3..., kt:rid: 162a17db-9a56-424e-9f1c-8f3..., networkConnectionEnabled: false, pageLoadStrategy: normal, platform: WINDOWS, platformName: WINDOWS, proxy: Proxy(), se:bidiEnabled: false, se:cdpEnabled: false, setWindowRect: true, strictFileInteractability: false, timeouts: {implicit: 0, pageLoad: 300000, script: 30000}, unhandledPromptBehavior: dismiss and notify, webauthn:extension:credBlob: true, webauthn:extension:largeBlob: true, webauthn:extension:minPinLength: true, webauthn:extension:prf: true, webauthn:virtualAuthenticators: true}
Session ID: deab9c87f4daad539a5b5140c5a4ec81
*** Element info: {Using=xpath, value=//*[@placeholder = &apos;Username&apos; and @type = &apos;text&apos; and @id = &apos;user-name&apos; and @name = &apos;user-name&apos;]}
	at jdk.internal.reflect.GeneratedConstructorAccessor21.newInstance(Unknown Source)
	at java.base/jdk.internal.reflect.DelegatingConstructorAccessorImpl.newInstance(DelegatingConstructorAccessorImpl.java:45)
	at org.openqa.selenium.remote.http.W3CHttpResponseCodec.createException(W3CHttpResponseCodec.java:187)
	at org.openqa.selenium.remote.http.W3CHttpResponseCodec.decode(W3CHttpResponseCodec.java:122)
	at org.openqa.selenium.remote.http.W3CHttpResponseCodec.decode(W3CHttpResponseCodec.java:49)
	at org.openqa.selenium.remote.HttpCommandExecutor.execute(HttpCommandExecutor.java:158)
	at org.openqa.selenium.remote.RemoteWebDriver.execute(RemoteWebDriver.java:552)
	at com.kms.katalon.selenium.driver.CRemoteWebDriver.execute(CRemoteWebDriver.java:30)
	at org.openqa.selenium.remote.RemoteWebDriver.findElements(RemoteWebDriver.java:353)
	at org.openqa.selenium.remote.RemoteWebDriver.findElementsByXPath(RemoteWebDriver.java:432)
	at org.openqa.selenium.By$ByXPath.findElements(By.java:348)
	at org.openqa.selenium.remote.RemoteWebDriver.findElements(RemoteWebDriver.java:311)
	at jdk.internal.reflect.GeneratedMethodAccessor8.invoke(Unknown Source)
	at java.base/jdk.internal.reflect.DelegatingMethodAccessorImpl.invoke(DelegatingMethodAccessorImpl.java:43)
	at org.openqa.selenium.support.events.EventFiringWebDriver.lambda$new$1(EventFiringWebDriver.java:105)
	at jdk.proxy2/jdk.proxy2.$Proxy23.findElements(Unknown Source)
	at org.openqa.selenium.support.events.EventFiringWebDriver.findElements(EventFiringWebDriver.java:182)
	at com.kms.katalon.core.webui.common.WebUiCommonHelper.findElementByNormalMethods(WebUiCommonHelper.java:1033)
	at com.kms.katalon.core.webui.common.WebUiCommonHelper.findElementsBySelectedMethod(WebUiCommonHelper.java:918)
	at com.kms.katalon.core.webui.common.WebUiCommonHelper.findElementsWithSelfHealing(WebUiCommonHelper.java:815)
	at com.kms.katalon.core.webui.common.WebUiCommonHelper.findWebElements(WebUiCommonHelper.java:727)
	at com.kms.katalon.core.webui.common.WebUiCommonHelper.findWebElement(WebUiCommonHelper.java:1413)
	at com.kms.katalon.core.webui.keyword.internal.WebUIAbstractKeyword.findWebElement(WebUIAbstractKeyword.groovy:27)
	at com.kms.katalon.core.webui.keyword.internal.WebUIAbstractKeyword.findWebElement(WebUIAbstractKeyword.groovy:26)
	at com.kms.katalon.core.webui.keyword.builtin.SetTextKeyword$_setText_closure1.doCall(SetTextKeyword.groovy:53)
	at com.kms.katalon.core.webui.keyword.builtin.SetTextKeyword$_setText_closure1.call(SetTextKeyword.groovy)
	at com.kms.katalon.core.webui.keyword.internal.WebUIKeywordMain.runKeyword(WebUIKeywordMain.groovy:35)
	at com.kms.katalon.core.webui.keyword.builtin.SetTextKeyword.setText(SetTextKeyword.groovy:85)
	at com.kms.katalon.core.webui.keyword.builtin.SetTextKeyword.execute(SetTextKeyword.groovy:39)
	at com.kms.katalon.core.keyword.internal.KeywordExecutor.executeKeywordForPlatform(KeywordExecutor.groovy:74)
	at com.kms.katalon.core.webui.keyword.WebUiBuiltInKeywords.setText(WebUiBuiltInKeywords.groovy:1019)
	at com.test.swaglabs.CustomLogin.WebLoginFourthAccount(CustomLogin.groovy:63)
	at java.base/jdk.internal.reflect.NativeMethodAccessorImpl.invoke0(Native Method)
	at java.base/jdk.internal.reflect.NativeMethodAccessorImpl.invoke(NativeMethodAccessorImpl.java:77)
	at java.base/jdk.internal.reflect.DelegatingMethodAccessorImpl.invoke(DelegatingMethodAccessorImpl.java:43)
	at com.kms.katalon.core.main.CustomKeywordDelegatingMetaClass.invokeStaticMethod(CustomKeywordDelegatingMetaClass.java:55)
	at Login by Fourth Account - performance_glitch_user.run(Login by Fourth Account - performance_glitch_user:24)
	at com.kms.katalon.core.main.ScriptEngine.run(ScriptEngine.java:194)
	at com.kms.katalon.core.main.ScriptEngine.runScriptAsRawText(ScriptEngine.java:119)
	at com.kms.katalon.core.main.TestCaseExecutor.runScript(TestCaseExecutor.java:448)
	at com.kms.katalon.core.main.TestCaseExecutor.doExecute(TestCaseExecutor.java:439)
	at com.kms.katalon.core.main.TestCaseExecutor.processExecutionPhase(TestCaseExecutor.java:418)
	at com.kms.katalon.core.main.TestCaseExecutor.accessMainPhase(TestCaseExecutor.java:410)
	at com.kms.katalon.core.main.TestCaseExecutor.execute(TestCaseExecutor.java:285)
	at com.kms.katalon.core.main.TestCaseExecutor.execute(TestCaseExecutor.java:369)
	at com.kms.katalon.core.common.CommonExecutor.accessTestCaseMainPhase(CommonExecutor.java:65)
	at com.kms.katalon.core.main.TestSuiteExecutor.accessTestSuiteMainPhase(TestSuiteExecutor.java:150)
	at com.kms.katalon.core.main.TestSuiteExecutor.execute(TestSuiteExecutor.java:106)
	at com.kms.katalon.core.main.TestCaseMain.startTestSuite(TestCaseMain.java:180)
	at TempTestSuite1738334733685.run(TempTestSuite1738334733685.groovy:35)
	at java.base/jdk.internal.reflect.NativeMethodAccessorImpl.invoke0(Native Method)
	at java.base/jdk.internal.reflect.NativeMethodAccessorImpl.invoke(NativeMethodAccessorImpl.java:77)
	at java.base/jdk.internal.reflect.DelegatingMethodAccessorImpl.invoke(DelegatingMethodAccessorImpl.java:43)
</property>
  <property name="failed.exception.message">invalid session id
Build info: version: &apos;3.141.59&apos;, revision: &apos;unknown&apos;, time: &apos;unknown&apos;
System info: host: &apos;LAPTOP-5GQHVTHK&apos;, ip: &apos;192.168.0.101&apos;, os.name: &apos;Windows 11&apos;, os.arch: &apos;amd64&apos;, os.version: &apos;10.0&apos;, java.version: &apos;17.0.7&apos;
Driver info: com.kms.katalon.selenium.driver.CRemoteWebDriver
Capabilities {acceptInsecureCerts: false, browserName: chrome, browserVersion: 133.0.6847.2, chrome: {chromedriverVersion: 133.0.6847.2 (7e95e23d2d1f8..., userDataDir: C:\Program Files\scoped_dir...}, fedcm:accounts: true, goog:chromeOptions: {debuggerAddress: localhost:9225}, javascriptEnabled: true, katalon:caps: {executionId: 9b1113f6-2f9b-4abe-b9cd-3ad..., executionSessionId: 162a17db-9a56-424e-9f1c-8f3...}, katalon:options: {executionId: 9b1113f6-2f9b-4abe-b9cd-3ad..., executionSessionId: 162a17db-9a56-424e-9f1c-8f3..., group: 9ab6bac5-1cc1-4a31-be02-e95..., metadata: {accountUuid: fda32340-531c-49aa-a0b7-40d..., organizationId: 1906073, usingTunnel: false}, organizationId: 1906073, runFromTestCloud: true, tenant: TestOps, tunnelMetadataId: 47bf9c75-9831-4539-a455-bf2..., userId: 1648280, username: innocent.beaver.duja@instan..., usingTunnel: true}, kt:requestId: 162a17db-9a56-424e-9f1c-8f3..., kt:rid: 162a17db-9a56-424e-9f1c-8f3..., networkConnectionEnabled: false, pageLoadStrategy: normal, platform: WINDOWS, platformName: WINDOWS, proxy: Proxy(), se:bidiEnabled: false, se:cdpEnabled: false, setWindowRect: true, strictFileInteractability: false, timeouts: {implicit: 0, pageLoad: 300000, script: 30000}, unhandledPromptBehavior: dismiss and notify, webauthn:extension:credBlob: true, webauthn:extension:largeBlob: true, webauthn:extension:minPinLength: true, webauthn:extension:prf: true, webauthn:virtualAuthenticators: true}
Session ID: deab9c87f4daad539a5b5140c5a4ec81
*** Element info: {Using=xpath, value=//*[@placeholder = &apos;Username&apos; and @type = &apos;text&apos; and @id = &apos;user-name&apos; and @name = &apos;user-name&apos;]}</property>
</record>
<record>
  <date>2025-01-31T14:50:44.399577700Z</date>
  <millis>1738335044399</millis>
  <nanos>577700</nanos>
  <sequence>469</sequence>
  <level>WARNING</level>
  <class>com.kms.katalon.core.logging.XmlKeywordLogger</class>
  <method>logMessage</method>
  <thread>1</thread>
  <message>[SELF-HEALING] invalid session id
Build info: version: &amp;apos;3.141.59&amp;apos;, revision: &amp;apos;unknown&amp;apos;, time: &amp;apos;unknown&amp;apos;
System info: host: &amp;apos;LAPTOP-5GQHVTHK&amp;apos;, ip: &amp;apos;192.168.0.101&amp;apos;, os.name: &amp;apos;Windows 11&amp;apos;, os.arch: &amp;apos;amd64&amp;apos;, os.version: &amp;apos;10.0&amp;apos;, java.version: &amp;apos;17.0.7&amp;apos;
Driver info: com.kms.katalon.selenium.driver.CRemoteWebDriver
Capabilities {acceptInsecureCerts: false, browserName: chrome, browserVersion: 133.0.6847.2, chrome: {chromedriverVersion: 133.0.6847.2 (7e95e23d2d1f8..., userDataDir: C:\Program Files\scoped_dir...}, fedcm:accounts: true, goog:chromeOptions: {debuggerAddress: localhost:9225}, javascriptEnabled: true, katalon:caps: {executionId: 9b1113f6-2f9b-4abe-b9cd-3ad..., executionSessionId: 162a17db-9a56-424e-9f1c-8f3...}, katalon:options: {executionId: 9b1113f6-2f9b-4abe-b9cd-3ad..., executionSessionId: 162a17db-9a56-424e-9f1c-8f3..., group: 9ab6bac5-1cc1-4a31-be02-e95..., metadata: {accountUuid: fda32340-531c-49aa-a0b7-40d..., organizationId: 1906073, usingTunnel: false}, organizationId: 1906073, runFromTestCloud: true, tenant: TestOps, tunnelMetadataId: 47bf9c75-9831-4539-a455-bf2..., userId: 1648280, username: innocent.beaver.duja@instan..., usingTunnel: true}, kt:requestId: 162a17db-9a56-424e-9f1c-8f3..., kt:rid: 162a17db-9a56-424e-9f1c-8f3..., networkConnectionEnabled: false, pageLoadStrategy: normal, platform: WINDOWS, platformName: WINDOWS, proxy: Proxy(), se:bidiEnabled: false, se:cdpEnabled: false, setWindowRect: true, strictFileInteractability: false, timeouts: {implicit: 0, pageLoad: 300000, script: 30000}, unhandledPromptBehavior: dismiss and notify, webauthn:extension:credBlob: true, webauthn:extension:largeBlob: true, webauthn:extension:minPinLength: true, webauthn:extension:prf: true, webauthn:virtualAuthenticators: true}
Session ID: deab9c87f4daad539a5b5140c5a4ec81
*** Element info: {Using=css selector, value=#user-name}</message>
  <nestedLevel>1</nestedLevel>
  <escapedJava>false</escapedJava>
  <property name="failed.exception.class">org.openqa.selenium.NoSuchSessionException</property>
  <property name="failed.exception.stacktrace">org.openqa.selenium.NoSuchSessionException: invalid session id
Build info: version: &apos;3.141.59&apos;, revision: &apos;unknown&apos;, time: &apos;unknown&apos;
System info: host: &apos;LAPTOP-5GQHVTHK&apos;, ip: &apos;192.168.0.101&apos;, os.name: &apos;Windows 11&apos;, os.arch: &apos;amd64&apos;, os.version: &apos;10.0&apos;, java.version: &apos;17.0.7&apos;
Driver info: com.kms.katalon.selenium.driver.CRemoteWebDriver
Capabilities {acceptInsecureCerts: false, browserName: chrome, browserVersion: 133.0.6847.2, chrome: {chromedriverVersion: 133.0.6847.2 (7e95e23d2d1f8..., userDataDir: C:\Program Files\scoped_dir...}, fedcm:accounts: true, goog:chromeOptions: {debuggerAddress: localhost:9225}, javascriptEnabled: true, katalon:caps: {executionId: 9b1113f6-2f9b-4abe-b9cd-3ad..., executionSessionId: 162a17db-9a56-424e-9f1c-8f3...}, katalon:options: {executionId: 9b1113f6-2f9b-4abe-b9cd-3ad..., executionSessionId: 162a17db-9a56-424e-9f1c-8f3..., group: 9ab6bac5-1cc1-4a31-be02-e95..., metadata: {accountUuid: fda32340-531c-49aa-a0b7-40d..., organizationId: 1906073, usingTunnel: false}, organizationId: 1906073, runFromTestCloud: true, tenant: TestOps, tunnelMetadataId: 47bf9c75-9831-4539-a455-bf2..., userId: 1648280, username: innocent.beaver.duja@instan..., usingTunnel: true}, kt:requestId: 162a17db-9a56-424e-9f1c-8f3..., kt:rid: 162a17db-9a56-424e-9f1c-8f3..., networkConnectionEnabled: false, pageLoadStrategy: normal, platform: WINDOWS, platformName: WINDOWS, proxy: Proxy(), se:bidiEnabled: false, se:cdpEnabled: false, setWindowRect: true, strictFileInteractability: false, timeouts: {implicit: 0, pageLoad: 300000, script: 30000}, unhandledPromptBehavior: dismiss and notify, webauthn:extension:credBlob: true, webauthn:extension:largeBlob: true, webauthn:extension:minPinLength: true, webauthn:extension:prf: true, webauthn:virtualAuthenticators: true}
Session ID: deab9c87f4daad539a5b5140c5a4ec81
*** Element info: {Using=css selector, value=#user-name}
	at jdk.internal.reflect.GeneratedConstructorAccessor21.newInstance(Unknown Source)
	at java.base/jdk.internal.reflect.DelegatingConstructorAccessorImpl.newInstance(DelegatingConstructorAccessorImpl.java:45)
	at org.openqa.selenium.remote.http.W3CHttpResponseCodec.createException(W3CHttpResponseCodec.java:187)
	at org.openqa.selenium.remote.http.W3CHttpResponseCodec.decode(W3CHttpResponseCodec.java:122)
	at org.openqa.selenium.remote.http.W3CHttpResponseCodec.decode(W3CHttpResponseCodec.java:49)
	at org.openqa.selenium.remote.HttpCommandExecutor.execute(HttpCommandExecutor.java:158)
	at org.openqa.selenium.remote.RemoteWebDriver.execute(RemoteWebDriver.java:552)
	at com.kms.katalon.selenium.driver.CRemoteWebDriver.execute(CRemoteWebDriver.java:30)
	at org.openqa.selenium.remote.RemoteWebDriver.findElements(RemoteWebDriver.java:353)
	at org.openqa.selenium.remote.RemoteWebDriver.findElementsByCssSelector(RemoteWebDriver.java:424)
	at org.openqa.selenium.By$ByCssSelector.findElements(By.java:441)
	at org.openqa.selenium.remote.RemoteWebDriver.findElements(RemoteWebDriver.java:311)
	at jdk.internal.reflect.GeneratedMethodAccessor8.invoke(Unknown Source)
	at java.base/jdk.internal.reflect.DelegatingMethodAccessorImpl.invoke(DelegatingMethodAccessorImpl.java:43)
	at org.openqa.selenium.support.events.EventFiringWebDriver.lambda$new$1(EventFiringWebDriver.java:105)
	at jdk.proxy2/jdk.proxy2.$Proxy23.findElements(Unknown Source)
	at org.openqa.selenium.support.events.EventFiringWebDriver.findElements(EventFiringWebDriver.java:182)
	at com.kms.katalon.core.webui.common.WebUiCommonHelper.findElementByNormalMethods(WebUiCommonHelper.java:1033)
	at com.kms.katalon.core.webui.common.WebUiCommonHelper.findElementsBySelectedMethod(WebUiCommonHelper.java:920)
	at com.kms.katalon.core.webui.common.WebUiCommonHelper.findElementsWithSelfHealing(WebUiCommonHelper.java:815)
	at com.kms.katalon.core.webui.common.WebUiCommonHelper.findWebElements(WebUiCommonHelper.java:727)
	at com.kms.katalon.core.webui.common.WebUiCommonHelper.findWebElement(WebUiCommonHelper.java:1413)
	at com.kms.katalon.core.webui.keyword.internal.WebUIAbstractKeyword.findWebElement(WebUIAbstractKeyword.groovy:27)
	at com.kms.katalon.core.webui.keyword.internal.WebUIAbstractKeyword.findWebElement(WebUIAbstractKeyword.groovy:26)
	at com.kms.katalon.core.webui.keyword.builtin.SetTextKeyword$_setText_closure1.doCall(SetTextKeyword.groovy:53)
	at com.kms.katalon.core.webui.keyword.builtin.SetTextKeyword$_setText_closure1.call(SetTextKeyword.groovy)
	at com.kms.katalon.core.webui.keyword.internal.WebUIKeywordMain.runKeyword(WebUIKeywordMain.groovy:35)
	at com.kms.katalon.core.webui.keyword.builtin.SetTextKeyword.setText(SetTextKeyword.groovy:85)
	at com.kms.katalon.core.webui.keyword.builtin.SetTextKeyword.execute(SetTextKeyword.groovy:39)
	at com.kms.katalon.core.keyword.internal.KeywordExecutor.executeKeywordForPlatform(KeywordExecutor.groovy:74)
	at com.kms.katalon.core.webui.keyword.WebUiBuiltInKeywords.setText(WebUiBuiltInKeywords.groovy:1019)
	at com.test.swaglabs.CustomLogin.WebLoginFourthAccount(CustomLogin.groovy:63)
	at java.base/jdk.internal.reflect.NativeMethodAccessorImpl.invoke0(Native Method)
	at java.base/jdk.internal.reflect.NativeMethodAccessorImpl.invoke(NativeMethodAccessorImpl.java:77)
	at java.base/jdk.internal.reflect.DelegatingMethodAccessorImpl.invoke(DelegatingMethodAccessorImpl.java:43)
	at com.kms.katalon.core.main.CustomKeywordDelegatingMetaClass.invokeStaticMethod(CustomKeywordDelegatingMetaClass.java:55)
	at Login by Fourth Account - performance_glitch_user.run(Login by Fourth Account - performance_glitch_user:24)
	at com.kms.katalon.core.main.ScriptEngine.run(ScriptEngine.java:194)
	at com.kms.katalon.core.main.ScriptEngine.runScriptAsRawText(ScriptEngine.java:119)
	at com.kms.katalon.core.main.TestCaseExecutor.runScript(TestCaseExecutor.java:448)
	at com.kms.katalon.core.main.TestCaseExecutor.doExecute(TestCaseExecutor.java:439)
	at com.kms.katalon.core.main.TestCaseExecutor.processExecutionPhase(TestCaseExecutor.java:418)
	at com.kms.katalon.core.main.TestCaseExecutor.accessMainPhase(TestCaseExecutor.java:410)
	at com.kms.katalon.core.main.TestCaseExecutor.execute(TestCaseExecutor.java:285)
	at com.kms.katalon.core.main.TestCaseExecutor.execute(TestCaseExecutor.java:369)
	at com.kms.katalon.core.common.CommonExecutor.accessTestCaseMainPhase(CommonExecutor.java:65)
	at com.kms.katalon.core.main.TestSuiteExecutor.accessTestSuiteMainPhase(TestSuiteExecutor.java:150)
	at com.kms.katalon.core.main.TestSuiteExecutor.execute(TestSuiteExecutor.java:106)
	at com.kms.katalon.core.main.TestCaseMain.startTestSuite(TestCaseMain.java:180)
	at TempTestSuite1738334733685.run(TempTestSuite1738334733685.groovy:35)
	at java.base/jdk.internal.reflect.NativeMethodAccessorImpl.invoke0(Native Method)
	at java.base/jdk.internal.reflect.NativeMethodAccessorImpl.invoke(NativeMethodAccessorImpl.java:77)
	at java.base/jdk.internal.reflect.DelegatingMethodAccessorImpl.invoke(DelegatingMethodAccessorImpl.java:43)
</property>
  <property name="failed.exception.message">invalid session id
Build info: version: &apos;3.141.59&apos;, revision: &apos;unknown&apos;, time: &apos;unknown&apos;
System info: host: &apos;LAPTOP-5GQHVTHK&apos;, ip: &apos;192.168.0.101&apos;, os.name: &apos;Windows 11&apos;, os.arch: &apos;amd64&apos;, os.version: &apos;10.0&apos;, java.version: &apos;17.0.7&apos;
Driver info: com.kms.katalon.selenium.driver.CRemoteWebDriver
Capabilities {acceptInsecureCerts: false, browserName: chrome, browserVersion: 133.0.6847.2, chrome: {chromedriverVersion: 133.0.6847.2 (7e95e23d2d1f8..., userDataDir: C:\Program Files\scoped_dir...}, fedcm:accounts: true, goog:chromeOptions: {debuggerAddress: localhost:9225}, javascriptEnabled: true, katalon:caps: {executionId: 9b1113f6-2f9b-4abe-b9cd-3ad..., executionSessionId: 162a17db-9a56-424e-9f1c-8f3...}, katalon:options: {executionId: 9b1113f6-2f9b-4abe-b9cd-3ad..., executionSessionId: 162a17db-9a56-424e-9f1c-8f3..., group: 9ab6bac5-1cc1-4a31-be02-e95..., metadata: {accountUuid: fda32340-531c-49aa-a0b7-40d..., organizationId: 1906073, usingTunnel: false}, organizationId: 1906073, runFromTestCloud: true, tenant: TestOps, tunnelMetadataId: 47bf9c75-9831-4539-a455-bf2..., userId: 1648280, username: innocent.beaver.duja@instan..., usingTunnel: true}, kt:requestId: 162a17db-9a56-424e-9f1c-8f3..., kt:rid: 162a17db-9a56-424e-9f1c-8f3..., networkConnectionEnabled: false, pageLoadStrategy: normal, platform: WINDOWS, platformName: WINDOWS, proxy: Proxy(), se:bidiEnabled: false, se:cdpEnabled: false, setWindowRect: true, strictFileInteractability: false, timeouts: {implicit: 0, pageLoad: 300000, script: 30000}, unhandledPromptBehavior: dismiss and notify, webauthn:extension:credBlob: true, webauthn:extension:largeBlob: true, webauthn:extension:minPinLength: true, webauthn:extension:prf: true, webauthn:virtualAuthenticators: true}
Session ID: deab9c87f4daad539a5b5140c5a4ec81
*** Element info: {Using=css selector, value=#user-name}</property>
</record>
<record>
  <date>2025-01-31T14:50:44.678540700Z</date>
  <millis>1738335044678</millis>
  <nanos>540700</nanos>
  <sequence>471</sequence>
  <level>WARNING</level>
  <class>com.kms.katalon.core.logging.XmlKeywordLogger</class>
  <method>logMessage</method>
  <thread>1</thread>
  <message>Cannot take screenshot</message>
  <nestedLevel>1</nestedLevel>
  <escapedJava>false</escapedJava>
  <property name="failed.exception.class">org.openqa.selenium.WebDriverException</property>
  <property name="failed.exception.stacktrace">org.openqa.selenium.WebDriverException: An unknown error has occurred
Build info: version: &apos;3.141.59&apos;, revision: &apos;unknown&apos;, time: &apos;unknown&apos;
System info: host: &apos;LAPTOP-5GQHVTHK&apos;, ip: &apos;192.168.0.101&apos;, os.name: &apos;Windows 11&apos;, os.arch: &apos;amd64&apos;, os.version: &apos;10.0&apos;, java.version: &apos;17.0.7&apos;
Driver info: com.kms.katalon.selenium.driver.CRemoteWebDriver
Capabilities {acceptInsecureCerts: false, browserName: chrome, browserVersion: 133.0.6847.2, chrome: {chromedriverVersion: 133.0.6847.2 (7e95e23d2d1f8..., userDataDir: C:\Program Files\scoped_dir...}, fedcm:accounts: true, goog:chromeOptions: {debuggerAddress: localhost:9225}, javascriptEnabled: true, katalon:caps: {executionId: 9b1113f6-2f9b-4abe-b9cd-3ad..., executionSessionId: 162a17db-9a56-424e-9f1c-8f3...}, katalon:options: {executionId: 9b1113f6-2f9b-4abe-b9cd-3ad..., executionSessionId: 162a17db-9a56-424e-9f1c-8f3..., group: 9ab6bac5-1cc1-4a31-be02-e95..., metadata: {accountUuid: fda32340-531c-49aa-a0b7-40d..., organizationId: 1906073, usingTunnel: false}, organizationId: 1906073, runFromTestCloud: true, tenant: TestOps, tunnelMetadataId: 47bf9c75-9831-4539-a455-bf2..., userId: 1648280, username: innocent.beaver.duja@instan..., usingTunnel: true}, kt:requestId: 162a17db-9a56-424e-9f1c-8f3..., kt:rid: 162a17db-9a56-424e-9f1c-8f3..., networkConnectionEnabled: false, pageLoadStrategy: normal, platform: WINDOWS, platformName: WINDOWS, proxy: Proxy(), se:bidiEnabled: false, se:cdpEnabled: false, setWindowRect: true, strictFileInteractability: false, timeouts: {implicit: 0, pageLoad: 300000, script: 30000}, unhandledPromptBehavior: dismiss and notify, webauthn:extension:credBlob: true, webauthn:extension:largeBlob: true, webauthn:extension:minPinLength: true, webauthn:extension:prf: true, webauthn:virtualAuthenticators: true}
Session ID: deab9c87f4daad539a5b5140c5a4ec81
	at java.base/jdk.internal.reflect.NativeConstructorAccessorImpl.newInstance0(Native Method)
	at java.base/jdk.internal.reflect.NativeConstructorAccessorImpl.newInstance(NativeConstructorAccessorImpl.java:77)
	at java.base/jdk.internal.reflect.DelegatingConstructorAccessorImpl.newInstance(DelegatingConstructorAccessorImpl.java:45)
	at org.openqa.selenium.remote.http.W3CHttpResponseCodec.createException(W3CHttpResponseCodec.java:187)
	at org.openqa.selenium.remote.http.W3CHttpResponseCodec.decode(W3CHttpResponseCodec.java:122)
	at org.openqa.selenium.remote.http.W3CHttpResponseCodec.decode(W3CHttpResponseCodec.java:49)
	at org.openqa.selenium.remote.HttpCommandExecutor.execute(HttpCommandExecutor.java:158)
	at org.openqa.selenium.remote.RemoteWebDriver.execute(RemoteWebDriver.java:552)
	at com.kms.katalon.selenium.driver.CRemoteWebDriver.execute(CRemoteWebDriver.java:30)
	at org.openqa.selenium.remote.RemoteWebDriver.execute(RemoteWebDriver.java:609)
	at org.openqa.selenium.remote.RemoteWebDriver.getScreenshotAs(RemoteWebDriver.java:295)
	at java.base/jdk.internal.reflect.NativeMethodAccessorImpl.invoke0(Native Method)
	at java.base/jdk.internal.reflect.NativeMethodAccessorImpl.invoke(NativeMethodAccessorImpl.java:77)
	at java.base/jdk.internal.reflect.DelegatingMethodAccessorImpl.invoke(DelegatingMethodAccessorImpl.java:43)
	at org.openqa.selenium.support.events.EventFiringWebDriver.lambda$new$1(EventFiringWebDriver.java:105)
	at jdk.proxy2/jdk.proxy2.$Proxy23.getScreenshotAs(Unknown Source)
	at org.openqa.selenium.support.events.EventFiringWebDriver.getScreenshotAs(EventFiringWebDriver.java:302)
	at com.kms.katalon.core.webui.helper.screenshot.WebUIScreenCaptor.take(WebUIScreenCaptor.java:26)
	at com.kms.katalon.core.helper.screenshot.ScreenCaptor.takeScreenshotAndGetAttributes(ScreenCaptor.java:38)
	at com.kms.katalon.core.webui.keyword.internal.WebUIKeywordMain.stepFailed(WebUIKeywordMain.groovy:117)
	at com.kms.katalon.core.webui.keyword.internal.WebUIKeywordMain.runKeyword(WebUIKeywordMain.groovy:43)
	at com.kms.katalon.core.webui.keyword.builtin.SetTextKeyword.setText(SetTextKeyword.groovy:85)
	at com.kms.katalon.core.webui.keyword.builtin.SetTextKeyword.execute(SetTextKeyword.groovy:39)
	at com.kms.katalon.core.keyword.internal.KeywordExecutor.executeKeywordForPlatform(KeywordExecutor.groovy:74)
	at com.kms.katalon.core.webui.keyword.WebUiBuiltInKeywords.setText(WebUiBuiltInKeywords.groovy:1019)
	at com.test.swaglabs.CustomLogin.WebLoginFourthAccount(CustomLogin.groovy:63)
	at java.base/jdk.internal.reflect.NativeMethodAccessorImpl.invoke0(Native Method)
	at java.base/jdk.internal.reflect.NativeMethodAccessorImpl.invoke(NativeMethodAccessorImpl.java:77)
	at java.base/jdk.internal.reflect.DelegatingMethodAccessorImpl.invoke(DelegatingMethodAccessorImpl.java:43)
	at com.kms.katalon.core.main.CustomKeywordDelegatingMetaClass.invokeStaticMethod(CustomKeywordDelegatingMetaClass.java:55)
	at Login by Fourth Account - performance_glitch_user.run(Login by Fourth Account - performance_glitch_user:24)
	at com.kms.katalon.core.main.ScriptEngine.run(ScriptEngine.java:194)
	at com.kms.katalon.core.main.ScriptEngine.runScriptAsRawText(ScriptEngine.java:119)
	at com.kms.katalon.core.main.TestCaseExecutor.runScript(TestCaseExecutor.java:448)
	at com.kms.katalon.core.main.TestCaseExecutor.doExecute(TestCaseExecutor.java:439)
	at com.kms.katalon.core.main.TestCaseExecutor.processExecutionPhase(TestCaseExecutor.java:418)
	at com.kms.katalon.core.main.TestCaseExecutor.accessMainPhase(TestCaseExecutor.java:410)
	at com.kms.katalon.core.main.TestCaseExecutor.execute(TestCaseExecutor.java:285)
	at com.kms.katalon.core.main.TestCaseExecutor.execute(TestCaseExecutor.java:369)
	at com.kms.katalon.core.common.CommonExecutor.accessTestCaseMainPhase(CommonExecutor.java:65)
	at com.kms.katalon.core.main.TestSuiteExecutor.accessTestSuiteMainPhase(TestSuiteExecutor.java:150)
	at com.kms.katalon.core.main.TestSuiteExecutor.execute(TestSuiteExecutor.java:106)
	at com.kms.katalon.core.main.TestCaseMain.startTestSuite(TestCaseMain.java:180)
	at TempTestSuite1738334733685.run(TempTestSuite1738334733685.groovy:35)
	at java.base/jdk.internal.reflect.NativeMethodAccessorImpl.invoke0(Native Method)
	at java.base/jdk.internal.reflect.NativeMethodAccessorImpl.invoke(NativeMethodAccessorImpl.java:77)
	at java.base/jdk.internal.reflect.DelegatingMethodAccessorImpl.invoke(DelegatingMethodAccessorImpl.java:43)
</property>
  <property name="failed.exception.message">An unknown error has occurred
Build info: version: &apos;3.141.59&apos;, revision: &apos;unknown&apos;, time: &apos;unknown&apos;
System info: host: &apos;LAPTOP-5GQHVTHK&apos;, ip: &apos;192.168.0.101&apos;, os.name: &apos;Windows 11&apos;, os.arch: &apos;amd64&apos;, os.version: &apos;10.0&apos;, java.version: &apos;17.0.7&apos;
Driver info: com.kms.katalon.selenium.driver.CRemoteWebDriver
Capabilities {acceptInsecureCerts: false, browserName: chrome, browserVersion: 133.0.6847.2, chrome: {chromedriverVersion: 133.0.6847.2 (7e95e23d2d1f8..., userDataDir: C:\Program Files\scoped_dir...}, fedcm:accounts: true, goog:chromeOptions: {debuggerAddress: localhost:9225}, javascriptEnabled: true, katalon:caps: {executionId: 9b1113f6-2f9b-4abe-b9cd-3ad..., executionSessionId: 162a17db-9a56-424e-9f1c-8f3...}, katalon:options: {executionId: 9b1113f6-2f9b-4abe-b9cd-3ad..., executionSessionId: 162a17db-9a56-424e-9f1c-8f3..., group: 9ab6bac5-1cc1-4a31-be02-e95..., metadata: {accountUuid: fda32340-531c-49aa-a0b7-40d..., organizationId: 1906073, usingTunnel: false}, organizationId: 1906073, runFromTestCloud: true, tenant: TestOps, tunnelMetadataId: 47bf9c75-9831-4539-a455-bf2..., userId: 1648280, username: innocent.beaver.duja@instan..., usingTunnel: true}, kt:requestId: 162a17db-9a56-424e-9f1c-8f3..., kt:rid: 162a17db-9a56-424e-9f1c-8f3..., networkConnectionEnabled: false, pageLoadStrategy: normal, platform: WINDOWS, platformName: WINDOWS, proxy: Proxy(), se:bidiEnabled: false, se:cdpEnabled: false, setWindowRect: true, strictFileInteractability: false, timeouts: {implicit: 0, pageLoad: 300000, script: 30000}, unhandledPromptBehavior: dismiss and notify, webauthn:extension:credBlob: true, webauthn:extension:largeBlob: true, webauthn:extension:minPinLength: true, webauthn:extension:prf: true, webauthn:virtualAuthenticators: true}
Session ID: deab9c87f4daad539a5b5140c5a4ec81</property>
</record>
<record>
  <date>2025-01-31T14:50:44.686568Z</date>
  <millis>1738335044686</millis>
  <nanos>568000</nanos>
  <sequence>475</sequence>
  <level>FAILED</level>
  <class>com.kms.katalon.core.logging.XmlKeywordLogger</class>
  <method>logMessage</method>
  <thread>1</thread>
  <message>Unable to set text &amp;apos;performance_glitch_user&amp;apos; of object &amp;apos;Object Repository/Page_Swag Labs/input_Swag Labs_user-name&amp;apos; (Root cause: com.kms.katalon.core.exception.StepFailedException: Unable to set text &amp;apos;performance_glitch_user&amp;apos; of object &amp;apos;Object Repository/Page_Swag Labs/input_Swag Labs_user-name&amp;apos;
	at com.kms.katalon.core.webui.keyword.internal.WebUIKeywordMain.stepFailed(WebUIKeywordMain.groovy:117)
	at com.kms.katalon.core.webui.keyword.internal.WebUIKeywordMain.runKeyword(WebUIKeywordMain.groovy:43)
	at com.kms.katalon.core.webui.keyword.builtin.SetTextKeyword.setText(SetTextKeyword.groovy:85)
	at com.kms.katalon.core.webui.keyword.builtin.SetTextKeyword.execute(SetTextKeyword.groovy:39)
	at com.kms.katalon.core.keyword.internal.KeywordExecutor.executeKeywordForPlatform(KeywordExecutor.groovy:74)
	at com.kms.katalon.core.webui.keyword.WebUiBuiltInKeywords.setText(WebUiBuiltInKeywords.groovy:1019)
	at com.test.swaglabs.CustomLogin.WebLoginFourthAccount(CustomLogin.groovy:63)
	at java.base/jdk.internal.reflect.NativeMethodAccessorImpl.invoke0(Native Method)
	at java.base/jdk.internal.reflect.NativeMethodAccessorImpl.invoke(NativeMethodAccessorImpl.java:77)
	at java.base/jdk.internal.reflect.DelegatingMethodAccessorImpl.invoke(DelegatingMethodAccessorImpl.java:43)
	at com.kms.katalon.core.main.CustomKeywordDelegatingMetaClass.invokeStaticMethod(CustomKeywordDelegatingMetaClass.java:55)
	at Login by Fourth Account - performance_glitch_user.run(Login by Fourth Account - performance_glitch_user:24)
	at com.kms.katalon.core.main.ScriptEngine.run(ScriptEngine.java:194)
	at com.kms.katalon.core.main.ScriptEngine.runScriptAsRawText(ScriptEngine.java:119)
	at com.kms.katalon.core.main.TestCaseExecutor.runScript(TestCaseExecutor.java:448)
	at com.kms.katalon.core.main.TestCaseExecutor.doExecute(TestCaseExecutor.java:439)
	at com.kms.katalon.core.main.TestCaseExecutor.processExecutionPhase(TestCaseExecutor.java:418)
	at com.kms.katalon.core.main.TestCaseExecutor.accessMainPhase(TestCaseExecutor.java:410)
	at com.kms.katalon.core.main.TestCaseExecutor.execute(TestCaseExecutor.java:285)
	at com.kms.katalon.core.main.TestCaseExecutor.execute(TestCaseExecutor.java:369)
	at com.kms.katalon.core.common.CommonExecutor.accessTestCaseMainPhase(CommonExecutor.java:65)
	at com.kms.katalon.core.main.TestSuiteExecutor.accessTestSuiteMainPhase(TestSuiteExecutor.java:150)
	at com.kms.katalon.core.main.TestSuiteExecutor.execute(TestSuiteExecutor.java:106)
	at com.kms.katalon.core.main.TestCaseMain.startTestSuite(TestCaseMain.java:180)
	at TempTestSuite1738334733685.run(TempTestSuite1738334733685.groovy:35)
	at java.base/jdk.internal.reflect.NativeMethodAccessorImpl.invoke0(Native Method)
	at java.base/jdk.internal.reflect.NativeMethodAccessorImpl.invoke(NativeMethodAccessorImpl.java:77)
	at java.base/jdk.internal.reflect.DelegatingMethodAccessorImpl.invoke(DelegatingMethodAccessorImpl.java:43)
Caused by: org.openqa.selenium.NoSuchSessionException: invalid session id: session deleted as the browser has closed the connection
from disconnected: Unable to receive message from renderer
  (Session info: chrome=133.0.6847.2)
Build info: version: &amp;apos;3.141.59&amp;apos;, revision: &amp;apos;unknown&amp;apos;, time: &amp;apos;unknown&amp;apos;
System info: host: &amp;apos;LAPTOP-5GQHVTHK&amp;apos;, ip: &amp;apos;192.168.0.101&amp;apos;, os.name: &amp;apos;Windows 11&amp;apos;, os.arch: &amp;apos;amd64&amp;apos;, os.version: &amp;apos;10.0&amp;apos;, java.version: &amp;apos;17.0.7&amp;apos;
Driver info: com.kms.katalon.selenium.driver.CRemoteWebDriver
Capabilities {acceptInsecureCerts: false, browserName: chrome, browserVersion: 133.0.6847.2, chrome: {chromedriverVersion: 133.0.6847.2 (7e95e23d2d1f8..., userDataDir: C:\Program Files\scoped_dir...}, fedcm:accounts: true, goog:chromeOptions: {debuggerAddress: localhost:9225}, javascriptEnabled: true, katalon:caps: {executionId: 9b1113f6-2f9b-4abe-b9cd-3ad..., executionSessionId: 162a17db-9a56-424e-9f1c-8f3...}, katalon:options: {executionId: 9b1113f6-2f9b-4abe-b9cd-3ad..., executionSessionId: 162a17db-9a56-424e-9f1c-8f3..., group: 9ab6bac5-1cc1-4a31-be02-e95..., metadata: {accountUuid: fda32340-531c-49aa-a0b7-40d..., organizationId: 1906073, usingTunnel: false}, organizationId: 1906073, runFromTestCloud: true, tenant: TestOps, tunnelMetadataId: 47bf9c75-9831-4539-a455-bf2..., userId: 1648280, username: innocent.beaver.duja@instan..., usingTunnel: true}, kt:requestId: 162a17db-9a56-424e-9f1c-8f3..., kt:rid: 162a17db-9a56-424e-9f1c-8f3..., networkConnectionEnabled: false, pageLoadStrategy: normal, platform: WINDOWS, platformName: WINDOWS, proxy: Proxy(), se:bidiEnabled: false, se:cdpEnabled: false, setWindowRect: true, strictFileInteractability: false, timeouts: {implicit: 0, pageLoad: 300000, script: 30000}, unhandledPromptBehavior: dismiss and notify, webauthn:extension:credBlob: true, webauthn:extension:largeBlob: true, webauthn:extension:minPinLength: true, webauthn:extension:prf: true, webauthn:virtualAuthenticators: true}
Session ID: deab9c87f4daad539a5b5140c5a4ec81
*** Element info: {Using=xpath, value=//input[@id=&amp;apos;user-name&amp;apos;]}
	at jdk.internal.reflect.GeneratedConstructorAccessor21.newInstance(Unknown Source)
	at java.base/jdk.internal.reflect.DelegatingConstructorAccessorImpl.newInstance(DelegatingConstructorAccessorImpl.java:45)
	at org.openqa.selenium.remote.http.W3CHttpResponseCodec.createException(W3CHttpResponseCodec.java:187)
	at org.openqa.selenium.remote.http.W3CHttpResponseCodec.decode(W3CHttpResponseCodec.java:122)
	at org.openqa.selenium.remote.http.W3CHttpResponseCodec.decode(W3CHttpResponseCodec.java:49)
	at org.openqa.selenium.remote.HttpCommandExecutor.execute(HttpCommandExecutor.java:158)
	at org.openqa.selenium.remote.RemoteWebDriver.execute(RemoteWebDriver.java:552)
	at com.kms.katalon.selenium.driver.CRemoteWebDriver.execute(CRemoteWebDriver.java:30)
	at org.openqa.selenium.remote.RemoteWebDriver.findElements(RemoteWebDriver.java:353)
	at org.openqa.selenium.remote.RemoteWebDriver.findElementsByXPath(RemoteWebDriver.java:432)
	at org.openqa.selenium.By$ByXPath.findElements(By.java:348)
	at org.openqa.selenium.remote.RemoteWebDriver.findElements(RemoteWebDriver.java:311)
	at jdk.internal.reflect.GeneratedMethodAccessor8.invoke(Unknown Source)
	at java.base/jdk.internal.reflect.DelegatingMethodAccessorImpl.invoke(DelegatingMethodAccessorImpl.java:43)
	at org.openqa.selenium.support.events.EventFiringWebDriver.lambda$new$1(EventFiringWebDriver.java:105)
	at jdk.proxy2/jdk.proxy2.$Proxy23.findElements(Unknown Source)
	at org.openqa.selenium.support.events.EventFiringWebDriver.findElements(EventFiringWebDriver.java:182)
	at com.kms.katalon.core.webui.common.WebUiCommonHelper.findElementByNormalMethods(WebUiCommonHelper.java:1033)
	at com.kms.katalon.core.webui.common.WebUiCommonHelper.findElementsBySelectedMethod(WebUiCommonHelper.java:924)
	at com.kms.katalon.core.webui.common.WebUiCommonHelper.findElementsBySelectedMethod(WebUiCommonHelper.java:906)
	at com.kms.katalon.core.webui.common.WebUiCommonHelper.findElementsBySelectedMethod(WebUiCommonHelper.java:901)
	at com.kms.katalon.core.webui.common.WebUiCommonHelper.findElementsByDefault(WebUiCommonHelper.java:897)
	at com.kms.katalon.core.webui.common.WebUiCommonHelper.findElementsWithSelfHealing(WebUiCommonHelper.java:743)
	at com.kms.katalon.core.webui.common.WebUiCommonHelper.findWebElements(WebUiCommonHelper.java:727)
	at com.kms.katalon.core.webui.common.WebUiCommonHelper.findWebElement(WebUiCommonHelper.java:1413)
	at com.kms.katalon.core.webui.keyword.internal.WebUIAbstractKeyword.findWebElement(WebUIAbstractKeyword.groovy:27)
	at com.kms.katalon.core.webui.keyword.internal.WebUIAbstractKeyword.findWebElement(WebUIAbstractKeyword.groovy:26)
	at com.kms.katalon.core.webui.keyword.builtin.SetTextKeyword$_setText_closure1.doCall(SetTextKeyword.groovy:53)
	at com.kms.katalon.core.webui.keyword.builtin.SetTextKeyword$_setText_closure1.call(SetTextKeyword.groovy)
	at com.kms.katalon.core.webui.keyword.internal.WebUIKeywordMain.runKeyword(WebUIKeywordMain.groovy:35)
	at com.kms.katalon.core.webui.keyword.builtin.SetTextKeyword.setText(SetTextKeyword.groovy:85)
	at com.kms.katalon.core.webui.keyword.builtin.SetTextKeyword.execute(SetTextKeyword.groovy:39)
	at com.kms.katalon.core.keyword.internal.KeywordExecutor.executeKeywordForPlatform(KeywordExecutor.groovy:74)
	at com.kms.katalon.core.webui.keyword.WebUiBuiltInKeywords.setText(WebUiBuiltInKeywords.groovy:1019)
	at com.test.swaglabs.CustomLogin.WebLoginFourthAccount(CustomLogin.groovy:63)
	at java.base/jdk.internal.reflect.NativeMethodAccessorImpl.invoke0(Native Method)
	at java.base/jdk.internal.reflect.NativeMethodAccessorImpl.invoke(NativeMethodAccessorImpl.java:77)
	at java.base/jdk.internal.reflect.DelegatingMethodAccessorImpl.invoke(DelegatingMethodAccessorImpl.java:43)
	at com.kms.katalon.core.main.CustomKeywordDelegatingMetaClass.invokeStaticMethod(CustomKeywordDelegatingMetaClass.java:55)
	at Script1738220797178.run(Script1738220797178.groovy:24)
	... 16 more
)</message>
  <nestedLevel>1</nestedLevel>
  <escapedJava>false</escapedJava>
  <property name="failed.exception.class">org.openqa.selenium.NoSuchSessionException</property>
  <property name="failed.exception.stacktrace">org.openqa.selenium.NoSuchSessionException: invalid session id: session deleted as the browser has closed the connection
from disconnected: Unable to receive message from renderer
  (Session info: chrome=133.0.6847.2)
Build info: version: &apos;3.141.59&apos;, revision: &apos;unknown&apos;, time: &apos;unknown&apos;
System info: host: &apos;LAPTOP-5GQHVTHK&apos;, ip: &apos;192.168.0.101&apos;, os.name: &apos;Windows 11&apos;, os.arch: &apos;amd64&apos;, os.version: &apos;10.0&apos;, java.version: &apos;17.0.7&apos;
Driver info: com.kms.katalon.selenium.driver.CRemoteWebDriver
Capabilities {acceptInsecureCerts: false, browserName: chrome, browserVersion: 133.0.6847.2, chrome: {chromedriverVersion: 133.0.6847.2 (7e95e23d2d1f8..., userDataDir: C:\Program Files\scoped_dir...}, fedcm:accounts: true, goog:chromeOptions: {debuggerAddress: localhost:9225}, javascriptEnabled: true, katalon:caps: {executionId: 9b1113f6-2f9b-4abe-b9cd-3ad..., executionSessionId: 162a17db-9a56-424e-9f1c-8f3...}, katalon:options: {executionId: 9b1113f6-2f9b-4abe-b9cd-3ad..., executionSessionId: 162a17db-9a56-424e-9f1c-8f3..., group: 9ab6bac5-1cc1-4a31-be02-e95..., metadata: {accountUuid: fda32340-531c-49aa-a0b7-40d..., organizationId: 1906073, usingTunnel: false}, organizationId: 1906073, runFromTestCloud: true, tenant: TestOps, tunnelMetadataId: 47bf9c75-9831-4539-a455-bf2..., userId: 1648280, username: innocent.beaver.duja@instan..., usingTunnel: true}, kt:requestId: 162a17db-9a56-424e-9f1c-8f3..., kt:rid: 162a17db-9a56-424e-9f1c-8f3..., networkConnectionEnabled: false, pageLoadStrategy: normal, platform: WINDOWS, platformName: WINDOWS, proxy: Proxy(), se:bidiEnabled: false, se:cdpEnabled: false, setWindowRect: true, strictFileInteractability: false, timeouts: {implicit: 0, pageLoad: 300000, script: 30000}, unhandledPromptBehavior: dismiss and notify, webauthn:extension:credBlob: true, webauthn:extension:largeBlob: true, webauthn:extension:minPinLength: true, webauthn:extension:prf: true, webauthn:virtualAuthenticators: true}
Session ID: deab9c87f4daad539a5b5140c5a4ec81
*** Element info: {Using=xpath, value=//input[@id=&apos;user-name&apos;]}
	at jdk.internal.reflect.GeneratedConstructorAccessor21.newInstance(Unknown Source)
	at java.base/jdk.internal.reflect.DelegatingConstructorAccessorImpl.newInstance(DelegatingConstructorAccessorImpl.java:45)
	at org.openqa.selenium.remote.http.W3CHttpResponseCodec.createException(W3CHttpResponseCodec.java:187)
	at org.openqa.selenium.remote.http.W3CHttpResponseCodec.decode(W3CHttpResponseCodec.java:122)
	at org.openqa.selenium.remote.http.W3CHttpResponseCodec.decode(W3CHttpResponseCodec.java:49)
	at org.openqa.selenium.remote.HttpCommandExecutor.execute(HttpCommandExecutor.java:158)
	at org.openqa.selenium.remote.RemoteWebDriver.execute(RemoteWebDriver.java:552)
	at com.kms.katalon.selenium.driver.CRemoteWebDriver.execute(CRemoteWebDriver.java:30)
	at org.openqa.selenium.remote.RemoteWebDriver.findElements(RemoteWebDriver.java:353)
	at org.openqa.selenium.remote.RemoteWebDriver.findElementsByXPath(RemoteWebDriver.java:432)
	at org.openqa.selenium.By$ByXPath.findElements(By.java:348)
	at org.openqa.selenium.remote.RemoteWebDriver.findElements(RemoteWebDriver.java:311)
	at jdk.internal.reflect.GeneratedMethodAccessor8.invoke(Unknown Source)
	at java.base/jdk.internal.reflect.DelegatingMethodAccessorImpl.invoke(DelegatingMethodAccessorImpl.java:43)
	at org.openqa.selenium.support.events.EventFiringWebDriver.lambda$new$1(EventFiringWebDriver.java:105)
	at jdk.proxy2/jdk.proxy2.$Proxy23.findElements(Unknown Source)
	at org.openqa.selenium.support.events.EventFiringWebDriver.findElements(EventFiringWebDriver.java:182)
	at com.kms.katalon.core.webui.common.WebUiCommonHelper.findElementByNormalMethods(WebUiCommonHelper.java:1033)
	at com.kms.katalon.core.webui.common.WebUiCommonHelper.findElementsBySelectedMethod(WebUiCommonHelper.java:924)
	at com.kms.katalon.core.webui.common.WebUiCommonHelper.findElementsBySelectedMethod(WebUiCommonHelper.java:906)
	at com.kms.katalon.core.webui.common.WebUiCommonHelper.findElementsBySelectedMethod(WebUiCommonHelper.java:901)
	at com.kms.katalon.core.webui.common.WebUiCommonHelper.findElementsByDefault(WebUiCommonHelper.java:897)
	at com.kms.katalon.core.webui.common.WebUiCommonHelper.findElementsWithSelfHealing(WebUiCommonHelper.java:743)
	at com.kms.katalon.core.webui.common.WebUiCommonHelper.findWebElements(WebUiCommonHelper.java:727)
	at com.kms.katalon.core.webui.common.WebUiCommonHelper.findWebElement(WebUiCommonHelper.java:1413)
	at com.kms.katalon.core.webui.keyword.internal.WebUIAbstractKeyword.findWebElement(WebUIAbstractKeyword.groovy:27)
	at com.kms.katalon.core.webui.keyword.internal.WebUIAbstractKeyword.findWebElement(WebUIAbstractKeyword.groovy:26)
	at com.kms.katalon.core.webui.keyword.builtin.SetTextKeyword$_setText_closure1.doCall(SetTextKeyword.groovy:53)
	at com.kms.katalon.core.webui.keyword.builtin.SetTextKeyword$_setText_closure1.call(SetTextKeyword.groovy)
	at com.kms.katalon.core.webui.keyword.internal.WebUIKeywordMain.runKeyword(WebUIKeywordMain.groovy:35)
	at com.kms.katalon.core.webui.keyword.builtin.SetTextKeyword.setText(SetTextKeyword.groovy:85)
	at com.kms.katalon.core.webui.keyword.builtin.SetTextKeyword.execute(SetTextKeyword.groovy:39)
	at com.kms.katalon.core.keyword.internal.KeywordExecutor.executeKeywordForPlatform(KeywordExecutor.groovy:74)
	at com.kms.katalon.core.webui.keyword.WebUiBuiltInKeywords.setText(WebUiBuiltInKeywords.groovy:1019)
	at com.test.swaglabs.CustomLogin.WebLoginFourthAccount(CustomLogin.groovy:63)
	at java.base/jdk.internal.reflect.NativeMethodAccessorImpl.invoke0(Native Method)
	at java.base/jdk.internal.reflect.NativeMethodAccessorImpl.invoke(NativeMethodAccessorImpl.java:77)
	at java.base/jdk.internal.reflect.DelegatingMethodAccessorImpl.invoke(DelegatingMethodAccessorImpl.java:43)
	at com.kms.katalon.core.main.CustomKeywordDelegatingMetaClass.invokeStaticMethod(CustomKeywordDelegatingMetaClass.java:55)
	at Login by Fourth Account - performance_glitch_user.run(Login by Fourth Account - performance_glitch_user:24)
	at com.kms.katalon.core.main.ScriptEngine.run(ScriptEngine.java:194)
	at com.kms.katalon.core.main.ScriptEngine.runScriptAsRawText(ScriptEngine.java:119)
	at com.kms.katalon.core.main.TestCaseExecutor.runScript(TestCaseExecutor.java:448)
	at com.kms.katalon.core.main.TestCaseExecutor.doExecute(TestCaseExecutor.java:439)
	at com.kms.katalon.core.main.TestCaseExecutor.processExecutionPhase(TestCaseExecutor.java:418)
	at com.kms.katalon.core.main.TestCaseExecutor.accessMainPhase(TestCaseExecutor.java:410)
	at com.kms.katalon.core.main.TestCaseExecutor.execute(TestCaseExecutor.java:285)
	at com.kms.katalon.core.main.TestCaseExecutor.execute(TestCaseExecutor.java:369)
	at com.kms.katalon.core.common.CommonExecutor.accessTestCaseMainPhase(CommonExecutor.java:65)
	at com.kms.katalon.core.main.TestSuiteExecutor.accessTestSuiteMainPhase(TestSuiteExecutor.java:150)
	at com.kms.katalon.core.main.TestSuiteExecutor.execute(TestSuiteExecutor.java:106)
	at com.kms.katalon.core.main.TestCaseMain.startTestSuite(TestCaseMain.java:180)
	at TempTestSuite1738334733685.run(TempTestSuite1738334733685.groovy:35)
	at java.base/jdk.internal.reflect.NativeMethodAccessorImpl.invoke0(Native Method)
	at java.base/jdk.internal.reflect.NativeMethodAccessorImpl.invoke(NativeMethodAccessorImpl.java:77)
	at java.base/jdk.internal.reflect.DelegatingMethodAccessorImpl.invoke(DelegatingMethodAccessorImpl.java:43)
</property>
  <property name="failed.exception.message">invalid session id: session deleted as the browser has closed the connection
from disconnected: Unable to receive message from renderer
  (Session info: chrome=133.0.6847.2)
Build info: version: &apos;3.141.59&apos;, revision: &apos;unknown&apos;, time: &apos;unknown&apos;
System info: host: &apos;LAPTOP-5GQHVTHK&apos;, ip: &apos;192.168.0.101&apos;, os.name: &apos;Windows 11&apos;, os.arch: &apos;amd64&apos;, os.version: &apos;10.0&apos;, java.version: &apos;17.0.7&apos;
Driver info: com.kms.katalon.selenium.driver.CRemoteWebDriver
Capabilities {acceptInsecureCerts: false, browserName: chrome, browserVersion: 133.0.6847.2, chrome: {chromedriverVersion: 133.0.6847.2 (7e95e23d2d1f8..., userDataDir: C:\Program Files\scoped_dir...}, fedcm:accounts: true, goog:chromeOptions: {debuggerAddress: localhost:9225}, javascriptEnabled: true, katalon:caps: {executionId: 9b1113f6-2f9b-4abe-b9cd-3ad..., executionSessionId: 162a17db-9a56-424e-9f1c-8f3...}, katalon:options: {executionId: 9b1113f6-2f9b-4abe-b9cd-3ad..., executionSessionId: 162a17db-9a56-424e-9f1c-8f3..., group: 9ab6bac5-1cc1-4a31-be02-e95..., metadata: {accountUuid: fda32340-531c-49aa-a0b7-40d..., organizationId: 1906073, usingTunnel: false}, organizationId: 1906073, runFromTestCloud: true, tenant: TestOps, tunnelMetadataId: 47bf9c75-9831-4539-a455-bf2..., userId: 1648280, username: innocent.beaver.duja@instan..., usingTunnel: true}, kt:requestId: 162a17db-9a56-424e-9f1c-8f3..., kt:rid: 162a17db-9a56-424e-9f1c-8f3..., networkConnectionEnabled: false, pageLoadStrategy: normal, platform: WINDOWS, platformName: WINDOWS, proxy: Proxy(), se:bidiEnabled: false, se:cdpEnabled: false, setWindowRect: true, strictFileInteractability: false, timeouts: {implicit: 0, pageLoad: 300000, script: 30000}, unhandledPromptBehavior: dismiss and notify, webauthn:extension:credBlob: true, webauthn:extension:largeBlob: true, webauthn:extension:minPinLength: true, webauthn:extension:prf: true, webauthn:virtualAuthenticators: true}
Session ID: deab9c87f4daad539a5b5140c5a4ec81
*** Element info: {Using=xpath, value=//input[@id=&apos;user-name&apos;]}</property>
</record>
<record>
  <date>2025-01-31T14:50:44.686568Z</date>
  <millis>1738335044686</millis>
  <nanos>568000</nanos>
  <sequence>477</sequence>
  <level>FAILED</level>
  <class>com.kms.katalon.core.logging.XmlKeywordLogger</class>
  <method>logMessage</method>
  <thread>1</thread>
  <message>Unable to set text &amp;apos;performance_glitch_user&amp;apos; of object &amp;apos;Object Repository/Page_Swag Labs/input_Swag Labs_user-name&amp;apos;</message>
  <nestedLevel>1</nestedLevel>
  <escapedJava>false</escapedJava>
  <property name="failed.exception.class">org.openqa.selenium.NoSuchSessionException</property>
  <property name="failed.exception.stacktrace">org.openqa.selenium.NoSuchSessionException: invalid session id: session deleted as the browser has closed the connection
from disconnected: Unable to receive message from renderer
  (Session info: chrome=133.0.6847.2)
Build info: version: &apos;3.141.59&apos;, revision: &apos;unknown&apos;, time: &apos;unknown&apos;
System info: host: &apos;LAPTOP-5GQHVTHK&apos;, ip: &apos;192.168.0.101&apos;, os.name: &apos;Windows 11&apos;, os.arch: &apos;amd64&apos;, os.version: &apos;10.0&apos;, java.version: &apos;17.0.7&apos;
Driver info: com.kms.katalon.selenium.driver.CRemoteWebDriver
Capabilities {acceptInsecureCerts: false, browserName: chrome, browserVersion: 133.0.6847.2, chrome: {chromedriverVersion: 133.0.6847.2 (7e95e23d2d1f8..., userDataDir: C:\Program Files\scoped_dir...}, fedcm:accounts: true, goog:chromeOptions: {debuggerAddress: localhost:9225}, javascriptEnabled: true, katalon:caps: {executionId: 9b1113f6-2f9b-4abe-b9cd-3ad..., executionSessionId: 162a17db-9a56-424e-9f1c-8f3...}, katalon:options: {executionId: 9b1113f6-2f9b-4abe-b9cd-3ad..., executionSessionId: 162a17db-9a56-424e-9f1c-8f3..., group: 9ab6bac5-1cc1-4a31-be02-e95..., metadata: {accountUuid: fda32340-531c-49aa-a0b7-40d..., organizationId: 1906073, usingTunnel: false}, organizationId: 1906073, runFromTestCloud: true, tenant: TestOps, tunnelMetadataId: 47bf9c75-9831-4539-a455-bf2..., userId: 1648280, username: innocent.beaver.duja@instan..., usingTunnel: true}, kt:requestId: 162a17db-9a56-424e-9f1c-8f3..., kt:rid: 162a17db-9a56-424e-9f1c-8f3..., networkConnectionEnabled: false, pageLoadStrategy: normal, platform: WINDOWS, platformName: WINDOWS, proxy: Proxy(), se:bidiEnabled: false, se:cdpEnabled: false, setWindowRect: true, strictFileInteractability: false, timeouts: {implicit: 0, pageLoad: 300000, script: 30000}, unhandledPromptBehavior: dismiss and notify, webauthn:extension:credBlob: true, webauthn:extension:largeBlob: true, webauthn:extension:minPinLength: true, webauthn:extension:prf: true, webauthn:virtualAuthenticators: true}
Session ID: deab9c87f4daad539a5b5140c5a4ec81
*** Element info: {Using=xpath, value=//input[@id=&apos;user-name&apos;]}
	at jdk.internal.reflect.GeneratedConstructorAccessor21.newInstance(Unknown Source)
	at java.base/jdk.internal.reflect.DelegatingConstructorAccessorImpl.newInstance(DelegatingConstructorAccessorImpl.java:45)
	at org.openqa.selenium.remote.http.W3CHttpResponseCodec.createException(W3CHttpResponseCodec.java:187)
	at org.openqa.selenium.remote.http.W3CHttpResponseCodec.decode(W3CHttpResponseCodec.java:122)
	at org.openqa.selenium.remote.http.W3CHttpResponseCodec.decode(W3CHttpResponseCodec.java:49)
	at org.openqa.selenium.remote.HttpCommandExecutor.execute(HttpCommandExecutor.java:158)
	at org.openqa.selenium.remote.RemoteWebDriver.execute(RemoteWebDriver.java:552)
	at com.kms.katalon.selenium.driver.CRemoteWebDriver.execute(CRemoteWebDriver.java:30)
	at org.openqa.selenium.remote.RemoteWebDriver.findElements(RemoteWebDriver.java:353)
	at org.openqa.selenium.remote.RemoteWebDriver.findElementsByXPath(RemoteWebDriver.java:432)
	at org.openqa.selenium.By$ByXPath.findElements(By.java:348)
	at org.openqa.selenium.remote.RemoteWebDriver.findElements(RemoteWebDriver.java:311)
	at jdk.internal.reflect.GeneratedMethodAccessor8.invoke(Unknown Source)
	at java.base/jdk.internal.reflect.DelegatingMethodAccessorImpl.invoke(DelegatingMethodAccessorImpl.java:43)
	at org.openqa.selenium.support.events.EventFiringWebDriver.lambda$new$1(EventFiringWebDriver.java:105)
	at jdk.proxy2/jdk.proxy2.$Proxy23.findElements(Unknown Source)
	at org.openqa.selenium.support.events.EventFiringWebDriver.findElements(EventFiringWebDriver.java:182)
	at com.kms.katalon.core.webui.common.WebUiCommonHelper.findElementByNormalMethods(WebUiCommonHelper.java:1033)
	at com.kms.katalon.core.webui.common.WebUiCommonHelper.findElementsBySelectedMethod(WebUiCommonHelper.java:924)
	at com.kms.katalon.core.webui.common.WebUiCommonHelper.findElementsBySelectedMethod(WebUiCommonHelper.java:906)
	at com.kms.katalon.core.webui.common.WebUiCommonHelper.findElementsBySelectedMethod(WebUiCommonHelper.java:901)
	at com.kms.katalon.core.webui.common.WebUiCommonHelper.findElementsByDefault(WebUiCommonHelper.java:897)
	at com.kms.katalon.core.webui.common.WebUiCommonHelper.findElementsWithSelfHealing(WebUiCommonHelper.java:743)
	at com.kms.katalon.core.webui.common.WebUiCommonHelper.findWebElements(WebUiCommonHelper.java:727)
	at com.kms.katalon.core.webui.common.WebUiCommonHelper.findWebElement(WebUiCommonHelper.java:1413)
	at com.kms.katalon.core.webui.keyword.internal.WebUIAbstractKeyword.findWebElement(WebUIAbstractKeyword.groovy:27)
	at com.kms.katalon.core.webui.keyword.internal.WebUIAbstractKeyword.findWebElement(WebUIAbstractKeyword.groovy:26)
	at com.kms.katalon.core.webui.keyword.builtin.SetTextKeyword$_setText_closure1.doCall(SetTextKeyword.groovy:53)
	at com.kms.katalon.core.webui.keyword.builtin.SetTextKeyword$_setText_closure1.call(SetTextKeyword.groovy)
	at com.kms.katalon.core.webui.keyword.internal.WebUIKeywordMain.runKeyword(WebUIKeywordMain.groovy:35)
	at com.kms.katalon.core.webui.keyword.builtin.SetTextKeyword.setText(SetTextKeyword.groovy:85)
	at com.kms.katalon.core.webui.keyword.builtin.SetTextKeyword.execute(SetTextKeyword.groovy:39)
	at com.kms.katalon.core.keyword.internal.KeywordExecutor.executeKeywordForPlatform(KeywordExecutor.groovy:74)
	at com.kms.katalon.core.webui.keyword.WebUiBuiltInKeywords.setText(WebUiBuiltInKeywords.groovy:1019)
	at com.test.swaglabs.CustomLogin.WebLoginFourthAccount(CustomLogin.groovy:63)
	at java.base/jdk.internal.reflect.NativeMethodAccessorImpl.invoke0(Native Method)
	at java.base/jdk.internal.reflect.NativeMethodAccessorImpl.invoke(NativeMethodAccessorImpl.java:77)
	at java.base/jdk.internal.reflect.DelegatingMethodAccessorImpl.invoke(DelegatingMethodAccessorImpl.java:43)
	at com.kms.katalon.core.main.CustomKeywordDelegatingMetaClass.invokeStaticMethod(CustomKeywordDelegatingMetaClass.java:55)
	at Login by Fourth Account - performance_glitch_user.run(Login by Fourth Account - performance_glitch_user:24)
	at com.kms.katalon.core.main.ScriptEngine.run(ScriptEngine.java:194)
	at com.kms.katalon.core.main.ScriptEngine.runScriptAsRawText(ScriptEngine.java:119)
	at com.kms.katalon.core.main.TestCaseExecutor.runScript(TestCaseExecutor.java:448)
	at com.kms.katalon.core.main.TestCaseExecutor.doExecute(TestCaseExecutor.java:439)
	at com.kms.katalon.core.main.TestCaseExecutor.processExecutionPhase(TestCaseExecutor.java:418)
	at com.kms.katalon.core.main.TestCaseExecutor.accessMainPhase(TestCaseExecutor.java:410)
	at com.kms.katalon.core.main.TestCaseExecutor.execute(TestCaseExecutor.java:285)
	at com.kms.katalon.core.main.TestCaseExecutor.execute(TestCaseExecutor.java:369)
	at com.kms.katalon.core.common.CommonExecutor.accessTestCaseMainPhase(CommonExecutor.java:65)
	at com.kms.katalon.core.main.TestSuiteExecutor.accessTestSuiteMainPhase(TestSuiteExecutor.java:150)
	at com.kms.katalon.core.main.TestSuiteExecutor.execute(TestSuiteExecutor.java:106)
	at com.kms.katalon.core.main.TestCaseMain.startTestSuite(TestCaseMain.java:180)
	at TempTestSuite1738334733685.run(TempTestSuite1738334733685.groovy:35)
	at java.base/jdk.internal.reflect.NativeMethodAccessorImpl.invoke0(Native Method)
	at java.base/jdk.internal.reflect.NativeMethodAccessorImpl.invoke(NativeMethodAccessorImpl.java:77)
	at java.base/jdk.internal.reflect.DelegatingMethodAccessorImpl.invoke(DelegatingMethodAccessorImpl.java:43)
</property>
  <property name="failed.exception.message">invalid session id: session deleted as the browser has closed the connection
from disconnected: Unable to receive message from renderer
  (Session info: chrome=133.0.6847.2)
Build info: version: &apos;3.141.59&apos;, revision: &apos;unknown&apos;, time: &apos;unknown&apos;
System info: host: &apos;LAPTOP-5GQHVTHK&apos;, ip: &apos;192.168.0.101&apos;, os.name: &apos;Windows 11&apos;, os.arch: &apos;amd64&apos;, os.version: &apos;10.0&apos;, java.version: &apos;17.0.7&apos;
Driver info: com.kms.katalon.selenium.driver.CRemoteWebDriver
Capabilities {acceptInsecureCerts: false, browserName: chrome, browserVersion: 133.0.6847.2, chrome: {chromedriverVersion: 133.0.6847.2 (7e95e23d2d1f8..., userDataDir: C:\Program Files\scoped_dir...}, fedcm:accounts: true, goog:chromeOptions: {debuggerAddress: localhost:9225}, javascriptEnabled: true, katalon:caps: {executionId: 9b1113f6-2f9b-4abe-b9cd-3ad..., executionSessionId: 162a17db-9a56-424e-9f1c-8f3...}, katalon:options: {executionId: 9b1113f6-2f9b-4abe-b9cd-3ad..., executionSessionId: 162a17db-9a56-424e-9f1c-8f3..., group: 9ab6bac5-1cc1-4a31-be02-e95..., metadata: {accountUuid: fda32340-531c-49aa-a0b7-40d..., organizationId: 1906073, usingTunnel: false}, organizationId: 1906073, runFromTestCloud: true, tenant: TestOps, tunnelMetadataId: 47bf9c75-9831-4539-a455-bf2..., userId: 1648280, username: innocent.beaver.duja@instan..., usingTunnel: true}, kt:requestId: 162a17db-9a56-424e-9f1c-8f3..., kt:rid: 162a17db-9a56-424e-9f1c-8f3..., networkConnectionEnabled: false, pageLoadStrategy: normal, platform: WINDOWS, platformName: WINDOWS, proxy: Proxy(), se:bidiEnabled: false, se:cdpEnabled: false, setWindowRect: true, strictFileInteractability: false, timeouts: {implicit: 0, pageLoad: 300000, script: 30000}, unhandledPromptBehavior: dismiss and notify, webauthn:extension:credBlob: true, webauthn:extension:largeBlob: true, webauthn:extension:minPinLength: true, webauthn:extension:prf: true, webauthn:virtualAuthenticators: true}
Session ID: deab9c87f4daad539a5b5140c5a4ec81
*** Element info: {Using=xpath, value=//input[@id=&apos;user-name&apos;]}</property>
</record>
<record>
  <date>2025-01-31T14:50:44.694567Z</date>
  <millis>1738335044694</millis>
  <nanos>567000</nanos>
  <sequence>480</sequence>
  <level>END</level>
  <class>com.kms.katalon.core.logging.XmlKeywordLogger</class>
  <method>endKeyword</method>
  <thread>1</thread>
  <message>End action : com.test.swaglabs.CustomLogin.WebLoginFourthAccount()</message>
  <nestedLevel>1</nestedLevel>
  <escapedJava>false</escapedJava>
</record>
<record>
  <date>2025-01-31T14:50:44.699Z</date>
  <millis>1738335044699</millis>
  <sequence>483</sequence>
  <level>FAILED</level>
  <class>com.kms.katalon.core.logging.XmlKeywordLogger</class>
  <method>logMessage</method>
  <thread>1</thread>
  <message>Test Cases/Login by Fourth Account - performance_glitch_user FAILED.
Reason:
com.kms.katalon.core.exception.StepFailedException: Unable to set text &amp;apos;performance_glitch_user&amp;apos; of object &amp;apos;Object Repository/Page_Swag Labs/input_Swag Labs_user-name&amp;apos;
	at com.kms.katalon.core.webui.keyword.internal.WebUIKeywordMain.stepFailed(WebUIKeywordMain.groovy:117)
	at com.kms.katalon.core.webui.keyword.internal.WebUIKeywordMain.runKeyword(WebUIKeywordMain.groovy:43)
	at com.kms.katalon.core.webui.keyword.builtin.SetTextKeyword.setText(SetTextKeyword.groovy:85)
	at com.kms.katalon.core.webui.keyword.builtin.SetTextKeyword.execute(SetTextKeyword.groovy:39)
	at com.kms.katalon.core.keyword.internal.KeywordExecutor.executeKeywordForPlatform(KeywordExecutor.groovy:74)
	at com.kms.katalon.core.webui.keyword.WebUiBuiltInKeywords.setText(WebUiBuiltInKeywords.groovy:1019)
	at com.test.swaglabs.CustomLogin.WebLoginFourthAccount(CustomLogin.groovy:63)
	at java.base/jdk.internal.reflect.NativeMethodAccessorImpl.invoke0(Native Method)
	at java.base/jdk.internal.reflect.NativeMethodAccessorImpl.invoke(NativeMethodAccessorImpl.java:77)
	at java.base/jdk.internal.reflect.DelegatingMethodAccessorImpl.invoke(DelegatingMethodAccessorImpl.java:43)
	at com.kms.katalon.core.main.CustomKeywordDelegatingMetaClass.invokeStaticMethod(CustomKeywordDelegatingMetaClass.java:55)
	at Login by Fourth Account - performance_glitch_user.run(Login by Fourth Account - performance_glitch_user:24)
	at com.kms.katalon.core.main.ScriptEngine.run(ScriptEngine.java:194)
	at com.kms.katalon.core.main.ScriptEngine.runScriptAsRawText(ScriptEngine.java:119)
	at com.kms.katalon.core.main.TestCaseExecutor.runScript(TestCaseExecutor.java:448)
	at com.kms.katalon.core.main.TestCaseExecutor.doExecute(TestCaseExecutor.java:439)
	at com.kms.katalon.core.main.TestCaseExecutor.processExecutionPhase(TestCaseExecutor.java:418)
	at com.kms.katalon.core.main.TestCaseExecutor.accessMainPhase(TestCaseExecutor.java:410)
	at com.kms.katalon.core.main.TestCaseExecutor.execute(TestCaseExecutor.java:285)
	at com.kms.katalon.core.main.TestCaseExecutor.execute(TestCaseExecutor.java:369)
	at com.kms.katalon.core.common.CommonExecutor.accessTestCaseMainPhase(CommonExecutor.java:65)
	at com.kms.katalon.core.main.TestSuiteExecutor.accessTestSuiteMainPhase(TestSuiteExecutor.java:150)
	at com.kms.katalon.core.main.TestSuiteExecutor.execute(TestSuiteExecutor.java:106)
	at com.kms.katalon.core.main.TestCaseMain.startTestSuite(TestCaseMain.java:180)
	at TempTestSuite1738334733685.run(TempTestSuite1738334733685.groovy:35)
	at java.base/jdk.internal.reflect.NativeMethodAccessorImpl.invoke0(Native Method)
	at java.base/jdk.internal.reflect.NativeMethodAccessorImpl.invoke(NativeMethodAccessorImpl.java:77)
	at java.base/jdk.internal.reflect.DelegatingMethodAccessorImpl.invoke(DelegatingMethodAccessorImpl.java:43)
Caused by: org.openqa.selenium.NoSuchSessionException: invalid session id: session deleted as the browser has closed the connection
from disconnected: Unable to receive message from renderer
  (Session info: chrome=133.0.6847.2)
Build info: version: &amp;apos;3.141.59&amp;apos;, revision: &amp;apos;unknown&amp;apos;, time: &amp;apos;unknown&amp;apos;
System info: host: &amp;apos;LAPTOP-5GQHVTHK&amp;apos;, ip: &amp;apos;192.168.0.101&amp;apos;, os.name: &amp;apos;Windows 11&amp;apos;, os.arch: &amp;apos;amd64&amp;apos;, os.version: &amp;apos;10.0&amp;apos;, java.version: &amp;apos;17.0.7&amp;apos;
Driver info: com.kms.katalon.selenium.driver.CRemoteWebDriver
Capabilities {acceptInsecureCerts: false, browserName: chrome, browserVersion: 133.0.6847.2, chrome: {chromedriverVersion: 133.0.6847.2 (7e95e23d2d1f8..., userDataDir: C:\Program Files\scoped_dir...}, fedcm:accounts: true, goog:chromeOptions: {debuggerAddress: localhost:9225}, javascriptEnabled: true, katalon:caps: {executionId: 9b1113f6-2f9b-4abe-b9cd-3ad..., executionSessionId: 162a17db-9a56-424e-9f1c-8f3...}, katalon:options: {executionId: 9b1113f6-2f9b-4abe-b9cd-3ad..., executionSessionId: 162a17db-9a56-424e-9f1c-8f3..., group: 9ab6bac5-1cc1-4a31-be02-e95..., metadata: {accountUuid: fda32340-531c-49aa-a0b7-40d..., organizationId: 1906073, usingTunnel: false}, organizationId: 1906073, runFromTestCloud: true, tenant: TestOps, tunnelMetadataId: 47bf9c75-9831-4539-a455-bf2..., userId: 1648280, username: innocent.beaver.duja@instan..., usingTunnel: true}, kt:requestId: 162a17db-9a56-424e-9f1c-8f3..., kt:rid: 162a17db-9a56-424e-9f1c-8f3..., networkConnectionEnabled: false, pageLoadStrategy: normal, platform: WINDOWS, platformName: WINDOWS, proxy: Proxy(), se:bidiEnabled: false, se:cdpEnabled: false, setWindowRect: true, strictFileInteractability: false, timeouts: {implicit: 0, pageLoad: 300000, script: 30000}, unhandledPromptBehavior: dismiss and notify, webauthn:extension:credBlob: true, webauthn:extension:largeBlob: true, webauthn:extension:minPinLength: true, webauthn:extension:prf: true, webauthn:virtualAuthenticators: true}
Session ID: deab9c87f4daad539a5b5140c5a4ec81
*** Element info: {Using=xpath, value=//input[@id=&amp;apos;user-name&amp;apos;]}
	at jdk.internal.reflect.GeneratedConstructorAccessor21.newInstance(Unknown Source)
	at java.base/jdk.internal.reflect.DelegatingConstructorAccessorImpl.newInstance(DelegatingConstructorAccessorImpl.java:45)
	at org.openqa.selenium.remote.http.W3CHttpResponseCodec.createException(W3CHttpResponseCodec.java:187)
	at org.openqa.selenium.remote.http.W3CHttpResponseCodec.decode(W3CHttpResponseCodec.java:122)
	at org.openqa.selenium.remote.http.W3CHttpResponseCodec.decode(W3CHttpResponseCodec.java:49)
	at org.openqa.selenium.remote.HttpCommandExecutor.execute(HttpCommandExecutor.java:158)
	at org.openqa.selenium.remote.RemoteWebDriver.execute(RemoteWebDriver.java:552)
	at com.kms.katalon.selenium.driver.CRemoteWebDriver.execute(CRemoteWebDriver.java:30)
	at org.openqa.selenium.remote.RemoteWebDriver.findElements(RemoteWebDriver.java:353)
	at org.openqa.selenium.remote.RemoteWebDriver.findElementsByXPath(RemoteWebDriver.java:432)
	at org.openqa.selenium.By$ByXPath.findElements(By.java:348)
	at org.openqa.selenium.remote.RemoteWebDriver.findElements(RemoteWebDriver.java:311)
	at jdk.internal.reflect.GeneratedMethodAccessor8.invoke(Unknown Source)
	at java.base/jdk.internal.reflect.DelegatingMethodAccessorImpl.invoke(DelegatingMethodAccessorImpl.java:43)
	at org.openqa.selenium.support.events.EventFiringWebDriver.lambda$new$1(EventFiringWebDriver.java:105)
	at jdk.proxy2/jdk.proxy2.$Proxy23.findElements(Unknown Source)
	at org.openqa.selenium.support.events.EventFiringWebDriver.findElements(EventFiringWebDriver.java:182)
	at com.kms.katalon.core.webui.common.WebUiCommonHelper.findElementByNormalMethods(WebUiCommonHelper.java:1033)
	at com.kms.katalon.core.webui.common.WebUiCommonHelper.findElementsBySelectedMethod(WebUiCommonHelper.java:924)
	at com.kms.katalon.core.webui.common.WebUiCommonHelper.findElementsBySelectedMethod(WebUiCommonHelper.java:906)
	at com.kms.katalon.core.webui.common.WebUiCommonHelper.findElementsBySelectedMethod(WebUiCommonHelper.java:901)
	at com.kms.katalon.core.webui.common.WebUiCommonHelper.findElementsByDefault(WebUiCommonHelper.java:897)
	at com.kms.katalon.core.webui.common.WebUiCommonHelper.findElementsWithSelfHealing(WebUiCommonHelper.java:743)
	at com.kms.katalon.core.webui.common.WebUiCommonHelper.findWebElements(WebUiCommonHelper.java:727)
	at com.kms.katalon.core.webui.common.WebUiCommonHelper.findWebElement(WebUiCommonHelper.java:1413)
	at com.kms.katalon.core.webui.keyword.internal.WebUIAbstractKeyword.findWebElement(WebUIAbstractKeyword.groovy:27)
	at com.kms.katalon.core.webui.keyword.internal.WebUIAbstractKeyword.findWebElement(WebUIAbstractKeyword.groovy:26)
	at com.kms.katalon.core.webui.keyword.builtin.SetTextKeyword$_setText_closure1.doCall(SetTextKeyword.groovy:53)
	at com.kms.katalon.core.webui.keyword.builtin.SetTextKeyword$_setText_closure1.call(SetTextKeyword.groovy)
	at com.kms.katalon.core.webui.keyword.internal.WebUIKeywordMain.runKeyword(WebUIKeywordMain.groovy:35)
	... 26 more
</message>
  <exception>
    <message>com.kms.katalon.core.exception.StepFailedException: Unable to set text 'performance_glitch_user' of object 'Object Repository/Page_Swag Labs/input_Swag Labs_user-name'</message>
    <frame>
      <class>com.kms.katalon.core.webui.keyword.internal.WebUIKeywordMain</class>
      <method>stepFailed</method>
      <line>117</line>
    </frame>
    <frame>
      <class>com.kms.katalon.core.webui.keyword.internal.WebUIKeywordMain</class>
      <method>runKeyword</method>
      <line>43</line>
    </frame>
    <frame>
      <class>com.kms.katalon.core.webui.keyword.builtin.SetTextKeyword</class>
      <method>setText</method>
      <line>85</line>
    </frame>
    <frame>
      <class>com.kms.katalon.core.webui.keyword.builtin.SetTextKeyword</class>
      <method>execute</method>
      <line>39</line>
    </frame>
    <frame>
      <class>com.kms.katalon.core.keyword.internal.KeywordExecutor</class>
      <method>executeKeywordForPlatform</method>
      <line>74</line>
    </frame>
    <frame>
      <class>com.kms.katalon.core.webui.keyword.WebUiBuiltInKeywords</class>
      <method>setText</method>
      <line>1019</line>
    </frame>
    <frame>
      <class>com.test.swaglabs.CustomLogin</class>
      <method>WebLoginFourthAccount</method>
      <line>63</line>
    </frame>
    <frame>
      <class>jdk.internal.reflect.NativeMethodAccessorImpl</class>
      <method>invoke0</method>
    </frame>
    <frame>
      <class>jdk.internal.reflect.NativeMethodAccessorImpl</class>
      <method>invoke</method>
      <line>77</line>
    </frame>
    <frame>
      <class>jdk.internal.reflect.DelegatingMethodAccessorImpl</class>
      <method>invoke</method>
      <line>43</line>
    </frame>
    <frame>
      <class>com.kms.katalon.core.main.CustomKeywordDelegatingMetaClass</class>
      <method>invokeStaticMethod</method>
      <line>55</line>
    </frame>
    <frame>
      <class>Login by Fourth Account - performance_glitch_user</class>
      <method>run</method>
      <line>24</line>
    </frame>
    <frame>
      <class>com.kms.katalon.core.main.ScriptEngine</class>
      <method>run</method>
      <line>194</line>
    </frame>
    <frame>
      <class>com.kms.katalon.core.main.ScriptEngine</class>
      <method>runScriptAsRawText</method>
      <line>119</line>
    </frame>
    <frame>
      <class>com.kms.katalon.core.main.TestCaseExecutor</class>
      <method>runScript</method>
      <line>448</line>
    </frame>
    <frame>
      <class>com.kms.katalon.core.main.TestCaseExecutor</class>
      <method>doExecute</method>
      <line>439</line>
    </frame>
    <frame>
      <class>com.kms.katalon.core.main.TestCaseExecutor</class>
      <method>processExecutionPhase</method>
      <line>418</line>
    </frame>
    <frame>
      <class>com.kms.katalon.core.main.TestCaseExecutor</class>
      <method>accessMainPhase</method>
      <line>410</line>
    </frame>
    <frame>
      <class>com.kms.katalon.core.main.TestCaseExecutor</class>
      <method>execute</method>
      <line>285</line>
    </frame>
    <frame>
      <class>com.kms.katalon.core.main.TestCaseExecutor</class>
      <method>execute</method>
      <line>369</line>
    </frame>
    <frame>
      <class>com.kms.katalon.core.common.CommonExecutor</class>
      <method>accessTestCaseMainPhase</method>
      <line>65</line>
    </frame>
    <frame>
      <class>com.kms.katalon.core.main.TestSuiteExecutor</class>
      <method>accessTestSuiteMainPhase</method>
      <line>150</line>
    </frame>
    <frame>
      <class>com.kms.katalon.core.main.TestSuiteExecutor</class>
      <method>execute</method>
      <line>106</line>
    </frame>
    <frame>
      <class>com.kms.katalon.core.main.TestCaseMain</class>
      <method>startTestSuite</method>
      <line>180</line>
    </frame>
    <frame>
      <class>TempTestSuite1738334733685</class>
      <method>run</method>
      <line>35</line>
    </frame>
    <frame>
      <class>jdk.internal.reflect.NativeMethodAccessorImpl</class>
      <method>invoke0</method>
    </frame>
    <frame>
      <class>jdk.internal.reflect.NativeMethodAccessorImpl</class>
      <method>invoke</method>
      <line>77</line>
    </frame>
    <frame>
      <class>jdk.internal.reflect.DelegatingMethodAccessorImpl</class>
      <method>invoke</method>
      <line>43</line>
    </frame>
  </exception>
  <nestedLevel>0</nestedLevel>
  <escapedJava>false</escapedJava>
  <property name="failed.exception.stacktrace">org.openqa.selenium.NoSuchSessionException: invalid session id: session deleted as the browser has closed the connection
from disconnected: Unable to receive message from renderer
  (Session info: chrome=133.0.6847.2)
Build info: version: &apos;3.141.59&apos;, revision: &apos;unknown&apos;, time: &apos;unknown&apos;
System info: host: &apos;LAPTOP-5GQHVTHK&apos;, ip: &apos;192.168.0.101&apos;, os.name: &apos;Windows 11&apos;, os.arch: &apos;amd64&apos;, os.version: &apos;10.0&apos;, java.version: &apos;17.0.7&apos;
Driver info: com.kms.katalon.selenium.driver.CRemoteWebDriver
Capabilities {acceptInsecureCerts: false, browserName: chrome, browserVersion: 133.0.6847.2, chrome: {chromedriverVersion: 133.0.6847.2 (7e95e23d2d1f8..., userDataDir: C:\Program Files\scoped_dir...}, fedcm:accounts: true, goog:chromeOptions: {debuggerAddress: localhost:9225}, javascriptEnabled: true, katalon:caps: {executionId: 9b1113f6-2f9b-4abe-b9cd-3ad..., executionSessionId: 162a17db-9a56-424e-9f1c-8f3...}, katalon:options: {executionId: 9b1113f6-2f9b-4abe-b9cd-3ad..., executionSessionId: 162a17db-9a56-424e-9f1c-8f3..., group: 9ab6bac5-1cc1-4a31-be02-e95..., metadata: {accountUuid: fda32340-531c-49aa-a0b7-40d..., organizationId: 1906073, usingTunnel: false}, organizationId: 1906073, runFromTestCloud: true, tenant: TestOps, tunnelMetadataId: 47bf9c75-9831-4539-a455-bf2..., userId: 1648280, username: innocent.beaver.duja@instan..., usingTunnel: true}, kt:requestId: 162a17db-9a56-424e-9f1c-8f3..., kt:rid: 162a17db-9a56-424e-9f1c-8f3..., networkConnectionEnabled: false, pageLoadStrategy: normal, platform: WINDOWS, platformName: WINDOWS, proxy: Proxy(), se:bidiEnabled: false, se:cdpEnabled: false, setWindowRect: true, strictFileInteractability: false, timeouts: {implicit: 0, pageLoad: 300000, script: 30000}, unhandledPromptBehavior: dismiss and notify, webauthn:extension:credBlob: true, webauthn:extension:largeBlob: true, webauthn:extension:minPinLength: true, webauthn:extension:prf: true, webauthn:virtualAuthenticators: true}
Session ID: deab9c87f4daad539a5b5140c5a4ec81
*** Element info: {Using=xpath, value=//input[@id=&apos;user-name&apos;]}
	at jdk.internal.reflect.GeneratedConstructorAccessor21.newInstance(Unknown Source)
	at java.base/jdk.internal.reflect.DelegatingConstructorAccessorImpl.newInstance(DelegatingConstructorAccessorImpl.java:45)
	at org.openqa.selenium.remote.http.W3CHttpResponseCodec.createException(W3CHttpResponseCodec.java:187)
	at org.openqa.selenium.remote.http.W3CHttpResponseCodec.decode(W3CHttpResponseCodec.java:122)
	at org.openqa.selenium.remote.http.W3CHttpResponseCodec.decode(W3CHttpResponseCodec.java:49)
	at org.openqa.selenium.remote.HttpCommandExecutor.execute(HttpCommandExecutor.java:158)
	at org.openqa.selenium.remote.RemoteWebDriver.execute(RemoteWebDriver.java:552)
	at com.kms.katalon.selenium.driver.CRemoteWebDriver.execute(CRemoteWebDriver.java:30)
	at org.openqa.selenium.remote.RemoteWebDriver.findElements(RemoteWebDriver.java:353)
	at org.openqa.selenium.remote.RemoteWebDriver.findElementsByXPath(RemoteWebDriver.java:432)
	at org.openqa.selenium.By$ByXPath.findElements(By.java:348)
	at org.openqa.selenium.remote.RemoteWebDriver.findElements(RemoteWebDriver.java:311)
	at jdk.internal.reflect.GeneratedMethodAccessor8.invoke(Unknown Source)
	at java.base/jdk.internal.reflect.DelegatingMethodAccessorImpl.invoke(DelegatingMethodAccessorImpl.java:43)
	at org.openqa.selenium.support.events.EventFiringWebDriver.lambda$new$1(EventFiringWebDriver.java:105)
	at jdk.proxy2/jdk.proxy2.$Proxy23.findElements(Unknown Source)
	at org.openqa.selenium.support.events.EventFiringWebDriver.findElements(EventFiringWebDriver.java:182)
	at com.kms.katalon.core.webui.common.WebUiCommonHelper.findElementByNormalMethods(WebUiCommonHelper.java:1033)
	at com.kms.katalon.core.webui.common.WebUiCommonHelper.findElementsBySelectedMethod(WebUiCommonHelper.java:924)
	at com.kms.katalon.core.webui.common.WebUiCommonHelper.findElementsBySelectedMethod(WebUiCommonHelper.java:906)
	at com.kms.katalon.core.webui.common.WebUiCommonHelper.findElementsBySelectedMethod(WebUiCommonHelper.java:901)
	at com.kms.katalon.core.webui.common.WebUiCommonHelper.findElementsByDefault(WebUiCommonHelper.java:897)
	at com.kms.katalon.core.webui.common.WebUiCommonHelper.findElementsWithSelfHealing(WebUiCommonHelper.java:743)
	at com.kms.katalon.core.webui.common.WebUiCommonHelper.findWebElements(WebUiCommonHelper.java:727)
	at com.kms.katalon.core.webui.common.WebUiCommonHelper.findWebElement(WebUiCommonHelper.java:1413)
	at com.kms.katalon.core.webui.keyword.internal.WebUIAbstractKeyword.findWebElement(WebUIAbstractKeyword.groovy:27)
	at com.kms.katalon.core.webui.keyword.internal.WebUIAbstractKeyword.findWebElement(WebUIAbstractKeyword.groovy:26)
	at com.kms.katalon.core.webui.keyword.builtin.SetTextKeyword$_setText_closure1.doCall(SetTextKeyword.groovy:53)
	at com.kms.katalon.core.webui.keyword.builtin.SetTextKeyword$_setText_closure1.call(SetTextKeyword.groovy)
	at com.kms.katalon.core.webui.keyword.internal.WebUIKeywordMain.runKeyword(WebUIKeywordMain.groovy:35)
	at com.kms.katalon.core.webui.keyword.builtin.SetTextKeyword.setText(SetTextKeyword.groovy:85)
	at com.kms.katalon.core.webui.keyword.builtin.SetTextKeyword.execute(SetTextKeyword.groovy:39)
	at com.kms.katalon.core.keyword.internal.KeywordExecutor.executeKeywordForPlatform(KeywordExecutor.groovy:74)
	at com.kms.katalon.core.webui.keyword.WebUiBuiltInKeywords.setText(WebUiBuiltInKeywords.groovy:1019)
	at com.test.swaglabs.CustomLogin.WebLoginFourthAccount(CustomLogin.groovy:63)
	at java.base/jdk.internal.reflect.NativeMethodAccessorImpl.invoke0(Native Method)
	at java.base/jdk.internal.reflect.NativeMethodAccessorImpl.invoke(NativeMethodAccessorImpl.java:77)
	at java.base/jdk.internal.reflect.DelegatingMethodAccessorImpl.invoke(DelegatingMethodAccessorImpl.java:43)
	at com.kms.katalon.core.main.CustomKeywordDelegatingMetaClass.invokeStaticMethod(CustomKeywordDelegatingMetaClass.java:55)
	at Login by Fourth Account - performance_glitch_user.run(Login by Fourth Account - performance_glitch_user:24)
	at com.kms.katalon.core.main.ScriptEngine.run(ScriptEngine.java:194)
	at com.kms.katalon.core.main.ScriptEngine.runScriptAsRawText(ScriptEngine.java:119)
	at com.kms.katalon.core.main.TestCaseExecutor.runScript(TestCaseExecutor.java:448)
	at com.kms.katalon.core.main.TestCaseExecutor.doExecute(TestCaseExecutor.java:439)
	at com.kms.katalon.core.main.TestCaseExecutor.processExecutionPhase(TestCaseExecutor.java:418)
	at com.kms.katalon.core.main.TestCaseExecutor.accessMainPhase(TestCaseExecutor.java:410)
	at com.kms.katalon.core.main.TestCaseExecutor.execute(TestCaseExecutor.java:285)
	at com.kms.katalon.core.main.TestCaseExecutor.execute(TestCaseExecutor.java:369)
	at com.kms.katalon.core.common.CommonExecutor.accessTestCaseMainPhase(CommonExecutor.java:65)
	at com.kms.katalon.core.main.TestSuiteExecutor.accessTestSuiteMainPhase(TestSuiteExecutor.java:150)
	at com.kms.katalon.core.main.TestSuiteExecutor.execute(TestSuiteExecutor.java:106)
	at com.kms.katalon.core.main.TestCaseMain.startTestSuite(TestCaseMain.java:180)
	at TempTestSuite1738334733685.run(TempTestSuite1738334733685.groovy:35)
	at java.base/jdk.internal.reflect.NativeMethodAccessorImpl.invoke0(Native Method)
	at java.base/jdk.internal.reflect.NativeMethodAccessorImpl.invoke(NativeMethodAccessorImpl.java:77)
	at java.base/jdk.internal.reflect.DelegatingMethodAccessorImpl.invoke(DelegatingMethodAccessorImpl.java:43)
</property>
  <property name="failed.exception.class">org.openqa.selenium.NoSuchSessionException</property>
  <property name="failed.exception.message">invalid session id: session deleted as the browser has closed the connection
from disconnected: Unable to receive message from renderer
  (Session info: chrome=133.0.6847.2)
Build info: version: &apos;3.141.59&apos;, revision: &apos;unknown&apos;, time: &apos;unknown&apos;
System info: host: &apos;LAPTOP-5GQHVTHK&apos;, ip: &apos;192.168.0.101&apos;, os.name: &apos;Windows 11&apos;, os.arch: &apos;amd64&apos;, os.version: &apos;10.0&apos;, java.version: &apos;17.0.7&apos;
Driver info: com.kms.katalon.selenium.driver.CRemoteWebDriver
Capabilities {acceptInsecureCerts: false, browserName: chrome, browserVersion: 133.0.6847.2, chrome: {chromedriverVersion: 133.0.6847.2 (7e95e23d2d1f8..., userDataDir: C:\Program Files\scoped_dir...}, fedcm:accounts: true, goog:chromeOptions: {debuggerAddress: localhost:9225}, javascriptEnabled: true, katalon:caps: {executionId: 9b1113f6-2f9b-4abe-b9cd-3ad..., executionSessionId: 162a17db-9a56-424e-9f1c-8f3...}, katalon:options: {executionId: 9b1113f6-2f9b-4abe-b9cd-3ad..., executionSessionId: 162a17db-9a56-424e-9f1c-8f3..., group: 9ab6bac5-1cc1-4a31-be02-e95..., metadata: {accountUuid: fda32340-531c-49aa-a0b7-40d..., organizationId: 1906073, usingTunnel: false}, organizationId: 1906073, runFromTestCloud: true, tenant: TestOps, tunnelMetadataId: 47bf9c75-9831-4539-a455-bf2..., userId: 1648280, username: innocent.beaver.duja@instan..., usingTunnel: true}, kt:requestId: 162a17db-9a56-424e-9f1c-8f3..., kt:rid: 162a17db-9a56-424e-9f1c-8f3..., networkConnectionEnabled: false, pageLoadStrategy: normal, platform: WINDOWS, platformName: WINDOWS, proxy: Proxy(), se:bidiEnabled: false, se:cdpEnabled: false, setWindowRect: true, strictFileInteractability: false, timeouts: {implicit: 0, pageLoad: 300000, script: 30000}, unhandledPromptBehavior: dismiss and notify, webauthn:extension:credBlob: true, webauthn:extension:largeBlob: true, webauthn:extension:minPinLength: true, webauthn:extension:prf: true, webauthn:virtualAuthenticators: true}
Session ID: deab9c87f4daad539a5b5140c5a4ec81
*** Element info: {Using=xpath, value=//input[@id=&apos;user-name&apos;]}</property>
</record>
<record>
  <date>2025-01-31T14:50:44.702812Z</date>
  <millis>1738335044702</millis>
  <nanos>812000</nanos>
  <sequence>485</sequence>
  <level>END</level>
  <class>com.kms.katalon.core.logging.XmlKeywordLogger</class>
  <method>endTest</method>
  <thread>1</thread>
  <message>End Test Case : Test Cases/Login by Fourth Account - performance_glitch_user</message>
  <nestedLevel>0</nestedLevel>
  <escapedJava>false</escapedJava>
  <property name="executionBindingVariables">[]</property>
  <property name="applitools">false</property>
  <property name="remainingRetryCount">2</property>
  <property name="currentRetryCount">1</property>
  <property name="keywordsUsage">{
  &quot;web_ui&quot;: true,
  &quot;web_service&quot;: false,
  &quot;cucumber&quot;: false,
  &quot;builtin&quot;: false,
  &quot;mobile&quot;: false,
  &quot;windows&quot;: false,
  &quot;testng&quot;: false
}</property>
</record>
<record>
  <date>2025-01-31T14:50:44.714815300Z</date>
  <millis>1738335044714</millis>
  <nanos>815300</nanos>
  <sequence>486</sequence>
  <level>START</level>
  <class>com.kms.katalon.core.logging.XmlKeywordLogger</class>
  <method>startTest</method>
  <thread>1</thread>
  <message>Start Test Case : Test Cases/Login by Fourth Account - performance_glitch_user</message>
  <nestedLevel>1</nestedLevel>
  <escapedJava>false</escapedJava>
  <property name="remainingRetryCount">1</property>
  <property name="name">Test Cases/Login by Fourth Account - performance_glitch_user</property>
  <property name="description"></property>
  <property name="iteration"></property>
  <property name="id">Test Cases/Login by Fourth Account - performance_glitch_user</property>
  <property name="source">C:\Users\ACER\git\KatalonGitSwagLabsNew\Test Cases\Login by Fourth Account - performance_glitch_user.tc</property>
  <property name="tag"></property>
  <property name="isOptional">false</property>
  <property name="currentRetryCount">2</property>
</record>
<record>
  <date>2025-01-31T14:50:44.744322500Z</date>
  <millis>1738335044744</millis>
  <nanos>322500</nanos>
  <sequence>488</sequence>
  <level>START</level>
  <class>com.kms.katalon.core.logging.XmlKeywordLogger</class>
  <method>startKeyword</method>
  <thread>1</thread>
  <message>Start action : openBrowser(&amp;quot;&amp;quot;)</message>
  <nestedLevel>1</nestedLevel>
  <escapedJava>false</escapedJava>
  <property name="startLine">20</property>
  <property name="stepIndex">1</property>
</record>
<record>
  <date>2025-01-31T14:50:44.760343300Z</date>
  <millis>1738335044760</millis>
  <nanos>343300</nanos>
  <sequence>490</sequence>
  <level>WARNING</level>
  <class>com.kms.katalon.core.logging.XmlKeywordLogger</class>
  <method>logMessage</method>
  <thread>1</thread>
  <message>A browser is already opened. Closing browser and opening a new one</message>
  <nestedLevel>1</nestedLevel>
  <escapedJava>false</escapedJava>
</record>
<record>
  <date>2025-01-31T14:50:45.543516Z</date>
  <millis>1738335045543</millis>
  <nanos>516000</nanos>
  <sequence>491</sequence>
  <level>INFO</level>
  <class>com.kms.katalon.core.logging.XmlKeywordLogger</class>
  <method>logMessage</method>
  <thread>1</thread>
  <message>User set preference: [&amp;apos;os&amp;apos;, &amp;apos;windows&amp;apos;]</message>
  <nestedLevel>1</nestedLevel>
  <escapedJava>false</escapedJava>
</record>
<record>
  <date>2025-01-31T14:50:45.543516Z</date>
  <millis>1738335045543</millis>
  <nanos>516000</nanos>
  <sequence>492</sequence>
  <level>INFO</level>
  <class>com.kms.katalon.core.logging.XmlKeywordLogger</class>
  <method>logMessage</method>
  <thread>1</thread>
  <message>User set preference: [&amp;apos;browserVersion&amp;apos;, &amp;apos;133&amp;apos;]</message>
  <nestedLevel>1</nestedLevel>
  <escapedJava>false</escapedJava>
</record>
<record>
  <date>2025-01-31T14:50:45.549687700Z</date>
  <millis>1738335045549</millis>
  <nanos>687700</nanos>
  <sequence>493</sequence>
  <level>INFO</level>
  <class>com.kms.katalon.core.logging.XmlKeywordLogger</class>
  <method>logMessage</method>
  <thread>1</thread>
  <message>User set preference: [&amp;apos;browserName&amp;apos;, &amp;apos;chrome&amp;apos;]</message>
  <nestedLevel>1</nestedLevel>
  <escapedJava>false</escapedJava>
</record>
<record>
  <date>2025-01-31T14:50:45.550287400Z</date>
  <millis>1738335045550</millis>
  <nanos>287400</nanos>
  <sequence>494</sequence>
  <level>INFO</level>
  <class>com.kms.katalon.core.logging.XmlKeywordLogger</class>
  <method>logMessage</method>
  <thread>1</thread>
  <message>User set preference: [&amp;apos;katalon:option&amp;apos;, &amp;apos;{organizationId=1906073, usingTunnel=true}&amp;apos;]</message>
  <nestedLevel>1</nestedLevel>
  <escapedJava>false</escapedJava>
</record>
<record>
  <date>2025-01-31T14:50:45.551808300Z</date>
  <millis>1738335045551</millis>
  <nanos>808300</nanos>
  <sequence>495</sequence>
  <level>INFO</level>
  <class>com.kms.katalon.core.logging.XmlKeywordLogger</class>
  <method>logMessage</method>
  <thread>1</thread>
  <message>Connecting to remote web server &amp;apos;testcloud.katalon.com/hub&amp;apos; with type &amp;apos;Selenium&amp;apos;</message>
  <nestedLevel>1</nestedLevel>
  <escapedJava>false</escapedJava>
</record>
<record>
  <date>2025-01-31T14:50:45.551808300Z</date>
  <millis>1738335045551</millis>
  <nanos>808300</nanos>
  <sequence>496</sequence>
  <level>INFO</level>
  <class>com.kms.katalon.core.logging.XmlKeywordLogger</class>
  <method>logMessage</method>
  <thread>1</thread>
  <message>Action delay is set to 0 milliseconds</message>
  <nestedLevel>1</nestedLevel>
  <escapedJava>false</escapedJava>
</record>
<record>
  <date>2025-01-31T14:51:21.317854Z</date>
  <millis>1738335081317</millis>
  <nanos>854000</nanos>
  <sequence>498</sequence>
  <level>RUN_DATA</level>
  <class>com.kms.katalon.core.logging.XmlKeywordLogger</class>
  <method>logMessage</method>
  <thread>1</thread>
  <message>remoteDriverUrl = testcloud.katalon.com/hub</message>
  <nestedLevel>1</nestedLevel>
  <escapedJava>false</escapedJava>
  <property name="remoteDriverUrl">testcloud.katalon.com/hub</property>
</record>
<record>
  <date>2025-01-31T14:51:21.317854Z</date>
  <millis>1738335081317</millis>
  <nanos>854000</nanos>
  <sequence>499</sequence>
  <level>RUN_DATA</level>
  <class>com.kms.katalon.core.logging.XmlKeywordLogger</class>
  <method>logMessage</method>
  <thread>1</thread>
  <message>remoteOS = Windows</message>
  <nestedLevel>1</nestedLevel>
  <escapedJava>false</escapedJava>
  <property name="remoteOS">Windows</property>
</record>
<record>
  <date>2025-01-31T14:51:21.317854Z</date>
  <millis>1738335081317</millis>
  <nanos>854000</nanos>
  <sequence>500</sequence>
  <level>RUN_DATA</level>
  <class>com.kms.katalon.core.logging.XmlKeywordLogger</class>
  <method>logMessage</method>
  <thread>1</thread>
  <message>desiredCapabilities = {
  &amp;quot;timeouts&amp;quot;: {
    &amp;quot;implicit&amp;quot;: 0,
    &amp;quot;pageLoad&amp;quot;: 300000,
    &amp;quot;script&amp;quot;: 30000
  },
  &amp;quot;se:cdpEnabled&amp;quot;: false,
  &amp;quot;platform&amp;quot;: &amp;quot;WINDOWS&amp;quot;,
  &amp;quot;goog:chromeOptions&amp;quot;: {
    &amp;quot;debuggerAddress&amp;quot;: &amp;quot;localhost:9225&amp;quot;
  },
  &amp;quot;webauthn:extension:credBlob&amp;quot;: true,
  &amp;quot;acceptInsecureCerts&amp;quot;: false,
  &amp;quot;browserVersion&amp;quot;: &amp;quot;133.0.0.0&amp;quot;,
  &amp;quot;fedcm:accounts&amp;quot;: true,
  &amp;quot;kt:requestId&amp;quot;: &amp;quot;60ff9c04-f6ee-45f1-bfdd-9c96405fe650&amp;quot;,
  &amp;quot;browserName&amp;quot;: &amp;quot;chrome&amp;quot;,
  &amp;quot;javascriptEnabled&amp;quot;: true,
  &amp;quot;platformName&amp;quot;: &amp;quot;WINDOWS&amp;quot;,
  &amp;quot;setWindowRect&amp;quot;: true,
  &amp;quot;webauthn:extension:largeBlob&amp;quot;: true,
  &amp;quot;networkConnectionEnabled&amp;quot;: false,
  &amp;quot;chrome&amp;quot;: {
    &amp;quot;chromedriverVersion&amp;quot;: &amp;quot;133.0.6847.2 (7e95e23d2d1f87886163822aa701370c1187bfa1-refs/branch-heads/6847@{#6})&amp;quot;,
    &amp;quot;userDataDir&amp;quot;: &amp;quot;C:\\Windows\\SystemTemp\\scoped_dir768_1452323340&amp;quot;
  },
  &amp;quot;kt:rid&amp;quot;: &amp;quot;60ff9c04-f6ee-45f1-bfdd-9c96405fe650&amp;quot;,
  &amp;quot;pageLoadStrategy&amp;quot;: &amp;quot;normal&amp;quot;,
  &amp;quot;unhandledPromptBehavior&amp;quot;: &amp;quot;dismiss and notify&amp;quot;,
  &amp;quot;strictFileInteractability&amp;quot;: false,
  &amp;quot;se:bidiEnabled&amp;quot;: false,
  &amp;quot;proxy&amp;quot;: {
    &amp;quot;proxyType&amp;quot;: &amp;quot;UNSPECIFIED&amp;quot;,
    &amp;quot;autodetect&amp;quot;: false
  },
  &amp;quot;webauthn:extension:minPinLength&amp;quot;: true,
  &amp;quot;webauthn:extension:prf&amp;quot;: true,
  &amp;quot;katalon:caps&amp;quot;: {
    &amp;quot;executionId&amp;quot;: &amp;quot;c4e719f6-adf4-40a5-93c1-b2267ebc27c3&amp;quot;,
    &amp;quot;executionSessionId&amp;quot;: &amp;quot;60ff9c04-f6ee-45f1-bfdd-9c96405fe650&amp;quot;
  },
  &amp;quot;katalon:options&amp;quot;: {
    &amp;quot;executionId&amp;quot;: &amp;quot;c4e719f6-adf4-40a5-93c1-b2267ebc27c3&amp;quot;,
    &amp;quot;executionSessionId&amp;quot;: &amp;quot;60ff9c04-f6ee-45f1-bfdd-9c96405fe650&amp;quot;,
    &amp;quot;group&amp;quot;: &amp;quot;9ab6bac5-1cc1-4a31-be02-e9541dffa2d0&amp;quot;,
    &amp;quot;metadata&amp;quot;: {
      &amp;quot;usingTunnel&amp;quot;: false,
      &amp;quot;accountUuid&amp;quot;: &amp;quot;fda32340-531c-49aa-a0b7-40d478ba5457&amp;quot;,
      &amp;quot;organizationId&amp;quot;: &amp;quot;1906073&amp;quot;
    },
    &amp;quot;organizationId&amp;quot;: &amp;quot;1906073&amp;quot;,
    &amp;quot;runFromTestCloud&amp;quot;: true,
    &amp;quot;tenant&amp;quot;: &amp;quot;TestOps&amp;quot;,
    &amp;quot;tunnelMetadataId&amp;quot;: &amp;quot;47bf9c75-9831-4539-a455-bf21b2504b03&amp;quot;,
    &amp;quot;userId&amp;quot;: 1648280,
    &amp;quot;username&amp;quot;: &amp;quot;innocent.beaver.duja@instantletter.net&amp;quot;,
    &amp;quot;usingTunnel&amp;quot;: true
  },
  &amp;quot;webauthn:virtualAuthenticators&amp;quot;: true
}</message>
  <nestedLevel>1</nestedLevel>
  <escapedJava>false</escapedJava>
  <property name="desiredCapabilities">{
  &quot;timeouts&quot;: {
    &quot;implicit&quot;: 0,
    &quot;pageLoad&quot;: 300000,
    &quot;script&quot;: 30000
  },
  &quot;se:cdpEnabled&quot;: false,
  &quot;platform&quot;: &quot;WINDOWS&quot;,
  &quot;goog:chromeOptions&quot;: {
    &quot;debuggerAddress&quot;: &quot;localhost:9225&quot;
  },
  &quot;webauthn:extension:credBlob&quot;: true,
  &quot;acceptInsecureCerts&quot;: false,
  &quot;browserVersion&quot;: &quot;133.0.0.0&quot;,
  &quot;fedcm:accounts&quot;: true,
  &quot;kt:requestId&quot;: &quot;60ff9c04-f6ee-45f1-bfdd-9c96405fe650&quot;,
  &quot;browserName&quot;: &quot;chrome&quot;,
  &quot;javascriptEnabled&quot;: true,
  &quot;platformName&quot;: &quot;WINDOWS&quot;,
  &quot;setWindowRect&quot;: true,
  &quot;webauthn:extension:largeBlob&quot;: true,
  &quot;networkConnectionEnabled&quot;: false,
  &quot;chrome&quot;: {
    &quot;chromedriverVersion&quot;: &quot;133.0.6847.2 (7e95e23d2d1f87886163822aa701370c1187bfa1-refs/branch-heads/6847@{#6})&quot;,
    &quot;userDataDir&quot;: &quot;C:\\Windows\\SystemTemp\\scoped_dir768_1452323340&quot;
  },
  &quot;kt:rid&quot;: &quot;60ff9c04-f6ee-45f1-bfdd-9c96405fe650&quot;,
  &quot;pageLoadStrategy&quot;: &quot;normal&quot;,
  &quot;unhandledPromptBehavior&quot;: &quot;dismiss and notify&quot;,
  &quot;strictFileInteractability&quot;: false,
  &quot;se:bidiEnabled&quot;: false,
  &quot;proxy&quot;: {
    &quot;proxyType&quot;: &quot;UNSPECIFIED&quot;,
    &quot;autodetect&quot;: false
  },
  &quot;webauthn:extension:minPinLength&quot;: true,
  &quot;webauthn:extension:prf&quot;: true,
  &quot;katalon:caps&quot;: {
    &quot;executionId&quot;: &quot;c4e719f6-adf4-40a5-93c1-b2267ebc27c3&quot;,
    &quot;executionSessionId&quot;: &quot;60ff9c04-f6ee-45f1-bfdd-9c96405fe650&quot;
  },
  &quot;katalon:options&quot;: {
    &quot;executionId&quot;: &quot;c4e719f6-adf4-40a5-93c1-b2267ebc27c3&quot;,
    &quot;executionSessionId&quot;: &quot;60ff9c04-f6ee-45f1-bfdd-9c96405fe650&quot;,
    &quot;group&quot;: &quot;9ab6bac5-1cc1-4a31-be02-e9541dffa2d0&quot;,
    &quot;metadata&quot;: {
      &quot;usingTunnel&quot;: false,
      &quot;accountUuid&quot;: &quot;fda32340-531c-49aa-a0b7-40d478ba5457&quot;,
      &quot;organizationId&quot;: &quot;1906073&quot;
    },
    &quot;organizationId&quot;: &quot;1906073&quot;,
    &quot;runFromTestCloud&quot;: true,
    &quot;tenant&quot;: &quot;TestOps&quot;,
    &quot;tunnelMetadataId&quot;: &quot;47bf9c75-9831-4539-a455-bf21b2504b03&quot;,
    &quot;userId&quot;: 1648280,
    &quot;username&quot;: &quot;innocent.beaver.duja@instantletter.net&quot;,
    &quot;usingTunnel&quot;: true
  },
  &quot;webauthn:virtualAuthenticators&quot;: true
}</property>
</record>
<record>
  <date>2025-01-31T14:51:21.333489100Z</date>
  <millis>1738335081333</millis>
  <nanos>489100</nanos>
  <sequence>501</sequence>
  <level>RUN_DATA</level>
  <class>com.kms.katalon.core.logging.XmlKeywordLogger</class>
  <method>logMessage</method>
  <thread>1</thread>
  <message>sessionId = 97f9a3f47527bbc9e6ba0cdd35d9dc91</message>
  <nestedLevel>1</nestedLevel>
  <escapedJava>false</escapedJava>
  <property name="sessionId">97f9a3f47527bbc9e6ba0cdd35d9dc91</property>
</record>
<record>
  <date>2025-01-31T14:51:21.682441100Z</date>
  <millis>1738335081682</millis>
  <nanos>441100</nanos>
  <sequence>502</sequence>
  <level>RUN_DATA</level>
  <class>com.kms.katalon.core.logging.XmlKeywordLogger</class>
  <method>logMessage</method>
  <thread>1</thread>
  <message>browser = Chrome 133.0.0.0</message>
  <nestedLevel>1</nestedLevel>
  <escapedJava>false</escapedJava>
  <property name="browser">Chrome 133.0.0.0</property>
</record>
<record>
  <date>2025-01-31T14:51:21.682441100Z</date>
  <millis>1738335081682</millis>
  <nanos>441100</nanos>
  <sequence>503</sequence>
  <level>RUN_DATA</level>
  <class>com.kms.katalon.core.logging.XmlKeywordLogger</class>
  <method>logMessage</method>
  <thread>1</thread>
  <message>platform = Windows 11</message>
  <nestedLevel>1</nestedLevel>
  <escapedJava>false</escapedJava>
  <property name="platform">Windows 11</property>
</record>
<record>
  <date>2025-01-31T14:51:21.682441100Z</date>
  <millis>1738335081682</millis>
  <nanos>441100</nanos>
  <sequence>504</sequence>
  <level>RUN_DATA</level>
  <class>com.kms.katalon.core.logging.XmlKeywordLogger</class>
  <method>logMessage</method>
  <thread>1</thread>
  <message>seleniumVersion = 3.141.59</message>
  <nestedLevel>1</nestedLevel>
  <escapedJava>false</escapedJava>
  <property name="seleniumVersion">3.141.59</property>
</record>
<record>
  <date>2025-01-31T14:51:21.682441100Z</date>
  <millis>1738335081682</millis>
  <nanos>441100</nanos>
  <sequence>505</sequence>
  <level>RUN_DATA</level>
  <class>com.kms.katalon.core.logging.XmlKeywordLogger</class>
  <method>logMessage</method>
  <thread>1</thread>
  <message>proxyInformation = ProxyInformation { proxyOption=NO_PROXY, proxyServerType=HTTP, username=, password=********, proxyServerAddress=, proxyServerPort=0, executionList=&amp;quot;&amp;quot;, isApplyToDesiredCapabilities=true }</message>
  <nestedLevel>1</nestedLevel>
  <escapedJava>false</escapedJava>
  <property name="proxyInformation">ProxyInformation { proxyOption=NO_PROXY, proxyServerType=HTTP, username=, password=********, proxyServerAddress=, proxyServerPort=0, executionList=&quot;&quot;, isApplyToDesiredCapabilities=true }</property>
</record>
<record>
  <date>2025-01-31T14:51:22.291109300Z</date>
  <millis>1738335082291</millis>
  <nanos>109300</nanos>
  <sequence>506</sequence>
  <level>PASSED</level>
  <class>com.kms.katalon.core.logging.XmlKeywordLogger</class>
  <method>logMessage</method>
  <thread>1</thread>
  <message>Browser is opened with url: &amp;apos;&amp;apos;</message>
  <nestedLevel>1</nestedLevel>
  <escapedJava>false</escapedJava>
  <property name="testops-method-name">com.kms.katalon.core.webui.keyword.builtin.OpenBrowserKeyword.openBrowser</property>
  <property name="testops-execution-stacktrace"></property>
</record>
<record>
  <date>2025-01-31T14:51:22.291109300Z</date>
  <millis>1738335082291</millis>
  <nanos>109300</nanos>
  <sequence>507</sequence>
  <level>END</level>
  <class>com.kms.katalon.core.logging.XmlKeywordLogger</class>
  <method>endKeyword</method>
  <thread>1</thread>
  <message>End action : openBrowser(&amp;quot;&amp;quot;)</message>
  <nestedLevel>1</nestedLevel>
  <escapedJava>false</escapedJava>
</record>
<record>
  <date>2025-01-31T14:51:22.291109300Z</date>
  <millis>1738335082291</millis>
  <nanos>109300</nanos>
  <sequence>508</sequence>
  <level>START</level>
  <class>com.kms.katalon.core.logging.XmlKeywordLogger</class>
  <method>startKeyword</method>
  <thread>1</thread>
  <message>Start action : navigateToUrl(&amp;quot;https://www.saucedemo.com/&amp;quot;)</message>
  <nestedLevel>1</nestedLevel>
  <escapedJava>false</escapedJava>
  <property name="startLine">22</property>
  <property name="stepIndex">2</property>
</record>
<record>
  <date>2025-01-31T14:51:24.952722700Z</date>
  <millis>1738335084952</millis>
  <nanos>722700</nanos>
  <sequence>511</sequence>
  <level>PASSED</level>
  <class>com.kms.katalon.core.logging.XmlKeywordLogger</class>
  <method>logMessage</method>
  <thread>1</thread>
  <message>Navigate to &amp;apos;https://www.saucedemo.com/&amp;apos; successfully</message>
  <nestedLevel>1</nestedLevel>
  <escapedJava>false</escapedJava>
  <property name="testops-method-name">com.kms.katalon.core.webui.keyword.builtin.NavigateToUrlKeyword.navigateToUrl</property>
  <property name="testops-execution-stacktrace"></property>
</record>
<record>
  <date>2025-01-31T14:51:24.952722700Z</date>
  <millis>1738335084952</millis>
  <nanos>722700</nanos>
  <sequence>512</sequence>
  <level>END</level>
  <class>com.kms.katalon.core.logging.XmlKeywordLogger</class>
  <method>endKeyword</method>
  <thread>1</thread>
  <message>End action : navigateToUrl(&amp;quot;https://www.saucedemo.com/&amp;quot;)</message>
  <nestedLevel>1</nestedLevel>
  <escapedJava>false</escapedJava>
</record>
<record>
  <date>2025-01-31T14:51:24.956490400Z</date>
  <millis>1738335084956</millis>
  <nanos>490400</nanos>
  <sequence>513</sequence>
  <level>START</level>
  <class>com.kms.katalon.core.logging.XmlKeywordLogger</class>
  <method>startKeyword</method>
  <thread>1</thread>
  <message>Start action : com.test.swaglabs.CustomLogin.WebLoginFourthAccount()</message>
  <nestedLevel>1</nestedLevel>
  <escapedJava>false</escapedJava>
  <property name="startLine">24</property>
  <property name="stepIndex">3</property>
</record>
<record>
  <date>2025-01-31T14:51:27.537141100Z</date>
  <millis>1738335087537</millis>
  <nanos>141100</nanos>
  <sequence>529</sequence>
  <level>PASSED</level>
  <class>com.kms.katalon.core.logging.XmlKeywordLogger</class>
  <method>logMessage</method>
  <thread>1</thread>
  <message>Text &amp;apos;performance_glitch_user&amp;apos; is set on object &amp;apos;Object Repository/Page_Swag Labs/input_Swag Labs_user-name&amp;apos;</message>
  <nestedLevel>1</nestedLevel>
  <escapedJava>false</escapedJava>
  <property name="testops-method-name">com.kms.katalon.core.webui.keyword.builtin.SetTextKeyword.setText</property>
  <property name="testops-execution-stacktrace"></property>
</record>
<record>
  <date>2025-01-31T14:51:30.002044800Z</date>
  <millis>1738335090002</millis>
  <nanos>44800</nanos>
  <sequence>545</sequence>
  <level>PASSED</level>
  <class>com.kms.katalon.core.logging.XmlKeywordLogger</class>
  <method>logMessage</method>
  <thread>1</thread>
  <message>Text &amp;apos;secret_sauce&amp;apos; is set on object &amp;apos;Object Repository/Page_Swag Labs/input_Swag Labs_password&amp;apos;</message>
  <nestedLevel>1</nestedLevel>
  <escapedJava>false</escapedJava>
  <property name="testops-method-name">com.kms.katalon.core.webui.keyword.builtin.SetTextKeyword.setText</property>
  <property name="testops-execution-stacktrace"></property>
</record>
<record>
  <date>2025-01-31T14:51:36.288531200Z</date>
  <millis>1738335096288</millis>
  <nanos>531200</nanos>
  <sequence>555</sequence>
  <level>PASSED</level>
  <class>com.kms.katalon.core.logging.XmlKeywordLogger</class>
  <method>logMessage</method>
  <thread>1</thread>
  <message>Object: &amp;apos;Object Repository/Page_Swag Labs/input_Swag Labs_login-button&amp;apos; is clicked on</message>
  <nestedLevel>1</nestedLevel>
  <escapedJava>false</escapedJava>
  <property name="testops-method-name">com.kms.katalon.core.webui.keyword.builtin.ClickKeyword.click</property>
  <property name="testops-execution-stacktrace"></property>
</record>
<record>
  <date>2025-01-31T14:51:36.288531200Z</date>
  <millis>1738335096288</millis>
  <nanos>531200</nanos>
  <sequence>556</sequence>
  <level>PASSED</level>
  <class>com.kms.katalon.core.logging.XmlKeywordLogger</class>
  <method>logMessage</method>
  <thread>1</thread>
  <message>com.test.swaglabs.CustomLogin.WebLoginFourthAccount is PASSED</message>
  <nestedLevel>1</nestedLevel>
  <escapedJava>false</escapedJava>
</record>
<record>
  <date>2025-01-31T14:51:36.288531200Z</date>
  <millis>1738335096288</millis>
  <nanos>531200</nanos>
  <sequence>557</sequence>
  <level>END</level>
  <class>com.kms.katalon.core.logging.XmlKeywordLogger</class>
  <method>endKeyword</method>
  <thread>1</thread>
  <message>End action : com.test.swaglabs.CustomLogin.WebLoginFourthAccount()</message>
  <nestedLevel>1</nestedLevel>
  <escapedJava>false</escapedJava>
</record>
<record>
  <date>2025-01-31T14:51:36.288531200Z</date>
  <millis>1738335096288</millis>
  <nanos>531200</nanos>
  <sequence>558</sequence>
  <level>START</level>
  <class>com.kms.katalon.core.logging.XmlKeywordLogger</class>
  <method>startKeyword</method>
  <thread>1</thread>
  <message>Start action : verifyTextPresent(&amp;quot;Add to cart&amp;quot;, false)</message>
  <nestedLevel>1</nestedLevel>
  <escapedJava>false</escapedJava>
  <property name="startLine">26</property>
  <property name="stepIndex">4</property>
</record>
<record>
  <date>2025-01-31T14:51:37.351183900Z</date>
  <millis>1738335097351</millis>
  <nanos>183900</nanos>
  <sequence>562</sequence>
  <level>PASSED</level>
  <class>com.kms.katalon.core.logging.XmlKeywordLogger</class>
  <method>logMessage</method>
  <thread>1</thread>
  <message>Text &amp;apos;Add to cart&amp;apos; is present on page </message>
  <nestedLevel>1</nestedLevel>
  <escapedJava>false</escapedJava>
  <property name="testops-is-assertion">true</property>
  <property name="testops-method-name">com.kms.katalon.core.webui.keyword.builtin.VerifyTextPresentKeyword.verifyTextPresent</property>
  <property name="testops-execution-stacktrace"></property>
</record>
<record>
  <date>2025-01-31T14:51:37.358010500Z</date>
  <millis>1738335097358</millis>
  <nanos>10500</nanos>
  <sequence>563</sequence>
  <level>END</level>
  <class>com.kms.katalon.core.logging.XmlKeywordLogger</class>
  <method>endKeyword</method>
  <thread>1</thread>
  <message>End action : verifyTextPresent(&amp;quot;Add to cart&amp;quot;, false)</message>
  <nestedLevel>1</nestedLevel>
  <escapedJava>false</escapedJava>
</record>
<record>
  <date>2025-01-31T14:51:37.358010500Z</date>
  <millis>1738335097358</millis>
  <nanos>10500</nanos>
  <sequence>564</sequence>
  <level>START</level>
  <class>com.kms.katalon.core.logging.XmlKeywordLogger</class>
  <method>startKeyword</method>
  <thread>1</thread>
  <message>Start action : closeBrowser()</message>
  <nestedLevel>1</nestedLevel>
  <escapedJava>false</escapedJava>
  <property name="startLine">28</property>
  <property name="stepIndex">5</property>
</record>
<record>
  <date>2025-01-31T14:51:38.846167100Z</date>
  <millis>1738335098846</millis>
  <nanos>167100</nanos>
  <sequence>566</sequence>
  <level>PASSED</level>
  <class>com.kms.katalon.core.logging.XmlKeywordLogger</class>
  <method>logMessage</method>
  <thread>1</thread>
  <message>Browser is closed</message>
  <nestedLevel>1</nestedLevel>
  <escapedJava>false</escapedJava>
  <property name="testops-method-name">com.kms.katalon.core.webui.keyword.builtin.CloseBrowserKeyword.closeBrowser</property>
  <property name="testops-execution-stacktrace"></property>
</record>
<record>
  <date>2025-01-31T14:51:38.846167100Z</date>
  <millis>1738335098846</millis>
  <nanos>167100</nanos>
  <sequence>567</sequence>
  <level>END</level>
  <class>com.kms.katalon.core.logging.XmlKeywordLogger</class>
  <method>endKeyword</method>
  <thread>1</thread>
  <message>End action : closeBrowser()</message>
  <nestedLevel>1</nestedLevel>
  <escapedJava>false</escapedJava>
</record>
<record>
  <date>2025-01-31T14:51:38.846167100Z</date>
  <millis>1738335098846</millis>
  <nanos>167100</nanos>
  <sequence>568</sequence>
  <level>PASSED</level>
  <class>com.kms.katalon.core.logging.XmlKeywordLogger</class>
  <method>logMessage</method>
  <thread>1</thread>
  <message>Test Cases/Login by Fourth Account - performance_glitch_user</message>
  <nestedLevel>1</nestedLevel>
  <escapedJava>false</escapedJava>
</record>
<record>
  <date>2025-01-31T14:51:38.846167100Z</date>
  <millis>1738335098846</millis>
  <nanos>167100</nanos>
  <sequence>569</sequence>
  <level>END</level>
  <class>com.kms.katalon.core.logging.XmlKeywordLogger</class>
  <method>endTest</method>
  <thread>1</thread>
  <message>End Test Case : Test Cases/Login by Fourth Account - performance_glitch_user</message>
  <nestedLevel>0</nestedLevel>
  <escapedJava>false</escapedJava>
  <property name="executionBindingVariables">[]</property>
  <property name="applitools">false</property>
  <property name="remainingRetryCount">1</property>
  <property name="currentRetryCount">2</property>
  <property name="keywordsUsage">{
  &quot;web_ui&quot;: true,
  &quot;web_service&quot;: false,
  &quot;cucumber&quot;: false,
  &quot;builtin&quot;: false,
  &quot;mobile&quot;: false,
  &quot;windows&quot;: false,
  &quot;testng&quot;: false
}</property>
</record>
<record>
  <date>2025-01-31T14:51:38.856446200Z</date>
  <millis>1738335098856</millis>
  <nanos>446200</nanos>
  <sequence>570</sequence>
  <level>START</level>
  <class>com.kms.katalon.core.logging.XmlKeywordLogger</class>
  <method>startTest</method>
  <thread>1</thread>
  <message>Start Test Case : Test Cases/Login by Second Account - locked_out_user</message>
  <nestedLevel>1</nestedLevel>
  <escapedJava>false</escapedJava>
  <property name="remainingRetryCount">3</property>
  <property name="name">Test Cases/Login by Second Account - locked_out_user</property>
  <property name="description"></property>
  <property name="iteration"></property>
  <property name="id">Test Cases/Login by Second Account - locked_out_user</property>
  <property name="source">C:\Users\ACER\git\KatalonGitSwagLabsNew\Test Cases\Login by Second Account - locked_out_user.tc</property>
  <property name="tag"></property>
  <property name="isOptional">false</property>
  <property name="currentRetryCount">0</property>
</record>
<record>
  <date>2025-01-31T14:51:38.981159800Z</date>
  <millis>1738335098981</millis>
  <nanos>159800</nanos>
  <sequence>572</sequence>
  <level>START</level>
  <class>com.kms.katalon.core.logging.XmlKeywordLogger</class>
  <method>startKeyword</method>
  <thread>1</thread>
  <message>Start action : openBrowser(&amp;quot;&amp;quot;)</message>
  <nestedLevel>1</nestedLevel>
  <escapedJava>false</escapedJava>
  <property name="startLine">20</property>
  <property name="stepIndex">1</property>
</record>
<record>
  <date>2025-01-31T14:51:38.981159800Z</date>
  <millis>1738335098981</millis>
  <nanos>159800</nanos>
  <sequence>574</sequence>
  <level>INFO</level>
  <class>com.kms.katalon.core.logging.XmlKeywordLogger</class>
  <method>logMessage</method>
  <thread>1</thread>
  <message>User set preference: [&amp;apos;os&amp;apos;, &amp;apos;windows&amp;apos;]</message>
  <nestedLevel>1</nestedLevel>
  <escapedJava>false</escapedJava>
</record>
<record>
  <date>2025-01-31T14:51:38.981159800Z</date>
  <millis>1738335098981</millis>
  <nanos>159800</nanos>
  <sequence>575</sequence>
  <level>INFO</level>
  <class>com.kms.katalon.core.logging.XmlKeywordLogger</class>
  <method>logMessage</method>
  <thread>1</thread>
  <message>User set preference: [&amp;apos;browserVersion&amp;apos;, &amp;apos;133&amp;apos;]</message>
  <nestedLevel>1</nestedLevel>
  <escapedJava>false</escapedJava>
</record>
<record>
  <date>2025-01-31T14:51:38.981159800Z</date>
  <millis>1738335098981</millis>
  <nanos>159800</nanos>
  <sequence>576</sequence>
  <level>INFO</level>
  <class>com.kms.katalon.core.logging.XmlKeywordLogger</class>
  <method>logMessage</method>
  <thread>1</thread>
  <message>User set preference: [&amp;apos;browserName&amp;apos;, &amp;apos;chrome&amp;apos;]</message>
  <nestedLevel>1</nestedLevel>
  <escapedJava>false</escapedJava>
</record>
<record>
  <date>2025-01-31T14:51:38.981159800Z</date>
  <millis>1738335098981</millis>
  <nanos>159800</nanos>
  <sequence>577</sequence>
  <level>INFO</level>
  <class>com.kms.katalon.core.logging.XmlKeywordLogger</class>
  <method>logMessage</method>
  <thread>1</thread>
  <message>User set preference: [&amp;apos;katalon:option&amp;apos;, &amp;apos;{organizationId=1906073, usingTunnel=true}&amp;apos;]</message>
  <nestedLevel>1</nestedLevel>
  <escapedJava>false</escapedJava>
</record>
<record>
  <date>2025-01-31T14:51:38.981159800Z</date>
  <millis>1738335098981</millis>
  <nanos>159800</nanos>
  <sequence>578</sequence>
  <level>INFO</level>
  <class>com.kms.katalon.core.logging.XmlKeywordLogger</class>
  <method>logMessage</method>
  <thread>1</thread>
  <message>Connecting to remote web server &amp;apos;testcloud.katalon.com/hub&amp;apos; with type &amp;apos;Selenium&amp;apos;</message>
  <nestedLevel>1</nestedLevel>
  <escapedJava>false</escapedJava>
</record>
<record>
  <date>2025-01-31T14:51:38.981159800Z</date>
  <millis>1738335098981</millis>
  <nanos>159800</nanos>
  <sequence>579</sequence>
  <level>INFO</level>
  <class>com.kms.katalon.core.logging.XmlKeywordLogger</class>
  <method>logMessage</method>
  <thread>1</thread>
  <message>Action delay is set to 0 milliseconds</message>
  <nestedLevel>1</nestedLevel>
  <escapedJava>false</escapedJava>
</record>
<record>
  <date>2025-01-31T14:52:14.981862100Z</date>
  <millis>1738335134981</millis>
  <nanos>862100</nanos>
  <sequence>581</sequence>
  <level>RUN_DATA</level>
  <class>com.kms.katalon.core.logging.XmlKeywordLogger</class>
  <method>logMessage</method>
  <thread>1</thread>
  <message>remoteDriverUrl = testcloud.katalon.com/hub</message>
  <nestedLevel>1</nestedLevel>
  <escapedJava>false</escapedJava>
  <property name="remoteDriverUrl">testcloud.katalon.com/hub</property>
</record>
<record>
  <date>2025-01-31T14:52:14.981862100Z</date>
  <millis>1738335134981</millis>
  <nanos>862100</nanos>
  <sequence>582</sequence>
  <level>RUN_DATA</level>
  <class>com.kms.katalon.core.logging.XmlKeywordLogger</class>
  <method>logMessage</method>
  <thread>1</thread>
  <message>remoteOS = Windows</message>
  <nestedLevel>1</nestedLevel>
  <escapedJava>false</escapedJava>
  <property name="remoteOS">Windows</property>
</record>
<record>
  <date>2025-01-31T14:52:14.990197Z</date>
  <millis>1738335134990</millis>
  <nanos>197000</nanos>
  <sequence>583</sequence>
  <level>RUN_DATA</level>
  <class>com.kms.katalon.core.logging.XmlKeywordLogger</class>
  <method>logMessage</method>
  <thread>1</thread>
  <message>desiredCapabilities = {
  &amp;quot;timeouts&amp;quot;: {
    &amp;quot;implicit&amp;quot;: 0,
    &amp;quot;pageLoad&amp;quot;: 300000,
    &amp;quot;script&amp;quot;: 30000
  },
  &amp;quot;se:cdpEnabled&amp;quot;: false,
  &amp;quot;platform&amp;quot;: &amp;quot;WINDOWS&amp;quot;,
  &amp;quot;goog:chromeOptions&amp;quot;: {
    &amp;quot;debuggerAddress&amp;quot;: &amp;quot;localhost:9225&amp;quot;
  },
  &amp;quot;webauthn:extension:credBlob&amp;quot;: true,
  &amp;quot;acceptInsecureCerts&amp;quot;: false,
  &amp;quot;browserVersion&amp;quot;: &amp;quot;133.0.0.0&amp;quot;,
  &amp;quot;fedcm:accounts&amp;quot;: true,
  &amp;quot;kt:requestId&amp;quot;: &amp;quot;bd38ccf5-3ace-4a74-a42c-aea9897e1e7b&amp;quot;,
  &amp;quot;browserName&amp;quot;: &amp;quot;chrome&amp;quot;,
  &amp;quot;javascriptEnabled&amp;quot;: true,
  &amp;quot;platformName&amp;quot;: &amp;quot;WINDOWS&amp;quot;,
  &amp;quot;setWindowRect&amp;quot;: true,
  &amp;quot;webauthn:extension:largeBlob&amp;quot;: true,
  &amp;quot;networkConnectionEnabled&amp;quot;: false,
  &amp;quot;chrome&amp;quot;: {
    &amp;quot;chromedriverVersion&amp;quot;: &amp;quot;133.0.6847.2 (7e95e23d2d1f87886163822aa701370c1187bfa1-refs/branch-heads/6847@{#6})&amp;quot;,
    &amp;quot;userDataDir&amp;quot;: &amp;quot;C:\\Windows\\SystemTemp\\scoped_dir2224_37173146&amp;quot;
  },
  &amp;quot;kt:rid&amp;quot;: &amp;quot;bd38ccf5-3ace-4a74-a42c-aea9897e1e7b&amp;quot;,
  &amp;quot;pageLoadStrategy&amp;quot;: &amp;quot;normal&amp;quot;,
  &amp;quot;unhandledPromptBehavior&amp;quot;: &amp;quot;dismiss and notify&amp;quot;,
  &amp;quot;strictFileInteractability&amp;quot;: false,
  &amp;quot;se:bidiEnabled&amp;quot;: false,
  &amp;quot;proxy&amp;quot;: {
    &amp;quot;proxyType&amp;quot;: &amp;quot;UNSPECIFIED&amp;quot;,
    &amp;quot;autodetect&amp;quot;: false
  },
  &amp;quot;webauthn:extension:minPinLength&amp;quot;: true,
  &amp;quot;webauthn:extension:prf&amp;quot;: true,
  &amp;quot;katalon:caps&amp;quot;: {
    &amp;quot;executionId&amp;quot;: &amp;quot;ed70bf1d-0481-4357-b705-883170df5944&amp;quot;,
    &amp;quot;executionSessionId&amp;quot;: &amp;quot;bd38ccf5-3ace-4a74-a42c-aea9897e1e7b&amp;quot;
  },
  &amp;quot;katalon:options&amp;quot;: {
    &amp;quot;executionId&amp;quot;: &amp;quot;ed70bf1d-0481-4357-b705-883170df5944&amp;quot;,
    &amp;quot;executionSessionId&amp;quot;: &amp;quot;bd38ccf5-3ace-4a74-a42c-aea9897e1e7b&amp;quot;,
    &amp;quot;group&amp;quot;: &amp;quot;9ab6bac5-1cc1-4a31-be02-e9541dffa2d0&amp;quot;,
    &amp;quot;metadata&amp;quot;: {
      &amp;quot;usingTunnel&amp;quot;: false,
      &amp;quot;accountUuid&amp;quot;: &amp;quot;fda32340-531c-49aa-a0b7-40d478ba5457&amp;quot;,
      &amp;quot;organizationId&amp;quot;: &amp;quot;1906073&amp;quot;
    },
    &amp;quot;organizationId&amp;quot;: &amp;quot;1906073&amp;quot;,
    &amp;quot;runFromTestCloud&amp;quot;: true,
    &amp;quot;tenant&amp;quot;: &amp;quot;TestOps&amp;quot;,
    &amp;quot;tunnelMetadataId&amp;quot;: &amp;quot;47bf9c75-9831-4539-a455-bf21b2504b03&amp;quot;,
    &amp;quot;userId&amp;quot;: 1648280,
    &amp;quot;username&amp;quot;: &amp;quot;innocent.beaver.duja@instantletter.net&amp;quot;,
    &amp;quot;usingTunnel&amp;quot;: true
  },
  &amp;quot;webauthn:virtualAuthenticators&amp;quot;: true
}</message>
  <nestedLevel>1</nestedLevel>
  <escapedJava>false</escapedJava>
  <property name="desiredCapabilities">{
  &quot;timeouts&quot;: {
    &quot;implicit&quot;: 0,
    &quot;pageLoad&quot;: 300000,
    &quot;script&quot;: 30000
  },
  &quot;se:cdpEnabled&quot;: false,
  &quot;platform&quot;: &quot;WINDOWS&quot;,
  &quot;goog:chromeOptions&quot;: {
    &quot;debuggerAddress&quot;: &quot;localhost:9225&quot;
  },
  &quot;webauthn:extension:credBlob&quot;: true,
  &quot;acceptInsecureCerts&quot;: false,
  &quot;browserVersion&quot;: &quot;133.0.0.0&quot;,
  &quot;fedcm:accounts&quot;: true,
  &quot;kt:requestId&quot;: &quot;bd38ccf5-3ace-4a74-a42c-aea9897e1e7b&quot;,
  &quot;browserName&quot;: &quot;chrome&quot;,
  &quot;javascriptEnabled&quot;: true,
  &quot;platformName&quot;: &quot;WINDOWS&quot;,
  &quot;setWindowRect&quot;: true,
  &quot;webauthn:extension:largeBlob&quot;: true,
  &quot;networkConnectionEnabled&quot;: false,
  &quot;chrome&quot;: {
    &quot;chromedriverVersion&quot;: &quot;133.0.6847.2 (7e95e23d2d1f87886163822aa701370c1187bfa1-refs/branch-heads/6847@{#6})&quot;,
    &quot;userDataDir&quot;: &quot;C:\\Windows\\SystemTemp\\scoped_dir2224_37173146&quot;
  },
  &quot;kt:rid&quot;: &quot;bd38ccf5-3ace-4a74-a42c-aea9897e1e7b&quot;,
  &quot;pageLoadStrategy&quot;: &quot;normal&quot;,
  &quot;unhandledPromptBehavior&quot;: &quot;dismiss and notify&quot;,
  &quot;strictFileInteractability&quot;: false,
  &quot;se:bidiEnabled&quot;: false,
  &quot;proxy&quot;: {
    &quot;proxyType&quot;: &quot;UNSPECIFIED&quot;,
    &quot;autodetect&quot;: false
  },
  &quot;webauthn:extension:minPinLength&quot;: true,
  &quot;webauthn:extension:prf&quot;: true,
  &quot;katalon:caps&quot;: {
    &quot;executionId&quot;: &quot;ed70bf1d-0481-4357-b705-883170df5944&quot;,
    &quot;executionSessionId&quot;: &quot;bd38ccf5-3ace-4a74-a42c-aea9897e1e7b&quot;
  },
  &quot;katalon:options&quot;: {
    &quot;executionId&quot;: &quot;ed70bf1d-0481-4357-b705-883170df5944&quot;,
    &quot;executionSessionId&quot;: &quot;bd38ccf5-3ace-4a74-a42c-aea9897e1e7b&quot;,
    &quot;group&quot;: &quot;9ab6bac5-1cc1-4a31-be02-e9541dffa2d0&quot;,
    &quot;metadata&quot;: {
      &quot;usingTunnel&quot;: false,
      &quot;accountUuid&quot;: &quot;fda32340-531c-49aa-a0b7-40d478ba5457&quot;,
      &quot;organizationId&quot;: &quot;1906073&quot;
    },
    &quot;organizationId&quot;: &quot;1906073&quot;,
    &quot;runFromTestCloud&quot;: true,
    &quot;tenant&quot;: &quot;TestOps&quot;,
    &quot;tunnelMetadataId&quot;: &quot;47bf9c75-9831-4539-a455-bf21b2504b03&quot;,
    &quot;userId&quot;: 1648280,
    &quot;username&quot;: &quot;innocent.beaver.duja@instantletter.net&quot;,
    &quot;usingTunnel&quot;: true
  },
  &quot;webauthn:virtualAuthenticators&quot;: true
}</property>
</record>
<record>
  <date>2025-01-31T14:52:14.991160300Z</date>
  <millis>1738335134991</millis>
  <nanos>160300</nanos>
  <sequence>584</sequence>
  <level>RUN_DATA</level>
  <class>com.kms.katalon.core.logging.XmlKeywordLogger</class>
  <method>logMessage</method>
  <thread>1</thread>
  <message>sessionId = 64143124f8dd35c01091c98c80225446</message>
  <nestedLevel>1</nestedLevel>
  <escapedJava>false</escapedJava>
  <property name="sessionId">64143124f8dd35c01091c98c80225446</property>
</record>
<record>
  <date>2025-01-31T14:52:15.330851700Z</date>
  <millis>1738335135330</millis>
  <nanos>851700</nanos>
  <sequence>585</sequence>
  <level>RUN_DATA</level>
  <class>com.kms.katalon.core.logging.XmlKeywordLogger</class>
  <method>logMessage</method>
  <thread>1</thread>
  <message>browser = Chrome 133.0.0.0</message>
  <nestedLevel>1</nestedLevel>
  <escapedJava>false</escapedJava>
  <property name="browser">Chrome 133.0.0.0</property>
</record>
<record>
  <date>2025-01-31T14:52:15.330851700Z</date>
  <millis>1738335135330</millis>
  <nanos>851700</nanos>
  <sequence>586</sequence>
  <level>RUN_DATA</level>
  <class>com.kms.katalon.core.logging.XmlKeywordLogger</class>
  <method>logMessage</method>
  <thread>1</thread>
  <message>platform = Windows 11</message>
  <nestedLevel>1</nestedLevel>
  <escapedJava>false</escapedJava>
  <property name="platform">Windows 11</property>
</record>
<record>
  <date>2025-01-31T14:52:15.330851700Z</date>
  <millis>1738335135330</millis>
  <nanos>851700</nanos>
  <sequence>587</sequence>
  <level>RUN_DATA</level>
  <class>com.kms.katalon.core.logging.XmlKeywordLogger</class>
  <method>logMessage</method>
  <thread>1</thread>
  <message>seleniumVersion = 3.141.59</message>
  <nestedLevel>1</nestedLevel>
  <escapedJava>false</escapedJava>
  <property name="seleniumVersion">3.141.59</property>
</record>
<record>
  <date>2025-01-31T14:52:15.330851700Z</date>
  <millis>1738335135330</millis>
  <nanos>851700</nanos>
  <sequence>588</sequence>
  <level>RUN_DATA</level>
  <class>com.kms.katalon.core.logging.XmlKeywordLogger</class>
  <method>logMessage</method>
  <thread>1</thread>
  <message>proxyInformation = ProxyInformation { proxyOption=NO_PROXY, proxyServerType=HTTP, username=, password=********, proxyServerAddress=, proxyServerPort=0, executionList=&amp;quot;&amp;quot;, isApplyToDesiredCapabilities=true }</message>
  <nestedLevel>1</nestedLevel>
  <escapedJava>false</escapedJava>
  <property name="proxyInformation">ProxyInformation { proxyOption=NO_PROXY, proxyServerType=HTTP, username=, password=********, proxyServerAddress=, proxyServerPort=0, executionList=&quot;&quot;, isApplyToDesiredCapabilities=true }</property>
</record>
<record>
  <date>2025-01-31T14:52:15.911799300Z</date>
  <millis>1738335135911</millis>
  <nanos>799300</nanos>
  <sequence>589</sequence>
  <level>PASSED</level>
  <class>com.kms.katalon.core.logging.XmlKeywordLogger</class>
  <method>logMessage</method>
  <thread>1</thread>
  <message>Browser is opened with url: &amp;apos;&amp;apos;</message>
  <nestedLevel>1</nestedLevel>
  <escapedJava>false</escapedJava>
  <property name="testops-method-name">com.kms.katalon.core.webui.keyword.builtin.OpenBrowserKeyword.openBrowser</property>
  <property name="testops-execution-stacktrace"></property>
</record>
<record>
  <date>2025-01-31T14:52:15.911799300Z</date>
  <millis>1738335135911</millis>
  <nanos>799300</nanos>
  <sequence>590</sequence>
  <level>END</level>
  <class>com.kms.katalon.core.logging.XmlKeywordLogger</class>
  <method>endKeyword</method>
  <thread>1</thread>
  <message>End action : openBrowser(&amp;quot;&amp;quot;)</message>
  <nestedLevel>1</nestedLevel>
  <escapedJava>false</escapedJava>
</record>
<record>
  <date>2025-01-31T14:52:15.911799300Z</date>
  <millis>1738335135911</millis>
  <nanos>799300</nanos>
  <sequence>591</sequence>
  <level>START</level>
  <class>com.kms.katalon.core.logging.XmlKeywordLogger</class>
  <method>startKeyword</method>
  <thread>1</thread>
  <message>Start action : navigateToUrl(&amp;quot;https://www.saucedemo.com/&amp;quot;)</message>
  <nestedLevel>1</nestedLevel>
  <escapedJava>false</escapedJava>
  <property name="startLine">22</property>
  <property name="stepIndex">2</property>
</record>
<record>
  <date>2025-01-31T14:52:18.755158200Z</date>
  <millis>1738335138755</millis>
  <nanos>158200</nanos>
  <sequence>594</sequence>
  <level>PASSED</level>
  <class>com.kms.katalon.core.logging.XmlKeywordLogger</class>
  <method>logMessage</method>
  <thread>1</thread>
  <message>Navigate to &amp;apos;https://www.saucedemo.com/&amp;apos; successfully</message>
  <nestedLevel>1</nestedLevel>
  <escapedJava>false</escapedJava>
  <property name="testops-method-name">com.kms.katalon.core.webui.keyword.builtin.NavigateToUrlKeyword.navigateToUrl</property>
  <property name="testops-execution-stacktrace"></property>
</record>
<record>
  <date>2025-01-31T14:52:18.755158200Z</date>
  <millis>1738335138755</millis>
  <nanos>158200</nanos>
  <sequence>595</sequence>
  <level>END</level>
  <class>com.kms.katalon.core.logging.XmlKeywordLogger</class>
  <method>endKeyword</method>
  <thread>1</thread>
  <message>End action : navigateToUrl(&amp;quot;https://www.saucedemo.com/&amp;quot;)</message>
  <nestedLevel>1</nestedLevel>
  <escapedJava>false</escapedJava>
</record>
<record>
  <date>2025-01-31T14:52:18.755158200Z</date>
  <millis>1738335138755</millis>
  <nanos>158200</nanos>
  <sequence>596</sequence>
  <level>START</level>
  <class>com.kms.katalon.core.logging.XmlKeywordLogger</class>
  <method>startKeyword</method>
  <thread>1</thread>
  <message>Start action : com.test.swaglabs.CustomLogin.WebLoginSecondAccount()</message>
  <nestedLevel>1</nestedLevel>
  <escapedJava>false</escapedJava>
  <property name="startLine">24</property>
  <property name="stepIndex">3</property>
</record>
<record>
  <date>2025-01-31T14:52:21.369027900Z</date>
  <millis>1738335141369</millis>
  <nanos>27900</nanos>
  <sequence>612</sequence>
  <level>PASSED</level>
  <class>com.kms.katalon.core.logging.XmlKeywordLogger</class>
  <method>logMessage</method>
  <thread>1</thread>
  <message>Text &amp;apos;locked_out_user&amp;apos; is set on object &amp;apos;Object Repository/Page_Swag Labs/input_Swag Labs_user-name&amp;apos;</message>
  <nestedLevel>1</nestedLevel>
  <escapedJava>false</escapedJava>
  <property name="testops-method-name">com.kms.katalon.core.webui.keyword.builtin.SetTextKeyword.setText</property>
  <property name="testops-execution-stacktrace"></property>
</record>
<record>
  <date>2025-01-31T14:52:23.604811200Z</date>
  <millis>1738335143604</millis>
  <nanos>811200</nanos>
  <sequence>628</sequence>
  <level>PASSED</level>
  <class>com.kms.katalon.core.logging.XmlKeywordLogger</class>
  <method>logMessage</method>
  <thread>1</thread>
  <message>Text &amp;apos;secret_sauce&amp;apos; is set on object &amp;apos;Object Repository/Page_Swag Labs/input_Swag Labs_password&amp;apos;</message>
  <nestedLevel>1</nestedLevel>
  <escapedJava>false</escapedJava>
  <property name="testops-method-name">com.kms.katalon.core.webui.keyword.builtin.SetTextKeyword.setText</property>
  <property name="testops-execution-stacktrace"></property>
</record>
<record>
  <date>2025-01-31T14:52:24.627752700Z</date>
  <millis>1738335144627</millis>
  <nanos>752700</nanos>
  <sequence>638</sequence>
  <level>PASSED</level>
  <class>com.kms.katalon.core.logging.XmlKeywordLogger</class>
  <method>logMessage</method>
  <thread>1</thread>
  <message>Object: &amp;apos;Object Repository/Page_Swag Labs/input_Swag Labs_login-button&amp;apos; is clicked on</message>
  <nestedLevel>1</nestedLevel>
  <escapedJava>false</escapedJava>
  <property name="testops-method-name">com.kms.katalon.core.webui.keyword.builtin.ClickKeyword.click</property>
  <property name="testops-execution-stacktrace"></property>
</record>
<record>
  <date>2025-01-31T14:52:24.627752700Z</date>
  <millis>1738335144627</millis>
  <nanos>752700</nanos>
  <sequence>639</sequence>
  <level>PASSED</level>
  <class>com.kms.katalon.core.logging.XmlKeywordLogger</class>
  <method>logMessage</method>
  <thread>1</thread>
  <message>com.test.swaglabs.CustomLogin.WebLoginSecondAccount is PASSED</message>
  <nestedLevel>1</nestedLevel>
  <escapedJava>false</escapedJava>
</record>
<record>
  <date>2025-01-31T14:52:24.634416900Z</date>
  <millis>1738335144634</millis>
  <nanos>416900</nanos>
  <sequence>640</sequence>
  <level>END</level>
  <class>com.kms.katalon.core.logging.XmlKeywordLogger</class>
  <method>endKeyword</method>
  <thread>1</thread>
  <message>End action : com.test.swaglabs.CustomLogin.WebLoginSecondAccount()</message>
  <nestedLevel>1</nestedLevel>
  <escapedJava>false</escapedJava>
</record>
<record>
  <date>2025-01-31T14:52:24.634932500Z</date>
  <millis>1738335144634</millis>
  <nanos>932500</nanos>
  <sequence>641</sequence>
  <level>START</level>
  <class>com.kms.katalon.core.logging.XmlKeywordLogger</class>
  <method>startKeyword</method>
  <thread>1</thread>
  <message>Start action : verifyTextPresent(&amp;quot;Epic sadface: Sorry, this user has been locked out.&amp;quot;, false)</message>
  <nestedLevel>1</nestedLevel>
  <escapedJava>false</escapedJava>
  <property name="startLine">26</property>
  <property name="stepIndex">4</property>
</record>
<record>
  <date>2025-01-31T14:52:25.544537500Z</date>
  <millis>1738335145544</millis>
  <nanos>537500</nanos>
  <sequence>645</sequence>
  <level>PASSED</level>
  <class>com.kms.katalon.core.logging.XmlKeywordLogger</class>
  <method>logMessage</method>
  <thread>1</thread>
  <message>Text &amp;apos;Epic sadface: Sorry, this user has been locked out.&amp;apos; is present on page </message>
  <nestedLevel>1</nestedLevel>
  <escapedJava>false</escapedJava>
  <property name="testops-is-assertion">true</property>
  <property name="testops-method-name">com.kms.katalon.core.webui.keyword.builtin.VerifyTextPresentKeyword.verifyTextPresent</property>
  <property name="testops-execution-stacktrace"></property>
</record>
<record>
  <date>2025-01-31T14:52:25.551151100Z</date>
  <millis>1738335145551</millis>
  <nanos>151100</nanos>
  <sequence>646</sequence>
  <level>END</level>
  <class>com.kms.katalon.core.logging.XmlKeywordLogger</class>
  <method>endKeyword</method>
  <thread>1</thread>
  <message>End action : verifyTextPresent(&amp;quot;Epic sadface: Sorry, this user has been locked out.&amp;quot;, false)</message>
  <nestedLevel>1</nestedLevel>
  <escapedJava>false</escapedJava>
</record>
<record>
  <date>2025-01-31T14:52:25.551151100Z</date>
  <millis>1738335145551</millis>
  <nanos>151100</nanos>
  <sequence>647</sequence>
  <level>START</level>
  <class>com.kms.katalon.core.logging.XmlKeywordLogger</class>
  <method>startKeyword</method>
  <thread>1</thread>
  <message>Start action : closeBrowser()</message>
  <nestedLevel>1</nestedLevel>
  <escapedJava>false</escapedJava>
  <property name="startLine">28</property>
  <property name="stepIndex">5</property>
</record>
<record>
  <date>2025-01-31T14:52:27.035314100Z</date>
  <millis>1738335147035</millis>
  <nanos>314100</nanos>
  <sequence>649</sequence>
  <level>PASSED</level>
  <class>com.kms.katalon.core.logging.XmlKeywordLogger</class>
  <method>logMessage</method>
  <thread>1</thread>
  <message>Browser is closed</message>
  <nestedLevel>1</nestedLevel>
  <escapedJava>false</escapedJava>
  <property name="testops-method-name">com.kms.katalon.core.webui.keyword.builtin.CloseBrowserKeyword.closeBrowser</property>
  <property name="testops-execution-stacktrace"></property>
</record>
<record>
  <date>2025-01-31T14:52:27.035314100Z</date>
  <millis>1738335147035</millis>
  <nanos>314100</nanos>
  <sequence>650</sequence>
  <level>END</level>
  <class>com.kms.katalon.core.logging.XmlKeywordLogger</class>
  <method>endKeyword</method>
  <thread>1</thread>
  <message>End action : closeBrowser()</message>
  <nestedLevel>1</nestedLevel>
  <escapedJava>false</escapedJava>
</record>
<record>
  <date>2025-01-31T14:52:27.035314100Z</date>
  <millis>1738335147035</millis>
  <nanos>314100</nanos>
  <sequence>651</sequence>
  <level>PASSED</level>
  <class>com.kms.katalon.core.logging.XmlKeywordLogger</class>
  <method>logMessage</method>
  <thread>1</thread>
  <message>Test Cases/Login by Second Account - locked_out_user</message>
  <nestedLevel>1</nestedLevel>
  <escapedJava>false</escapedJava>
</record>
<record>
  <date>2025-01-31T14:52:27.035314100Z</date>
  <millis>1738335147035</millis>
  <nanos>314100</nanos>
  <sequence>652</sequence>
  <level>END</level>
  <class>com.kms.katalon.core.logging.XmlKeywordLogger</class>
  <method>endTest</method>
  <thread>1</thread>
  <message>End Test Case : Test Cases/Login by Second Account - locked_out_user</message>
  <nestedLevel>0</nestedLevel>
  <escapedJava>false</escapedJava>
  <property name="executionBindingVariables">[]</property>
  <property name="applitools">false</property>
  <property name="remainingRetryCount">3</property>
  <property name="currentRetryCount">0</property>
  <property name="keywordsUsage">{
  &quot;web_ui&quot;: true,
  &quot;web_service&quot;: false,
  &quot;cucumber&quot;: false,
  &quot;builtin&quot;: false,
  &quot;mobile&quot;: false,
  &quot;windows&quot;: false,
  &quot;testng&quot;: false
}</property>
</record>
<record>
  <date>2025-01-31T14:52:27.043781300Z</date>
  <millis>1738335147043</millis>
  <nanos>781300</nanos>
  <sequence>653</sequence>
  <level>START</level>
  <class>com.kms.katalon.core.logging.XmlKeywordLogger</class>
  <method>startTest</method>
  <thread>1</thread>
  <message>Start Test Case : Test Cases/Login by Sixth Account - visual_user</message>
  <nestedLevel>1</nestedLevel>
  <escapedJava>false</escapedJava>
  <property name="remainingRetryCount">3</property>
  <property name="name">Test Cases/Login by Sixth Account - visual_user</property>
  <property name="description"></property>
  <property name="iteration"></property>
  <property name="id">Test Cases/Login by Sixth Account - visual_user</property>
  <property name="source">C:\Users\ACER\git\KatalonGitSwagLabsNew\Test Cases\Login by Sixth Account - visual_user.tc</property>
  <property name="tag"></property>
  <property name="isOptional">false</property>
  <property name="currentRetryCount">0</property>
</record>
<record>
  <date>2025-01-31T14:52:27.276927400Z</date>
  <millis>1738335147276</millis>
  <nanos>927400</nanos>
  <sequence>655</sequence>
  <level>START</level>
  <class>com.kms.katalon.core.logging.XmlKeywordLogger</class>
  <method>startKeyword</method>
  <thread>1</thread>
  <message>Start action : openBrowser(&amp;quot;&amp;quot;)</message>
  <nestedLevel>1</nestedLevel>
  <escapedJava>false</escapedJava>
  <property name="startLine">20</property>
  <property name="stepIndex">1</property>
</record>
<record>
  <date>2025-01-31T14:52:27.287543200Z</date>
  <millis>1738335147287</millis>
  <nanos>543200</nanos>
  <sequence>657</sequence>
  <level>INFO</level>
  <class>com.kms.katalon.core.logging.XmlKeywordLogger</class>
  <method>logMessage</method>
  <thread>1</thread>
  <message>User set preference: [&amp;apos;os&amp;apos;, &amp;apos;windows&amp;apos;]</message>
  <nestedLevel>1</nestedLevel>
  <escapedJava>false</escapedJava>
</record>
<record>
  <date>2025-01-31T14:52:27.287543200Z</date>
  <millis>1738335147287</millis>
  <nanos>543200</nanos>
  <sequence>658</sequence>
  <level>INFO</level>
  <class>com.kms.katalon.core.logging.XmlKeywordLogger</class>
  <method>logMessage</method>
  <thread>1</thread>
  <message>User set preference: [&amp;apos;browserVersion&amp;apos;, &amp;apos;133&amp;apos;]</message>
  <nestedLevel>1</nestedLevel>
  <escapedJava>false</escapedJava>
</record>
<record>
  <date>2025-01-31T14:52:27.295565600Z</date>
  <millis>1738335147295</millis>
  <nanos>565600</nanos>
  <sequence>659</sequence>
  <level>INFO</level>
  <class>com.kms.katalon.core.logging.XmlKeywordLogger</class>
  <method>logMessage</method>
  <thread>1</thread>
  <message>User set preference: [&amp;apos;browserName&amp;apos;, &amp;apos;chrome&amp;apos;]</message>
  <nestedLevel>1</nestedLevel>
  <escapedJava>false</escapedJava>
</record>
<record>
  <date>2025-01-31T14:52:27.295565600Z</date>
  <millis>1738335147295</millis>
  <nanos>565600</nanos>
  <sequence>660</sequence>
  <level>INFO</level>
  <class>com.kms.katalon.core.logging.XmlKeywordLogger</class>
  <method>logMessage</method>
  <thread>1</thread>
  <message>User set preference: [&amp;apos;katalon:option&amp;apos;, &amp;apos;{organizationId=1906073, usingTunnel=true}&amp;apos;]</message>
  <nestedLevel>1</nestedLevel>
  <escapedJava>false</escapedJava>
</record>
<record>
  <date>2025-01-31T14:52:27.295565600Z</date>
  <millis>1738335147295</millis>
  <nanos>565600</nanos>
  <sequence>661</sequence>
  <level>INFO</level>
  <class>com.kms.katalon.core.logging.XmlKeywordLogger</class>
  <method>logMessage</method>
  <thread>1</thread>
  <message>Connecting to remote web server &amp;apos;testcloud.katalon.com/hub&amp;apos; with type &amp;apos;Selenium&amp;apos;</message>
  <nestedLevel>1</nestedLevel>
  <escapedJava>false</escapedJava>
</record>
<record>
  <date>2025-01-31T14:52:27.303802800Z</date>
  <millis>1738335147303</millis>
  <nanos>802800</nanos>
  <sequence>662</sequence>
  <level>INFO</level>
  <class>com.kms.katalon.core.logging.XmlKeywordLogger</class>
  <method>logMessage</method>
  <thread>1</thread>
  <message>Action delay is set to 0 milliseconds</message>
  <nestedLevel>1</nestedLevel>
  <escapedJava>false</escapedJava>
</record>
<record>
  <date>2025-01-31T14:53:02.762273100Z</date>
  <millis>1738335182762</millis>
  <nanos>273100</nanos>
  <sequence>664</sequence>
  <level>RUN_DATA</level>
  <class>com.kms.katalon.core.logging.XmlKeywordLogger</class>
  <method>logMessage</method>
  <thread>1</thread>
  <message>remoteDriverUrl = testcloud.katalon.com/hub</message>
  <nestedLevel>1</nestedLevel>
  <escapedJava>false</escapedJava>
  <property name="remoteDriverUrl">testcloud.katalon.com/hub</property>
</record>
<record>
  <date>2025-01-31T14:53:02.763272700Z</date>
  <millis>1738335182763</millis>
  <nanos>272700</nanos>
  <sequence>665</sequence>
  <level>RUN_DATA</level>
  <class>com.kms.katalon.core.logging.XmlKeywordLogger</class>
  <method>logMessage</method>
  <thread>1</thread>
  <message>remoteOS = Windows</message>
  <nestedLevel>1</nestedLevel>
  <escapedJava>false</escapedJava>
  <property name="remoteOS">Windows</property>
</record>
<record>
  <date>2025-01-31T14:53:02.766271900Z</date>
  <millis>1738335182766</millis>
  <nanos>271900</nanos>
  <sequence>666</sequence>
  <level>RUN_DATA</level>
  <class>com.kms.katalon.core.logging.XmlKeywordLogger</class>
  <method>logMessage</method>
  <thread>1</thread>
  <message>desiredCapabilities = {
  &amp;quot;timeouts&amp;quot;: {
    &amp;quot;implicit&amp;quot;: 0,
    &amp;quot;pageLoad&amp;quot;: 300000,
    &amp;quot;script&amp;quot;: 30000
  },
  &amp;quot;se:cdpEnabled&amp;quot;: false,
  &amp;quot;platform&amp;quot;: &amp;quot;WINDOWS&amp;quot;,
  &amp;quot;goog:chromeOptions&amp;quot;: {
    &amp;quot;debuggerAddress&amp;quot;: &amp;quot;localhost:9225&amp;quot;
  },
  &amp;quot;webauthn:extension:credBlob&amp;quot;: true,
  &amp;quot;acceptInsecureCerts&amp;quot;: false,
  &amp;quot;browserVersion&amp;quot;: &amp;quot;133.0.0.0&amp;quot;,
  &amp;quot;fedcm:accounts&amp;quot;: true,
  &amp;quot;kt:requestId&amp;quot;: &amp;quot;d4b8ff2c-5093-4c9c-be3a-ca6c2bea68f8&amp;quot;,
  &amp;quot;browserName&amp;quot;: &amp;quot;chrome&amp;quot;,
  &amp;quot;javascriptEnabled&amp;quot;: true,
  &amp;quot;platformName&amp;quot;: &amp;quot;WINDOWS&amp;quot;,
  &amp;quot;setWindowRect&amp;quot;: true,
  &amp;quot;webauthn:extension:largeBlob&amp;quot;: true,
  &amp;quot;networkConnectionEnabled&amp;quot;: false,
  &amp;quot;chrome&amp;quot;: {
    &amp;quot;chromedriverVersion&amp;quot;: &amp;quot;133.0.6847.2 (7e95e23d2d1f87886163822aa701370c1187bfa1-refs/branch-heads/6847@{#6})&amp;quot;,
    &amp;quot;userDataDir&amp;quot;: &amp;quot;C:\\Windows\\SystemTemp\\scoped_dir4524_2054255089&amp;quot;
  },
  &amp;quot;kt:rid&amp;quot;: &amp;quot;d4b8ff2c-5093-4c9c-be3a-ca6c2bea68f8&amp;quot;,
  &amp;quot;pageLoadStrategy&amp;quot;: &amp;quot;normal&amp;quot;,
  &amp;quot;unhandledPromptBehavior&amp;quot;: &amp;quot;dismiss and notify&amp;quot;,
  &amp;quot;strictFileInteractability&amp;quot;: false,
  &amp;quot;se:bidiEnabled&amp;quot;: false,
  &amp;quot;proxy&amp;quot;: {
    &amp;quot;proxyType&amp;quot;: &amp;quot;UNSPECIFIED&amp;quot;,
    &amp;quot;autodetect&amp;quot;: false
  },
  &amp;quot;webauthn:extension:minPinLength&amp;quot;: true,
  &amp;quot;webauthn:extension:prf&amp;quot;: true,
  &amp;quot;katalon:caps&amp;quot;: {
    &amp;quot;executionId&amp;quot;: &amp;quot;f640f2c2-0737-405c-9254-4c9529c9a3c5&amp;quot;,
    &amp;quot;executionSessionId&amp;quot;: &amp;quot;d4b8ff2c-5093-4c9c-be3a-ca6c2bea68f8&amp;quot;
  },
  &amp;quot;katalon:options&amp;quot;: {
    &amp;quot;executionId&amp;quot;: &amp;quot;f640f2c2-0737-405c-9254-4c9529c9a3c5&amp;quot;,
    &amp;quot;executionSessionId&amp;quot;: &amp;quot;d4b8ff2c-5093-4c9c-be3a-ca6c2bea68f8&amp;quot;,
    &amp;quot;group&amp;quot;: &amp;quot;9ab6bac5-1cc1-4a31-be02-e9541dffa2d0&amp;quot;,
    &amp;quot;metadata&amp;quot;: {
      &amp;quot;usingTunnel&amp;quot;: false,
      &amp;quot;accountUuid&amp;quot;: &amp;quot;fda32340-531c-49aa-a0b7-40d478ba5457&amp;quot;,
      &amp;quot;organizationId&amp;quot;: &amp;quot;1906073&amp;quot;
    },
    &amp;quot;organizationId&amp;quot;: &amp;quot;1906073&amp;quot;,
    &amp;quot;runFromTestCloud&amp;quot;: true,
    &amp;quot;tenant&amp;quot;: &amp;quot;TestOps&amp;quot;,
    &amp;quot;tunnelMetadataId&amp;quot;: &amp;quot;47bf9c75-9831-4539-a455-bf21b2504b03&amp;quot;,
    &amp;quot;userId&amp;quot;: 1648280,
    &amp;quot;username&amp;quot;: &amp;quot;innocent.beaver.duja@instantletter.net&amp;quot;,
    &amp;quot;usingTunnel&amp;quot;: true
  },
  &amp;quot;webauthn:virtualAuthenticators&amp;quot;: true
}</message>
  <nestedLevel>1</nestedLevel>
  <escapedJava>false</escapedJava>
  <property name="desiredCapabilities">{
  &quot;timeouts&quot;: {
    &quot;implicit&quot;: 0,
    &quot;pageLoad&quot;: 300000,
    &quot;script&quot;: 30000
  },
  &quot;se:cdpEnabled&quot;: false,
  &quot;platform&quot;: &quot;WINDOWS&quot;,
  &quot;goog:chromeOptions&quot;: {
    &quot;debuggerAddress&quot;: &quot;localhost:9225&quot;
  },
  &quot;webauthn:extension:credBlob&quot;: true,
  &quot;acceptInsecureCerts&quot;: false,
  &quot;browserVersion&quot;: &quot;133.0.0.0&quot;,
  &quot;fedcm:accounts&quot;: true,
  &quot;kt:requestId&quot;: &quot;d4b8ff2c-5093-4c9c-be3a-ca6c2bea68f8&quot;,
  &quot;browserName&quot;: &quot;chrome&quot;,
  &quot;javascriptEnabled&quot;: true,
  &quot;platformName&quot;: &quot;WINDOWS&quot;,
  &quot;setWindowRect&quot;: true,
  &quot;webauthn:extension:largeBlob&quot;: true,
  &quot;networkConnectionEnabled&quot;: false,
  &quot;chrome&quot;: {
    &quot;chromedriverVersion&quot;: &quot;133.0.6847.2 (7e95e23d2d1f87886163822aa701370c1187bfa1-refs/branch-heads/6847@{#6})&quot;,
    &quot;userDataDir&quot;: &quot;C:\\Windows\\SystemTemp\\scoped_dir4524_2054255089&quot;
  },
  &quot;kt:rid&quot;: &quot;d4b8ff2c-5093-4c9c-be3a-ca6c2bea68f8&quot;,
  &quot;pageLoadStrategy&quot;: &quot;normal&quot;,
  &quot;unhandledPromptBehavior&quot;: &quot;dismiss and notify&quot;,
  &quot;strictFileInteractability&quot;: false,
  &quot;se:bidiEnabled&quot;: false,
  &quot;proxy&quot;: {
    &quot;proxyType&quot;: &quot;UNSPECIFIED&quot;,
    &quot;autodetect&quot;: false
  },
  &quot;webauthn:extension:minPinLength&quot;: true,
  &quot;webauthn:extension:prf&quot;: true,
  &quot;katalon:caps&quot;: {
    &quot;executionId&quot;: &quot;f640f2c2-0737-405c-9254-4c9529c9a3c5&quot;,
    &quot;executionSessionId&quot;: &quot;d4b8ff2c-5093-4c9c-be3a-ca6c2bea68f8&quot;
  },
  &quot;katalon:options&quot;: {
    &quot;executionId&quot;: &quot;f640f2c2-0737-405c-9254-4c9529c9a3c5&quot;,
    &quot;executionSessionId&quot;: &quot;d4b8ff2c-5093-4c9c-be3a-ca6c2bea68f8&quot;,
    &quot;group&quot;: &quot;9ab6bac5-1cc1-4a31-be02-e9541dffa2d0&quot;,
    &quot;metadata&quot;: {
      &quot;usingTunnel&quot;: false,
      &quot;accountUuid&quot;: &quot;fda32340-531c-49aa-a0b7-40d478ba5457&quot;,
      &quot;organizationId&quot;: &quot;1906073&quot;
    },
    &quot;organizationId&quot;: &quot;1906073&quot;,
    &quot;runFromTestCloud&quot;: true,
    &quot;tenant&quot;: &quot;TestOps&quot;,
    &quot;tunnelMetadataId&quot;: &quot;47bf9c75-9831-4539-a455-bf21b2504b03&quot;,
    &quot;userId&quot;: 1648280,
    &quot;username&quot;: &quot;innocent.beaver.duja@instantletter.net&quot;,
    &quot;usingTunnel&quot;: true
  },
  &quot;webauthn:virtualAuthenticators&quot;: true
}</property>
</record>
<record>
  <date>2025-01-31T14:53:02.769743800Z</date>
  <millis>1738335182769</millis>
  <nanos>743800</nanos>
  <sequence>667</sequence>
  <level>RUN_DATA</level>
  <class>com.kms.katalon.core.logging.XmlKeywordLogger</class>
  <method>logMessage</method>
  <thread>1</thread>
  <message>sessionId = 67104a82e538410c37aae465989d837a</message>
  <nestedLevel>1</nestedLevel>
  <escapedJava>false</escapedJava>
  <property name="sessionId">67104a82e538410c37aae465989d837a</property>
</record>
<record>
  <date>2025-01-31T14:53:03.060329600Z</date>
  <millis>1738335183060</millis>
  <nanos>329600</nanos>
  <sequence>668</sequence>
  <level>RUN_DATA</level>
  <class>com.kms.katalon.core.logging.XmlKeywordLogger</class>
  <method>logMessage</method>
  <thread>1</thread>
  <message>browser = Chrome 133.0.0.0</message>
  <nestedLevel>1</nestedLevel>
  <escapedJava>false</escapedJava>
  <property name="browser">Chrome 133.0.0.0</property>
</record>
<record>
  <date>2025-01-31T14:53:03.061253900Z</date>
  <millis>1738335183061</millis>
  <nanos>253900</nanos>
  <sequence>669</sequence>
  <level>RUN_DATA</level>
  <class>com.kms.katalon.core.logging.XmlKeywordLogger</class>
  <method>logMessage</method>
  <thread>1</thread>
  <message>platform = Windows 11</message>
  <nestedLevel>1</nestedLevel>
  <escapedJava>false</escapedJava>
  <property name="platform">Windows 11</property>
</record>
<record>
  <date>2025-01-31T14:53:03.061253900Z</date>
  <millis>1738335183061</millis>
  <nanos>253900</nanos>
  <sequence>670</sequence>
  <level>RUN_DATA</level>
  <class>com.kms.katalon.core.logging.XmlKeywordLogger</class>
  <method>logMessage</method>
  <thread>1</thread>
  <message>seleniumVersion = 3.141.59</message>
  <nestedLevel>1</nestedLevel>
  <escapedJava>false</escapedJava>
  <property name="seleniumVersion">3.141.59</property>
</record>
<record>
  <date>2025-01-31T14:53:03.062253900Z</date>
  <millis>1738335183062</millis>
  <nanos>253900</nanos>
  <sequence>671</sequence>
  <level>RUN_DATA</level>
  <class>com.kms.katalon.core.logging.XmlKeywordLogger</class>
  <method>logMessage</method>
  <thread>1</thread>
  <message>proxyInformation = ProxyInformation { proxyOption=NO_PROXY, proxyServerType=HTTP, username=, password=********, proxyServerAddress=, proxyServerPort=0, executionList=&amp;quot;&amp;quot;, isApplyToDesiredCapabilities=true }</message>
  <nestedLevel>1</nestedLevel>
  <escapedJava>false</escapedJava>
  <property name="proxyInformation">ProxyInformation { proxyOption=NO_PROXY, proxyServerType=HTTP, username=, password=********, proxyServerAddress=, proxyServerPort=0, executionList=&quot;&quot;, isApplyToDesiredCapabilities=true }</property>
</record>
<record>
  <date>2025-01-31T14:53:03.652691200Z</date>
  <millis>1738335183652</millis>
  <nanos>691200</nanos>
  <sequence>672</sequence>
  <level>PASSED</level>
  <class>com.kms.katalon.core.logging.XmlKeywordLogger</class>
  <method>logMessage</method>
  <thread>1</thread>
  <message>Browser is opened with url: &amp;apos;&amp;apos;</message>
  <nestedLevel>1</nestedLevel>
  <escapedJava>false</escapedJava>
  <property name="testops-method-name">com.kms.katalon.core.webui.keyword.builtin.OpenBrowserKeyword.openBrowser</property>
  <property name="testops-execution-stacktrace"></property>
</record>
<record>
  <date>2025-01-31T14:53:03.657688400Z</date>
  <millis>1738335183657</millis>
  <nanos>688400</nanos>
  <sequence>673</sequence>
  <level>END</level>
  <class>com.kms.katalon.core.logging.XmlKeywordLogger</class>
  <method>endKeyword</method>
  <thread>1</thread>
  <message>End action : openBrowser(&amp;quot;&amp;quot;)</message>
  <nestedLevel>1</nestedLevel>
  <escapedJava>false</escapedJava>
</record>
<record>
  <date>2025-01-31T14:53:03.658688200Z</date>
  <millis>1738335183658</millis>
  <nanos>688200</nanos>
  <sequence>674</sequence>
  <level>START</level>
  <class>com.kms.katalon.core.logging.XmlKeywordLogger</class>
  <method>startKeyword</method>
  <thread>1</thread>
  <message>Start action : navigateToUrl(&amp;quot;https://www.saucedemo.com/&amp;quot;)</message>
  <nestedLevel>1</nestedLevel>
  <escapedJava>false</escapedJava>
  <property name="startLine">22</property>
  <property name="stepIndex">2</property>
</record>
<record>
  <date>2025-01-31T14:53:06.450090500Z</date>
  <millis>1738335186450</millis>
  <nanos>90500</nanos>
  <sequence>677</sequence>
  <level>PASSED</level>
  <class>com.kms.katalon.core.logging.XmlKeywordLogger</class>
  <method>logMessage</method>
  <thread>1</thread>
  <message>Navigate to &amp;apos;https://www.saucedemo.com/&amp;apos; successfully</message>
  <nestedLevel>1</nestedLevel>
  <escapedJava>false</escapedJava>
  <property name="testops-method-name">com.kms.katalon.core.webui.keyword.builtin.NavigateToUrlKeyword.navigateToUrl</property>
  <property name="testops-execution-stacktrace"></property>
</record>
<record>
  <date>2025-01-31T14:53:06.453080400Z</date>
  <millis>1738335186453</millis>
  <nanos>80400</nanos>
  <sequence>678</sequence>
  <level>END</level>
  <class>com.kms.katalon.core.logging.XmlKeywordLogger</class>
  <method>endKeyword</method>
  <thread>1</thread>
  <message>End action : navigateToUrl(&amp;quot;https://www.saucedemo.com/&amp;quot;)</message>
  <nestedLevel>1</nestedLevel>
  <escapedJava>false</escapedJava>
</record>
<record>
  <date>2025-01-31T14:53:06.453080400Z</date>
  <millis>1738335186453</millis>
  <nanos>80400</nanos>
  <sequence>679</sequence>
  <level>START</level>
  <class>com.kms.katalon.core.logging.XmlKeywordLogger</class>
  <method>startKeyword</method>
  <thread>1</thread>
  <message>Start action : com.test.swaglabs.CustomLogin.WebLoginSixthAccount()</message>
  <nestedLevel>1</nestedLevel>
  <escapedJava>false</escapedJava>
  <property name="startLine">24</property>
  <property name="stepIndex">3</property>
</record>
<record>
  <date>2025-01-31T14:53:08.959730100Z</date>
  <millis>1738335188959</millis>
  <nanos>730100</nanos>
  <sequence>695</sequence>
  <level>PASSED</level>
  <class>com.kms.katalon.core.logging.XmlKeywordLogger</class>
  <method>logMessage</method>
  <thread>1</thread>
  <message>Text &amp;apos;visual_user&amp;apos; is set on object &amp;apos;Object Repository/Page_Swag Labs/input_Swag Labs_user-name&amp;apos;</message>
  <nestedLevel>1</nestedLevel>
  <escapedJava>false</escapedJava>
  <property name="testops-method-name">com.kms.katalon.core.webui.keyword.builtin.SetTextKeyword.setText</property>
  <property name="testops-execution-stacktrace"></property>
</record>
<record>
  <date>2025-01-31T14:53:11.405691300Z</date>
  <millis>1738335191405</millis>
  <nanos>691300</nanos>
  <sequence>711</sequence>
  <level>PASSED</level>
  <class>com.kms.katalon.core.logging.XmlKeywordLogger</class>
  <method>logMessage</method>
  <thread>1</thread>
  <message>Text &amp;apos;secret_sauce&amp;apos; is set on object &amp;apos;Object Repository/Page_Swag Labs/input_Swag Labs_password&amp;apos;</message>
  <nestedLevel>1</nestedLevel>
  <escapedJava>false</escapedJava>
  <property name="testops-method-name">com.kms.katalon.core.webui.keyword.builtin.SetTextKeyword.setText</property>
  <property name="testops-execution-stacktrace"></property>
</record>
<record>
  <date>2025-01-31T14:53:12.512370700Z</date>
  <millis>1738335192512</millis>
  <nanos>370700</nanos>
  <sequence>721</sequence>
  <level>PASSED</level>
  <class>com.kms.katalon.core.logging.XmlKeywordLogger</class>
  <method>logMessage</method>
  <thread>1</thread>
  <message>Object: &amp;apos;Object Repository/Page_Swag Labs/input_Swag Labs_login-button&amp;apos; is clicked on</message>
  <nestedLevel>1</nestedLevel>
  <escapedJava>false</escapedJava>
  <property name="testops-method-name">com.kms.katalon.core.webui.keyword.builtin.ClickKeyword.click</property>
  <property name="testops-execution-stacktrace"></property>
</record>
<record>
  <date>2025-01-31T14:53:12.513374200Z</date>
  <millis>1738335192513</millis>
  <nanos>374200</nanos>
  <sequence>722</sequence>
  <level>PASSED</level>
  <class>com.kms.katalon.core.logging.XmlKeywordLogger</class>
  <method>logMessage</method>
  <thread>1</thread>
  <message>com.test.swaglabs.CustomLogin.WebLoginSixthAccount is PASSED</message>
  <nestedLevel>1</nestedLevel>
  <escapedJava>false</escapedJava>
</record>
<record>
  <date>2025-01-31T14:53:12.516373Z</date>
  <millis>1738335192516</millis>
  <nanos>373000</nanos>
  <sequence>723</sequence>
  <level>END</level>
  <class>com.kms.katalon.core.logging.XmlKeywordLogger</class>
  <method>endKeyword</method>
  <thread>1</thread>
  <message>End action : com.test.swaglabs.CustomLogin.WebLoginSixthAccount()</message>
  <nestedLevel>1</nestedLevel>
  <escapedJava>false</escapedJava>
</record>
<record>
  <date>2025-01-31T14:53:12.517370200Z</date>
  <millis>1738335192517</millis>
  <nanos>370200</nanos>
  <sequence>724</sequence>
  <level>START</level>
  <class>com.kms.katalon.core.logging.XmlKeywordLogger</class>
  <method>startKeyword</method>
  <thread>1</thread>
  <message>Start action : verifyElementPresent(findTestObject(&amp;quot;Page_Swag Labs/span_Name (A to Z)Name (A to Z)Name (Z to A)Price (low to high)Price (high to low)&amp;quot;), 10)</message>
  <nestedLevel>1</nestedLevel>
  <escapedJava>false</escapedJava>
  <property name="startLine">26</property>
  <property name="stepIndex">4</property>
</record>
<record>
  <date>2025-01-31T14:53:13.195181100Z</date>
  <millis>1738335193195</millis>
  <nanos>181100</nanos>
  <sequence>732</sequence>
  <level>PASSED</level>
  <class>com.kms.katalon.core.logging.XmlKeywordLogger</class>
  <method>logMessage</method>
  <thread>1</thread>
  <message>Object &amp;apos;Object Repository/Page_Swag Labs/span_Name (A to Z)Name (A to Z)Name (Z to A)Price (low to high)Price (high to low)&amp;apos; is present</message>
  <nestedLevel>1</nestedLevel>
  <escapedJava>false</escapedJava>
  <property name="testops-is-assertion">true</property>
  <property name="testops-method-name">com.kms.katalon.core.webui.keyword.builtin.VerifyElementPresentKeyword.verifyElementPresent</property>
  <property name="testops-execution-stacktrace"></property>
</record>
<record>
  <date>2025-01-31T14:53:13.199171700Z</date>
  <millis>1738335193199</millis>
  <nanos>171700</nanos>
  <sequence>733</sequence>
  <level>END</level>
  <class>com.kms.katalon.core.logging.XmlKeywordLogger</class>
  <method>endKeyword</method>
  <thread>1</thread>
  <message>End action : verifyElementPresent(findTestObject(&amp;quot;Page_Swag Labs/span_Name (A to Z)Name (A to Z)Name (Z to A)Price (low to high)Price (high to low)&amp;quot;), 10)</message>
  <nestedLevel>1</nestedLevel>
  <escapedJava>false</escapedJava>
</record>
<record>
  <date>2025-01-31T14:53:13.200170700Z</date>
  <millis>1738335193200</millis>
  <nanos>170700</nanos>
  <sequence>734</sequence>
  <level>START</level>
  <class>com.kms.katalon.core.logging.XmlKeywordLogger</class>
  <method>startKeyword</method>
  <thread>1</thread>
  <message>Start action : closeBrowser()</message>
  <nestedLevel>1</nestedLevel>
  <escapedJava>false</escapedJava>
  <property name="startLine">29</property>
  <property name="stepIndex">5</property>
</record>
<record>
  <date>2025-01-31T14:53:14.637305100Z</date>
  <millis>1738335194637</millis>
  <nanos>305100</nanos>
  <sequence>736</sequence>
  <level>PASSED</level>
  <class>com.kms.katalon.core.logging.XmlKeywordLogger</class>
  <method>logMessage</method>
  <thread>1</thread>
  <message>Browser is closed</message>
  <nestedLevel>1</nestedLevel>
  <escapedJava>false</escapedJava>
  <property name="testops-method-name">com.kms.katalon.core.webui.keyword.builtin.CloseBrowserKeyword.closeBrowser</property>
  <property name="testops-execution-stacktrace"></property>
</record>
<record>
  <date>2025-01-31T14:53:14.638309600Z</date>
  <millis>1738335194638</millis>
  <nanos>309600</nanos>
  <sequence>737</sequence>
  <level>END</level>
  <class>com.kms.katalon.core.logging.XmlKeywordLogger</class>
  <method>endKeyword</method>
  <thread>1</thread>
  <message>End action : closeBrowser()</message>
  <nestedLevel>1</nestedLevel>
  <escapedJava>false</escapedJava>
</record>
<record>
  <date>2025-01-31T14:53:14.639312600Z</date>
  <millis>1738335194639</millis>
  <nanos>312600</nanos>
  <sequence>738</sequence>
  <level>PASSED</level>
  <class>com.kms.katalon.core.logging.XmlKeywordLogger</class>
  <method>logMessage</method>
  <thread>1</thread>
  <message>Test Cases/Login by Sixth Account - visual_user</message>
  <nestedLevel>1</nestedLevel>
  <escapedJava>false</escapedJava>
</record>
<record>
  <date>2025-01-31T14:53:14.641303400Z</date>
  <millis>1738335194641</millis>
  <nanos>303400</nanos>
  <sequence>739</sequence>
  <level>END</level>
  <class>com.kms.katalon.core.logging.XmlKeywordLogger</class>
  <method>endTest</method>
  <thread>1</thread>
  <message>End Test Case : Test Cases/Login by Sixth Account - visual_user</message>
  <nestedLevel>0</nestedLevel>
  <escapedJava>false</escapedJava>
  <property name="executionBindingVariables">[]</property>
  <property name="applitools">false</property>
  <property name="remainingRetryCount">3</property>
  <property name="currentRetryCount">0</property>
  <property name="keywordsUsage">{
  &quot;web_ui&quot;: true,
  &quot;web_service&quot;: false,
  &quot;cucumber&quot;: false,
  &quot;builtin&quot;: false,
  &quot;mobile&quot;: false,
  &quot;windows&quot;: false,
  &quot;testng&quot;: false
}</property>
</record>
<record>
  <date>2025-01-31T14:53:14.647306600Z</date>
  <millis>1738335194647</millis>
  <nanos>306600</nanos>
  <sequence>740</sequence>
  <level>START</level>
  <class>com.kms.katalon.core.logging.XmlKeywordLogger</class>
  <method>startTest</method>
  <thread>1</thread>
  <message>Start Test Case : Test Cases/Login by Third Account - problem_user</message>
  <nestedLevel>1</nestedLevel>
  <escapedJava>false</escapedJava>
  <property name="remainingRetryCount">3</property>
  <property name="name">Test Cases/Login by Third Account - problem_user</property>
  <property name="description"></property>
  <property name="iteration"></property>
  <property name="id">Test Cases/Login by Third Account - problem_user</property>
  <property name="source">C:\Users\ACER\git\KatalonGitSwagLabsNew\Test Cases\Login by Third Account - problem_user.tc</property>
  <property name="tag"></property>
  <property name="isOptional">false</property>
  <property name="currentRetryCount">0</property>
</record>
<record>
  <date>2025-01-31T14:53:14.838652500Z</date>
  <millis>1738335194838</millis>
  <nanos>652500</nanos>
  <sequence>742</sequence>
  <level>START</level>
  <class>com.kms.katalon.core.logging.XmlKeywordLogger</class>
  <method>startKeyword</method>
  <thread>1</thread>
  <message>Start action : openBrowser(&amp;quot;&amp;quot;)</message>
  <nestedLevel>1</nestedLevel>
  <escapedJava>false</escapedJava>
  <property name="startLine">20</property>
  <property name="stepIndex">1</property>
</record>
<record>
  <date>2025-01-31T14:53:14.852664400Z</date>
  <millis>1738335194852</millis>
  <nanos>664400</nanos>
  <sequence>744</sequence>
  <level>INFO</level>
  <class>com.kms.katalon.core.logging.XmlKeywordLogger</class>
  <method>logMessage</method>
  <thread>1</thread>
  <message>User set preference: [&amp;apos;os&amp;apos;, &amp;apos;windows&amp;apos;]</message>
  <nestedLevel>1</nestedLevel>
  <escapedJava>false</escapedJava>
</record>
<record>
  <date>2025-01-31T14:53:14.852664400Z</date>
  <millis>1738335194852</millis>
  <nanos>664400</nanos>
  <sequence>745</sequence>
  <level>INFO</level>
  <class>com.kms.katalon.core.logging.XmlKeywordLogger</class>
  <method>logMessage</method>
  <thread>1</thread>
  <message>User set preference: [&amp;apos;browserVersion&amp;apos;, &amp;apos;133&amp;apos;]</message>
  <nestedLevel>1</nestedLevel>
  <escapedJava>false</escapedJava>
</record>
<record>
  <date>2025-01-31T14:53:14.853668200Z</date>
  <millis>1738335194853</millis>
  <nanos>668200</nanos>
  <sequence>746</sequence>
  <level>INFO</level>
  <class>com.kms.katalon.core.logging.XmlKeywordLogger</class>
  <method>logMessage</method>
  <thread>1</thread>
  <message>User set preference: [&amp;apos;browserName&amp;apos;, &amp;apos;chrome&amp;apos;]</message>
  <nestedLevel>1</nestedLevel>
  <escapedJava>false</escapedJava>
</record>
<record>
  <date>2025-01-31T14:53:14.853668200Z</date>
  <millis>1738335194853</millis>
  <nanos>668200</nanos>
  <sequence>747</sequence>
  <level>INFO</level>
  <class>com.kms.katalon.core.logging.XmlKeywordLogger</class>
  <method>logMessage</method>
  <thread>1</thread>
  <message>User set preference: [&amp;apos;katalon:option&amp;apos;, &amp;apos;{organizationId=1906073, usingTunnel=true}&amp;apos;]</message>
  <nestedLevel>1</nestedLevel>
  <escapedJava>false</escapedJava>
</record>
<record>
  <date>2025-01-31T14:53:14.856671900Z</date>
  <millis>1738335194856</millis>
  <nanos>671900</nanos>
  <sequence>748</sequence>
  <level>INFO</level>
  <class>com.kms.katalon.core.logging.XmlKeywordLogger</class>
  <method>logMessage</method>
  <thread>1</thread>
  <message>Connecting to remote web server &amp;apos;testcloud.katalon.com/hub&amp;apos; with type &amp;apos;Selenium&amp;apos;</message>
  <nestedLevel>1</nestedLevel>
  <escapedJava>false</escapedJava>
</record>
<record>
  <date>2025-01-31T14:53:14.859675400Z</date>
  <millis>1738335194859</millis>
  <nanos>675400</nanos>
  <sequence>749</sequence>
  <level>INFO</level>
  <class>com.kms.katalon.core.logging.XmlKeywordLogger</class>
  <method>logMessage</method>
  <thread>1</thread>
  <message>Action delay is set to 0 milliseconds</message>
  <nestedLevel>1</nestedLevel>
  <escapedJava>false</escapedJava>
</record>
<record>
  <date>2025-01-31T14:53:49.101473Z</date>
  <millis>1738335229101</millis>
  <nanos>473000</nanos>
  <sequence>751</sequence>
  <level>RUN_DATA</level>
  <class>com.kms.katalon.core.logging.XmlKeywordLogger</class>
  <method>logMessage</method>
  <thread>1</thread>
  <message>remoteDriverUrl = testcloud.katalon.com/hub</message>
  <nestedLevel>1</nestedLevel>
  <escapedJava>false</escapedJava>
  <property name="remoteDriverUrl">testcloud.katalon.com/hub</property>
</record>
<record>
  <date>2025-01-31T14:53:49.102477800Z</date>
  <millis>1738335229102</millis>
  <nanos>477800</nanos>
  <sequence>752</sequence>
  <level>RUN_DATA</level>
  <class>com.kms.katalon.core.logging.XmlKeywordLogger</class>
  <method>logMessage</method>
  <thread>1</thread>
  <message>remoteOS = Windows</message>
  <nestedLevel>1</nestedLevel>
  <escapedJava>false</escapedJava>
  <property name="remoteOS">Windows</property>
</record>
<record>
  <date>2025-01-31T14:53:49.104474300Z</date>
  <millis>1738335229104</millis>
  <nanos>474300</nanos>
  <sequence>753</sequence>
  <level>RUN_DATA</level>
  <class>com.kms.katalon.core.logging.XmlKeywordLogger</class>
  <method>logMessage</method>
  <thread>1</thread>
  <message>desiredCapabilities = {
  &amp;quot;timeouts&amp;quot;: {
    &amp;quot;implicit&amp;quot;: 0,
    &amp;quot;pageLoad&amp;quot;: 300000,
    &amp;quot;script&amp;quot;: 30000
  },
  &amp;quot;se:cdpEnabled&amp;quot;: false,
  &amp;quot;platform&amp;quot;: &amp;quot;WINDOWS&amp;quot;,
  &amp;quot;goog:chromeOptions&amp;quot;: {
    &amp;quot;debuggerAddress&amp;quot;: &amp;quot;localhost:9225&amp;quot;
  },
  &amp;quot;webauthn:extension:credBlob&amp;quot;: true,
  &amp;quot;acceptInsecureCerts&amp;quot;: false,
  &amp;quot;browserVersion&amp;quot;: &amp;quot;133.0.0.0&amp;quot;,
  &amp;quot;fedcm:accounts&amp;quot;: true,
  &amp;quot;kt:requestId&amp;quot;: &amp;quot;e8ab069b-53ce-4859-bbb8-59595deb7de6&amp;quot;,
  &amp;quot;browserName&amp;quot;: &amp;quot;chrome&amp;quot;,
  &amp;quot;javascriptEnabled&amp;quot;: true,
  &amp;quot;platformName&amp;quot;: &amp;quot;WINDOWS&amp;quot;,
  &amp;quot;setWindowRect&amp;quot;: true,
  &amp;quot;webauthn:extension:largeBlob&amp;quot;: true,
  &amp;quot;networkConnectionEnabled&amp;quot;: false,
  &amp;quot;chrome&amp;quot;: {
    &amp;quot;chromedriverVersion&amp;quot;: &amp;quot;133.0.6847.2 (7e95e23d2d1f87886163822aa701370c1187bfa1-refs/branch-heads/6847@{#6})&amp;quot;,
    &amp;quot;userDataDir&amp;quot;: &amp;quot;C:\\Windows\\SystemTemp\\scoped_dir5464_1631854299&amp;quot;
  },
  &amp;quot;kt:rid&amp;quot;: &amp;quot;e8ab069b-53ce-4859-bbb8-59595deb7de6&amp;quot;,
  &amp;quot;pageLoadStrategy&amp;quot;: &amp;quot;normal&amp;quot;,
  &amp;quot;unhandledPromptBehavior&amp;quot;: &amp;quot;dismiss and notify&amp;quot;,
  &amp;quot;strictFileInteractability&amp;quot;: false,
  &amp;quot;se:bidiEnabled&amp;quot;: false,
  &amp;quot;proxy&amp;quot;: {
    &amp;quot;proxyType&amp;quot;: &amp;quot;UNSPECIFIED&amp;quot;,
    &amp;quot;autodetect&amp;quot;: false
  },
  &amp;quot;webauthn:extension:minPinLength&amp;quot;: true,
  &amp;quot;webauthn:extension:prf&amp;quot;: true,
  &amp;quot;katalon:caps&amp;quot;: {
    &amp;quot;executionId&amp;quot;: &amp;quot;36c3f013-4581-440b-b9e2-946b15b32646&amp;quot;,
    &amp;quot;executionSessionId&amp;quot;: &amp;quot;e8ab069b-53ce-4859-bbb8-59595deb7de6&amp;quot;
  },
  &amp;quot;katalon:options&amp;quot;: {
    &amp;quot;executionId&amp;quot;: &amp;quot;36c3f013-4581-440b-b9e2-946b15b32646&amp;quot;,
    &amp;quot;executionSessionId&amp;quot;: &amp;quot;e8ab069b-53ce-4859-bbb8-59595deb7de6&amp;quot;,
    &amp;quot;group&amp;quot;: &amp;quot;9ab6bac5-1cc1-4a31-be02-e9541dffa2d0&amp;quot;,
    &amp;quot;metadata&amp;quot;: {
      &amp;quot;usingTunnel&amp;quot;: false,
      &amp;quot;accountUuid&amp;quot;: &amp;quot;fda32340-531c-49aa-a0b7-40d478ba5457&amp;quot;,
      &amp;quot;organizationId&amp;quot;: &amp;quot;1906073&amp;quot;
    },
    &amp;quot;organizationId&amp;quot;: &amp;quot;1906073&amp;quot;,
    &amp;quot;runFromTestCloud&amp;quot;: true,
    &amp;quot;tenant&amp;quot;: &amp;quot;TestOps&amp;quot;,
    &amp;quot;tunnelMetadataId&amp;quot;: &amp;quot;47bf9c75-9831-4539-a455-bf21b2504b03&amp;quot;,
    &amp;quot;userId&amp;quot;: 1648280,
    &amp;quot;username&amp;quot;: &amp;quot;innocent.beaver.duja@instantletter.net&amp;quot;,
    &amp;quot;usingTunnel&amp;quot;: true
  },
  &amp;quot;webauthn:virtualAuthenticators&amp;quot;: true
}</message>
  <nestedLevel>1</nestedLevel>
  <escapedJava>false</escapedJava>
  <property name="desiredCapabilities">{
  &quot;timeouts&quot;: {
    &quot;implicit&quot;: 0,
    &quot;pageLoad&quot;: 300000,
    &quot;script&quot;: 30000
  },
  &quot;se:cdpEnabled&quot;: false,
  &quot;platform&quot;: &quot;WINDOWS&quot;,
  &quot;goog:chromeOptions&quot;: {
    &quot;debuggerAddress&quot;: &quot;localhost:9225&quot;
  },
  &quot;webauthn:extension:credBlob&quot;: true,
  &quot;acceptInsecureCerts&quot;: false,
  &quot;browserVersion&quot;: &quot;133.0.0.0&quot;,
  &quot;fedcm:accounts&quot;: true,
  &quot;kt:requestId&quot;: &quot;e8ab069b-53ce-4859-bbb8-59595deb7de6&quot;,
  &quot;browserName&quot;: &quot;chrome&quot;,
  &quot;javascriptEnabled&quot;: true,
  &quot;platformName&quot;: &quot;WINDOWS&quot;,
  &quot;setWindowRect&quot;: true,
  &quot;webauthn:extension:largeBlob&quot;: true,
  &quot;networkConnectionEnabled&quot;: false,
  &quot;chrome&quot;: {
    &quot;chromedriverVersion&quot;: &quot;133.0.6847.2 (7e95e23d2d1f87886163822aa701370c1187bfa1-refs/branch-heads/6847@{#6})&quot;,
    &quot;userDataDir&quot;: &quot;C:\\Windows\\SystemTemp\\scoped_dir5464_1631854299&quot;
  },
  &quot;kt:rid&quot;: &quot;e8ab069b-53ce-4859-bbb8-59595deb7de6&quot;,
  &quot;pageLoadStrategy&quot;: &quot;normal&quot;,
  &quot;unhandledPromptBehavior&quot;: &quot;dismiss and notify&quot;,
  &quot;strictFileInteractability&quot;: false,
  &quot;se:bidiEnabled&quot;: false,
  &quot;proxy&quot;: {
    &quot;proxyType&quot;: &quot;UNSPECIFIED&quot;,
    &quot;autodetect&quot;: false
  },
  &quot;webauthn:extension:minPinLength&quot;: true,
  &quot;webauthn:extension:prf&quot;: true,
  &quot;katalon:caps&quot;: {
    &quot;executionId&quot;: &quot;36c3f013-4581-440b-b9e2-946b15b32646&quot;,
    &quot;executionSessionId&quot;: &quot;e8ab069b-53ce-4859-bbb8-59595deb7de6&quot;
  },
  &quot;katalon:options&quot;: {
    &quot;executionId&quot;: &quot;36c3f013-4581-440b-b9e2-946b15b32646&quot;,
    &quot;executionSessionId&quot;: &quot;e8ab069b-53ce-4859-bbb8-59595deb7de6&quot;,
    &quot;group&quot;: &quot;9ab6bac5-1cc1-4a31-be02-e9541dffa2d0&quot;,
    &quot;metadata&quot;: {
      &quot;usingTunnel&quot;: false,
      &quot;accountUuid&quot;: &quot;fda32340-531c-49aa-a0b7-40d478ba5457&quot;,
      &quot;organizationId&quot;: &quot;1906073&quot;
    },
    &quot;organizationId&quot;: &quot;1906073&quot;,
    &quot;runFromTestCloud&quot;: true,
    &quot;tenant&quot;: &quot;TestOps&quot;,
    &quot;tunnelMetadataId&quot;: &quot;47bf9c75-9831-4539-a455-bf21b2504b03&quot;,
    &quot;userId&quot;: 1648280,
    &quot;username&quot;: &quot;innocent.beaver.duja@instantletter.net&quot;,
    &quot;usingTunnel&quot;: true
  },
  &quot;webauthn:virtualAuthenticators&quot;: true
}</property>
</record>
<record>
  <date>2025-01-31T14:53:49.105473600Z</date>
  <millis>1738335229105</millis>
  <nanos>473600</nanos>
  <sequence>754</sequence>
  <level>RUN_DATA</level>
  <class>com.kms.katalon.core.logging.XmlKeywordLogger</class>
  <method>logMessage</method>
  <thread>1</thread>
  <message>sessionId = b1fe3d5b0dd639ce1ac37f0244976399</message>
  <nestedLevel>1</nestedLevel>
  <escapedJava>false</escapedJava>
  <property name="sessionId">b1fe3d5b0dd639ce1ac37f0244976399</property>
</record>
<record>
  <date>2025-01-31T14:53:49.425765700Z</date>
  <millis>1738335229425</millis>
  <nanos>765700</nanos>
  <sequence>755</sequence>
  <level>RUN_DATA</level>
  <class>com.kms.katalon.core.logging.XmlKeywordLogger</class>
  <method>logMessage</method>
  <thread>1</thread>
  <message>browser = Chrome 133.0.0.0</message>
  <nestedLevel>1</nestedLevel>
  <escapedJava>false</escapedJava>
  <property name="browser">Chrome 133.0.0.0</property>
</record>
<record>
  <date>2025-01-31T14:53:49.425765700Z</date>
  <millis>1738335229425</millis>
  <nanos>765700</nanos>
  <sequence>756</sequence>
  <level>RUN_DATA</level>
  <class>com.kms.katalon.core.logging.XmlKeywordLogger</class>
  <method>logMessage</method>
  <thread>1</thread>
  <message>platform = Windows 11</message>
  <nestedLevel>1</nestedLevel>
  <escapedJava>false</escapedJava>
  <property name="platform">Windows 11</property>
</record>
<record>
  <date>2025-01-31T14:53:49.427570700Z</date>
  <millis>1738335229427</millis>
  <nanos>570700</nanos>
  <sequence>757</sequence>
  <level>RUN_DATA</level>
  <class>com.kms.katalon.core.logging.XmlKeywordLogger</class>
  <method>logMessage</method>
  <thread>1</thread>
  <message>seleniumVersion = 3.141.59</message>
  <nestedLevel>1</nestedLevel>
  <escapedJava>false</escapedJava>
  <property name="seleniumVersion">3.141.59</property>
</record>
<record>
  <date>2025-01-31T14:53:49.427570700Z</date>
  <millis>1738335229427</millis>
  <nanos>570700</nanos>
  <sequence>758</sequence>
  <level>RUN_DATA</level>
  <class>com.kms.katalon.core.logging.XmlKeywordLogger</class>
  <method>logMessage</method>
  <thread>1</thread>
  <message>proxyInformation = ProxyInformation { proxyOption=NO_PROXY, proxyServerType=HTTP, username=, password=********, proxyServerAddress=, proxyServerPort=0, executionList=&amp;quot;&amp;quot;, isApplyToDesiredCapabilities=true }</message>
  <nestedLevel>1</nestedLevel>
  <escapedJava>false</escapedJava>
  <property name="proxyInformation">ProxyInformation { proxyOption=NO_PROXY, proxyServerType=HTTP, username=, password=********, proxyServerAddress=, proxyServerPort=0, executionList=&quot;&quot;, isApplyToDesiredCapabilities=true }</property>
</record>
<record>
  <date>2025-01-31T14:53:50.021099500Z</date>
  <millis>1738335230021</millis>
  <nanos>99500</nanos>
  <sequence>759</sequence>
  <level>PASSED</level>
  <class>com.kms.katalon.core.logging.XmlKeywordLogger</class>
  <method>logMessage</method>
  <thread>1</thread>
  <message>Browser is opened with url: &amp;apos;&amp;apos;</message>
  <nestedLevel>1</nestedLevel>
  <escapedJava>false</escapedJava>
  <property name="testops-method-name">com.kms.katalon.core.webui.keyword.builtin.OpenBrowserKeyword.openBrowser</property>
  <property name="testops-execution-stacktrace"></property>
</record>
<record>
  <date>2025-01-31T14:53:50.024097100Z</date>
  <millis>1738335230024</millis>
  <nanos>97100</nanos>
  <sequence>760</sequence>
  <level>END</level>
  <class>com.kms.katalon.core.logging.XmlKeywordLogger</class>
  <method>endKeyword</method>
  <thread>1</thread>
  <message>End action : openBrowser(&amp;quot;&amp;quot;)</message>
  <nestedLevel>1</nestedLevel>
  <escapedJava>false</escapedJava>
</record>
<record>
  <date>2025-01-31T14:53:50.024097100Z</date>
  <millis>1738335230024</millis>
  <nanos>97100</nanos>
  <sequence>761</sequence>
  <level>START</level>
  <class>com.kms.katalon.core.logging.XmlKeywordLogger</class>
  <method>startKeyword</method>
  <thread>1</thread>
  <message>Start action : navigateToUrl(&amp;quot;https://www.saucedemo.com/&amp;quot;)</message>
  <nestedLevel>1</nestedLevel>
  <escapedJava>false</escapedJava>
  <property name="startLine">22</property>
  <property name="stepIndex">2</property>
</record>
<record>
  <date>2025-01-31T14:53:51.329953800Z</date>
  <millis>1738335231329</millis>
  <nanos>953800</nanos>
  <sequence>764</sequence>
  <level>PASSED</level>
  <class>com.kms.katalon.core.logging.XmlKeywordLogger</class>
  <method>logMessage</method>
  <thread>1</thread>
  <message>Navigate to &amp;apos;https://www.saucedemo.com/&amp;apos; successfully</message>
  <nestedLevel>1</nestedLevel>
  <escapedJava>false</escapedJava>
  <property name="testops-method-name">com.kms.katalon.core.webui.keyword.builtin.NavigateToUrlKeyword.navigateToUrl</property>
  <property name="testops-execution-stacktrace"></property>
</record>
<record>
  <date>2025-01-31T14:53:51.331957200Z</date>
  <millis>1738335231331</millis>
  <nanos>957200</nanos>
  <sequence>765</sequence>
  <level>END</level>
  <class>com.kms.katalon.core.logging.XmlKeywordLogger</class>
  <method>endKeyword</method>
  <thread>1</thread>
  <message>End action : navigateToUrl(&amp;quot;https://www.saucedemo.com/&amp;quot;)</message>
  <nestedLevel>1</nestedLevel>
  <escapedJava>false</escapedJava>
</record>
<record>
  <date>2025-01-31T14:53:51.332956800Z</date>
  <millis>1738335231332</millis>
  <nanos>956800</nanos>
  <sequence>766</sequence>
  <level>START</level>
  <class>com.kms.katalon.core.logging.XmlKeywordLogger</class>
  <method>startKeyword</method>
  <thread>1</thread>
  <message>Start action : com.test.swaglabs.CustomLogin.WebLoginThirdAccount()</message>
  <nestedLevel>1</nestedLevel>
  <escapedJava>false</escapedJava>
  <property name="startLine">24</property>
  <property name="stepIndex">3</property>
</record>
<record>
  <date>2025-01-31T14:53:55.049838300Z</date>
  <millis>1738335235049</millis>
  <nanos>838300</nanos>
  <sequence>782</sequence>
  <level>PASSED</level>
  <class>com.kms.katalon.core.logging.XmlKeywordLogger</class>
  <method>logMessage</method>
  <thread>1</thread>
  <message>Text &amp;apos;problem_user&amp;apos; is set on object &amp;apos;Object Repository/Page_Swag Labs/input_Swag Labs_user-name&amp;apos;</message>
  <nestedLevel>1</nestedLevel>
  <escapedJava>false</escapedJava>
  <property name="testops-method-name">com.kms.katalon.core.webui.keyword.builtin.SetTextKeyword.setText</property>
  <property name="testops-execution-stacktrace"></property>
</record>
<record>
  <date>2025-01-31T14:53:56.377396300Z</date>
  <millis>1738335236377</millis>
  <nanos>396300</nanos>
  <sequence>793</sequence>
  <level>PASSED</level>
  <class>com.kms.katalon.core.logging.XmlKeywordLogger</class>
  <method>logMessage</method>
  <thread>1</thread>
  <message>Text ****** has been set on object &amp;apos;Object Repository/Page_Swag Labs/input_Swag Labs_password&amp;apos;</message>
  <nestedLevel>1</nestedLevel>
  <escapedJava>false</escapedJava>
  <property name="testops-method-name">com.kms.katalon.core.webui.keyword.builtin.SetEncryptedTextKeyword.setEncryptedText</property>
  <property name="testops-execution-stacktrace"></property>
</record>
<record>
  <date>2025-01-31T14:53:57.474901600Z</date>
  <millis>1738335237474</millis>
  <nanos>901600</nanos>
  <sequence>803</sequence>
  <level>PASSED</level>
  <class>com.kms.katalon.core.logging.XmlKeywordLogger</class>
  <method>logMessage</method>
  <thread>1</thread>
  <message>Object: &amp;apos;Object Repository/Page_Swag Labs/input_Swag Labs_login-button&amp;apos; is clicked on</message>
  <nestedLevel>1</nestedLevel>
  <escapedJava>false</escapedJava>
  <property name="testops-method-name">com.kms.katalon.core.webui.keyword.builtin.ClickKeyword.click</property>
  <property name="testops-execution-stacktrace"></property>
</record>
<record>
  <date>2025-01-31T14:53:57.474901600Z</date>
  <millis>1738335237474</millis>
  <nanos>901600</nanos>
  <sequence>804</sequence>
  <level>PASSED</level>
  <class>com.kms.katalon.core.logging.XmlKeywordLogger</class>
  <method>logMessage</method>
  <thread>1</thread>
  <message>com.test.swaglabs.CustomLogin.WebLoginThirdAccount is PASSED</message>
  <nestedLevel>1</nestedLevel>
  <escapedJava>false</escapedJava>
</record>
<record>
  <date>2025-01-31T14:53:57.479897800Z</date>
  <millis>1738335237479</millis>
  <nanos>897800</nanos>
  <sequence>805</sequence>
  <level>END</level>
  <class>com.kms.katalon.core.logging.XmlKeywordLogger</class>
  <method>endKeyword</method>
  <thread>1</thread>
  <message>End action : com.test.swaglabs.CustomLogin.WebLoginThirdAccount()</message>
  <nestedLevel>1</nestedLevel>
  <escapedJava>false</escapedJava>
</record>
<record>
  <date>2025-01-31T14:53:57.480898Z</date>
  <millis>1738335237480</millis>
  <nanos>898000</nanos>
  <sequence>806</sequence>
  <level>START</level>
  <class>com.kms.katalon.core.logging.XmlKeywordLogger</class>
  <method>startKeyword</method>
  <thread>1</thread>
  <message>Start action : verifyTextPresent(&amp;quot;Add to cart&amp;quot;, false)</message>
  <nestedLevel>1</nestedLevel>
  <escapedJava>false</escapedJava>
  <property name="startLine">26</property>
  <property name="stepIndex">4</property>
</record>
<record>
  <date>2025-01-31T14:53:58.590995300Z</date>
  <millis>1738335238590</millis>
  <nanos>995300</nanos>
  <sequence>810</sequence>
  <level>PASSED</level>
  <class>com.kms.katalon.core.logging.XmlKeywordLogger</class>
  <method>logMessage</method>
  <thread>1</thread>
  <message>Text &amp;apos;Add to cart&amp;apos; is present on page </message>
  <nestedLevel>1</nestedLevel>
  <escapedJava>false</escapedJava>
  <property name="testops-is-assertion">true</property>
  <property name="testops-method-name">com.kms.katalon.core.webui.keyword.builtin.VerifyTextPresentKeyword.verifyTextPresent</property>
  <property name="testops-execution-stacktrace"></property>
</record>
<record>
  <date>2025-01-31T14:53:58.593994600Z</date>
  <millis>1738335238593</millis>
  <nanos>994600</nanos>
  <sequence>811</sequence>
  <level>END</level>
  <class>com.kms.katalon.core.logging.XmlKeywordLogger</class>
  <method>endKeyword</method>
  <thread>1</thread>
  <message>End action : verifyTextPresent(&amp;quot;Add to cart&amp;quot;, false)</message>
  <nestedLevel>1</nestedLevel>
  <escapedJava>false</escapedJava>
</record>
<record>
  <date>2025-01-31T14:53:58.594993400Z</date>
  <millis>1738335238594</millis>
  <nanos>993400</nanos>
  <sequence>812</sequence>
  <level>START</level>
  <class>com.kms.katalon.core.logging.XmlKeywordLogger</class>
  <method>startKeyword</method>
  <thread>1</thread>
  <message>Start action : closeBrowser()</message>
  <nestedLevel>1</nestedLevel>
  <escapedJava>false</escapedJava>
  <property name="startLine">28</property>
  <property name="stepIndex">5</property>
</record>
<record>
  <date>2025-01-31T14:54:00.058124100Z</date>
  <millis>1738335240058</millis>
  <nanos>124100</nanos>
  <sequence>814</sequence>
  <level>PASSED</level>
  <class>com.kms.katalon.core.logging.XmlKeywordLogger</class>
  <method>logMessage</method>
  <thread>1</thread>
  <message>Browser is closed</message>
  <nestedLevel>1</nestedLevel>
  <escapedJava>false</escapedJava>
  <property name="testops-method-name">com.kms.katalon.core.webui.keyword.builtin.CloseBrowserKeyword.closeBrowser</property>
  <property name="testops-execution-stacktrace"></property>
</record>
<record>
  <date>2025-01-31T14:54:00.059121Z</date>
  <millis>1738335240059</millis>
  <nanos>121000</nanos>
  <sequence>815</sequence>
  <level>END</level>
  <class>com.kms.katalon.core.logging.XmlKeywordLogger</class>
  <method>endKeyword</method>
  <thread>1</thread>
  <message>End action : closeBrowser()</message>
  <nestedLevel>1</nestedLevel>
  <escapedJava>false</escapedJava>
</record>
<record>
  <date>2025-01-31T14:54:00.059121Z</date>
  <millis>1738335240059</millis>
  <nanos>121000</nanos>
  <sequence>816</sequence>
  <level>PASSED</level>
  <class>com.kms.katalon.core.logging.XmlKeywordLogger</class>
  <method>logMessage</method>
  <thread>1</thread>
  <message>Test Cases/Login by Third Account - problem_user</message>
  <nestedLevel>1</nestedLevel>
  <escapedJava>false</escapedJava>
</record>
<record>
  <date>2025-01-31T14:54:00.060117600Z</date>
  <millis>1738335240060</millis>
  <nanos>117600</nanos>
  <sequence>817</sequence>
  <level>END</level>
  <class>com.kms.katalon.core.logging.XmlKeywordLogger</class>
  <method>endTest</method>
  <thread>1</thread>
  <message>End Test Case : Test Cases/Login by Third Account - problem_user</message>
  <nestedLevel>0</nestedLevel>
  <escapedJava>false</escapedJava>
  <property name="executionBindingVariables">[]</property>
  <property name="applitools">false</property>
  <property name="remainingRetryCount">3</property>
  <property name="currentRetryCount">0</property>
  <property name="keywordsUsage">{
  &quot;web_ui&quot;: true,
  &quot;web_service&quot;: false,
  &quot;cucumber&quot;: false,
  &quot;builtin&quot;: false,
  &quot;mobile&quot;: false,
  &quot;windows&quot;: false,
  &quot;testng&quot;: false
}</property>
</record>
<record>
  <date>2025-01-31T14:54:00.062111300Z</date>
  <millis>1738335240062</millis>
  <nanos>111300</nanos>
  <sequence>818</sequence>
  <level>START</level>
  <class>com.kms.katalon.core.logging.XmlKeywordLogger</class>
  <method>startKeyword</method>
  <thread>1</thread>
  <message>Start listener action : exportKatalonReports</message>
  <nestedLevel>0</nestedLevel>
  <escapedJava>false</escapedJava>
</record>
<record>
  <date>2025-01-31T14:54:00.510663500Z</date>
  <millis>1738335240510</millis>
  <nanos>663500</nanos>
  <sequence>1508</sequence>
  <level>INFO</level>
  <class>com.kms.katalon.core.logging.XmlKeywordLogger</class>
  <method>logMessage</method>
  <thread>1</thread>
  <message>Start generating HTML report folder at: C:\Users\ACER\git\KatalonGitSwagLabsNew\Reports\20250131_214533\Login by Different Account\20250131_214533...</message>
  <nestedLevel>0</nestedLevel>
  <escapedJava>false</escapedJava>
</record>
<record>
  <date>2025-01-31T14:54:00.866746800Z</date>
  <millis>1738335240866</millis>
  <nanos>746800</nanos>
  <sequence>1509</sequence>
  <level>INFO</level>
  <class>com.kms.katalon.core.logging.XmlKeywordLogger</class>
  <method>logMessage</method>
  <thread>1</thread>
  <message>HTML report generated</message>
  <nestedLevel>0</nestedLevel>
  <escapedJava>false</escapedJava>
</record>
<record>
  <date>2025-01-31T14:54:00.866746800Z</date>
  <millis>1738335240866</millis>
  <nanos>746800</nanos>
  <sequence>1510</sequence>
  <level>INFO</level>
  <class>com.kms.katalon.core.logging.XmlKeywordLogger</class>
  <method>logMessage</method>
  <thread>1</thread>
  <message>Start generating CSV report folder at: C:\Users\ACER\git\KatalonGitSwagLabsNew\Reports\20250131_214533\Login by Different Account\20250131_214533...</message>
  <nestedLevel>0</nestedLevel>
  <escapedJava>false</escapedJava>
</record>
<record>
  <date>2025-01-31T14:54:00.894961600Z</date>
  <millis>1738335240894</millis>
  <nanos>961600</nanos>
  <sequence>1511</sequence>
  <level>INFO</level>
  <class>com.kms.katalon.core.logging.XmlKeywordLogger</class>
  <method>logMessage</method>
  <thread>1</thread>
  <message>CSV report generated</message>
  <nestedLevel>0</nestedLevel>
  <escapedJava>false</escapedJava>
</record>
<record>
  <date>2025-01-31T14:54:00.895963400Z</date>
  <millis>1738335240895</millis>
  <nanos>963400</nanos>
  <sequence>1512</sequence>
  <level>INFO</level>
  <class>com.kms.katalon.core.logging.XmlKeywordLogger</class>
  <method>logMessage</method>
  <thread>1</thread>
  <message>Start generating PDF report folder at: C:\Users\ACER\git\KatalonGitSwagLabsNew\Reports\20250131_214533\Login by Different Account\20250131_214533...</message>
  <nestedLevel>0</nestedLevel>
  <escapedJava>false</escapedJava>
</record>
<record>
  <date>2025-01-31T14:54:05.270504800Z</date>
  <millis>1738335245270</millis>
  <nanos>504800</nanos>
  <sequence>1513</sequence>
  <level>INFO</level>
  <class>com.kms.katalon.core.logging.XmlKeywordLogger</class>
  <method>logMessage</method>
  <thread>1</thread>
  <message>PDF report generated</message>
  <nestedLevel>0</nestedLevel>
  <escapedJava>false</escapedJava>
</record>
<record>
  <date>2025-01-31T14:54:07.408620500Z</date>
  <millis>1738335247408</millis>
  <nanos>620500</nanos>
  <sequence>1515</sequence>
  <level>END</level>
  <class>com.kms.katalon.core.logging.XmlKeywordLogger</class>
  <method>endKeyword</method>
  <thread>1</thread>
  <message>End listener action : exportKatalonReports</message>
  <nestedLevel>0</nestedLevel>
  <escapedJava>false</escapedJava>
</record>
<record>
  <date>2025-01-31T14:54:07.409621400Z</date>
  <millis>1738335247409</millis>
  <nanos>621400</nanos>
  <sequence>1516</sequence>
  <level>END</level>
  <class>com.kms.katalon.core.logging.XmlKeywordLogger</class>
  <method>endSuite</method>
  <thread>1</thread>
  <message>End Test Suite : Test Suites/Login by Different Account</message>
  <nestedLevel>0</nestedLevel>
  <escapedJava>false</escapedJava>
</record>
</log>