<?xml version="1.0" encoding="UTF-8" standalone="no"?>
<!DOCTYPE log SYSTEM "logger.dtd">
<log>
<record>
  <date>2025-01-31T14:30:50.950606Z</date>
  <millis>1738333850950</millis>
  <nanos>606000</nanos>
  <sequence>0</sequence>
  <level>START</level>
  <class>com.kms.katalon.core.logging.XmlKeywordLogger</class>
  <method>startSuite</method>
  <thread>1</thread>
  <message>Start Test Suite : Test Suites/Login by Different Account</message>
  <nestedLevel>0</nestedLevel>
  <escapedJava>false</escapedJava>
  <property name="rerunTestFailImmediately">true</property>
  <property name="retryCount">3</property>
  <property name="name">Login by Different Account</property>
  <property name="description"></property>
  <property name="id">Test Suites/Login by Different Account</property>
</record>
<record>
  <date>2025-01-31T14:30:50.980629300Z</date>
  <millis>1738333850980</millis>
  <nanos>629300</nanos>
  <sequence>1</sequence>
  <level>RUN_DATA</level>
  <class>com.kms.katalon.core.logging.XmlKeywordLogger</class>
  <method>logMessage</method>
  <thread>1</thread>
  <message>hostName = ACER - LAPTOP-5GQHVTHK</message>
  <nestedLevel>0</nestedLevel>
  <escapedJava>false</escapedJava>
  <property name="hostName">ACER - LAPTOP-5GQHVTHK</property>
</record>
<record>
  <date>2025-01-31T14:30:50.981610100Z</date>
  <millis>1738333850981</millis>
  <nanos>610100</nanos>
  <sequence>2</sequence>
  <level>RUN_DATA</level>
  <class>com.kms.katalon.core.logging.XmlKeywordLogger</class>
  <method>logMessage</method>
  <thread>1</thread>
  <message>os = Windows 11 64bit</message>
  <nestedLevel>0</nestedLevel>
  <escapedJava>false</escapedJava>
  <property name="os">Windows 11 64bit</property>
</record>
<record>
  <date>2025-01-31T14:30:50.982610Z</date>
  <millis>1738333850982</millis>
  <nanos>610000</nanos>
  <sequence>3</sequence>
  <level>RUN_DATA</level>
  <class>com.kms.katalon.core.logging.XmlKeywordLogger</class>
  <method>logMessage</method>
  <thread>1</thread>
  <message>hostAddress = 192.168.0.101</message>
  <nestedLevel>0</nestedLevel>
  <escapedJava>false</escapedJava>
  <property name="hostAddress">192.168.0.101</property>
</record>
<record>
  <date>2025-01-31T14:30:50.983607900Z</date>
  <millis>1738333850983</millis>
  <nanos>607900</nanos>
  <sequence>4</sequence>
  <level>RUN_DATA</level>
  <class>com.kms.katalon.core.logging.XmlKeywordLogger</class>
  <method>logMessage</method>
  <thread>1</thread>
  <message>katalonVersion = 9.7.4.223</message>
  <nestedLevel>0</nestedLevel>
  <escapedJava>false</escapedJava>
  <property name="katalonVersion">9.7.4.223</property>
</record>
<record>
  <date>2025-01-31T14:30:51.221868100Z</date>
  <millis>1738333851221</millis>
  <nanos>868100</nanos>
  <sequence>5</sequence>
  <level>START</level>
  <class>com.kms.katalon.core.logging.XmlKeywordLogger</class>
  <method>startTest</method>
  <thread>1</thread>
  <message>Start Test Case : Test Cases/Login by Fifth Account - error_user</message>
  <nestedLevel>1</nestedLevel>
  <escapedJava>false</escapedJava>
  <property name="remainingRetryCount">3</property>
  <property name="name">Test Cases/Login by Fifth Account - error_user</property>
  <property name="description"></property>
  <property name="iteration"></property>
  <property name="id">Test Cases/Login by Fifth Account - error_user</property>
  <property name="source">C:\Users\ACER\git\KatalonGitSwagLabsNew\Test Cases\Login by Fifth Account - error_user.tc</property>
  <property name="tag"></property>
  <property name="isOptional">false</property>
  <property name="currentRetryCount">0</property>
</record>
<record>
  <date>2025-01-31T14:30:51.726192600Z</date>
  <millis>1738333851726</millis>
  <nanos>192600</nanos>
  <sequence>7</sequence>
  <level>START</level>
  <class>com.kms.katalon.core.logging.XmlKeywordLogger</class>
  <method>startKeyword</method>
  <thread>1</thread>
  <message>Start action : openBrowser(&amp;quot;&amp;quot;)</message>
  <nestedLevel>1</nestedLevel>
  <escapedJava>false</escapedJava>
  <property name="startLine">20</property>
  <property name="stepIndex">1</property>
</record>
<record>
  <date>2025-01-31T14:30:52.222712400Z</date>
  <millis>1738333852222</millis>
  <nanos>712400</nanos>
  <sequence>9</sequence>
  <level>INFO</level>
  <class>com.kms.katalon.core.logging.XmlKeywordLogger</class>
  <method>logMessage</method>
  <thread>1</thread>
  <message>User set preference: [&amp;apos;os&amp;apos;, &amp;apos;windows&amp;apos;]</message>
  <nestedLevel>1</nestedLevel>
  <escapedJava>false</escapedJava>
</record>
<record>
  <date>2025-01-31T14:30:52.223705900Z</date>
  <millis>1738333852223</millis>
  <nanos>705900</nanos>
  <sequence>10</sequence>
  <level>INFO</level>
  <class>com.kms.katalon.core.logging.XmlKeywordLogger</class>
  <method>logMessage</method>
  <thread>1</thread>
  <message>User set preference: [&amp;apos;browserVersion&amp;apos;, &amp;apos;133&amp;apos;]</message>
  <nestedLevel>1</nestedLevel>
  <escapedJava>false</escapedJava>
</record>
<record>
  <date>2025-01-31T14:30:52.223705900Z</date>
  <millis>1738333852223</millis>
  <nanos>705900</nanos>
  <sequence>11</sequence>
  <level>INFO</level>
  <class>com.kms.katalon.core.logging.XmlKeywordLogger</class>
  <method>logMessage</method>
  <thread>1</thread>
  <message>User set preference: [&amp;apos;browserName&amp;apos;, &amp;apos;chrome&amp;apos;]</message>
  <nestedLevel>1</nestedLevel>
  <escapedJava>false</escapedJava>
</record>
<record>
  <date>2025-01-31T14:30:52.224706200Z</date>
  <millis>1738333852224</millis>
  <nanos>706200</nanos>
  <sequence>12</sequence>
  <level>INFO</level>
  <class>com.kms.katalon.core.logging.XmlKeywordLogger</class>
  <method>logMessage</method>
  <thread>1</thread>
  <message>User set preference: [&amp;apos;katalon:option&amp;apos;, &amp;apos;{organizationId=1906073, usingTunnel=false}&amp;apos;]</message>
  <nestedLevel>1</nestedLevel>
  <escapedJava>false</escapedJava>
</record>
<record>
  <date>2025-01-31T14:30:52.235705600Z</date>
  <millis>1738333852235</millis>
  <nanos>705600</nanos>
  <sequence>13</sequence>
  <level>INFO</level>
  <class>com.kms.katalon.core.logging.XmlKeywordLogger</class>
  <method>logMessage</method>
  <thread>1</thread>
  <message>Connecting to remote web server &amp;apos;testcloud.katalon.com/hub&amp;apos; with type &amp;apos;Selenium&amp;apos;</message>
  <nestedLevel>1</nestedLevel>
  <escapedJava>false</escapedJava>
</record>
<record>
  <date>2025-01-31T14:30:52.633900Z</date>
  <millis>1738333852633</millis>
  <nanos>900000</nanos>
  <sequence>14</sequence>
  <level>INFO</level>
  <class>com.kms.katalon.core.logging.XmlKeywordLogger</class>
  <method>logMessage</method>
  <thread>1</thread>
  <message>Action delay is set to 0 milliseconds</message>
  <nestedLevel>1</nestedLevel>
  <escapedJava>false</escapedJava>
</record>
<record>
  <date>2025-01-31T14:31:20.258083Z</date>
  <millis>1738333880258</millis>
  <nanos>83000</nanos>
  <sequence>16</sequence>
  <level>RUN_DATA</level>
  <class>com.kms.katalon.core.logging.XmlKeywordLogger</class>
  <method>logMessage</method>
  <thread>1</thread>
  <message>remoteDriverUrl = testcloud.katalon.com/hub</message>
  <nestedLevel>1</nestedLevel>
  <escapedJava>false</escapedJava>
  <property name="remoteDriverUrl">testcloud.katalon.com/hub</property>
</record>
<record>
  <date>2025-01-31T14:31:20.258083Z</date>
  <millis>1738333880258</millis>
  <nanos>83000</nanos>
  <sequence>17</sequence>
  <level>RUN_DATA</level>
  <class>com.kms.katalon.core.logging.XmlKeywordLogger</class>
  <method>logMessage</method>
  <thread>1</thread>
  <message>remoteOS = Windows</message>
  <nestedLevel>1</nestedLevel>
  <escapedJava>false</escapedJava>
  <property name="remoteOS">Windows</property>
</record>
<record>
  <date>2025-01-31T14:31:20.258083Z</date>
  <millis>1738333880258</millis>
  <nanos>83000</nanos>
  <sequence>18</sequence>
  <level>RUN_DATA</level>
  <class>com.kms.katalon.core.logging.XmlKeywordLogger</class>
  <method>logMessage</method>
  <thread>1</thread>
  <message>desiredCapabilities = {
  &amp;quot;timeouts&amp;quot;: {
    &amp;quot;implicit&amp;quot;: 0,
    &amp;quot;pageLoad&amp;quot;: 300000,
    &amp;quot;script&amp;quot;: 30000
  },
  &amp;quot;se:cdpEnabled&amp;quot;: false,
  &amp;quot;platform&amp;quot;: &amp;quot;WINDOWS&amp;quot;,
  &amp;quot;goog:chromeOptions&amp;quot;: {
    &amp;quot;debuggerAddress&amp;quot;: &amp;quot;localhost:9225&amp;quot;
  },
  &amp;quot;webauthn:extension:credBlob&amp;quot;: true,
  &amp;quot;acceptInsecureCerts&amp;quot;: false,
  &amp;quot;browserVersion&amp;quot;: &amp;quot;133.0.0.0&amp;quot;,
  &amp;quot;fedcm:accounts&amp;quot;: true,
  &amp;quot;kt:requestId&amp;quot;: &amp;quot;b0ba630f-01cb-4d21-b98b-cb9638e82268&amp;quot;,
  &amp;quot;browserName&amp;quot;: &amp;quot;chrome&amp;quot;,
  &amp;quot;javascriptEnabled&amp;quot;: true,
  &amp;quot;platformName&amp;quot;: &amp;quot;WINDOWS&amp;quot;,
  &amp;quot;setWindowRect&amp;quot;: true,
  &amp;quot;webauthn:extension:largeBlob&amp;quot;: true,
  &amp;quot;networkConnectionEnabled&amp;quot;: false,
  &amp;quot;chrome&amp;quot;: {
    &amp;quot;chromedriverVersion&amp;quot;: &amp;quot;133.0.6847.2 (7e95e23d2d1f87886163822aa701370c1187bfa1-refs/branch-heads/6847@{#6})&amp;quot;,
    &amp;quot;userDataDir&amp;quot;: &amp;quot;C:\\Program Files\\scoped_dir1096_1625446032&amp;quot;
  },
  &amp;quot;kt:rid&amp;quot;: &amp;quot;b0ba630f-01cb-4d21-b98b-cb9638e82268&amp;quot;,
  &amp;quot;pageLoadStrategy&amp;quot;: &amp;quot;normal&amp;quot;,
  &amp;quot;unhandledPromptBehavior&amp;quot;: &amp;quot;dismiss and notify&amp;quot;,
  &amp;quot;strictFileInteractability&amp;quot;: false,
  &amp;quot;se:bidiEnabled&amp;quot;: false,
  &amp;quot;proxy&amp;quot;: {
    &amp;quot;proxyType&amp;quot;: &amp;quot;UNSPECIFIED&amp;quot;,
    &amp;quot;autodetect&amp;quot;: false
  },
  &amp;quot;webauthn:extension:minPinLength&amp;quot;: true,
  &amp;quot;webauthn:extension:prf&amp;quot;: true,
  &amp;quot;katalon:caps&amp;quot;: {
    &amp;quot;executionId&amp;quot;: &amp;quot;0f19b6a4-b287-43ee-b7b2-c1b0b5794555&amp;quot;,
    &amp;quot;executionSessionId&amp;quot;: &amp;quot;b0ba630f-01cb-4d21-b98b-cb9638e82268&amp;quot;
  },
  &amp;quot;katalon:options&amp;quot;: {
    &amp;quot;executionId&amp;quot;: &amp;quot;0f19b6a4-b287-43ee-b7b2-c1b0b5794555&amp;quot;,
    &amp;quot;executionSessionId&amp;quot;: &amp;quot;b0ba630f-01cb-4d21-b98b-cb9638e82268&amp;quot;,
    &amp;quot;metadata&amp;quot;: {
      &amp;quot;usingTunnel&amp;quot;: false,
      &amp;quot;accountUuid&amp;quot;: &amp;quot;fda32340-531c-49aa-a0b7-40d478ba5457&amp;quot;,
      &amp;quot;organizationId&amp;quot;: &amp;quot;1906073&amp;quot;
    },
    &amp;quot;organizationId&amp;quot;: &amp;quot;1906073&amp;quot;,
    &amp;quot;runFromTestCloud&amp;quot;: true,
    &amp;quot;userId&amp;quot;: 1648280,
    &amp;quot;username&amp;quot;: &amp;quot;innocent.beaver.duja@instantletter.net&amp;quot;,
    &amp;quot;usingTunnel&amp;quot;: false
  },
  &amp;quot;webauthn:virtualAuthenticators&amp;quot;: true
}</message>
  <nestedLevel>1</nestedLevel>
  <escapedJava>false</escapedJava>
  <property name="desiredCapabilities">{
  &quot;timeouts&quot;: {
    &quot;implicit&quot;: 0,
    &quot;pageLoad&quot;: 300000,
    &quot;script&quot;: 30000
  },
  &quot;se:cdpEnabled&quot;: false,
  &quot;platform&quot;: &quot;WINDOWS&quot;,
  &quot;goog:chromeOptions&quot;: {
    &quot;debuggerAddress&quot;: &quot;localhost:9225&quot;
  },
  &quot;webauthn:extension:credBlob&quot;: true,
  &quot;acceptInsecureCerts&quot;: false,
  &quot;browserVersion&quot;: &quot;133.0.0.0&quot;,
  &quot;fedcm:accounts&quot;: true,
  &quot;kt:requestId&quot;: &quot;b0ba630f-01cb-4d21-b98b-cb9638e82268&quot;,
  &quot;browserName&quot;: &quot;chrome&quot;,
  &quot;javascriptEnabled&quot;: true,
  &quot;platformName&quot;: &quot;WINDOWS&quot;,
  &quot;setWindowRect&quot;: true,
  &quot;webauthn:extension:largeBlob&quot;: true,
  &quot;networkConnectionEnabled&quot;: false,
  &quot;chrome&quot;: {
    &quot;chromedriverVersion&quot;: &quot;133.0.6847.2 (7e95e23d2d1f87886163822aa701370c1187bfa1-refs/branch-heads/6847@{#6})&quot;,
    &quot;userDataDir&quot;: &quot;C:\\Program Files\\scoped_dir1096_1625446032&quot;
  },
  &quot;kt:rid&quot;: &quot;b0ba630f-01cb-4d21-b98b-cb9638e82268&quot;,
  &quot;pageLoadStrategy&quot;: &quot;normal&quot;,
  &quot;unhandledPromptBehavior&quot;: &quot;dismiss and notify&quot;,
  &quot;strictFileInteractability&quot;: false,
  &quot;se:bidiEnabled&quot;: false,
  &quot;proxy&quot;: {
    &quot;proxyType&quot;: &quot;UNSPECIFIED&quot;,
    &quot;autodetect&quot;: false
  },
  &quot;webauthn:extension:minPinLength&quot;: true,
  &quot;webauthn:extension:prf&quot;: true,
  &quot;katalon:caps&quot;: {
    &quot;executionId&quot;: &quot;0f19b6a4-b287-43ee-b7b2-c1b0b5794555&quot;,
    &quot;executionSessionId&quot;: &quot;b0ba630f-01cb-4d21-b98b-cb9638e82268&quot;
  },
  &quot;katalon:options&quot;: {
    &quot;executionId&quot;: &quot;0f19b6a4-b287-43ee-b7b2-c1b0b5794555&quot;,
    &quot;executionSessionId&quot;: &quot;b0ba630f-01cb-4d21-b98b-cb9638e82268&quot;,
    &quot;metadata&quot;: {
      &quot;usingTunnel&quot;: false,
      &quot;accountUuid&quot;: &quot;fda32340-531c-49aa-a0b7-40d478ba5457&quot;,
      &quot;organizationId&quot;: &quot;1906073&quot;
    },
    &quot;organizationId&quot;: &quot;1906073&quot;,
    &quot;runFromTestCloud&quot;: true,
    &quot;userId&quot;: 1648280,
    &quot;username&quot;: &quot;innocent.beaver.duja@instantletter.net&quot;,
    &quot;usingTunnel&quot;: false
  },
  &quot;webauthn:virtualAuthenticators&quot;: true
}</property>
</record>
<record>
  <date>2025-01-31T14:31:20.273709200Z</date>
  <millis>1738333880273</millis>
  <nanos>709200</nanos>
  <sequence>19</sequence>
  <level>RUN_DATA</level>
  <class>com.kms.katalon.core.logging.XmlKeywordLogger</class>
  <method>logMessage</method>
  <thread>1</thread>
  <message>sessionId = cbbd4bcc36edcea146cd7987cbf0a11f</message>
  <nestedLevel>1</nestedLevel>
  <escapedJava>false</escapedJava>
  <property name="sessionId">cbbd4bcc36edcea146cd7987cbf0a11f</property>
</record>
<record>
  <date>2025-01-31T14:31:20.596791400Z</date>
  <millis>1738333880596</millis>
  <nanos>791400</nanos>
  <sequence>20</sequence>
  <level>RUN_DATA</level>
  <class>com.kms.katalon.core.logging.XmlKeywordLogger</class>
  <method>logMessage</method>
  <thread>1</thread>
  <message>browser = Chrome 133.0.0.0</message>
  <nestedLevel>1</nestedLevel>
  <escapedJava>false</escapedJava>
  <property name="browser">Chrome 133.0.0.0</property>
</record>
<record>
  <date>2025-01-31T14:31:20.596791400Z</date>
  <millis>1738333880596</millis>
  <nanos>791400</nanos>
  <sequence>21</sequence>
  <level>RUN_DATA</level>
  <class>com.kms.katalon.core.logging.XmlKeywordLogger</class>
  <method>logMessage</method>
  <thread>1</thread>
  <message>platform = Windows 11</message>
  <nestedLevel>1</nestedLevel>
  <escapedJava>false</escapedJava>
  <property name="platform">Windows 11</property>
</record>
<record>
  <date>2025-01-31T14:31:20.596791400Z</date>
  <millis>1738333880596</millis>
  <nanos>791400</nanos>
  <sequence>22</sequence>
  <level>RUN_DATA</level>
  <class>com.kms.katalon.core.logging.XmlKeywordLogger</class>
  <method>logMessage</method>
  <thread>1</thread>
  <message>seleniumVersion = 3.141.59</message>
  <nestedLevel>1</nestedLevel>
  <escapedJava>false</escapedJava>
  <property name="seleniumVersion">3.141.59</property>
</record>
<record>
  <date>2025-01-31T14:31:20.596791400Z</date>
  <millis>1738333880596</millis>
  <nanos>791400</nanos>
  <sequence>23</sequence>
  <level>RUN_DATA</level>
  <class>com.kms.katalon.core.logging.XmlKeywordLogger</class>
  <method>logMessage</method>
  <thread>1</thread>
  <message>proxyInformation = ProxyInformation { proxyOption=NO_PROXY, proxyServerType=HTTP, username=, password=********, proxyServerAddress=, proxyServerPort=0, executionList=&amp;quot;&amp;quot;, isApplyToDesiredCapabilities=true }</message>
  <nestedLevel>1</nestedLevel>
  <escapedJava>false</escapedJava>
  <property name="proxyInformation">ProxyInformation { proxyOption=NO_PROXY, proxyServerType=HTTP, username=, password=********, proxyServerAddress=, proxyServerPort=0, executionList=&quot;&quot;, isApplyToDesiredCapabilities=true }</property>
</record>
<record>
  <date>2025-01-31T14:31:21.195693600Z</date>
  <millis>1738333881195</millis>
  <nanos>693600</nanos>
  <sequence>24</sequence>
  <level>PASSED</level>
  <class>com.kms.katalon.core.logging.XmlKeywordLogger</class>
  <method>logMessage</method>
  <thread>1</thread>
  <message>Browser is opened with url: &amp;apos;&amp;apos;</message>
  <nestedLevel>1</nestedLevel>
  <escapedJava>false</escapedJava>
  <property name="testops-method-name">com.kms.katalon.core.webui.keyword.builtin.OpenBrowserKeyword.openBrowser</property>
  <property name="testops-execution-stacktrace"></property>
</record>
<record>
  <date>2025-01-31T14:31:21.203708Z</date>
  <millis>1738333881203</millis>
  <nanos>708000</nanos>
  <sequence>25</sequence>
  <level>END</level>
  <class>com.kms.katalon.core.logging.XmlKeywordLogger</class>
  <method>endKeyword</method>
  <thread>1</thread>
  <message>End action : openBrowser(&amp;quot;&amp;quot;)</message>
  <nestedLevel>1</nestedLevel>
  <escapedJava>false</escapedJava>
</record>
<record>
  <date>2025-01-31T14:31:21.203708Z</date>
  <millis>1738333881203</millis>
  <nanos>708000</nanos>
  <sequence>26</sequence>
  <level>START</level>
  <class>com.kms.katalon.core.logging.XmlKeywordLogger</class>
  <method>startKeyword</method>
  <thread>1</thread>
  <message>Start action : navigateToUrl(&amp;quot;https://www.saucedemo.com/&amp;quot;)</message>
  <nestedLevel>1</nestedLevel>
  <escapedJava>false</escapedJava>
  <property name="startLine">22</property>
  <property name="stepIndex">2</property>
</record>
<record>
  <date>2025-01-31T14:31:21.916040300Z</date>
  <millis>1738333881916</millis>
  <nanos>40300</nanos>
  <sequence>29</sequence>
  <level>PASSED</level>
  <class>com.kms.katalon.core.logging.XmlKeywordLogger</class>
  <method>logMessage</method>
  <thread>1</thread>
  <message>Navigate to &amp;apos;https://www.saucedemo.com/&amp;apos; successfully</message>
  <nestedLevel>1</nestedLevel>
  <escapedJava>false</escapedJava>
  <property name="testops-method-name">com.kms.katalon.core.webui.keyword.builtin.NavigateToUrlKeyword.navigateToUrl</property>
  <property name="testops-execution-stacktrace"></property>
</record>
<record>
  <date>2025-01-31T14:31:21.931667500Z</date>
  <millis>1738333881931</millis>
  <nanos>667500</nanos>
  <sequence>30</sequence>
  <level>END</level>
  <class>com.kms.katalon.core.logging.XmlKeywordLogger</class>
  <method>endKeyword</method>
  <thread>1</thread>
  <message>End action : navigateToUrl(&amp;quot;https://www.saucedemo.com/&amp;quot;)</message>
  <nestedLevel>1</nestedLevel>
  <escapedJava>false</escapedJava>
</record>
<record>
  <date>2025-01-31T14:31:21.931667500Z</date>
  <millis>1738333881931</millis>
  <nanos>667500</nanos>
  <sequence>31</sequence>
  <level>START</level>
  <class>com.kms.katalon.core.logging.XmlKeywordLogger</class>
  <method>startKeyword</method>
  <thread>1</thread>
  <message>Start action : com.test.swaglabs.CustomLogin.WebLoginFifthAccount()</message>
  <nestedLevel>1</nestedLevel>
  <escapedJava>false</escapedJava>
  <property name="startLine">24</property>
  <property name="stepIndex">3</property>
</record>
<record>
  <date>2025-01-31T14:31:24.367571300Z</date>
  <millis>1738333884367</millis>
  <nanos>571300</nanos>
  <sequence>47</sequence>
  <level>PASSED</level>
  <class>com.kms.katalon.core.logging.XmlKeywordLogger</class>
  <method>logMessage</method>
  <thread>1</thread>
  <message>Text &amp;apos;error_user&amp;apos; is set on object &amp;apos;Object Repository/Page_Swag Labs/input_Swag Labs_user-name&amp;apos;</message>
  <nestedLevel>1</nestedLevel>
  <escapedJava>false</escapedJava>
  <property name="testops-method-name">com.kms.katalon.core.webui.keyword.builtin.SetTextKeyword.setText</property>
  <property name="testops-execution-stacktrace"></property>
</record>
<record>
  <date>2025-01-31T14:31:25.755567400Z</date>
  <millis>1738333885755</millis>
  <nanos>567400</nanos>
  <sequence>58</sequence>
  <level>PASSED</level>
  <class>com.kms.katalon.core.logging.XmlKeywordLogger</class>
  <method>logMessage</method>
  <thread>1</thread>
  <message>Text ****** has been set on object &amp;apos;Object Repository/Page_Swag Labs/input_Swag Labs_password&amp;apos;</message>
  <nestedLevel>1</nestedLevel>
  <escapedJava>false</escapedJava>
  <property name="testops-method-name">com.kms.katalon.core.webui.keyword.builtin.SetEncryptedTextKeyword.setEncryptedText</property>
  <property name="testops-execution-stacktrace"></property>
</record>
<record>
  <date>2025-01-31T14:31:26.828023400Z</date>
  <millis>1738333886828</millis>
  <nanos>23400</nanos>
  <sequence>68</sequence>
  <level>PASSED</level>
  <class>com.kms.katalon.core.logging.XmlKeywordLogger</class>
  <method>logMessage</method>
  <thread>1</thread>
  <message>Object: &amp;apos;Object Repository/Page_Swag Labs/input_Swag Labs_login-button&amp;apos; is clicked on</message>
  <nestedLevel>1</nestedLevel>
  <escapedJava>false</escapedJava>
  <property name="testops-method-name">com.kms.katalon.core.webui.keyword.builtin.ClickKeyword.click</property>
  <property name="testops-execution-stacktrace"></property>
</record>
<record>
  <date>2025-01-31T14:31:26.829011Z</date>
  <millis>1738333886829</millis>
  <nanos>11000</nanos>
  <sequence>69</sequence>
  <level>PASSED</level>
  <class>com.kms.katalon.core.logging.XmlKeywordLogger</class>
  <method>logMessage</method>
  <thread>1</thread>
  <message>com.test.swaglabs.CustomLogin.WebLoginFifthAccount is PASSED</message>
  <nestedLevel>1</nestedLevel>
  <escapedJava>false</escapedJava>
</record>
<record>
  <date>2025-01-31T14:31:26.834009100Z</date>
  <millis>1738333886834</millis>
  <nanos>9100</nanos>
  <sequence>70</sequence>
  <level>END</level>
  <class>com.kms.katalon.core.logging.XmlKeywordLogger</class>
  <method>endKeyword</method>
  <thread>1</thread>
  <message>End action : com.test.swaglabs.CustomLogin.WebLoginFifthAccount()</message>
  <nestedLevel>1</nestedLevel>
  <escapedJava>false</escapedJava>
</record>
<record>
  <date>2025-01-31T14:31:26.834009100Z</date>
  <millis>1738333886834</millis>
  <nanos>9100</nanos>
  <sequence>71</sequence>
  <level>START</level>
  <class>com.kms.katalon.core.logging.XmlKeywordLogger</class>
  <method>startKeyword</method>
  <thread>1</thread>
  <message>Start action : verifyTextPresent(&amp;quot;Products&amp;quot;, false)</message>
  <nestedLevel>1</nestedLevel>
  <escapedJava>false</escapedJava>
  <property name="startLine">26</property>
  <property name="stepIndex">4</property>
</record>
<record>
  <date>2025-01-31T14:31:27.936202800Z</date>
  <millis>1738333887936</millis>
  <nanos>202800</nanos>
  <sequence>75</sequence>
  <level>PASSED</level>
  <class>com.kms.katalon.core.logging.XmlKeywordLogger</class>
  <method>logMessage</method>
  <thread>1</thread>
  <message>Text &amp;apos;Products&amp;apos; is present on page </message>
  <nestedLevel>1</nestedLevel>
  <escapedJava>false</escapedJava>
  <property name="testops-is-assertion">true</property>
  <property name="testops-method-name">com.kms.katalon.core.webui.keyword.builtin.VerifyTextPresentKeyword.verifyTextPresent</property>
  <property name="testops-execution-stacktrace"></property>
</record>
<record>
  <date>2025-01-31T14:31:27.940212200Z</date>
  <millis>1738333887940</millis>
  <nanos>212200</nanos>
  <sequence>76</sequence>
  <level>END</level>
  <class>com.kms.katalon.core.logging.XmlKeywordLogger</class>
  <method>endKeyword</method>
  <thread>1</thread>
  <message>End action : verifyTextPresent(&amp;quot;Products&amp;quot;, false)</message>
  <nestedLevel>1</nestedLevel>
  <escapedJava>false</escapedJava>
</record>
<record>
  <date>2025-01-31T14:31:27.941205800Z</date>
  <millis>1738333887941</millis>
  <nanos>205800</nanos>
  <sequence>77</sequence>
  <level>START</level>
  <class>com.kms.katalon.core.logging.XmlKeywordLogger</class>
  <method>startKeyword</method>
  <thread>1</thread>
  <message>Start action : closeBrowser()</message>
  <nestedLevel>1</nestedLevel>
  <escapedJava>false</escapedJava>
  <property name="startLine">28</property>
  <property name="stepIndex">5</property>
</record>
<record>
  <date>2025-01-31T14:31:28.945374200Z</date>
  <millis>1738333888945</millis>
  <nanos>374200</nanos>
  <sequence>79</sequence>
  <level>PASSED</level>
  <class>com.kms.katalon.core.logging.XmlKeywordLogger</class>
  <method>logMessage</method>
  <thread>1</thread>
  <message>Browser is closed</message>
  <nestedLevel>1</nestedLevel>
  <escapedJava>false</escapedJava>
  <property name="testops-method-name">com.kms.katalon.core.webui.keyword.builtin.CloseBrowserKeyword.closeBrowser</property>
  <property name="testops-execution-stacktrace"></property>
</record>
<record>
  <date>2025-01-31T14:31:28.945374200Z</date>
  <millis>1738333888945</millis>
  <nanos>374200</nanos>
  <sequence>80</sequence>
  <level>END</level>
  <class>com.kms.katalon.core.logging.XmlKeywordLogger</class>
  <method>endKeyword</method>
  <thread>1</thread>
  <message>End action : closeBrowser()</message>
  <nestedLevel>1</nestedLevel>
  <escapedJava>false</escapedJava>
</record>
<record>
  <date>2025-01-31T14:31:28.946368Z</date>
  <millis>1738333888946</millis>
  <nanos>368000</nanos>
  <sequence>81</sequence>
  <level>PASSED</level>
  <class>com.kms.katalon.core.logging.XmlKeywordLogger</class>
  <method>logMessage</method>
  <thread>1</thread>
  <message>Test Cases/Login by Fifth Account - error_user</message>
  <nestedLevel>1</nestedLevel>
  <escapedJava>false</escapedJava>
</record>
<record>
  <date>2025-01-31T14:31:28.949353900Z</date>
  <millis>1738333888949</millis>
  <nanos>353900</nanos>
  <sequence>82</sequence>
  <level>END</level>
  <class>com.kms.katalon.core.logging.XmlKeywordLogger</class>
  <method>endTest</method>
  <thread>1</thread>
  <message>End Test Case : Test Cases/Login by Fifth Account - error_user</message>
  <nestedLevel>0</nestedLevel>
  <escapedJava>false</escapedJava>
  <property name="executionBindingVariables">[]</property>
  <property name="applitools">false</property>
  <property name="remainingRetryCount">3</property>
  <property name="currentRetryCount">0</property>
  <property name="keywordsUsage">{
  &quot;web_ui&quot;: true,
  &quot;web_service&quot;: false,
  &quot;cucumber&quot;: false,
  &quot;builtin&quot;: false,
  &quot;mobile&quot;: false,
  &quot;windows&quot;: false,
  &quot;testng&quot;: false
}</property>
</record>
<record>
  <date>2025-01-31T14:31:28.960357100Z</date>
  <millis>1738333888960</millis>
  <nanos>357100</nanos>
  <sequence>83</sequence>
  <level>START</level>
  <class>com.kms.katalon.core.logging.XmlKeywordLogger</class>
  <method>startTest</method>
  <thread>1</thread>
  <message>Start Test Case : Test Cases/Login by Fourth Account - performance_glitch_user</message>
  <nestedLevel>1</nestedLevel>
  <escapedJava>false</escapedJava>
  <property name="remainingRetryCount">3</property>
  <property name="name">Test Cases/Login by Fourth Account - performance_glitch_user</property>
  <property name="description"></property>
  <property name="iteration"></property>
  <property name="id">Test Cases/Login by Fourth Account - performance_glitch_user</property>
  <property name="source">C:\Users\ACER\git\KatalonGitSwagLabsNew\Test Cases\Login by Fourth Account - performance_glitch_user.tc</property>
  <property name="tag"></property>
  <property name="isOptional">false</property>
  <property name="currentRetryCount">0</property>
</record>
<record>
  <date>2025-01-31T14:31:29.074049200Z</date>
  <millis>1738333889074</millis>
  <nanos>49200</nanos>
  <sequence>85</sequence>
  <level>START</level>
  <class>com.kms.katalon.core.logging.XmlKeywordLogger</class>
  <method>startKeyword</method>
  <thread>1</thread>
  <message>Start action : openBrowser(&amp;quot;&amp;quot;)</message>
  <nestedLevel>1</nestedLevel>
  <escapedJava>false</escapedJava>
  <property name="startLine">20</property>
  <property name="stepIndex">1</property>
</record>
<record>
  <date>2025-01-31T14:31:29.084431300Z</date>
  <millis>1738333889084</millis>
  <nanos>431300</nanos>
  <sequence>87</sequence>
  <level>INFO</level>
  <class>com.kms.katalon.core.logging.XmlKeywordLogger</class>
  <method>logMessage</method>
  <thread>1</thread>
  <message>User set preference: [&amp;apos;os&amp;apos;, &amp;apos;windows&amp;apos;]</message>
  <nestedLevel>1</nestedLevel>
  <escapedJava>false</escapedJava>
</record>
<record>
  <date>2025-01-31T14:31:29.085451Z</date>
  <millis>1738333889085</millis>
  <nanos>451000</nanos>
  <sequence>88</sequence>
  <level>INFO</level>
  <class>com.kms.katalon.core.logging.XmlKeywordLogger</class>
  <method>logMessage</method>
  <thread>1</thread>
  <message>User set preference: [&amp;apos;browserVersion&amp;apos;, &amp;apos;133&amp;apos;]</message>
  <nestedLevel>1</nestedLevel>
  <escapedJava>false</escapedJava>
</record>
<record>
  <date>2025-01-31T14:31:29.086444Z</date>
  <millis>1738333889086</millis>
  <nanos>444000</nanos>
  <sequence>89</sequence>
  <level>INFO</level>
  <class>com.kms.katalon.core.logging.XmlKeywordLogger</class>
  <method>logMessage</method>
  <thread>1</thread>
  <message>User set preference: [&amp;apos;browserName&amp;apos;, &amp;apos;chrome&amp;apos;]</message>
  <nestedLevel>1</nestedLevel>
  <escapedJava>false</escapedJava>
</record>
<record>
  <date>2025-01-31T14:31:29.086444Z</date>
  <millis>1738333889086</millis>
  <nanos>444000</nanos>
  <sequence>90</sequence>
  <level>INFO</level>
  <class>com.kms.katalon.core.logging.XmlKeywordLogger</class>
  <method>logMessage</method>
  <thread>1</thread>
  <message>User set preference: [&amp;apos;katalon:option&amp;apos;, &amp;apos;{organizationId=1906073, usingTunnel=false}&amp;apos;]</message>
  <nestedLevel>1</nestedLevel>
  <escapedJava>false</escapedJava>
</record>
<record>
  <date>2025-01-31T14:31:29.089439100Z</date>
  <millis>1738333889089</millis>
  <nanos>439100</nanos>
  <sequence>91</sequence>
  <level>INFO</level>
  <class>com.kms.katalon.core.logging.XmlKeywordLogger</class>
  <method>logMessage</method>
  <thread>1</thread>
  <message>Connecting to remote web server &amp;apos;testcloud.katalon.com/hub&amp;apos; with type &amp;apos;Selenium&amp;apos;</message>
  <nestedLevel>1</nestedLevel>
  <escapedJava>false</escapedJava>
</record>
<record>
  <date>2025-01-31T14:31:29.091438900Z</date>
  <millis>1738333889091</millis>
  <nanos>438900</nanos>
  <sequence>92</sequence>
  <level>INFO</level>
  <class>com.kms.katalon.core.logging.XmlKeywordLogger</class>
  <method>logMessage</method>
  <thread>1</thread>
  <message>Action delay is set to 0 milliseconds</message>
  <nestedLevel>1</nestedLevel>
  <escapedJava>false</escapedJava>
</record>
<record>
  <date>2025-01-31T14:31:52.816147100Z</date>
  <millis>1738333912816</millis>
  <nanos>147100</nanos>
  <sequence>94</sequence>
  <level>RUN_DATA</level>
  <class>com.kms.katalon.core.logging.XmlKeywordLogger</class>
  <method>logMessage</method>
  <thread>1</thread>
  <message>remoteDriverUrl = testcloud.katalon.com/hub</message>
  <nestedLevel>1</nestedLevel>
  <escapedJava>false</escapedJava>
  <property name="remoteDriverUrl">testcloud.katalon.com/hub</property>
</record>
<record>
  <date>2025-01-31T14:31:52.816147100Z</date>
  <millis>1738333912816</millis>
  <nanos>147100</nanos>
  <sequence>95</sequence>
  <level>RUN_DATA</level>
  <class>com.kms.katalon.core.logging.XmlKeywordLogger</class>
  <method>logMessage</method>
  <thread>1</thread>
  <message>remoteOS = Windows</message>
  <nestedLevel>1</nestedLevel>
  <escapedJava>false</escapedJava>
  <property name="remoteOS">Windows</property>
</record>
<record>
  <date>2025-01-31T14:31:52.816147100Z</date>
  <millis>1738333912816</millis>
  <nanos>147100</nanos>
  <sequence>96</sequence>
  <level>RUN_DATA</level>
  <class>com.kms.katalon.core.logging.XmlKeywordLogger</class>
  <method>logMessage</method>
  <thread>1</thread>
  <message>desiredCapabilities = {
  &amp;quot;timeouts&amp;quot;: {
    &amp;quot;implicit&amp;quot;: 0,
    &amp;quot;pageLoad&amp;quot;: 300000,
    &amp;quot;script&amp;quot;: 30000
  },
  &amp;quot;se:cdpEnabled&amp;quot;: false,
  &amp;quot;platform&amp;quot;: &amp;quot;WINDOWS&amp;quot;,
  &amp;quot;goog:chromeOptions&amp;quot;: {
    &amp;quot;debuggerAddress&amp;quot;: &amp;quot;localhost:9225&amp;quot;
  },
  &amp;quot;webauthn:extension:credBlob&amp;quot;: true,
  &amp;quot;acceptInsecureCerts&amp;quot;: false,
  &amp;quot;browserVersion&amp;quot;: &amp;quot;133.0.0.0&amp;quot;,
  &amp;quot;fedcm:accounts&amp;quot;: true,
  &amp;quot;kt:requestId&amp;quot;: &amp;quot;ac4262c8-612f-4ec3-9f4f-eb6a3a385f01&amp;quot;,
  &amp;quot;browserName&amp;quot;: &amp;quot;chrome&amp;quot;,
  &amp;quot;javascriptEnabled&amp;quot;: true,
  &amp;quot;platformName&amp;quot;: &amp;quot;WINDOWS&amp;quot;,
  &amp;quot;setWindowRect&amp;quot;: true,
  &amp;quot;webauthn:extension:largeBlob&amp;quot;: true,
  &amp;quot;networkConnectionEnabled&amp;quot;: false,
  &amp;quot;chrome&amp;quot;: {
    &amp;quot;chromedriverVersion&amp;quot;: &amp;quot;133.0.6847.2 (7e95e23d2d1f87886163822aa701370c1187bfa1-refs/branch-heads/6847@{#6})&amp;quot;,
    &amp;quot;userDataDir&amp;quot;: &amp;quot;C:\\Program Files\\scoped_dir4852_1417670066&amp;quot;
  },
  &amp;quot;kt:rid&amp;quot;: &amp;quot;ac4262c8-612f-4ec3-9f4f-eb6a3a385f01&amp;quot;,
  &amp;quot;pageLoadStrategy&amp;quot;: &amp;quot;normal&amp;quot;,
  &amp;quot;unhandledPromptBehavior&amp;quot;: &amp;quot;dismiss and notify&amp;quot;,
  &amp;quot;strictFileInteractability&amp;quot;: false,
  &amp;quot;se:bidiEnabled&amp;quot;: false,
  &amp;quot;proxy&amp;quot;: {
    &amp;quot;proxyType&amp;quot;: &amp;quot;UNSPECIFIED&amp;quot;,
    &amp;quot;autodetect&amp;quot;: false
  },
  &amp;quot;webauthn:extension:minPinLength&amp;quot;: true,
  &amp;quot;webauthn:extension:prf&amp;quot;: true,
  &amp;quot;katalon:caps&amp;quot;: {
    &amp;quot;executionId&amp;quot;: &amp;quot;208b81be-54a6-4b59-8af0-96d179f79066&amp;quot;,
    &amp;quot;executionSessionId&amp;quot;: &amp;quot;ac4262c8-612f-4ec3-9f4f-eb6a3a385f01&amp;quot;
  },
  &amp;quot;katalon:options&amp;quot;: {
    &amp;quot;executionId&amp;quot;: &amp;quot;208b81be-54a6-4b59-8af0-96d179f79066&amp;quot;,
    &amp;quot;executionSessionId&amp;quot;: &amp;quot;ac4262c8-612f-4ec3-9f4f-eb6a3a385f01&amp;quot;,
    &amp;quot;metadata&amp;quot;: {
      &amp;quot;usingTunnel&amp;quot;: false,
      &amp;quot;accountUuid&amp;quot;: &amp;quot;fda32340-531c-49aa-a0b7-40d478ba5457&amp;quot;,
      &amp;quot;organizationId&amp;quot;: &amp;quot;1906073&amp;quot;
    },
    &amp;quot;organizationId&amp;quot;: &amp;quot;1906073&amp;quot;,
    &amp;quot;runFromTestCloud&amp;quot;: true,
    &amp;quot;userId&amp;quot;: 1648280,
    &amp;quot;username&amp;quot;: &amp;quot;innocent.beaver.duja@instantletter.net&amp;quot;,
    &amp;quot;usingTunnel&amp;quot;: false
  },
  &amp;quot;webauthn:virtualAuthenticators&amp;quot;: true
}</message>
  <nestedLevel>1</nestedLevel>
  <escapedJava>false</escapedJava>
  <property name="desiredCapabilities">{
  &quot;timeouts&quot;: {
    &quot;implicit&quot;: 0,
    &quot;pageLoad&quot;: 300000,
    &quot;script&quot;: 30000
  },
  &quot;se:cdpEnabled&quot;: false,
  &quot;platform&quot;: &quot;WINDOWS&quot;,
  &quot;goog:chromeOptions&quot;: {
    &quot;debuggerAddress&quot;: &quot;localhost:9225&quot;
  },
  &quot;webauthn:extension:credBlob&quot;: true,
  &quot;acceptInsecureCerts&quot;: false,
  &quot;browserVersion&quot;: &quot;133.0.0.0&quot;,
  &quot;fedcm:accounts&quot;: true,
  &quot;kt:requestId&quot;: &quot;ac4262c8-612f-4ec3-9f4f-eb6a3a385f01&quot;,
  &quot;browserName&quot;: &quot;chrome&quot;,
  &quot;javascriptEnabled&quot;: true,
  &quot;platformName&quot;: &quot;WINDOWS&quot;,
  &quot;setWindowRect&quot;: true,
  &quot;webauthn:extension:largeBlob&quot;: true,
  &quot;networkConnectionEnabled&quot;: false,
  &quot;chrome&quot;: {
    &quot;chromedriverVersion&quot;: &quot;133.0.6847.2 (7e95e23d2d1f87886163822aa701370c1187bfa1-refs/branch-heads/6847@{#6})&quot;,
    &quot;userDataDir&quot;: &quot;C:\\Program Files\\scoped_dir4852_1417670066&quot;
  },
  &quot;kt:rid&quot;: &quot;ac4262c8-612f-4ec3-9f4f-eb6a3a385f01&quot;,
  &quot;pageLoadStrategy&quot;: &quot;normal&quot;,
  &quot;unhandledPromptBehavior&quot;: &quot;dismiss and notify&quot;,
  &quot;strictFileInteractability&quot;: false,
  &quot;se:bidiEnabled&quot;: false,
  &quot;proxy&quot;: {
    &quot;proxyType&quot;: &quot;UNSPECIFIED&quot;,
    &quot;autodetect&quot;: false
  },
  &quot;webauthn:extension:minPinLength&quot;: true,
  &quot;webauthn:extension:prf&quot;: true,
  &quot;katalon:caps&quot;: {
    &quot;executionId&quot;: &quot;208b81be-54a6-4b59-8af0-96d179f79066&quot;,
    &quot;executionSessionId&quot;: &quot;ac4262c8-612f-4ec3-9f4f-eb6a3a385f01&quot;
  },
  &quot;katalon:options&quot;: {
    &quot;executionId&quot;: &quot;208b81be-54a6-4b59-8af0-96d179f79066&quot;,
    &quot;executionSessionId&quot;: &quot;ac4262c8-612f-4ec3-9f4f-eb6a3a385f01&quot;,
    &quot;metadata&quot;: {
      &quot;usingTunnel&quot;: false,
      &quot;accountUuid&quot;: &quot;fda32340-531c-49aa-a0b7-40d478ba5457&quot;,
      &quot;organizationId&quot;: &quot;1906073&quot;
    },
    &quot;organizationId&quot;: &quot;1906073&quot;,
    &quot;runFromTestCloud&quot;: true,
    &quot;userId&quot;: 1648280,
    &quot;username&quot;: &quot;innocent.beaver.duja@instantletter.net&quot;,
    &quot;usingTunnel&quot;: false
  },
  &quot;webauthn:virtualAuthenticators&quot;: true
}</property>
</record>
<record>
  <date>2025-01-31T14:31:52.816147100Z</date>
  <millis>1738333912816</millis>
  <nanos>147100</nanos>
  <sequence>97</sequence>
  <level>RUN_DATA</level>
  <class>com.kms.katalon.core.logging.XmlKeywordLogger</class>
  <method>logMessage</method>
  <thread>1</thread>
  <message>sessionId = 23149e899b37c2613f1c241d82dc5863</message>
  <nestedLevel>1</nestedLevel>
  <escapedJava>false</escapedJava>
  <property name="sessionId">23149e899b37c2613f1c241d82dc5863</property>
</record>
<record>
  <date>2025-01-31T14:31:53.133150300Z</date>
  <millis>1738333913133</millis>
  <nanos>150300</nanos>
  <sequence>98</sequence>
  <level>RUN_DATA</level>
  <class>com.kms.katalon.core.logging.XmlKeywordLogger</class>
  <method>logMessage</method>
  <thread>1</thread>
  <message>browser = Chrome 133.0.0.0</message>
  <nestedLevel>1</nestedLevel>
  <escapedJava>false</escapedJava>
  <property name="browser">Chrome 133.0.0.0</property>
</record>
<record>
  <date>2025-01-31T14:31:53.133150300Z</date>
  <millis>1738333913133</millis>
  <nanos>150300</nanos>
  <sequence>99</sequence>
  <level>RUN_DATA</level>
  <class>com.kms.katalon.core.logging.XmlKeywordLogger</class>
  <method>logMessage</method>
  <thread>1</thread>
  <message>platform = Windows 11</message>
  <nestedLevel>1</nestedLevel>
  <escapedJava>false</escapedJava>
  <property name="platform">Windows 11</property>
</record>
<record>
  <date>2025-01-31T14:31:53.133150300Z</date>
  <millis>1738333913133</millis>
  <nanos>150300</nanos>
  <sequence>100</sequence>
  <level>RUN_DATA</level>
  <class>com.kms.katalon.core.logging.XmlKeywordLogger</class>
  <method>logMessage</method>
  <thread>1</thread>
  <message>seleniumVersion = 3.141.59</message>
  <nestedLevel>1</nestedLevel>
  <escapedJava>false</escapedJava>
  <property name="seleniumVersion">3.141.59</property>
</record>
<record>
  <date>2025-01-31T14:31:53.133150300Z</date>
  <millis>1738333913133</millis>
  <nanos>150300</nanos>
  <sequence>101</sequence>
  <level>RUN_DATA</level>
  <class>com.kms.katalon.core.logging.XmlKeywordLogger</class>
  <method>logMessage</method>
  <thread>1</thread>
  <message>proxyInformation = ProxyInformation { proxyOption=NO_PROXY, proxyServerType=HTTP, username=, password=********, proxyServerAddress=, proxyServerPort=0, executionList=&amp;quot;&amp;quot;, isApplyToDesiredCapabilities=true }</message>
  <nestedLevel>1</nestedLevel>
  <escapedJava>false</escapedJava>
  <property name="proxyInformation">ProxyInformation { proxyOption=NO_PROXY, proxyServerType=HTTP, username=, password=********, proxyServerAddress=, proxyServerPort=0, executionList=&quot;&quot;, isApplyToDesiredCapabilities=true }</property>
</record>
<record>
  <date>2025-01-31T14:31:53.690732600Z</date>
  <millis>1738333913690</millis>
  <nanos>732600</nanos>
  <sequence>102</sequence>
  <level>PASSED</level>
  <class>com.kms.katalon.core.logging.XmlKeywordLogger</class>
  <method>logMessage</method>
  <thread>1</thread>
  <message>Browser is opened with url: &amp;apos;&amp;apos;</message>
  <nestedLevel>1</nestedLevel>
  <escapedJava>false</escapedJava>
  <property name="testops-method-name">com.kms.katalon.core.webui.keyword.builtin.OpenBrowserKeyword.openBrowser</property>
  <property name="testops-execution-stacktrace"></property>
</record>
<record>
  <date>2025-01-31T14:31:53.706388700Z</date>
  <millis>1738333913706</millis>
  <nanos>388700</nanos>
  <sequence>103</sequence>
  <level>END</level>
  <class>com.kms.katalon.core.logging.XmlKeywordLogger</class>
  <method>endKeyword</method>
  <thread>1</thread>
  <message>End action : openBrowser(&amp;quot;&amp;quot;)</message>
  <nestedLevel>1</nestedLevel>
  <escapedJava>false</escapedJava>
</record>
<record>
  <date>2025-01-31T14:31:53.706388700Z</date>
  <millis>1738333913706</millis>
  <nanos>388700</nanos>
  <sequence>104</sequence>
  <level>START</level>
  <class>com.kms.katalon.core.logging.XmlKeywordLogger</class>
  <method>startKeyword</method>
  <thread>1</thread>
  <message>Start action : navigateToUrl(&amp;quot;https://www.saucedemo.com/&amp;quot;)</message>
  <nestedLevel>1</nestedLevel>
  <escapedJava>false</escapedJava>
  <property name="startLine">22</property>
  <property name="stepIndex">2</property>
</record>
<record>
  <date>2025-01-31T14:31:54.246223200Z</date>
  <millis>1738333914246</millis>
  <nanos>223200</nanos>
  <sequence>107</sequence>
  <level>PASSED</level>
  <class>com.kms.katalon.core.logging.XmlKeywordLogger</class>
  <method>logMessage</method>
  <thread>1</thread>
  <message>Navigate to &amp;apos;https://www.saucedemo.com/&amp;apos; successfully</message>
  <nestedLevel>1</nestedLevel>
  <escapedJava>false</escapedJava>
  <property name="testops-method-name">com.kms.katalon.core.webui.keyword.builtin.NavigateToUrlKeyword.navigateToUrl</property>
  <property name="testops-execution-stacktrace"></property>
</record>
<record>
  <date>2025-01-31T14:31:54.249240800Z</date>
  <millis>1738333914249</millis>
  <nanos>240800</nanos>
  <sequence>108</sequence>
  <level>END</level>
  <class>com.kms.katalon.core.logging.XmlKeywordLogger</class>
  <method>endKeyword</method>
  <thread>1</thread>
  <message>End action : navigateToUrl(&amp;quot;https://www.saucedemo.com/&amp;quot;)</message>
  <nestedLevel>1</nestedLevel>
  <escapedJava>false</escapedJava>
</record>
<record>
  <date>2025-01-31T14:31:54.249240800Z</date>
  <millis>1738333914249</millis>
  <nanos>240800</nanos>
  <sequence>109</sequence>
  <level>START</level>
  <class>com.kms.katalon.core.logging.XmlKeywordLogger</class>
  <method>startKeyword</method>
  <thread>1</thread>
  <message>Start action : com.test.swaglabs.CustomLogin.WebLoginFourthAccount()</message>
  <nestedLevel>1</nestedLevel>
  <escapedJava>false</escapedJava>
  <property name="startLine">24</property>
  <property name="stepIndex">3</property>
</record>
<record>
  <date>2025-01-31T14:31:55.580406700Z</date>
  <millis>1738333915580</millis>
  <nanos>406700</nanos>
  <sequence>118</sequence>
  <level>WARNING</level>
  <class>com.kms.katalon.core.logging.XmlKeywordLogger</class>
  <method>logMessage</method>
  <thread>1</thread>
  <message>[SELF-HEALING] Failed to find element with id &amp;apos;Object Repository/Page_Swag Labs/input_Swag Labs_user-name&amp;apos;. Try using Self-healing.</message>
  <nestedLevel>1</nestedLevel>
  <escapedJava>false</escapedJava>
</record>
<record>
  <date>2025-01-31T14:31:56.213696400Z</date>
  <millis>1738333916213</millis>
  <nanos>696400</nanos>
  <sequence>121</sequence>
  <level>WARNING</level>
  <class>com.kms.katalon.core.logging.XmlKeywordLogger</class>
  <method>logMessage</method>
  <thread>1</thread>
  <message>[SELF-HEALING] invalid session id
Build info: version: &amp;apos;3.141.59&amp;apos;, revision: &amp;apos;unknown&amp;apos;, time: &amp;apos;unknown&amp;apos;
System info: host: &amp;apos;LAPTOP-5GQHVTHK&amp;apos;, ip: &amp;apos;192.168.0.101&amp;apos;, os.name: &amp;apos;Windows 11&amp;apos;, os.arch: &amp;apos;amd64&amp;apos;, os.version: &amp;apos;10.0&amp;apos;, java.version: &amp;apos;17.0.7&amp;apos;
Driver info: com.kms.katalon.selenium.driver.CRemoteWebDriver
Capabilities {acceptInsecureCerts: false, browserName: chrome, browserVersion: 133.0.6847.2, chrome: {chromedriverVersion: 133.0.6847.2 (7e95e23d2d1f8..., userDataDir: C:\Program Files\scoped_dir...}, fedcm:accounts: true, goog:chromeOptions: {debuggerAddress: localhost:9225}, javascriptEnabled: true, katalon:caps: {executionId: 208b81be-54a6-4b59-8af0-96d..., executionSessionId: ac4262c8-612f-4ec3-9f4f-eb6...}, katalon:options: {executionId: 208b81be-54a6-4b59-8af0-96d..., executionSessionId: ac4262c8-612f-4ec3-9f4f-eb6..., metadata: {accountUuid: fda32340-531c-49aa-a0b7-40d..., organizationId: 1906073, usingTunnel: false}, organizationId: 1906073, runFromTestCloud: true, userId: 1648280, username: innocent.beaver.duja@instan..., usingTunnel: false}, kt:requestId: ac4262c8-612f-4ec3-9f4f-eb6..., kt:rid: ac4262c8-612f-4ec3-9f4f-eb6..., networkConnectionEnabled: false, pageLoadStrategy: normal, platform: WINDOWS, platformName: WINDOWS, proxy: Proxy(), se:bidiEnabled: false, se:cdpEnabled: false, setWindowRect: true, strictFileInteractability: false, timeouts: {implicit: 0, pageLoad: 300000, script: 30000}, unhandledPromptBehavior: dismiss and notify, webauthn:extension:credBlob: true, webauthn:extension:largeBlob: true, webauthn:extension:minPinLength: true, webauthn:extension:prf: true, webauthn:virtualAuthenticators: true}
Session ID: 23149e899b37c2613f1c241d82dc5863
*** Element info: {Using=xpath, value=//input[@id=&amp;apos;user-name&amp;apos;]}</message>
  <nestedLevel>1</nestedLevel>
  <escapedJava>false</escapedJava>
  <property name="failed.exception.class">org.openqa.selenium.NoSuchSessionException</property>
  <property name="failed.exception.stacktrace">org.openqa.selenium.NoSuchSessionException: invalid session id
Build info: version: &apos;3.141.59&apos;, revision: &apos;unknown&apos;, time: &apos;unknown&apos;
System info: host: &apos;LAPTOP-5GQHVTHK&apos;, ip: &apos;192.168.0.101&apos;, os.name: &apos;Windows 11&apos;, os.arch: &apos;amd64&apos;, os.version: &apos;10.0&apos;, java.version: &apos;17.0.7&apos;
Driver info: com.kms.katalon.selenium.driver.CRemoteWebDriver
Capabilities {acceptInsecureCerts: false, browserName: chrome, browserVersion: 133.0.6847.2, chrome: {chromedriverVersion: 133.0.6847.2 (7e95e23d2d1f8..., userDataDir: C:\Program Files\scoped_dir...}, fedcm:accounts: true, goog:chromeOptions: {debuggerAddress: localhost:9225}, javascriptEnabled: true, katalon:caps: {executionId: 208b81be-54a6-4b59-8af0-96d..., executionSessionId: ac4262c8-612f-4ec3-9f4f-eb6...}, katalon:options: {executionId: 208b81be-54a6-4b59-8af0-96d..., executionSessionId: ac4262c8-612f-4ec3-9f4f-eb6..., metadata: {accountUuid: fda32340-531c-49aa-a0b7-40d..., organizationId: 1906073, usingTunnel: false}, organizationId: 1906073, runFromTestCloud: true, userId: 1648280, username: innocent.beaver.duja@instan..., usingTunnel: false}, kt:requestId: ac4262c8-612f-4ec3-9f4f-eb6..., kt:rid: ac4262c8-612f-4ec3-9f4f-eb6..., networkConnectionEnabled: false, pageLoadStrategy: normal, platform: WINDOWS, platformName: WINDOWS, proxy: Proxy(), se:bidiEnabled: false, se:cdpEnabled: false, setWindowRect: true, strictFileInteractability: false, timeouts: {implicit: 0, pageLoad: 300000, script: 30000}, unhandledPromptBehavior: dismiss and notify, webauthn:extension:credBlob: true, webauthn:extension:largeBlob: true, webauthn:extension:minPinLength: true, webauthn:extension:prf: true, webauthn:virtualAuthenticators: true}
Session ID: 23149e899b37c2613f1c241d82dc5863
*** Element info: {Using=xpath, value=//input[@id=&apos;user-name&apos;]}
	at java.base/jdk.internal.reflect.NativeConstructorAccessorImpl.newInstance0(Native Method)
	at java.base/jdk.internal.reflect.NativeConstructorAccessorImpl.newInstance(NativeConstructorAccessorImpl.java:77)
	at java.base/jdk.internal.reflect.DelegatingConstructorAccessorImpl.newInstance(DelegatingConstructorAccessorImpl.java:45)
	at org.openqa.selenium.remote.http.W3CHttpResponseCodec.createException(W3CHttpResponseCodec.java:187)
	at org.openqa.selenium.remote.http.W3CHttpResponseCodec.decode(W3CHttpResponseCodec.java:122)
	at org.openqa.selenium.remote.http.W3CHttpResponseCodec.decode(W3CHttpResponseCodec.java:49)
	at org.openqa.selenium.remote.HttpCommandExecutor.execute(HttpCommandExecutor.java:158)
	at org.openqa.selenium.remote.RemoteWebDriver.execute(RemoteWebDriver.java:552)
	at com.kms.katalon.selenium.driver.CRemoteWebDriver.execute(CRemoteWebDriver.java:30)
	at org.openqa.selenium.remote.RemoteWebDriver.findElements(RemoteWebDriver.java:353)
	at org.openqa.selenium.remote.RemoteWebDriver.findElementsByXPath(RemoteWebDriver.java:432)
	at org.openqa.selenium.By$ByXPath.findElements(By.java:348)
	at org.openqa.selenium.remote.RemoteWebDriver.findElements(RemoteWebDriver.java:311)
	at java.base/jdk.internal.reflect.NativeMethodAccessorImpl.invoke0(Native Method)
	at java.base/jdk.internal.reflect.NativeMethodAccessorImpl.invoke(NativeMethodAccessorImpl.java:77)
	at java.base/jdk.internal.reflect.DelegatingMethodAccessorImpl.invoke(DelegatingMethodAccessorImpl.java:43)
	at org.openqa.selenium.support.events.EventFiringWebDriver.lambda$new$1(EventFiringWebDriver.java:105)
	at jdk.proxy2/jdk.proxy2.$Proxy23.findElements(Unknown Source)
	at org.openqa.selenium.support.events.EventFiringWebDriver.findElements(EventFiringWebDriver.java:182)
	at com.kms.katalon.core.webui.common.WebUiCommonHelper.findWebElementsWithSmartXPath(WebUiCommonHelper.java:1110)
	at com.kms.katalon.core.webui.common.WebUiCommonHelper.findElementsBySelectedMethod(WebUiCommonHelper.java:923)
	at com.kms.katalon.core.webui.common.WebUiCommonHelper.findElementsWithSelfHealing(WebUiCommonHelper.java:815)
	at com.kms.katalon.core.webui.common.WebUiCommonHelper.findWebElements(WebUiCommonHelper.java:727)
	at com.kms.katalon.core.webui.common.WebUiCommonHelper.findWebElement(WebUiCommonHelper.java:1413)
	at com.kms.katalon.core.webui.keyword.internal.WebUIAbstractKeyword.findWebElement(WebUIAbstractKeyword.groovy:27)
	at com.kms.katalon.core.webui.keyword.internal.WebUIAbstractKeyword.findWebElement(WebUIAbstractKeyword.groovy:26)
	at com.kms.katalon.core.webui.keyword.builtin.SetTextKeyword$_setText_closure1.doCall(SetTextKeyword.groovy:53)
	at com.kms.katalon.core.webui.keyword.builtin.SetTextKeyword$_setText_closure1.call(SetTextKeyword.groovy)
	at com.kms.katalon.core.webui.keyword.internal.WebUIKeywordMain.runKeyword(WebUIKeywordMain.groovy:35)
	at com.kms.katalon.core.webui.keyword.builtin.SetTextKeyword.setText(SetTextKeyword.groovy:85)
	at com.kms.katalon.core.webui.keyword.builtin.SetTextKeyword.execute(SetTextKeyword.groovy:39)
	at com.kms.katalon.core.keyword.internal.KeywordExecutor.executeKeywordForPlatform(KeywordExecutor.groovy:74)
	at com.kms.katalon.core.webui.keyword.WebUiBuiltInKeywords.setText(WebUiBuiltInKeywords.groovy:1019)
	at com.test.swaglabs.CustomLogin.WebLoginFourthAccount(CustomLogin.groovy:63)
	at java.base/jdk.internal.reflect.NativeMethodAccessorImpl.invoke0(Native Method)
	at java.base/jdk.internal.reflect.NativeMethodAccessorImpl.invoke(NativeMethodAccessorImpl.java:77)
	at java.base/jdk.internal.reflect.DelegatingMethodAccessorImpl.invoke(DelegatingMethodAccessorImpl.java:43)
	at com.kms.katalon.core.main.CustomKeywordDelegatingMetaClass.invokeStaticMethod(CustomKeywordDelegatingMetaClass.java:55)
	at Login by Fourth Account - performance_glitch_user.run(Login by Fourth Account - performance_glitch_user:24)
	at com.kms.katalon.core.main.ScriptEngine.run(ScriptEngine.java:194)
	at com.kms.katalon.core.main.ScriptEngine.runScriptAsRawText(ScriptEngine.java:119)
	at com.kms.katalon.core.main.TestCaseExecutor.runScript(TestCaseExecutor.java:448)
	at com.kms.katalon.core.main.TestCaseExecutor.doExecute(TestCaseExecutor.java:439)
	at com.kms.katalon.core.main.TestCaseExecutor.processExecutionPhase(TestCaseExecutor.java:418)
	at com.kms.katalon.core.main.TestCaseExecutor.accessMainPhase(TestCaseExecutor.java:410)
	at com.kms.katalon.core.main.TestCaseExecutor.execute(TestCaseExecutor.java:285)
	at com.kms.katalon.core.common.CommonExecutor.accessTestCaseMainPhase(CommonExecutor.java:65)
	at com.kms.katalon.core.main.TestSuiteExecutor.accessTestSuiteMainPhase(TestSuiteExecutor.java:150)
	at com.kms.katalon.core.main.TestSuiteExecutor.execute(TestSuiteExecutor.java:106)
	at com.kms.katalon.core.main.TestCaseMain.startTestSuite(TestCaseMain.java:180)
	at TempTestSuite1738333839214.run(TempTestSuite1738333839214.groovy:35)
	at java.base/jdk.internal.reflect.NativeMethodAccessorImpl.invoke0(Native Method)
	at java.base/jdk.internal.reflect.NativeMethodAccessorImpl.invoke(NativeMethodAccessorImpl.java:77)
	at java.base/jdk.internal.reflect.DelegatingMethodAccessorImpl.invoke(DelegatingMethodAccessorImpl.java:43)
</property>
  <property name="failed.exception.message">invalid session id
Build info: version: &apos;3.141.59&apos;, revision: &apos;unknown&apos;, time: &apos;unknown&apos;
System info: host: &apos;LAPTOP-5GQHVTHK&apos;, ip: &apos;192.168.0.101&apos;, os.name: &apos;Windows 11&apos;, os.arch: &apos;amd64&apos;, os.version: &apos;10.0&apos;, java.version: &apos;17.0.7&apos;
Driver info: com.kms.katalon.selenium.driver.CRemoteWebDriver
Capabilities {acceptInsecureCerts: false, browserName: chrome, browserVersion: 133.0.6847.2, chrome: {chromedriverVersion: 133.0.6847.2 (7e95e23d2d1f8..., userDataDir: C:\Program Files\scoped_dir...}, fedcm:accounts: true, goog:chromeOptions: {debuggerAddress: localhost:9225}, javascriptEnabled: true, katalon:caps: {executionId: 208b81be-54a6-4b59-8af0-96d..., executionSessionId: ac4262c8-612f-4ec3-9f4f-eb6...}, katalon:options: {executionId: 208b81be-54a6-4b59-8af0-96d..., executionSessionId: ac4262c8-612f-4ec3-9f4f-eb6..., metadata: {accountUuid: fda32340-531c-49aa-a0b7-40d..., organizationId: 1906073, usingTunnel: false}, organizationId: 1906073, runFromTestCloud: true, userId: 1648280, username: innocent.beaver.duja@instan..., usingTunnel: false}, kt:requestId: ac4262c8-612f-4ec3-9f4f-eb6..., kt:rid: ac4262c8-612f-4ec3-9f4f-eb6..., networkConnectionEnabled: false, pageLoadStrategy: normal, platform: WINDOWS, platformName: WINDOWS, proxy: Proxy(), se:bidiEnabled: false, se:cdpEnabled: false, setWindowRect: true, strictFileInteractability: false, timeouts: {implicit: 0, pageLoad: 300000, script: 30000}, unhandledPromptBehavior: dismiss and notify, webauthn:extension:credBlob: true, webauthn:extension:largeBlob: true, webauthn:extension:minPinLength: true, webauthn:extension:prf: true, webauthn:virtualAuthenticators: true}
Session ID: 23149e899b37c2613f1c241d82dc5863
*** Element info: {Using=xpath, value=//input[@id=&apos;user-name&apos;]}</property>
</record>
<record>
  <date>2025-01-31T14:31:58.245443300Z</date>
  <millis>1738333918245</millis>
  <nanos>443300</nanos>
  <sequence>125</sequence>
  <level>WARNING</level>
  <class>com.kms.katalon.core.logging.XmlKeywordLogger</class>
  <method>logMessage</method>
  <thread>1</thread>
  <message>[SELF-HEALING] invalid session id
Build info: version: &amp;apos;3.141.59&amp;apos;, revision: &amp;apos;unknown&amp;apos;, time: &amp;apos;unknown&amp;apos;
System info: host: &amp;apos;LAPTOP-5GQHVTHK&amp;apos;, ip: &amp;apos;192.168.0.101&amp;apos;, os.name: &amp;apos;Windows 11&amp;apos;, os.arch: &amp;apos;amd64&amp;apos;, os.version: &amp;apos;10.0&amp;apos;, java.version: &amp;apos;17.0.7&amp;apos;
Driver info: com.kms.katalon.selenium.driver.CRemoteWebDriver
Capabilities {acceptInsecureCerts: false, browserName: chrome, browserVersion: 133.0.6847.2, chrome: {chromedriverVersion: 133.0.6847.2 (7e95e23d2d1f8..., userDataDir: C:\Program Files\scoped_dir...}, fedcm:accounts: true, goog:chromeOptions: {debuggerAddress: localhost:9225}, javascriptEnabled: true, katalon:caps: {executionId: 208b81be-54a6-4b59-8af0-96d..., executionSessionId: ac4262c8-612f-4ec3-9f4f-eb6...}, katalon:options: {executionId: 208b81be-54a6-4b59-8af0-96d..., executionSessionId: ac4262c8-612f-4ec3-9f4f-eb6..., metadata: {accountUuid: fda32340-531c-49aa-a0b7-40d..., organizationId: 1906073, usingTunnel: false}, organizationId: 1906073, runFromTestCloud: true, userId: 1648280, username: innocent.beaver.duja@instan..., usingTunnel: false}, kt:requestId: ac4262c8-612f-4ec3-9f4f-eb6..., kt:rid: ac4262c8-612f-4ec3-9f4f-eb6..., networkConnectionEnabled: false, pageLoadStrategy: normal, platform: WINDOWS, platformName: WINDOWS, proxy: Proxy(), se:bidiEnabled: false, se:cdpEnabled: false, setWindowRect: true, strictFileInteractability: false, timeouts: {implicit: 0, pageLoad: 300000, script: 30000}, unhandledPromptBehavior: dismiss and notify, webauthn:extension:credBlob: true, webauthn:extension:largeBlob: true, webauthn:extension:minPinLength: true, webauthn:extension:prf: true, webauthn:virtualAuthenticators: true}
Session ID: 23149e899b37c2613f1c241d82dc5863
*** Element info: {Using=xpath, value=//*[@placeholder = &amp;apos;Username&amp;apos; and @type = &amp;apos;text&amp;apos; and @id = &amp;apos;user-name&amp;apos; and @name = &amp;apos;user-name&amp;apos;]}</message>
  <nestedLevel>1</nestedLevel>
  <escapedJava>false</escapedJava>
  <property name="failed.exception.class">org.openqa.selenium.NoSuchSessionException</property>
  <property name="failed.exception.stacktrace">org.openqa.selenium.NoSuchSessionException: invalid session id
Build info: version: &apos;3.141.59&apos;, revision: &apos;unknown&apos;, time: &apos;unknown&apos;
System info: host: &apos;LAPTOP-5GQHVTHK&apos;, ip: &apos;192.168.0.101&apos;, os.name: &apos;Windows 11&apos;, os.arch: &apos;amd64&apos;, os.version: &apos;10.0&apos;, java.version: &apos;17.0.7&apos;
Driver info: com.kms.katalon.selenium.driver.CRemoteWebDriver
Capabilities {acceptInsecureCerts: false, browserName: chrome, browserVersion: 133.0.6847.2, chrome: {chromedriverVersion: 133.0.6847.2 (7e95e23d2d1f8..., userDataDir: C:\Program Files\scoped_dir...}, fedcm:accounts: true, goog:chromeOptions: {debuggerAddress: localhost:9225}, javascriptEnabled: true, katalon:caps: {executionId: 208b81be-54a6-4b59-8af0-96d..., executionSessionId: ac4262c8-612f-4ec3-9f4f-eb6...}, katalon:options: {executionId: 208b81be-54a6-4b59-8af0-96d..., executionSessionId: ac4262c8-612f-4ec3-9f4f-eb6..., metadata: {accountUuid: fda32340-531c-49aa-a0b7-40d..., organizationId: 1906073, usingTunnel: false}, organizationId: 1906073, runFromTestCloud: true, userId: 1648280, username: innocent.beaver.duja@instan..., usingTunnel: false}, kt:requestId: ac4262c8-612f-4ec3-9f4f-eb6..., kt:rid: ac4262c8-612f-4ec3-9f4f-eb6..., networkConnectionEnabled: false, pageLoadStrategy: normal, platform: WINDOWS, platformName: WINDOWS, proxy: Proxy(), se:bidiEnabled: false, se:cdpEnabled: false, setWindowRect: true, strictFileInteractability: false, timeouts: {implicit: 0, pageLoad: 300000, script: 30000}, unhandledPromptBehavior: dismiss and notify, webauthn:extension:credBlob: true, webauthn:extension:largeBlob: true, webauthn:extension:minPinLength: true, webauthn:extension:prf: true, webauthn:virtualAuthenticators: true}
Session ID: 23149e899b37c2613f1c241d82dc5863
*** Element info: {Using=xpath, value=//*[@placeholder = &apos;Username&apos; and @type = &apos;text&apos; and @id = &apos;user-name&apos; and @name = &apos;user-name&apos;]}
	at java.base/jdk.internal.reflect.NativeConstructorAccessorImpl.newInstance0(Native Method)
	at java.base/jdk.internal.reflect.NativeConstructorAccessorImpl.newInstance(NativeConstructorAccessorImpl.java:77)
	at java.base/jdk.internal.reflect.DelegatingConstructorAccessorImpl.newInstance(DelegatingConstructorAccessorImpl.java:45)
	at org.openqa.selenium.remote.http.W3CHttpResponseCodec.createException(W3CHttpResponseCodec.java:187)
	at org.openqa.selenium.remote.http.W3CHttpResponseCodec.decode(W3CHttpResponseCodec.java:122)
	at org.openqa.selenium.remote.http.W3CHttpResponseCodec.decode(W3CHttpResponseCodec.java:49)
	at org.openqa.selenium.remote.HttpCommandExecutor.execute(HttpCommandExecutor.java:158)
	at org.openqa.selenium.remote.RemoteWebDriver.execute(RemoteWebDriver.java:552)
	at com.kms.katalon.selenium.driver.CRemoteWebDriver.execute(CRemoteWebDriver.java:30)
	at org.openqa.selenium.remote.RemoteWebDriver.findElements(RemoteWebDriver.java:353)
	at org.openqa.selenium.remote.RemoteWebDriver.findElementsByXPath(RemoteWebDriver.java:432)
	at org.openqa.selenium.By$ByXPath.findElements(By.java:348)
	at org.openqa.selenium.remote.RemoteWebDriver.findElements(RemoteWebDriver.java:311)
	at java.base/jdk.internal.reflect.NativeMethodAccessorImpl.invoke0(Native Method)
	at java.base/jdk.internal.reflect.NativeMethodAccessorImpl.invoke(NativeMethodAccessorImpl.java:77)
	at java.base/jdk.internal.reflect.DelegatingMethodAccessorImpl.invoke(DelegatingMethodAccessorImpl.java:43)
	at org.openqa.selenium.support.events.EventFiringWebDriver.lambda$new$1(EventFiringWebDriver.java:105)
	at jdk.proxy2/jdk.proxy2.$Proxy23.findElements(Unknown Source)
	at org.openqa.selenium.support.events.EventFiringWebDriver.findElements(EventFiringWebDriver.java:182)
	at com.kms.katalon.core.webui.common.WebUiCommonHelper.findElementByNormalMethods(WebUiCommonHelper.java:1033)
	at com.kms.katalon.core.webui.common.WebUiCommonHelper.findElementsBySelectedMethod(WebUiCommonHelper.java:918)
	at com.kms.katalon.core.webui.common.WebUiCommonHelper.findElementsWithSelfHealing(WebUiCommonHelper.java:815)
	at com.kms.katalon.core.webui.common.WebUiCommonHelper.findWebElements(WebUiCommonHelper.java:727)
	at com.kms.katalon.core.webui.common.WebUiCommonHelper.findWebElement(WebUiCommonHelper.java:1413)
	at com.kms.katalon.core.webui.keyword.internal.WebUIAbstractKeyword.findWebElement(WebUIAbstractKeyword.groovy:27)
	at com.kms.katalon.core.webui.keyword.internal.WebUIAbstractKeyword.findWebElement(WebUIAbstractKeyword.groovy:26)
	at com.kms.katalon.core.webui.keyword.builtin.SetTextKeyword$_setText_closure1.doCall(SetTextKeyword.groovy:53)
	at com.kms.katalon.core.webui.keyword.builtin.SetTextKeyword$_setText_closure1.call(SetTextKeyword.groovy)
	at com.kms.katalon.core.webui.keyword.internal.WebUIKeywordMain.runKeyword(WebUIKeywordMain.groovy:35)
	at com.kms.katalon.core.webui.keyword.builtin.SetTextKeyword.setText(SetTextKeyword.groovy:85)
	at com.kms.katalon.core.webui.keyword.builtin.SetTextKeyword.execute(SetTextKeyword.groovy:39)
	at com.kms.katalon.core.keyword.internal.KeywordExecutor.executeKeywordForPlatform(KeywordExecutor.groovy:74)
	at com.kms.katalon.core.webui.keyword.WebUiBuiltInKeywords.setText(WebUiBuiltInKeywords.groovy:1019)
	at com.test.swaglabs.CustomLogin.WebLoginFourthAccount(CustomLogin.groovy:63)
	at java.base/jdk.internal.reflect.NativeMethodAccessorImpl.invoke0(Native Method)
	at java.base/jdk.internal.reflect.NativeMethodAccessorImpl.invoke(NativeMethodAccessorImpl.java:77)
	at java.base/jdk.internal.reflect.DelegatingMethodAccessorImpl.invoke(DelegatingMethodAccessorImpl.java:43)
	at com.kms.katalon.core.main.CustomKeywordDelegatingMetaClass.invokeStaticMethod(CustomKeywordDelegatingMetaClass.java:55)
	at Login by Fourth Account - performance_glitch_user.run(Login by Fourth Account - performance_glitch_user:24)
	at com.kms.katalon.core.main.ScriptEngine.run(ScriptEngine.java:194)
	at com.kms.katalon.core.main.ScriptEngine.runScriptAsRawText(ScriptEngine.java:119)
	at com.kms.katalon.core.main.TestCaseExecutor.runScript(TestCaseExecutor.java:448)
	at com.kms.katalon.core.main.TestCaseExecutor.doExecute(TestCaseExecutor.java:439)
	at com.kms.katalon.core.main.TestCaseExecutor.processExecutionPhase(TestCaseExecutor.java:418)
	at com.kms.katalon.core.main.TestCaseExecutor.accessMainPhase(TestCaseExecutor.java:410)
	at com.kms.katalon.core.main.TestCaseExecutor.execute(TestCaseExecutor.java:285)
	at com.kms.katalon.core.common.CommonExecutor.accessTestCaseMainPhase(CommonExecutor.java:65)
	at com.kms.katalon.core.main.TestSuiteExecutor.accessTestSuiteMainPhase(TestSuiteExecutor.java:150)
	at com.kms.katalon.core.main.TestSuiteExecutor.execute(TestSuiteExecutor.java:106)
	at com.kms.katalon.core.main.TestCaseMain.startTestSuite(TestCaseMain.java:180)
	at TempTestSuite1738333839214.run(TempTestSuite1738333839214.groovy:35)
	at java.base/jdk.internal.reflect.NativeMethodAccessorImpl.invoke0(Native Method)
	at java.base/jdk.internal.reflect.NativeMethodAccessorImpl.invoke(NativeMethodAccessorImpl.java:77)
	at java.base/jdk.internal.reflect.DelegatingMethodAccessorImpl.invoke(DelegatingMethodAccessorImpl.java:43)
</property>
  <property name="failed.exception.message">invalid session id
Build info: version: &apos;3.141.59&apos;, revision: &apos;unknown&apos;, time: &apos;unknown&apos;
System info: host: &apos;LAPTOP-5GQHVTHK&apos;, ip: &apos;192.168.0.101&apos;, os.name: &apos;Windows 11&apos;, os.arch: &apos;amd64&apos;, os.version: &apos;10.0&apos;, java.version: &apos;17.0.7&apos;
Driver info: com.kms.katalon.selenium.driver.CRemoteWebDriver
Capabilities {acceptInsecureCerts: false, browserName: chrome, browserVersion: 133.0.6847.2, chrome: {chromedriverVersion: 133.0.6847.2 (7e95e23d2d1f8..., userDataDir: C:\Program Files\scoped_dir...}, fedcm:accounts: true, goog:chromeOptions: {debuggerAddress: localhost:9225}, javascriptEnabled: true, katalon:caps: {executionId: 208b81be-54a6-4b59-8af0-96d..., executionSessionId: ac4262c8-612f-4ec3-9f4f-eb6...}, katalon:options: {executionId: 208b81be-54a6-4b59-8af0-96d..., executionSessionId: ac4262c8-612f-4ec3-9f4f-eb6..., metadata: {accountUuid: fda32340-531c-49aa-a0b7-40d..., organizationId: 1906073, usingTunnel: false}, organizationId: 1906073, runFromTestCloud: true, userId: 1648280, username: innocent.beaver.duja@instan..., usingTunnel: false}, kt:requestId: ac4262c8-612f-4ec3-9f4f-eb6..., kt:rid: ac4262c8-612f-4ec3-9f4f-eb6..., networkConnectionEnabled: false, pageLoadStrategy: normal, platform: WINDOWS, platformName: WINDOWS, proxy: Proxy(), se:bidiEnabled: false, se:cdpEnabled: false, setWindowRect: true, strictFileInteractability: false, timeouts: {implicit: 0, pageLoad: 300000, script: 30000}, unhandledPromptBehavior: dismiss and notify, webauthn:extension:credBlob: true, webauthn:extension:largeBlob: true, webauthn:extension:minPinLength: true, webauthn:extension:prf: true, webauthn:virtualAuthenticators: true}
Session ID: 23149e899b37c2613f1c241d82dc5863
*** Element info: {Using=xpath, value=//*[@placeholder = &apos;Username&apos; and @type = &apos;text&apos; and @id = &apos;user-name&apos; and @name = &apos;user-name&apos;]}</property>
</record>
<record>
  <date>2025-01-31T14:31:58.824328400Z</date>
  <millis>1738333918824</millis>
  <nanos>328400</nanos>
  <sequence>129</sequence>
  <level>WARNING</level>
  <class>com.kms.katalon.core.logging.XmlKeywordLogger</class>
  <method>logMessage</method>
  <thread>1</thread>
  <message>[SELF-HEALING] invalid session id
Build info: version: &amp;apos;3.141.59&amp;apos;, revision: &amp;apos;unknown&amp;apos;, time: &amp;apos;unknown&amp;apos;
System info: host: &amp;apos;LAPTOP-5GQHVTHK&amp;apos;, ip: &amp;apos;192.168.0.101&amp;apos;, os.name: &amp;apos;Windows 11&amp;apos;, os.arch: &amp;apos;amd64&amp;apos;, os.version: &amp;apos;10.0&amp;apos;, java.version: &amp;apos;17.0.7&amp;apos;
Driver info: com.kms.katalon.selenium.driver.CRemoteWebDriver
Capabilities {acceptInsecureCerts: false, browserName: chrome, browserVersion: 133.0.6847.2, chrome: {chromedriverVersion: 133.0.6847.2 (7e95e23d2d1f8..., userDataDir: C:\Program Files\scoped_dir...}, fedcm:accounts: true, goog:chromeOptions: {debuggerAddress: localhost:9225}, javascriptEnabled: true, katalon:caps: {executionId: 208b81be-54a6-4b59-8af0-96d..., executionSessionId: ac4262c8-612f-4ec3-9f4f-eb6...}, katalon:options: {executionId: 208b81be-54a6-4b59-8af0-96d..., executionSessionId: ac4262c8-612f-4ec3-9f4f-eb6..., metadata: {accountUuid: fda32340-531c-49aa-a0b7-40d..., organizationId: 1906073, usingTunnel: false}, organizationId: 1906073, runFromTestCloud: true, userId: 1648280, username: innocent.beaver.duja@instan..., usingTunnel: false}, kt:requestId: ac4262c8-612f-4ec3-9f4f-eb6..., kt:rid: ac4262c8-612f-4ec3-9f4f-eb6..., networkConnectionEnabled: false, pageLoadStrategy: normal, platform: WINDOWS, platformName: WINDOWS, proxy: Proxy(), se:bidiEnabled: false, se:cdpEnabled: false, setWindowRect: true, strictFileInteractability: false, timeouts: {implicit: 0, pageLoad: 300000, script: 30000}, unhandledPromptBehavior: dismiss and notify, webauthn:extension:credBlob: true, webauthn:extension:largeBlob: true, webauthn:extension:minPinLength: true, webauthn:extension:prf: true, webauthn:virtualAuthenticators: true}
Session ID: 23149e899b37c2613f1c241d82dc5863
*** Element info: {Using=css selector, value=#user-name}</message>
  <nestedLevel>1</nestedLevel>
  <escapedJava>false</escapedJava>
  <property name="failed.exception.class">org.openqa.selenium.NoSuchSessionException</property>
  <property name="failed.exception.stacktrace">org.openqa.selenium.NoSuchSessionException: invalid session id
Build info: version: &apos;3.141.59&apos;, revision: &apos;unknown&apos;, time: &apos;unknown&apos;
System info: host: &apos;LAPTOP-5GQHVTHK&apos;, ip: &apos;192.168.0.101&apos;, os.name: &apos;Windows 11&apos;, os.arch: &apos;amd64&apos;, os.version: &apos;10.0&apos;, java.version: &apos;17.0.7&apos;
Driver info: com.kms.katalon.selenium.driver.CRemoteWebDriver
Capabilities {acceptInsecureCerts: false, browserName: chrome, browserVersion: 133.0.6847.2, chrome: {chromedriverVersion: 133.0.6847.2 (7e95e23d2d1f8..., userDataDir: C:\Program Files\scoped_dir...}, fedcm:accounts: true, goog:chromeOptions: {debuggerAddress: localhost:9225}, javascriptEnabled: true, katalon:caps: {executionId: 208b81be-54a6-4b59-8af0-96d..., executionSessionId: ac4262c8-612f-4ec3-9f4f-eb6...}, katalon:options: {executionId: 208b81be-54a6-4b59-8af0-96d..., executionSessionId: ac4262c8-612f-4ec3-9f4f-eb6..., metadata: {accountUuid: fda32340-531c-49aa-a0b7-40d..., organizationId: 1906073, usingTunnel: false}, organizationId: 1906073, runFromTestCloud: true, userId: 1648280, username: innocent.beaver.duja@instan..., usingTunnel: false}, kt:requestId: ac4262c8-612f-4ec3-9f4f-eb6..., kt:rid: ac4262c8-612f-4ec3-9f4f-eb6..., networkConnectionEnabled: false, pageLoadStrategy: normal, platform: WINDOWS, platformName: WINDOWS, proxy: Proxy(), se:bidiEnabled: false, se:cdpEnabled: false, setWindowRect: true, strictFileInteractability: false, timeouts: {implicit: 0, pageLoad: 300000, script: 30000}, unhandledPromptBehavior: dismiss and notify, webauthn:extension:credBlob: true, webauthn:extension:largeBlob: true, webauthn:extension:minPinLength: true, webauthn:extension:prf: true, webauthn:virtualAuthenticators: true}
Session ID: 23149e899b37c2613f1c241d82dc5863
*** Element info: {Using=css selector, value=#user-name}
	at java.base/jdk.internal.reflect.NativeConstructorAccessorImpl.newInstance0(Native Method)
	at java.base/jdk.internal.reflect.NativeConstructorAccessorImpl.newInstance(NativeConstructorAccessorImpl.java:77)
	at java.base/jdk.internal.reflect.DelegatingConstructorAccessorImpl.newInstance(DelegatingConstructorAccessorImpl.java:45)
	at org.openqa.selenium.remote.http.W3CHttpResponseCodec.createException(W3CHttpResponseCodec.java:187)
	at org.openqa.selenium.remote.http.W3CHttpResponseCodec.decode(W3CHttpResponseCodec.java:122)
	at org.openqa.selenium.remote.http.W3CHttpResponseCodec.decode(W3CHttpResponseCodec.java:49)
	at org.openqa.selenium.remote.HttpCommandExecutor.execute(HttpCommandExecutor.java:158)
	at org.openqa.selenium.remote.RemoteWebDriver.execute(RemoteWebDriver.java:552)
	at com.kms.katalon.selenium.driver.CRemoteWebDriver.execute(CRemoteWebDriver.java:30)
	at org.openqa.selenium.remote.RemoteWebDriver.findElements(RemoteWebDriver.java:353)
	at org.openqa.selenium.remote.RemoteWebDriver.findElementsByCssSelector(RemoteWebDriver.java:424)
	at org.openqa.selenium.By$ByCssSelector.findElements(By.java:441)
	at org.openqa.selenium.remote.RemoteWebDriver.findElements(RemoteWebDriver.java:311)
	at java.base/jdk.internal.reflect.NativeMethodAccessorImpl.invoke0(Native Method)
	at java.base/jdk.internal.reflect.NativeMethodAccessorImpl.invoke(NativeMethodAccessorImpl.java:77)
	at java.base/jdk.internal.reflect.DelegatingMethodAccessorImpl.invoke(DelegatingMethodAccessorImpl.java:43)
	at org.openqa.selenium.support.events.EventFiringWebDriver.lambda$new$1(EventFiringWebDriver.java:105)
	at jdk.proxy2/jdk.proxy2.$Proxy23.findElements(Unknown Source)
	at org.openqa.selenium.support.events.EventFiringWebDriver.findElements(EventFiringWebDriver.java:182)
	at com.kms.katalon.core.webui.common.WebUiCommonHelper.findElementByNormalMethods(WebUiCommonHelper.java:1033)
	at com.kms.katalon.core.webui.common.WebUiCommonHelper.findElementsBySelectedMethod(WebUiCommonHelper.java:920)
	at com.kms.katalon.core.webui.common.WebUiCommonHelper.findElementsWithSelfHealing(WebUiCommonHelper.java:815)
	at com.kms.katalon.core.webui.common.WebUiCommonHelper.findWebElements(WebUiCommonHelper.java:727)
	at com.kms.katalon.core.webui.common.WebUiCommonHelper.findWebElement(WebUiCommonHelper.java:1413)
	at com.kms.katalon.core.webui.keyword.internal.WebUIAbstractKeyword.findWebElement(WebUIAbstractKeyword.groovy:27)
	at com.kms.katalon.core.webui.keyword.internal.WebUIAbstractKeyword.findWebElement(WebUIAbstractKeyword.groovy:26)
	at com.kms.katalon.core.webui.keyword.builtin.SetTextKeyword$_setText_closure1.doCall(SetTextKeyword.groovy:53)
	at com.kms.katalon.core.webui.keyword.builtin.SetTextKeyword$_setText_closure1.call(SetTextKeyword.groovy)
	at com.kms.katalon.core.webui.keyword.internal.WebUIKeywordMain.runKeyword(WebUIKeywordMain.groovy:35)
	at com.kms.katalon.core.webui.keyword.builtin.SetTextKeyword.setText(SetTextKeyword.groovy:85)
	at com.kms.katalon.core.webui.keyword.builtin.SetTextKeyword.execute(SetTextKeyword.groovy:39)
	at com.kms.katalon.core.keyword.internal.KeywordExecutor.executeKeywordForPlatform(KeywordExecutor.groovy:74)
	at com.kms.katalon.core.webui.keyword.WebUiBuiltInKeywords.setText(WebUiBuiltInKeywords.groovy:1019)
	at com.test.swaglabs.CustomLogin.WebLoginFourthAccount(CustomLogin.groovy:63)
	at java.base/jdk.internal.reflect.NativeMethodAccessorImpl.invoke0(Native Method)
	at java.base/jdk.internal.reflect.NativeMethodAccessorImpl.invoke(NativeMethodAccessorImpl.java:77)
	at java.base/jdk.internal.reflect.DelegatingMethodAccessorImpl.invoke(DelegatingMethodAccessorImpl.java:43)
	at com.kms.katalon.core.main.CustomKeywordDelegatingMetaClass.invokeStaticMethod(CustomKeywordDelegatingMetaClass.java:55)
	at Login by Fourth Account - performance_glitch_user.run(Login by Fourth Account - performance_glitch_user:24)
	at com.kms.katalon.core.main.ScriptEngine.run(ScriptEngine.java:194)
	at com.kms.katalon.core.main.ScriptEngine.runScriptAsRawText(ScriptEngine.java:119)
	at com.kms.katalon.core.main.TestCaseExecutor.runScript(TestCaseExecutor.java:448)
	at com.kms.katalon.core.main.TestCaseExecutor.doExecute(TestCaseExecutor.java:439)
	at com.kms.katalon.core.main.TestCaseExecutor.processExecutionPhase(TestCaseExecutor.java:418)
	at com.kms.katalon.core.main.TestCaseExecutor.accessMainPhase(TestCaseExecutor.java:410)
	at com.kms.katalon.core.main.TestCaseExecutor.execute(TestCaseExecutor.java:285)
	at com.kms.katalon.core.common.CommonExecutor.accessTestCaseMainPhase(CommonExecutor.java:65)
	at com.kms.katalon.core.main.TestSuiteExecutor.accessTestSuiteMainPhase(TestSuiteExecutor.java:150)
	at com.kms.katalon.core.main.TestSuiteExecutor.execute(TestSuiteExecutor.java:106)
	at com.kms.katalon.core.main.TestCaseMain.startTestSuite(TestCaseMain.java:180)
	at TempTestSuite1738333839214.run(TempTestSuite1738333839214.groovy:35)
	at java.base/jdk.internal.reflect.NativeMethodAccessorImpl.invoke0(Native Method)
	at java.base/jdk.internal.reflect.NativeMethodAccessorImpl.invoke(NativeMethodAccessorImpl.java:77)
	at java.base/jdk.internal.reflect.DelegatingMethodAccessorImpl.invoke(DelegatingMethodAccessorImpl.java:43)
</property>
  <property name="failed.exception.message">invalid session id
Build info: version: &apos;3.141.59&apos;, revision: &apos;unknown&apos;, time: &apos;unknown&apos;
System info: host: &apos;LAPTOP-5GQHVTHK&apos;, ip: &apos;192.168.0.101&apos;, os.name: &apos;Windows 11&apos;, os.arch: &apos;amd64&apos;, os.version: &apos;10.0&apos;, java.version: &apos;17.0.7&apos;
Driver info: com.kms.katalon.selenium.driver.CRemoteWebDriver
Capabilities {acceptInsecureCerts: false, browserName: chrome, browserVersion: 133.0.6847.2, chrome: {chromedriverVersion: 133.0.6847.2 (7e95e23d2d1f8..., userDataDir: C:\Program Files\scoped_dir...}, fedcm:accounts: true, goog:chromeOptions: {debuggerAddress: localhost:9225}, javascriptEnabled: true, katalon:caps: {executionId: 208b81be-54a6-4b59-8af0-96d..., executionSessionId: ac4262c8-612f-4ec3-9f4f-eb6...}, katalon:options: {executionId: 208b81be-54a6-4b59-8af0-96d..., executionSessionId: ac4262c8-612f-4ec3-9f4f-eb6..., metadata: {accountUuid: fda32340-531c-49aa-a0b7-40d..., organizationId: 1906073, usingTunnel: false}, organizationId: 1906073, runFromTestCloud: true, userId: 1648280, username: innocent.beaver.duja@instan..., usingTunnel: false}, kt:requestId: ac4262c8-612f-4ec3-9f4f-eb6..., kt:rid: ac4262c8-612f-4ec3-9f4f-eb6..., networkConnectionEnabled: false, pageLoadStrategy: normal, platform: WINDOWS, platformName: WINDOWS, proxy: Proxy(), se:bidiEnabled: false, se:cdpEnabled: false, setWindowRect: true, strictFileInteractability: false, timeouts: {implicit: 0, pageLoad: 300000, script: 30000}, unhandledPromptBehavior: dismiss and notify, webauthn:extension:credBlob: true, webauthn:extension:largeBlob: true, webauthn:extension:minPinLength: true, webauthn:extension:prf: true, webauthn:virtualAuthenticators: true}
Session ID: 23149e899b37c2613f1c241d82dc5863
*** Element info: {Using=css selector, value=#user-name}</property>
</record>
<record>
  <date>2025-01-31T14:31:59.180551400Z</date>
  <millis>1738333919180</millis>
  <nanos>551400</nanos>
  <sequence>131</sequence>
  <level>WARNING</level>
  <class>com.kms.katalon.core.logging.XmlKeywordLogger</class>
  <method>logMessage</method>
  <thread>1</thread>
  <message>Cannot take screenshot</message>
  <nestedLevel>1</nestedLevel>
  <escapedJava>false</escapedJava>
  <property name="failed.exception.class">org.openqa.selenium.WebDriverException</property>
  <property name="failed.exception.stacktrace">org.openqa.selenium.WebDriverException: An unknown error has occurred
Build info: version: &apos;3.141.59&apos;, revision: &apos;unknown&apos;, time: &apos;unknown&apos;
System info: host: &apos;LAPTOP-5GQHVTHK&apos;, ip: &apos;192.168.0.101&apos;, os.name: &apos;Windows 11&apos;, os.arch: &apos;amd64&apos;, os.version: &apos;10.0&apos;, java.version: &apos;17.0.7&apos;
Driver info: com.kms.katalon.selenium.driver.CRemoteWebDriver
Capabilities {acceptInsecureCerts: false, browserName: chrome, browserVersion: 133.0.6847.2, chrome: {chromedriverVersion: 133.0.6847.2 (7e95e23d2d1f8..., userDataDir: C:\Program Files\scoped_dir...}, fedcm:accounts: true, goog:chromeOptions: {debuggerAddress: localhost:9225}, javascriptEnabled: true, katalon:caps: {executionId: 208b81be-54a6-4b59-8af0-96d..., executionSessionId: ac4262c8-612f-4ec3-9f4f-eb6...}, katalon:options: {executionId: 208b81be-54a6-4b59-8af0-96d..., executionSessionId: ac4262c8-612f-4ec3-9f4f-eb6..., metadata: {accountUuid: fda32340-531c-49aa-a0b7-40d..., organizationId: 1906073, usingTunnel: false}, organizationId: 1906073, runFromTestCloud: true, userId: 1648280, username: innocent.beaver.duja@instan..., usingTunnel: false}, kt:requestId: ac4262c8-612f-4ec3-9f4f-eb6..., kt:rid: ac4262c8-612f-4ec3-9f4f-eb6..., networkConnectionEnabled: false, pageLoadStrategy: normal, platform: WINDOWS, platformName: WINDOWS, proxy: Proxy(), se:bidiEnabled: false, se:cdpEnabled: false, setWindowRect: true, strictFileInteractability: false, timeouts: {implicit: 0, pageLoad: 300000, script: 30000}, unhandledPromptBehavior: dismiss and notify, webauthn:extension:credBlob: true, webauthn:extension:largeBlob: true, webauthn:extension:minPinLength: true, webauthn:extension:prf: true, webauthn:virtualAuthenticators: true}
Session ID: 23149e899b37c2613f1c241d82dc5863
	at java.base/jdk.internal.reflect.NativeConstructorAccessorImpl.newInstance0(Native Method)
	at java.base/jdk.internal.reflect.NativeConstructorAccessorImpl.newInstance(NativeConstructorAccessorImpl.java:77)
	at java.base/jdk.internal.reflect.DelegatingConstructorAccessorImpl.newInstance(DelegatingConstructorAccessorImpl.java:45)
	at org.openqa.selenium.remote.http.W3CHttpResponseCodec.createException(W3CHttpResponseCodec.java:187)
	at org.openqa.selenium.remote.http.W3CHttpResponseCodec.decode(W3CHttpResponseCodec.java:122)
	at org.openqa.selenium.remote.http.W3CHttpResponseCodec.decode(W3CHttpResponseCodec.java:49)
	at org.openqa.selenium.remote.HttpCommandExecutor.execute(HttpCommandExecutor.java:158)
	at org.openqa.selenium.remote.RemoteWebDriver.execute(RemoteWebDriver.java:552)
	at com.kms.katalon.selenium.driver.CRemoteWebDriver.execute(CRemoteWebDriver.java:30)
	at org.openqa.selenium.remote.RemoteWebDriver.execute(RemoteWebDriver.java:609)
	at org.openqa.selenium.remote.RemoteWebDriver.getScreenshotAs(RemoteWebDriver.java:295)
	at java.base/jdk.internal.reflect.NativeMethodAccessorImpl.invoke0(Native Method)
	at java.base/jdk.internal.reflect.NativeMethodAccessorImpl.invoke(NativeMethodAccessorImpl.java:77)
	at java.base/jdk.internal.reflect.DelegatingMethodAccessorImpl.invoke(DelegatingMethodAccessorImpl.java:43)
	at org.openqa.selenium.support.events.EventFiringWebDriver.lambda$new$1(EventFiringWebDriver.java:105)
	at jdk.proxy2/jdk.proxy2.$Proxy23.getScreenshotAs(Unknown Source)
	at org.openqa.selenium.support.events.EventFiringWebDriver.getScreenshotAs(EventFiringWebDriver.java:302)
	at com.kms.katalon.core.webui.helper.screenshot.WebUIScreenCaptor.take(WebUIScreenCaptor.java:26)
	at com.kms.katalon.core.helper.screenshot.ScreenCaptor.takeScreenshotAndGetAttributes(ScreenCaptor.java:38)
	at com.kms.katalon.core.webui.keyword.internal.WebUIKeywordMain.stepFailed(WebUIKeywordMain.groovy:117)
	at com.kms.katalon.core.webui.keyword.internal.WebUIKeywordMain.runKeyword(WebUIKeywordMain.groovy:43)
	at com.kms.katalon.core.webui.keyword.builtin.SetTextKeyword.setText(SetTextKeyword.groovy:85)
	at com.kms.katalon.core.webui.keyword.builtin.SetTextKeyword.execute(SetTextKeyword.groovy:39)
	at com.kms.katalon.core.keyword.internal.KeywordExecutor.executeKeywordForPlatform(KeywordExecutor.groovy:74)
	at com.kms.katalon.core.webui.keyword.WebUiBuiltInKeywords.setText(WebUiBuiltInKeywords.groovy:1019)
	at com.test.swaglabs.CustomLogin.WebLoginFourthAccount(CustomLogin.groovy:63)
	at java.base/jdk.internal.reflect.NativeMethodAccessorImpl.invoke0(Native Method)
	at java.base/jdk.internal.reflect.NativeMethodAccessorImpl.invoke(NativeMethodAccessorImpl.java:77)
	at java.base/jdk.internal.reflect.DelegatingMethodAccessorImpl.invoke(DelegatingMethodAccessorImpl.java:43)
	at com.kms.katalon.core.main.CustomKeywordDelegatingMetaClass.invokeStaticMethod(CustomKeywordDelegatingMetaClass.java:55)
	at Login by Fourth Account - performance_glitch_user.run(Login by Fourth Account - performance_glitch_user:24)
	at com.kms.katalon.core.main.ScriptEngine.run(ScriptEngine.java:194)
	at com.kms.katalon.core.main.ScriptEngine.runScriptAsRawText(ScriptEngine.java:119)
	at com.kms.katalon.core.main.TestCaseExecutor.runScript(TestCaseExecutor.java:448)
	at com.kms.katalon.core.main.TestCaseExecutor.doExecute(TestCaseExecutor.java:439)
	at com.kms.katalon.core.main.TestCaseExecutor.processExecutionPhase(TestCaseExecutor.java:418)
	at com.kms.katalon.core.main.TestCaseExecutor.accessMainPhase(TestCaseExecutor.java:410)
	at com.kms.katalon.core.main.TestCaseExecutor.execute(TestCaseExecutor.java:285)
	at com.kms.katalon.core.common.CommonExecutor.accessTestCaseMainPhase(CommonExecutor.java:65)
	at com.kms.katalon.core.main.TestSuiteExecutor.accessTestSuiteMainPhase(TestSuiteExecutor.java:150)
	at com.kms.katalon.core.main.TestSuiteExecutor.execute(TestSuiteExecutor.java:106)
	at com.kms.katalon.core.main.TestCaseMain.startTestSuite(TestCaseMain.java:180)
	at TempTestSuite1738333839214.run(TempTestSuite1738333839214.groovy:35)
	at java.base/jdk.internal.reflect.NativeMethodAccessorImpl.invoke0(Native Method)
	at java.base/jdk.internal.reflect.NativeMethodAccessorImpl.invoke(NativeMethodAccessorImpl.java:77)
	at java.base/jdk.internal.reflect.DelegatingMethodAccessorImpl.invoke(DelegatingMethodAccessorImpl.java:43)
</property>
  <property name="failed.exception.message">An unknown error has occurred
Build info: version: &apos;3.141.59&apos;, revision: &apos;unknown&apos;, time: &apos;unknown&apos;
System info: host: &apos;LAPTOP-5GQHVTHK&apos;, ip: &apos;192.168.0.101&apos;, os.name: &apos;Windows 11&apos;, os.arch: &apos;amd64&apos;, os.version: &apos;10.0&apos;, java.version: &apos;17.0.7&apos;
Driver info: com.kms.katalon.selenium.driver.CRemoteWebDriver
Capabilities {acceptInsecureCerts: false, browserName: chrome, browserVersion: 133.0.6847.2, chrome: {chromedriverVersion: 133.0.6847.2 (7e95e23d2d1f8..., userDataDir: C:\Program Files\scoped_dir...}, fedcm:accounts: true, goog:chromeOptions: {debuggerAddress: localhost:9225}, javascriptEnabled: true, katalon:caps: {executionId: 208b81be-54a6-4b59-8af0-96d..., executionSessionId: ac4262c8-612f-4ec3-9f4f-eb6...}, katalon:options: {executionId: 208b81be-54a6-4b59-8af0-96d..., executionSessionId: ac4262c8-612f-4ec3-9f4f-eb6..., metadata: {accountUuid: fda32340-531c-49aa-a0b7-40d..., organizationId: 1906073, usingTunnel: false}, organizationId: 1906073, runFromTestCloud: true, userId: 1648280, username: innocent.beaver.duja@instan..., usingTunnel: false}, kt:requestId: ac4262c8-612f-4ec3-9f4f-eb6..., kt:rid: ac4262c8-612f-4ec3-9f4f-eb6..., networkConnectionEnabled: false, pageLoadStrategy: normal, platform: WINDOWS, platformName: WINDOWS, proxy: Proxy(), se:bidiEnabled: false, se:cdpEnabled: false, setWindowRect: true, strictFileInteractability: false, timeouts: {implicit: 0, pageLoad: 300000, script: 30000}, unhandledPromptBehavior: dismiss and notify, webauthn:extension:credBlob: true, webauthn:extension:largeBlob: true, webauthn:extension:minPinLength: true, webauthn:extension:prf: true, webauthn:virtualAuthenticators: true}
Session ID: 23149e899b37c2613f1c241d82dc5863</property>
</record>
<record>
  <date>2025-01-31T14:31:59.216689500Z</date>
  <millis>1738333919216</millis>
  <nanos>689500</nanos>
  <sequence>135</sequence>
  <level>FAILED</level>
  <class>com.kms.katalon.core.logging.XmlKeywordLogger</class>
  <method>logMessage</method>
  <thread>1</thread>
  <message>Unable to set text &amp;apos;performance_glitch_user&amp;apos; of object &amp;apos;Object Repository/Page_Swag Labs/input_Swag Labs_user-name&amp;apos; (Root cause: com.kms.katalon.core.exception.StepFailedException: Unable to set text &amp;apos;performance_glitch_user&amp;apos; of object &amp;apos;Object Repository/Page_Swag Labs/input_Swag Labs_user-name&amp;apos;
	at com.kms.katalon.core.webui.keyword.internal.WebUIKeywordMain.stepFailed(WebUIKeywordMain.groovy:117)
	at com.kms.katalon.core.webui.keyword.internal.WebUIKeywordMain.runKeyword(WebUIKeywordMain.groovy:43)
	at com.kms.katalon.core.webui.keyword.builtin.SetTextKeyword.setText(SetTextKeyword.groovy:85)
	at com.kms.katalon.core.webui.keyword.builtin.SetTextKeyword.execute(SetTextKeyword.groovy:39)
	at com.kms.katalon.core.keyword.internal.KeywordExecutor.executeKeywordForPlatform(KeywordExecutor.groovy:74)
	at com.kms.katalon.core.webui.keyword.WebUiBuiltInKeywords.setText(WebUiBuiltInKeywords.groovy:1019)
	at com.test.swaglabs.CustomLogin.WebLoginFourthAccount(CustomLogin.groovy:63)
	at java.base/jdk.internal.reflect.NativeMethodAccessorImpl.invoke0(Native Method)
	at java.base/jdk.internal.reflect.NativeMethodAccessorImpl.invoke(NativeMethodAccessorImpl.java:77)
	at java.base/jdk.internal.reflect.DelegatingMethodAccessorImpl.invoke(DelegatingMethodAccessorImpl.java:43)
	at com.kms.katalon.core.main.CustomKeywordDelegatingMetaClass.invokeStaticMethod(CustomKeywordDelegatingMetaClass.java:55)
	at Login by Fourth Account - performance_glitch_user.run(Login by Fourth Account - performance_glitch_user:24)
	at com.kms.katalon.core.main.ScriptEngine.run(ScriptEngine.java:194)
	at com.kms.katalon.core.main.ScriptEngine.runScriptAsRawText(ScriptEngine.java:119)
	at com.kms.katalon.core.main.TestCaseExecutor.runScript(TestCaseExecutor.java:448)
	at com.kms.katalon.core.main.TestCaseExecutor.doExecute(TestCaseExecutor.java:439)
	at com.kms.katalon.core.main.TestCaseExecutor.processExecutionPhase(TestCaseExecutor.java:418)
	at com.kms.katalon.core.main.TestCaseExecutor.accessMainPhase(TestCaseExecutor.java:410)
	at com.kms.katalon.core.main.TestCaseExecutor.execute(TestCaseExecutor.java:285)
	at com.kms.katalon.core.common.CommonExecutor.accessTestCaseMainPhase(CommonExecutor.java:65)
	at com.kms.katalon.core.main.TestSuiteExecutor.accessTestSuiteMainPhase(TestSuiteExecutor.java:150)
	at com.kms.katalon.core.main.TestSuiteExecutor.execute(TestSuiteExecutor.java:106)
	at com.kms.katalon.core.main.TestCaseMain.startTestSuite(TestCaseMain.java:180)
	at TempTestSuite1738333839214.run(TempTestSuite1738333839214.groovy:35)
	at java.base/jdk.internal.reflect.NativeMethodAccessorImpl.invoke0(Native Method)
	at java.base/jdk.internal.reflect.NativeMethodAccessorImpl.invoke(NativeMethodAccessorImpl.java:77)
	at java.base/jdk.internal.reflect.DelegatingMethodAccessorImpl.invoke(DelegatingMethodAccessorImpl.java:43)
Caused by: org.openqa.selenium.NoSuchSessionException: invalid session id: session deleted as the browser has closed the connection
from disconnected: Unable to receive message from renderer
  (Session info: chrome=133.0.6847.2)
Build info: version: &amp;apos;3.141.59&amp;apos;, revision: &amp;apos;unknown&amp;apos;, time: &amp;apos;unknown&amp;apos;
System info: host: &amp;apos;LAPTOP-5GQHVTHK&amp;apos;, ip: &amp;apos;192.168.0.101&amp;apos;, os.name: &amp;apos;Windows 11&amp;apos;, os.arch: &amp;apos;amd64&amp;apos;, os.version: &amp;apos;10.0&amp;apos;, java.version: &amp;apos;17.0.7&amp;apos;
Driver info: com.kms.katalon.selenium.driver.CRemoteWebDriver
Capabilities {acceptInsecureCerts: false, browserName: chrome, browserVersion: 133.0.6847.2, chrome: {chromedriverVersion: 133.0.6847.2 (7e95e23d2d1f8..., userDataDir: C:\Program Files\scoped_dir...}, fedcm:accounts: true, goog:chromeOptions: {debuggerAddress: localhost:9225}, javascriptEnabled: true, katalon:caps: {executionId: 208b81be-54a6-4b59-8af0-96d..., executionSessionId: ac4262c8-612f-4ec3-9f4f-eb6...}, katalon:options: {executionId: 208b81be-54a6-4b59-8af0-96d..., executionSessionId: ac4262c8-612f-4ec3-9f4f-eb6..., metadata: {accountUuid: fda32340-531c-49aa-a0b7-40d..., organizationId: 1906073, usingTunnel: false}, organizationId: 1906073, runFromTestCloud: true, userId: 1648280, username: innocent.beaver.duja@instan..., usingTunnel: false}, kt:requestId: ac4262c8-612f-4ec3-9f4f-eb6..., kt:rid: ac4262c8-612f-4ec3-9f4f-eb6..., networkConnectionEnabled: false, pageLoadStrategy: normal, platform: WINDOWS, platformName: WINDOWS, proxy: Proxy(), se:bidiEnabled: false, se:cdpEnabled: false, setWindowRect: true, strictFileInteractability: false, timeouts: {implicit: 0, pageLoad: 300000, script: 30000}, unhandledPromptBehavior: dismiss and notify, webauthn:extension:credBlob: true, webauthn:extension:largeBlob: true, webauthn:extension:minPinLength: true, webauthn:extension:prf: true, webauthn:virtualAuthenticators: true}
Session ID: 23149e899b37c2613f1c241d82dc5863
*** Element info: {Using=xpath, value=//input[@id=&amp;apos;user-name&amp;apos;]}
	at java.base/jdk.internal.reflect.NativeConstructorAccessorImpl.newInstance0(Native Method)
	at java.base/jdk.internal.reflect.NativeConstructorAccessorImpl.newInstance(NativeConstructorAccessorImpl.java:77)
	at java.base/jdk.internal.reflect.DelegatingConstructorAccessorImpl.newInstance(DelegatingConstructorAccessorImpl.java:45)
	at org.openqa.selenium.remote.http.W3CHttpResponseCodec.createException(W3CHttpResponseCodec.java:187)
	at org.openqa.selenium.remote.http.W3CHttpResponseCodec.decode(W3CHttpResponseCodec.java:122)
	at org.openqa.selenium.remote.http.W3CHttpResponseCodec.decode(W3CHttpResponseCodec.java:49)
	at org.openqa.selenium.remote.HttpCommandExecutor.execute(HttpCommandExecutor.java:158)
	at org.openqa.selenium.remote.RemoteWebDriver.execute(RemoteWebDriver.java:552)
	at com.kms.katalon.selenium.driver.CRemoteWebDriver.execute(CRemoteWebDriver.java:30)
	at org.openqa.selenium.remote.RemoteWebDriver.findElements(RemoteWebDriver.java:353)
	at org.openqa.selenium.remote.RemoteWebDriver.findElementsByXPath(RemoteWebDriver.java:432)
	at org.openqa.selenium.By$ByXPath.findElements(By.java:348)
	at org.openqa.selenium.remote.RemoteWebDriver.findElements(RemoteWebDriver.java:311)
	at java.base/jdk.internal.reflect.NativeMethodAccessorImpl.invoke0(Native Method)
	at java.base/jdk.internal.reflect.NativeMethodAccessorImpl.invoke(NativeMethodAccessorImpl.java:77)
	at java.base/jdk.internal.reflect.DelegatingMethodAccessorImpl.invoke(DelegatingMethodAccessorImpl.java:43)
	at org.openqa.selenium.support.events.EventFiringWebDriver.lambda$new$1(EventFiringWebDriver.java:105)
	at jdk.proxy2/jdk.proxy2.$Proxy23.findElements(Unknown Source)
	at org.openqa.selenium.support.events.EventFiringWebDriver.findElements(EventFiringWebDriver.java:182)
	at com.kms.katalon.core.webui.common.WebUiCommonHelper.findElementByNormalMethods(WebUiCommonHelper.java:1033)
	at com.kms.katalon.core.webui.common.WebUiCommonHelper.findElementsBySelectedMethod(WebUiCommonHelper.java:924)
	at com.kms.katalon.core.webui.common.WebUiCommonHelper.findElementsBySelectedMethod(WebUiCommonHelper.java:906)
	at com.kms.katalon.core.webui.common.WebUiCommonHelper.findElementsBySelectedMethod(WebUiCommonHelper.java:901)
	at com.kms.katalon.core.webui.common.WebUiCommonHelper.findElementsByDefault(WebUiCommonHelper.java:897)
	at com.kms.katalon.core.webui.common.WebUiCommonHelper.findElementsWithSelfHealing(WebUiCommonHelper.java:743)
	at com.kms.katalon.core.webui.common.WebUiCommonHelper.findWebElements(WebUiCommonHelper.java:727)
	at com.kms.katalon.core.webui.common.WebUiCommonHelper.findWebElement(WebUiCommonHelper.java:1413)
	at com.kms.katalon.core.webui.keyword.internal.WebUIAbstractKeyword.findWebElement(WebUIAbstractKeyword.groovy:27)
	at com.kms.katalon.core.webui.keyword.internal.WebUIAbstractKeyword.findWebElement(WebUIAbstractKeyword.groovy:26)
	at com.kms.katalon.core.webui.keyword.builtin.SetTextKeyword$_setText_closure1.doCall(SetTextKeyword.groovy:53)
	at com.kms.katalon.core.webui.keyword.builtin.SetTextKeyword$_setText_closure1.call(SetTextKeyword.groovy)
	at com.kms.katalon.core.webui.keyword.internal.WebUIKeywordMain.runKeyword(WebUIKeywordMain.groovy:35)
	at com.kms.katalon.core.webui.keyword.builtin.SetTextKeyword.setText(SetTextKeyword.groovy:85)
	at com.kms.katalon.core.webui.keyword.builtin.SetTextKeyword.execute(SetTextKeyword.groovy:39)
	at com.kms.katalon.core.keyword.internal.KeywordExecutor.executeKeywordForPlatform(KeywordExecutor.groovy:74)
	at com.kms.katalon.core.webui.keyword.WebUiBuiltInKeywords.setText(WebUiBuiltInKeywords.groovy:1019)
	at com.test.swaglabs.CustomLogin.WebLoginFourthAccount(CustomLogin.groovy:63)
	at java.base/jdk.internal.reflect.NativeMethodAccessorImpl.invoke0(Native Method)
	at java.base/jdk.internal.reflect.NativeMethodAccessorImpl.invoke(NativeMethodAccessorImpl.java:77)
	at java.base/jdk.internal.reflect.DelegatingMethodAccessorImpl.invoke(DelegatingMethodAccessorImpl.java:43)
	at com.kms.katalon.core.main.CustomKeywordDelegatingMetaClass.invokeStaticMethod(CustomKeywordDelegatingMetaClass.java:55)
	at Script1738220797178.run(Script1738220797178.groovy:24)
	... 15 more
)</message>
  <nestedLevel>1</nestedLevel>
  <escapedJava>false</escapedJava>
  <property name="failed.exception.class">org.openqa.selenium.NoSuchSessionException</property>
  <property name="failed.exception.stacktrace">org.openqa.selenium.NoSuchSessionException: invalid session id: session deleted as the browser has closed the connection
from disconnected: Unable to receive message from renderer
  (Session info: chrome=133.0.6847.2)
Build info: version: &apos;3.141.59&apos;, revision: &apos;unknown&apos;, time: &apos;unknown&apos;
System info: host: &apos;LAPTOP-5GQHVTHK&apos;, ip: &apos;192.168.0.101&apos;, os.name: &apos;Windows 11&apos;, os.arch: &apos;amd64&apos;, os.version: &apos;10.0&apos;, java.version: &apos;17.0.7&apos;
Driver info: com.kms.katalon.selenium.driver.CRemoteWebDriver
Capabilities {acceptInsecureCerts: false, browserName: chrome, browserVersion: 133.0.6847.2, chrome: {chromedriverVersion: 133.0.6847.2 (7e95e23d2d1f8..., userDataDir: C:\Program Files\scoped_dir...}, fedcm:accounts: true, goog:chromeOptions: {debuggerAddress: localhost:9225}, javascriptEnabled: true, katalon:caps: {executionId: 208b81be-54a6-4b59-8af0-96d..., executionSessionId: ac4262c8-612f-4ec3-9f4f-eb6...}, katalon:options: {executionId: 208b81be-54a6-4b59-8af0-96d..., executionSessionId: ac4262c8-612f-4ec3-9f4f-eb6..., metadata: {accountUuid: fda32340-531c-49aa-a0b7-40d..., organizationId: 1906073, usingTunnel: false}, organizationId: 1906073, runFromTestCloud: true, userId: 1648280, username: innocent.beaver.duja@instan..., usingTunnel: false}, kt:requestId: ac4262c8-612f-4ec3-9f4f-eb6..., kt:rid: ac4262c8-612f-4ec3-9f4f-eb6..., networkConnectionEnabled: false, pageLoadStrategy: normal, platform: WINDOWS, platformName: WINDOWS, proxy: Proxy(), se:bidiEnabled: false, se:cdpEnabled: false, setWindowRect: true, strictFileInteractability: false, timeouts: {implicit: 0, pageLoad: 300000, script: 30000}, unhandledPromptBehavior: dismiss and notify, webauthn:extension:credBlob: true, webauthn:extension:largeBlob: true, webauthn:extension:minPinLength: true, webauthn:extension:prf: true, webauthn:virtualAuthenticators: true}
Session ID: 23149e899b37c2613f1c241d82dc5863
*** Element info: {Using=xpath, value=//input[@id=&apos;user-name&apos;]}
	at java.base/jdk.internal.reflect.NativeConstructorAccessorImpl.newInstance0(Native Method)
	at java.base/jdk.internal.reflect.NativeConstructorAccessorImpl.newInstance(NativeConstructorAccessorImpl.java:77)
	at java.base/jdk.internal.reflect.DelegatingConstructorAccessorImpl.newInstance(DelegatingConstructorAccessorImpl.java:45)
	at org.openqa.selenium.remote.http.W3CHttpResponseCodec.createException(W3CHttpResponseCodec.java:187)
	at org.openqa.selenium.remote.http.W3CHttpResponseCodec.decode(W3CHttpResponseCodec.java:122)
	at org.openqa.selenium.remote.http.W3CHttpResponseCodec.decode(W3CHttpResponseCodec.java:49)
	at org.openqa.selenium.remote.HttpCommandExecutor.execute(HttpCommandExecutor.java:158)
	at org.openqa.selenium.remote.RemoteWebDriver.execute(RemoteWebDriver.java:552)
	at com.kms.katalon.selenium.driver.CRemoteWebDriver.execute(CRemoteWebDriver.java:30)
	at org.openqa.selenium.remote.RemoteWebDriver.findElements(RemoteWebDriver.java:353)
	at org.openqa.selenium.remote.RemoteWebDriver.findElementsByXPath(RemoteWebDriver.java:432)
	at org.openqa.selenium.By$ByXPath.findElements(By.java:348)
	at org.openqa.selenium.remote.RemoteWebDriver.findElements(RemoteWebDriver.java:311)
	at java.base/jdk.internal.reflect.NativeMethodAccessorImpl.invoke0(Native Method)
	at java.base/jdk.internal.reflect.NativeMethodAccessorImpl.invoke(NativeMethodAccessorImpl.java:77)
	at java.base/jdk.internal.reflect.DelegatingMethodAccessorImpl.invoke(DelegatingMethodAccessorImpl.java:43)
	at org.openqa.selenium.support.events.EventFiringWebDriver.lambda$new$1(EventFiringWebDriver.java:105)
	at jdk.proxy2/jdk.proxy2.$Proxy23.findElements(Unknown Source)
	at org.openqa.selenium.support.events.EventFiringWebDriver.findElements(EventFiringWebDriver.java:182)
	at com.kms.katalon.core.webui.common.WebUiCommonHelper.findElementByNormalMethods(WebUiCommonHelper.java:1033)
	at com.kms.katalon.core.webui.common.WebUiCommonHelper.findElementsBySelectedMethod(WebUiCommonHelper.java:924)
	at com.kms.katalon.core.webui.common.WebUiCommonHelper.findElementsBySelectedMethod(WebUiCommonHelper.java:906)
	at com.kms.katalon.core.webui.common.WebUiCommonHelper.findElementsBySelectedMethod(WebUiCommonHelper.java:901)
	at com.kms.katalon.core.webui.common.WebUiCommonHelper.findElementsByDefault(WebUiCommonHelper.java:897)
	at com.kms.katalon.core.webui.common.WebUiCommonHelper.findElementsWithSelfHealing(WebUiCommonHelper.java:743)
	at com.kms.katalon.core.webui.common.WebUiCommonHelper.findWebElements(WebUiCommonHelper.java:727)
	at com.kms.katalon.core.webui.common.WebUiCommonHelper.findWebElement(WebUiCommonHelper.java:1413)
	at com.kms.katalon.core.webui.keyword.internal.WebUIAbstractKeyword.findWebElement(WebUIAbstractKeyword.groovy:27)
	at com.kms.katalon.core.webui.keyword.internal.WebUIAbstractKeyword.findWebElement(WebUIAbstractKeyword.groovy:26)
	at com.kms.katalon.core.webui.keyword.builtin.SetTextKeyword$_setText_closure1.doCall(SetTextKeyword.groovy:53)
	at com.kms.katalon.core.webui.keyword.builtin.SetTextKeyword$_setText_closure1.call(SetTextKeyword.groovy)
	at com.kms.katalon.core.webui.keyword.internal.WebUIKeywordMain.runKeyword(WebUIKeywordMain.groovy:35)
	at com.kms.katalon.core.webui.keyword.builtin.SetTextKeyword.setText(SetTextKeyword.groovy:85)
	at com.kms.katalon.core.webui.keyword.builtin.SetTextKeyword.execute(SetTextKeyword.groovy:39)
	at com.kms.katalon.core.keyword.internal.KeywordExecutor.executeKeywordForPlatform(KeywordExecutor.groovy:74)
	at com.kms.katalon.core.webui.keyword.WebUiBuiltInKeywords.setText(WebUiBuiltInKeywords.groovy:1019)
	at com.test.swaglabs.CustomLogin.WebLoginFourthAccount(CustomLogin.groovy:63)
	at java.base/jdk.internal.reflect.NativeMethodAccessorImpl.invoke0(Native Method)
	at java.base/jdk.internal.reflect.NativeMethodAccessorImpl.invoke(NativeMethodAccessorImpl.java:77)
	at java.base/jdk.internal.reflect.DelegatingMethodAccessorImpl.invoke(DelegatingMethodAccessorImpl.java:43)
	at com.kms.katalon.core.main.CustomKeywordDelegatingMetaClass.invokeStaticMethod(CustomKeywordDelegatingMetaClass.java:55)
	at Login by Fourth Account - performance_glitch_user.run(Login by Fourth Account - performance_glitch_user:24)
	at com.kms.katalon.core.main.ScriptEngine.run(ScriptEngine.java:194)
	at com.kms.katalon.core.main.ScriptEngine.runScriptAsRawText(ScriptEngine.java:119)
	at com.kms.katalon.core.main.TestCaseExecutor.runScript(TestCaseExecutor.java:448)
	at com.kms.katalon.core.main.TestCaseExecutor.doExecute(TestCaseExecutor.java:439)
	at com.kms.katalon.core.main.TestCaseExecutor.processExecutionPhase(TestCaseExecutor.java:418)
	at com.kms.katalon.core.main.TestCaseExecutor.accessMainPhase(TestCaseExecutor.java:410)
	at com.kms.katalon.core.main.TestCaseExecutor.execute(TestCaseExecutor.java:285)
	at com.kms.katalon.core.common.CommonExecutor.accessTestCaseMainPhase(CommonExecutor.java:65)
	at com.kms.katalon.core.main.TestSuiteExecutor.accessTestSuiteMainPhase(TestSuiteExecutor.java:150)
	at com.kms.katalon.core.main.TestSuiteExecutor.execute(TestSuiteExecutor.java:106)
	at com.kms.katalon.core.main.TestCaseMain.startTestSuite(TestCaseMain.java:180)
	at TempTestSuite1738333839214.run(TempTestSuite1738333839214.groovy:35)
	at java.base/jdk.internal.reflect.NativeMethodAccessorImpl.invoke0(Native Method)
	at java.base/jdk.internal.reflect.NativeMethodAccessorImpl.invoke(NativeMethodAccessorImpl.java:77)
	at java.base/jdk.internal.reflect.DelegatingMethodAccessorImpl.invoke(DelegatingMethodAccessorImpl.java:43)
</property>
  <property name="failed.exception.message">invalid session id: session deleted as the browser has closed the connection
from disconnected: Unable to receive message from renderer
  (Session info: chrome=133.0.6847.2)
Build info: version: &apos;3.141.59&apos;, revision: &apos;unknown&apos;, time: &apos;unknown&apos;
System info: host: &apos;LAPTOP-5GQHVTHK&apos;, ip: &apos;192.168.0.101&apos;, os.name: &apos;Windows 11&apos;, os.arch: &apos;amd64&apos;, os.version: &apos;10.0&apos;, java.version: &apos;17.0.7&apos;
Driver info: com.kms.katalon.selenium.driver.CRemoteWebDriver
Capabilities {acceptInsecureCerts: false, browserName: chrome, browserVersion: 133.0.6847.2, chrome: {chromedriverVersion: 133.0.6847.2 (7e95e23d2d1f8..., userDataDir: C:\Program Files\scoped_dir...}, fedcm:accounts: true, goog:chromeOptions: {debuggerAddress: localhost:9225}, javascriptEnabled: true, katalon:caps: {executionId: 208b81be-54a6-4b59-8af0-96d..., executionSessionId: ac4262c8-612f-4ec3-9f4f-eb6...}, katalon:options: {executionId: 208b81be-54a6-4b59-8af0-96d..., executionSessionId: ac4262c8-612f-4ec3-9f4f-eb6..., metadata: {accountUuid: fda32340-531c-49aa-a0b7-40d..., organizationId: 1906073, usingTunnel: false}, organizationId: 1906073, runFromTestCloud: true, userId: 1648280, username: innocent.beaver.duja@instan..., usingTunnel: false}, kt:requestId: ac4262c8-612f-4ec3-9f4f-eb6..., kt:rid: ac4262c8-612f-4ec3-9f4f-eb6..., networkConnectionEnabled: false, pageLoadStrategy: normal, platform: WINDOWS, platformName: WINDOWS, proxy: Proxy(), se:bidiEnabled: false, se:cdpEnabled: false, setWindowRect: true, strictFileInteractability: false, timeouts: {implicit: 0, pageLoad: 300000, script: 30000}, unhandledPromptBehavior: dismiss and notify, webauthn:extension:credBlob: true, webauthn:extension:largeBlob: true, webauthn:extension:minPinLength: true, webauthn:extension:prf: true, webauthn:virtualAuthenticators: true}
Session ID: 23149e899b37c2613f1c241d82dc5863
*** Element info: {Using=xpath, value=//input[@id=&apos;user-name&apos;]}</property>
</record>
<record>
  <date>2025-01-31T14:31:59.228504300Z</date>
  <millis>1738333919228</millis>
  <nanos>504300</nanos>
  <sequence>137</sequence>
  <level>FAILED</level>
  <class>com.kms.katalon.core.logging.XmlKeywordLogger</class>
  <method>logMessage</method>
  <thread>1</thread>
  <message>Unable to set text &amp;apos;performance_glitch_user&amp;apos; of object &amp;apos;Object Repository/Page_Swag Labs/input_Swag Labs_user-name&amp;apos;</message>
  <nestedLevel>1</nestedLevel>
  <escapedJava>false</escapedJava>
  <property name="failed.exception.class">org.openqa.selenium.NoSuchSessionException</property>
  <property name="failed.exception.stacktrace">org.openqa.selenium.NoSuchSessionException: invalid session id: session deleted as the browser has closed the connection
from disconnected: Unable to receive message from renderer
  (Session info: chrome=133.0.6847.2)
Build info: version: &apos;3.141.59&apos;, revision: &apos;unknown&apos;, time: &apos;unknown&apos;
System info: host: &apos;LAPTOP-5GQHVTHK&apos;, ip: &apos;192.168.0.101&apos;, os.name: &apos;Windows 11&apos;, os.arch: &apos;amd64&apos;, os.version: &apos;10.0&apos;, java.version: &apos;17.0.7&apos;
Driver info: com.kms.katalon.selenium.driver.CRemoteWebDriver
Capabilities {acceptInsecureCerts: false, browserName: chrome, browserVersion: 133.0.6847.2, chrome: {chromedriverVersion: 133.0.6847.2 (7e95e23d2d1f8..., userDataDir: C:\Program Files\scoped_dir...}, fedcm:accounts: true, goog:chromeOptions: {debuggerAddress: localhost:9225}, javascriptEnabled: true, katalon:caps: {executionId: 208b81be-54a6-4b59-8af0-96d..., executionSessionId: ac4262c8-612f-4ec3-9f4f-eb6...}, katalon:options: {executionId: 208b81be-54a6-4b59-8af0-96d..., executionSessionId: ac4262c8-612f-4ec3-9f4f-eb6..., metadata: {accountUuid: fda32340-531c-49aa-a0b7-40d..., organizationId: 1906073, usingTunnel: false}, organizationId: 1906073, runFromTestCloud: true, userId: 1648280, username: innocent.beaver.duja@instan..., usingTunnel: false}, kt:requestId: ac4262c8-612f-4ec3-9f4f-eb6..., kt:rid: ac4262c8-612f-4ec3-9f4f-eb6..., networkConnectionEnabled: false, pageLoadStrategy: normal, platform: WINDOWS, platformName: WINDOWS, proxy: Proxy(), se:bidiEnabled: false, se:cdpEnabled: false, setWindowRect: true, strictFileInteractability: false, timeouts: {implicit: 0, pageLoad: 300000, script: 30000}, unhandledPromptBehavior: dismiss and notify, webauthn:extension:credBlob: true, webauthn:extension:largeBlob: true, webauthn:extension:minPinLength: true, webauthn:extension:prf: true, webauthn:virtualAuthenticators: true}
Session ID: 23149e899b37c2613f1c241d82dc5863
*** Element info: {Using=xpath, value=//input[@id=&apos;user-name&apos;]}
	at java.base/jdk.internal.reflect.NativeConstructorAccessorImpl.newInstance0(Native Method)
	at java.base/jdk.internal.reflect.NativeConstructorAccessorImpl.newInstance(NativeConstructorAccessorImpl.java:77)
	at java.base/jdk.internal.reflect.DelegatingConstructorAccessorImpl.newInstance(DelegatingConstructorAccessorImpl.java:45)
	at org.openqa.selenium.remote.http.W3CHttpResponseCodec.createException(W3CHttpResponseCodec.java:187)
	at org.openqa.selenium.remote.http.W3CHttpResponseCodec.decode(W3CHttpResponseCodec.java:122)
	at org.openqa.selenium.remote.http.W3CHttpResponseCodec.decode(W3CHttpResponseCodec.java:49)
	at org.openqa.selenium.remote.HttpCommandExecutor.execute(HttpCommandExecutor.java:158)
	at org.openqa.selenium.remote.RemoteWebDriver.execute(RemoteWebDriver.java:552)
	at com.kms.katalon.selenium.driver.CRemoteWebDriver.execute(CRemoteWebDriver.java:30)
	at org.openqa.selenium.remote.RemoteWebDriver.findElements(RemoteWebDriver.java:353)
	at org.openqa.selenium.remote.RemoteWebDriver.findElementsByXPath(RemoteWebDriver.java:432)
	at org.openqa.selenium.By$ByXPath.findElements(By.java:348)
	at org.openqa.selenium.remote.RemoteWebDriver.findElements(RemoteWebDriver.java:311)
	at java.base/jdk.internal.reflect.NativeMethodAccessorImpl.invoke0(Native Method)
	at java.base/jdk.internal.reflect.NativeMethodAccessorImpl.invoke(NativeMethodAccessorImpl.java:77)
	at java.base/jdk.internal.reflect.DelegatingMethodAccessorImpl.invoke(DelegatingMethodAccessorImpl.java:43)
	at org.openqa.selenium.support.events.EventFiringWebDriver.lambda$new$1(EventFiringWebDriver.java:105)
	at jdk.proxy2/jdk.proxy2.$Proxy23.findElements(Unknown Source)
	at org.openqa.selenium.support.events.EventFiringWebDriver.findElements(EventFiringWebDriver.java:182)
	at com.kms.katalon.core.webui.common.WebUiCommonHelper.findElementByNormalMethods(WebUiCommonHelper.java:1033)
	at com.kms.katalon.core.webui.common.WebUiCommonHelper.findElementsBySelectedMethod(WebUiCommonHelper.java:924)
	at com.kms.katalon.core.webui.common.WebUiCommonHelper.findElementsBySelectedMethod(WebUiCommonHelper.java:906)
	at com.kms.katalon.core.webui.common.WebUiCommonHelper.findElementsBySelectedMethod(WebUiCommonHelper.java:901)
	at com.kms.katalon.core.webui.common.WebUiCommonHelper.findElementsByDefault(WebUiCommonHelper.java:897)
	at com.kms.katalon.core.webui.common.WebUiCommonHelper.findElementsWithSelfHealing(WebUiCommonHelper.java:743)
	at com.kms.katalon.core.webui.common.WebUiCommonHelper.findWebElements(WebUiCommonHelper.java:727)
	at com.kms.katalon.core.webui.common.WebUiCommonHelper.findWebElement(WebUiCommonHelper.java:1413)
	at com.kms.katalon.core.webui.keyword.internal.WebUIAbstractKeyword.findWebElement(WebUIAbstractKeyword.groovy:27)
	at com.kms.katalon.core.webui.keyword.internal.WebUIAbstractKeyword.findWebElement(WebUIAbstractKeyword.groovy:26)
	at com.kms.katalon.core.webui.keyword.builtin.SetTextKeyword$_setText_closure1.doCall(SetTextKeyword.groovy:53)
	at com.kms.katalon.core.webui.keyword.builtin.SetTextKeyword$_setText_closure1.call(SetTextKeyword.groovy)
	at com.kms.katalon.core.webui.keyword.internal.WebUIKeywordMain.runKeyword(WebUIKeywordMain.groovy:35)
	at com.kms.katalon.core.webui.keyword.builtin.SetTextKeyword.setText(SetTextKeyword.groovy:85)
	at com.kms.katalon.core.webui.keyword.builtin.SetTextKeyword.execute(SetTextKeyword.groovy:39)
	at com.kms.katalon.core.keyword.internal.KeywordExecutor.executeKeywordForPlatform(KeywordExecutor.groovy:74)
	at com.kms.katalon.core.webui.keyword.WebUiBuiltInKeywords.setText(WebUiBuiltInKeywords.groovy:1019)
	at com.test.swaglabs.CustomLogin.WebLoginFourthAccount(CustomLogin.groovy:63)
	at java.base/jdk.internal.reflect.NativeMethodAccessorImpl.invoke0(Native Method)
	at java.base/jdk.internal.reflect.NativeMethodAccessorImpl.invoke(NativeMethodAccessorImpl.java:77)
	at java.base/jdk.internal.reflect.DelegatingMethodAccessorImpl.invoke(DelegatingMethodAccessorImpl.java:43)
	at com.kms.katalon.core.main.CustomKeywordDelegatingMetaClass.invokeStaticMethod(CustomKeywordDelegatingMetaClass.java:55)
	at Login by Fourth Account - performance_glitch_user.run(Login by Fourth Account - performance_glitch_user:24)
	at com.kms.katalon.core.main.ScriptEngine.run(ScriptEngine.java:194)
	at com.kms.katalon.core.main.ScriptEngine.runScriptAsRawText(ScriptEngine.java:119)
	at com.kms.katalon.core.main.TestCaseExecutor.runScript(TestCaseExecutor.java:448)
	at com.kms.katalon.core.main.TestCaseExecutor.doExecute(TestCaseExecutor.java:439)
	at com.kms.katalon.core.main.TestCaseExecutor.processExecutionPhase(TestCaseExecutor.java:418)
	at com.kms.katalon.core.main.TestCaseExecutor.accessMainPhase(TestCaseExecutor.java:410)
	at com.kms.katalon.core.main.TestCaseExecutor.execute(TestCaseExecutor.java:285)
	at com.kms.katalon.core.common.CommonExecutor.accessTestCaseMainPhase(CommonExecutor.java:65)
	at com.kms.katalon.core.main.TestSuiteExecutor.accessTestSuiteMainPhase(TestSuiteExecutor.java:150)
	at com.kms.katalon.core.main.TestSuiteExecutor.execute(TestSuiteExecutor.java:106)
	at com.kms.katalon.core.main.TestCaseMain.startTestSuite(TestCaseMain.java:180)
	at TempTestSuite1738333839214.run(TempTestSuite1738333839214.groovy:35)
	at java.base/jdk.internal.reflect.NativeMethodAccessorImpl.invoke0(Native Method)
	at java.base/jdk.internal.reflect.NativeMethodAccessorImpl.invoke(NativeMethodAccessorImpl.java:77)
	at java.base/jdk.internal.reflect.DelegatingMethodAccessorImpl.invoke(DelegatingMethodAccessorImpl.java:43)
</property>
  <property name="failed.exception.message">invalid session id: session deleted as the browser has closed the connection
from disconnected: Unable to receive message from renderer
  (Session info: chrome=133.0.6847.2)
Build info: version: &apos;3.141.59&apos;, revision: &apos;unknown&apos;, time: &apos;unknown&apos;
System info: host: &apos;LAPTOP-5GQHVTHK&apos;, ip: &apos;192.168.0.101&apos;, os.name: &apos;Windows 11&apos;, os.arch: &apos;amd64&apos;, os.version: &apos;10.0&apos;, java.version: &apos;17.0.7&apos;
Driver info: com.kms.katalon.selenium.driver.CRemoteWebDriver
Capabilities {acceptInsecureCerts: false, browserName: chrome, browserVersion: 133.0.6847.2, chrome: {chromedriverVersion: 133.0.6847.2 (7e95e23d2d1f8..., userDataDir: C:\Program Files\scoped_dir...}, fedcm:accounts: true, goog:chromeOptions: {debuggerAddress: localhost:9225}, javascriptEnabled: true, katalon:caps: {executionId: 208b81be-54a6-4b59-8af0-96d..., executionSessionId: ac4262c8-612f-4ec3-9f4f-eb6...}, katalon:options: {executionId: 208b81be-54a6-4b59-8af0-96d..., executionSessionId: ac4262c8-612f-4ec3-9f4f-eb6..., metadata: {accountUuid: fda32340-531c-49aa-a0b7-40d..., organizationId: 1906073, usingTunnel: false}, organizationId: 1906073, runFromTestCloud: true, userId: 1648280, username: innocent.beaver.duja@instan..., usingTunnel: false}, kt:requestId: ac4262c8-612f-4ec3-9f4f-eb6..., kt:rid: ac4262c8-612f-4ec3-9f4f-eb6..., networkConnectionEnabled: false, pageLoadStrategy: normal, platform: WINDOWS, platformName: WINDOWS, proxy: Proxy(), se:bidiEnabled: false, se:cdpEnabled: false, setWindowRect: true, strictFileInteractability: false, timeouts: {implicit: 0, pageLoad: 300000, script: 30000}, unhandledPromptBehavior: dismiss and notify, webauthn:extension:credBlob: true, webauthn:extension:largeBlob: true, webauthn:extension:minPinLength: true, webauthn:extension:prf: true, webauthn:virtualAuthenticators: true}
Session ID: 23149e899b37c2613f1c241d82dc5863
*** Element info: {Using=xpath, value=//input[@id=&apos;user-name&apos;]}</property>
</record>
<record>
  <date>2025-01-31T14:31:59.237251100Z</date>
  <millis>1738333919237</millis>
  <nanos>251100</nanos>
  <sequence>140</sequence>
  <level>END</level>
  <class>com.kms.katalon.core.logging.XmlKeywordLogger</class>
  <method>endKeyword</method>
  <thread>1</thread>
  <message>End action : com.test.swaglabs.CustomLogin.WebLoginFourthAccount()</message>
  <nestedLevel>1</nestedLevel>
  <escapedJava>false</escapedJava>
</record>
<record>
  <date>2025-01-31T14:31:59.237251100Z</date>
  <millis>1738333919237</millis>
  <nanos>251100</nanos>
  <sequence>143</sequence>
  <level>FAILED</level>
  <class>com.kms.katalon.core.logging.XmlKeywordLogger</class>
  <method>logMessage</method>
  <thread>1</thread>
  <message>Test Cases/Login by Fourth Account - performance_glitch_user FAILED.
Reason:
com.kms.katalon.core.exception.StepFailedException: Unable to set text &amp;apos;performance_glitch_user&amp;apos; of object &amp;apos;Object Repository/Page_Swag Labs/input_Swag Labs_user-name&amp;apos;
	at com.kms.katalon.core.webui.keyword.internal.WebUIKeywordMain.stepFailed(WebUIKeywordMain.groovy:117)
	at com.kms.katalon.core.webui.keyword.internal.WebUIKeywordMain.runKeyword(WebUIKeywordMain.groovy:43)
	at com.kms.katalon.core.webui.keyword.builtin.SetTextKeyword.setText(SetTextKeyword.groovy:85)
	at com.kms.katalon.core.webui.keyword.builtin.SetTextKeyword.execute(SetTextKeyword.groovy:39)
	at com.kms.katalon.core.keyword.internal.KeywordExecutor.executeKeywordForPlatform(KeywordExecutor.groovy:74)
	at com.kms.katalon.core.webui.keyword.WebUiBuiltInKeywords.setText(WebUiBuiltInKeywords.groovy:1019)
	at com.test.swaglabs.CustomLogin.WebLoginFourthAccount(CustomLogin.groovy:63)
	at java.base/jdk.internal.reflect.NativeMethodAccessorImpl.invoke0(Native Method)
	at java.base/jdk.internal.reflect.NativeMethodAccessorImpl.invoke(NativeMethodAccessorImpl.java:77)
	at java.base/jdk.internal.reflect.DelegatingMethodAccessorImpl.invoke(DelegatingMethodAccessorImpl.java:43)
	at com.kms.katalon.core.main.CustomKeywordDelegatingMetaClass.invokeStaticMethod(CustomKeywordDelegatingMetaClass.java:55)
	at Login by Fourth Account - performance_glitch_user.run(Login by Fourth Account - performance_glitch_user:24)
	at com.kms.katalon.core.main.ScriptEngine.run(ScriptEngine.java:194)
	at com.kms.katalon.core.main.ScriptEngine.runScriptAsRawText(ScriptEngine.java:119)
	at com.kms.katalon.core.main.TestCaseExecutor.runScript(TestCaseExecutor.java:448)
	at com.kms.katalon.core.main.TestCaseExecutor.doExecute(TestCaseExecutor.java:439)
	at com.kms.katalon.core.main.TestCaseExecutor.processExecutionPhase(TestCaseExecutor.java:418)
	at com.kms.katalon.core.main.TestCaseExecutor.accessMainPhase(TestCaseExecutor.java:410)
	at com.kms.katalon.core.main.TestCaseExecutor.execute(TestCaseExecutor.java:285)
	at com.kms.katalon.core.common.CommonExecutor.accessTestCaseMainPhase(CommonExecutor.java:65)
	at com.kms.katalon.core.main.TestSuiteExecutor.accessTestSuiteMainPhase(TestSuiteExecutor.java:150)
	at com.kms.katalon.core.main.TestSuiteExecutor.execute(TestSuiteExecutor.java:106)
	at com.kms.katalon.core.main.TestCaseMain.startTestSuite(TestCaseMain.java:180)
	at TempTestSuite1738333839214.run(TempTestSuite1738333839214.groovy:35)
	at java.base/jdk.internal.reflect.NativeMethodAccessorImpl.invoke0(Native Method)
	at java.base/jdk.internal.reflect.NativeMethodAccessorImpl.invoke(NativeMethodAccessorImpl.java:77)
	at java.base/jdk.internal.reflect.DelegatingMethodAccessorImpl.invoke(DelegatingMethodAccessorImpl.java:43)
Caused by: org.openqa.selenium.NoSuchSessionException: invalid session id: session deleted as the browser has closed the connection
from disconnected: Unable to receive message from renderer
  (Session info: chrome=133.0.6847.2)
Build info: version: &amp;apos;3.141.59&amp;apos;, revision: &amp;apos;unknown&amp;apos;, time: &amp;apos;unknown&amp;apos;
System info: host: &amp;apos;LAPTOP-5GQHVTHK&amp;apos;, ip: &amp;apos;192.168.0.101&amp;apos;, os.name: &amp;apos;Windows 11&amp;apos;, os.arch: &amp;apos;amd64&amp;apos;, os.version: &amp;apos;10.0&amp;apos;, java.version: &amp;apos;17.0.7&amp;apos;
Driver info: com.kms.katalon.selenium.driver.CRemoteWebDriver
Capabilities {acceptInsecureCerts: false, browserName: chrome, browserVersion: 133.0.6847.2, chrome: {chromedriverVersion: 133.0.6847.2 (7e95e23d2d1f8..., userDataDir: C:\Program Files\scoped_dir...}, fedcm:accounts: true, goog:chromeOptions: {debuggerAddress: localhost:9225}, javascriptEnabled: true, katalon:caps: {executionId: 208b81be-54a6-4b59-8af0-96d..., executionSessionId: ac4262c8-612f-4ec3-9f4f-eb6...}, katalon:options: {executionId: 208b81be-54a6-4b59-8af0-96d..., executionSessionId: ac4262c8-612f-4ec3-9f4f-eb6..., metadata: {accountUuid: fda32340-531c-49aa-a0b7-40d..., organizationId: 1906073, usingTunnel: false}, organizationId: 1906073, runFromTestCloud: true, userId: 1648280, username: innocent.beaver.duja@instan..., usingTunnel: false}, kt:requestId: ac4262c8-612f-4ec3-9f4f-eb6..., kt:rid: ac4262c8-612f-4ec3-9f4f-eb6..., networkConnectionEnabled: false, pageLoadStrategy: normal, platform: WINDOWS, platformName: WINDOWS, proxy: Proxy(), se:bidiEnabled: false, se:cdpEnabled: false, setWindowRect: true, strictFileInteractability: false, timeouts: {implicit: 0, pageLoad: 300000, script: 30000}, unhandledPromptBehavior: dismiss and notify, webauthn:extension:credBlob: true, webauthn:extension:largeBlob: true, webauthn:extension:minPinLength: true, webauthn:extension:prf: true, webauthn:virtualAuthenticators: true}
Session ID: 23149e899b37c2613f1c241d82dc5863
*** Element info: {Using=xpath, value=//input[@id=&amp;apos;user-name&amp;apos;]}
	at java.base/jdk.internal.reflect.NativeConstructorAccessorImpl.newInstance0(Native Method)
	at java.base/jdk.internal.reflect.NativeConstructorAccessorImpl.newInstance(NativeConstructorAccessorImpl.java:77)
	at java.base/jdk.internal.reflect.DelegatingConstructorAccessorImpl.newInstance(DelegatingConstructorAccessorImpl.java:45)
	at org.openqa.selenium.remote.http.W3CHttpResponseCodec.createException(W3CHttpResponseCodec.java:187)
	at org.openqa.selenium.remote.http.W3CHttpResponseCodec.decode(W3CHttpResponseCodec.java:122)
	at org.openqa.selenium.remote.http.W3CHttpResponseCodec.decode(W3CHttpResponseCodec.java:49)
	at org.openqa.selenium.remote.HttpCommandExecutor.execute(HttpCommandExecutor.java:158)
	at org.openqa.selenium.remote.RemoteWebDriver.execute(RemoteWebDriver.java:552)
	at com.kms.katalon.selenium.driver.CRemoteWebDriver.execute(CRemoteWebDriver.java:30)
	at org.openqa.selenium.remote.RemoteWebDriver.findElements(RemoteWebDriver.java:353)
	at org.openqa.selenium.remote.RemoteWebDriver.findElementsByXPath(RemoteWebDriver.java:432)
	at org.openqa.selenium.By$ByXPath.findElements(By.java:348)
	at org.openqa.selenium.remote.RemoteWebDriver.findElements(RemoteWebDriver.java:311)
	at java.base/jdk.internal.reflect.NativeMethodAccessorImpl.invoke0(Native Method)
	at java.base/jdk.internal.reflect.NativeMethodAccessorImpl.invoke(NativeMethodAccessorImpl.java:77)
	at java.base/jdk.internal.reflect.DelegatingMethodAccessorImpl.invoke(DelegatingMethodAccessorImpl.java:43)
	at org.openqa.selenium.support.events.EventFiringWebDriver.lambda$new$1(EventFiringWebDriver.java:105)
	at jdk.proxy2/jdk.proxy2.$Proxy23.findElements(Unknown Source)
	at org.openqa.selenium.support.events.EventFiringWebDriver.findElements(EventFiringWebDriver.java:182)
	at com.kms.katalon.core.webui.common.WebUiCommonHelper.findElementByNormalMethods(WebUiCommonHelper.java:1033)
	at com.kms.katalon.core.webui.common.WebUiCommonHelper.findElementsBySelectedMethod(WebUiCommonHelper.java:924)
	at com.kms.katalon.core.webui.common.WebUiCommonHelper.findElementsBySelectedMethod(WebUiCommonHelper.java:906)
	at com.kms.katalon.core.webui.common.WebUiCommonHelper.findElementsBySelectedMethod(WebUiCommonHelper.java:901)
	at com.kms.katalon.core.webui.common.WebUiCommonHelper.findElementsByDefault(WebUiCommonHelper.java:897)
	at com.kms.katalon.core.webui.common.WebUiCommonHelper.findElementsWithSelfHealing(WebUiCommonHelper.java:743)
	at com.kms.katalon.core.webui.common.WebUiCommonHelper.findWebElements(WebUiCommonHelper.java:727)
	at com.kms.katalon.core.webui.common.WebUiCommonHelper.findWebElement(WebUiCommonHelper.java:1413)
	at com.kms.katalon.core.webui.keyword.internal.WebUIAbstractKeyword.findWebElement(WebUIAbstractKeyword.groovy:27)
	at com.kms.katalon.core.webui.keyword.internal.WebUIAbstractKeyword.findWebElement(WebUIAbstractKeyword.groovy:26)
	at com.kms.katalon.core.webui.keyword.builtin.SetTextKeyword$_setText_closure1.doCall(SetTextKeyword.groovy:53)
	at com.kms.katalon.core.webui.keyword.builtin.SetTextKeyword$_setText_closure1.call(SetTextKeyword.groovy)
	at com.kms.katalon.core.webui.keyword.internal.WebUIKeywordMain.runKeyword(WebUIKeywordMain.groovy:35)
	... 25 more
</message>
  <exception>
    <message>com.kms.katalon.core.exception.StepFailedException: Unable to set text 'performance_glitch_user' of object 'Object Repository/Page_Swag Labs/input_Swag Labs_user-name'</message>
    <frame>
      <class>com.kms.katalon.core.webui.keyword.internal.WebUIKeywordMain</class>
      <method>stepFailed</method>
      <line>117</line>
    </frame>
    <frame>
      <class>com.kms.katalon.core.webui.keyword.internal.WebUIKeywordMain</class>
      <method>runKeyword</method>
      <line>43</line>
    </frame>
    <frame>
      <class>com.kms.katalon.core.webui.keyword.builtin.SetTextKeyword</class>
      <method>setText</method>
      <line>85</line>
    </frame>
    <frame>
      <class>com.kms.katalon.core.webui.keyword.builtin.SetTextKeyword</class>
      <method>execute</method>
      <line>39</line>
    </frame>
    <frame>
      <class>com.kms.katalon.core.keyword.internal.KeywordExecutor</class>
      <method>executeKeywordForPlatform</method>
      <line>74</line>
    </frame>
    <frame>
      <class>com.kms.katalon.core.webui.keyword.WebUiBuiltInKeywords</class>
      <method>setText</method>
      <line>1019</line>
    </frame>
    <frame>
      <class>com.test.swaglabs.CustomLogin</class>
      <method>WebLoginFourthAccount</method>
      <line>63</line>
    </frame>
    <frame>
      <class>jdk.internal.reflect.NativeMethodAccessorImpl</class>
      <method>invoke0</method>
    </frame>
    <frame>
      <class>jdk.internal.reflect.NativeMethodAccessorImpl</class>
      <method>invoke</method>
      <line>77</line>
    </frame>
    <frame>
      <class>jdk.internal.reflect.DelegatingMethodAccessorImpl</class>
      <method>invoke</method>
      <line>43</line>
    </frame>
    <frame>
      <class>com.kms.katalon.core.main.CustomKeywordDelegatingMetaClass</class>
      <method>invokeStaticMethod</method>
      <line>55</line>
    </frame>
    <frame>
      <class>Login by Fourth Account - performance_glitch_user</class>
      <method>run</method>
      <line>24</line>
    </frame>
    <frame>
      <class>com.kms.katalon.core.main.ScriptEngine</class>
      <method>run</method>
      <line>194</line>
    </frame>
    <frame>
      <class>com.kms.katalon.core.main.ScriptEngine</class>
      <method>runScriptAsRawText</method>
      <line>119</line>
    </frame>
    <frame>
      <class>com.kms.katalon.core.main.TestCaseExecutor</class>
      <method>runScript</method>
      <line>448</line>
    </frame>
    <frame>
      <class>com.kms.katalon.core.main.TestCaseExecutor</class>
      <method>doExecute</method>
      <line>439</line>
    </frame>
    <frame>
      <class>com.kms.katalon.core.main.TestCaseExecutor</class>
      <method>processExecutionPhase</method>
      <line>418</line>
    </frame>
    <frame>
      <class>com.kms.katalon.core.main.TestCaseExecutor</class>
      <method>accessMainPhase</method>
      <line>410</line>
    </frame>
    <frame>
      <class>com.kms.katalon.core.main.TestCaseExecutor</class>
      <method>execute</method>
      <line>285</line>
    </frame>
    <frame>
      <class>com.kms.katalon.core.common.CommonExecutor</class>
      <method>accessTestCaseMainPhase</method>
      <line>65</line>
    </frame>
    <frame>
      <class>com.kms.katalon.core.main.TestSuiteExecutor</class>
      <method>accessTestSuiteMainPhase</method>
      <line>150</line>
    </frame>
    <frame>
      <class>com.kms.katalon.core.main.TestSuiteExecutor</class>
      <method>execute</method>
      <line>106</line>
    </frame>
    <frame>
      <class>com.kms.katalon.core.main.TestCaseMain</class>
      <method>startTestSuite</method>
      <line>180</line>
    </frame>
    <frame>
      <class>TempTestSuite1738333839214</class>
      <method>run</method>
      <line>35</line>
    </frame>
    <frame>
      <class>jdk.internal.reflect.NativeMethodAccessorImpl</class>
      <method>invoke0</method>
    </frame>
    <frame>
      <class>jdk.internal.reflect.NativeMethodAccessorImpl</class>
      <method>invoke</method>
      <line>77</line>
    </frame>
    <frame>
      <class>jdk.internal.reflect.DelegatingMethodAccessorImpl</class>
      <method>invoke</method>
      <line>43</line>
    </frame>
  </exception>
  <nestedLevel>0</nestedLevel>
  <escapedJava>false</escapedJava>
  <property name="failed.exception.stacktrace">org.openqa.selenium.NoSuchSessionException: invalid session id: session deleted as the browser has closed the connection
from disconnected: Unable to receive message from renderer
  (Session info: chrome=133.0.6847.2)
Build info: version: &apos;3.141.59&apos;, revision: &apos;unknown&apos;, time: &apos;unknown&apos;
System info: host: &apos;LAPTOP-5GQHVTHK&apos;, ip: &apos;192.168.0.101&apos;, os.name: &apos;Windows 11&apos;, os.arch: &apos;amd64&apos;, os.version: &apos;10.0&apos;, java.version: &apos;17.0.7&apos;
Driver info: com.kms.katalon.selenium.driver.CRemoteWebDriver
Capabilities {acceptInsecureCerts: false, browserName: chrome, browserVersion: 133.0.6847.2, chrome: {chromedriverVersion: 133.0.6847.2 (7e95e23d2d1f8..., userDataDir: C:\Program Files\scoped_dir...}, fedcm:accounts: true, goog:chromeOptions: {debuggerAddress: localhost:9225}, javascriptEnabled: true, katalon:caps: {executionId: 208b81be-54a6-4b59-8af0-96d..., executionSessionId: ac4262c8-612f-4ec3-9f4f-eb6...}, katalon:options: {executionId: 208b81be-54a6-4b59-8af0-96d..., executionSessionId: ac4262c8-612f-4ec3-9f4f-eb6..., metadata: {accountUuid: fda32340-531c-49aa-a0b7-40d..., organizationId: 1906073, usingTunnel: false}, organizationId: 1906073, runFromTestCloud: true, userId: 1648280, username: innocent.beaver.duja@instan..., usingTunnel: false}, kt:requestId: ac4262c8-612f-4ec3-9f4f-eb6..., kt:rid: ac4262c8-612f-4ec3-9f4f-eb6..., networkConnectionEnabled: false, pageLoadStrategy: normal, platform: WINDOWS, platformName: WINDOWS, proxy: Proxy(), se:bidiEnabled: false, se:cdpEnabled: false, setWindowRect: true, strictFileInteractability: false, timeouts: {implicit: 0, pageLoad: 300000, script: 30000}, unhandledPromptBehavior: dismiss and notify, webauthn:extension:credBlob: true, webauthn:extension:largeBlob: true, webauthn:extension:minPinLength: true, webauthn:extension:prf: true, webauthn:virtualAuthenticators: true}
Session ID: 23149e899b37c2613f1c241d82dc5863
*** Element info: {Using=xpath, value=//input[@id=&apos;user-name&apos;]}
	at java.base/jdk.internal.reflect.NativeConstructorAccessorImpl.newInstance0(Native Method)
	at java.base/jdk.internal.reflect.NativeConstructorAccessorImpl.newInstance(NativeConstructorAccessorImpl.java:77)
	at java.base/jdk.internal.reflect.DelegatingConstructorAccessorImpl.newInstance(DelegatingConstructorAccessorImpl.java:45)
	at org.openqa.selenium.remote.http.W3CHttpResponseCodec.createException(W3CHttpResponseCodec.java:187)
	at org.openqa.selenium.remote.http.W3CHttpResponseCodec.decode(W3CHttpResponseCodec.java:122)
	at org.openqa.selenium.remote.http.W3CHttpResponseCodec.decode(W3CHttpResponseCodec.java:49)
	at org.openqa.selenium.remote.HttpCommandExecutor.execute(HttpCommandExecutor.java:158)
	at org.openqa.selenium.remote.RemoteWebDriver.execute(RemoteWebDriver.java:552)
	at com.kms.katalon.selenium.driver.CRemoteWebDriver.execute(CRemoteWebDriver.java:30)
	at org.openqa.selenium.remote.RemoteWebDriver.findElements(RemoteWebDriver.java:353)
	at org.openqa.selenium.remote.RemoteWebDriver.findElementsByXPath(RemoteWebDriver.java:432)
	at org.openqa.selenium.By$ByXPath.findElements(By.java:348)
	at org.openqa.selenium.remote.RemoteWebDriver.findElements(RemoteWebDriver.java:311)
	at java.base/jdk.internal.reflect.NativeMethodAccessorImpl.invoke0(Native Method)
	at java.base/jdk.internal.reflect.NativeMethodAccessorImpl.invoke(NativeMethodAccessorImpl.java:77)
	at java.base/jdk.internal.reflect.DelegatingMethodAccessorImpl.invoke(DelegatingMethodAccessorImpl.java:43)
	at org.openqa.selenium.support.events.EventFiringWebDriver.lambda$new$1(EventFiringWebDriver.java:105)
	at jdk.proxy2/jdk.proxy2.$Proxy23.findElements(Unknown Source)
	at org.openqa.selenium.support.events.EventFiringWebDriver.findElements(EventFiringWebDriver.java:182)
	at com.kms.katalon.core.webui.common.WebUiCommonHelper.findElementByNormalMethods(WebUiCommonHelper.java:1033)
	at com.kms.katalon.core.webui.common.WebUiCommonHelper.findElementsBySelectedMethod(WebUiCommonHelper.java:924)
	at com.kms.katalon.core.webui.common.WebUiCommonHelper.findElementsBySelectedMethod(WebUiCommonHelper.java:906)
	at com.kms.katalon.core.webui.common.WebUiCommonHelper.findElementsBySelectedMethod(WebUiCommonHelper.java:901)
	at com.kms.katalon.core.webui.common.WebUiCommonHelper.findElementsByDefault(WebUiCommonHelper.java:897)
	at com.kms.katalon.core.webui.common.WebUiCommonHelper.findElementsWithSelfHealing(WebUiCommonHelper.java:743)
	at com.kms.katalon.core.webui.common.WebUiCommonHelper.findWebElements(WebUiCommonHelper.java:727)
	at com.kms.katalon.core.webui.common.WebUiCommonHelper.findWebElement(WebUiCommonHelper.java:1413)
	at com.kms.katalon.core.webui.keyword.internal.WebUIAbstractKeyword.findWebElement(WebUIAbstractKeyword.groovy:27)
	at com.kms.katalon.core.webui.keyword.internal.WebUIAbstractKeyword.findWebElement(WebUIAbstractKeyword.groovy:26)
	at com.kms.katalon.core.webui.keyword.builtin.SetTextKeyword$_setText_closure1.doCall(SetTextKeyword.groovy:53)
	at com.kms.katalon.core.webui.keyword.builtin.SetTextKeyword$_setText_closure1.call(SetTextKeyword.groovy)
	at com.kms.katalon.core.webui.keyword.internal.WebUIKeywordMain.runKeyword(WebUIKeywordMain.groovy:35)
	at com.kms.katalon.core.webui.keyword.builtin.SetTextKeyword.setText(SetTextKeyword.groovy:85)
	at com.kms.katalon.core.webui.keyword.builtin.SetTextKeyword.execute(SetTextKeyword.groovy:39)
	at com.kms.katalon.core.keyword.internal.KeywordExecutor.executeKeywordForPlatform(KeywordExecutor.groovy:74)
	at com.kms.katalon.core.webui.keyword.WebUiBuiltInKeywords.setText(WebUiBuiltInKeywords.groovy:1019)
	at com.test.swaglabs.CustomLogin.WebLoginFourthAccount(CustomLogin.groovy:63)
	at java.base/jdk.internal.reflect.NativeMethodAccessorImpl.invoke0(Native Method)
	at java.base/jdk.internal.reflect.NativeMethodAccessorImpl.invoke(NativeMethodAccessorImpl.java:77)
	at java.base/jdk.internal.reflect.DelegatingMethodAccessorImpl.invoke(DelegatingMethodAccessorImpl.java:43)
	at com.kms.katalon.core.main.CustomKeywordDelegatingMetaClass.invokeStaticMethod(CustomKeywordDelegatingMetaClass.java:55)
	at Login by Fourth Account - performance_glitch_user.run(Login by Fourth Account - performance_glitch_user:24)
	at com.kms.katalon.core.main.ScriptEngine.run(ScriptEngine.java:194)
	at com.kms.katalon.core.main.ScriptEngine.runScriptAsRawText(ScriptEngine.java:119)
	at com.kms.katalon.core.main.TestCaseExecutor.runScript(TestCaseExecutor.java:448)
	at com.kms.katalon.core.main.TestCaseExecutor.doExecute(TestCaseExecutor.java:439)
	at com.kms.katalon.core.main.TestCaseExecutor.processExecutionPhase(TestCaseExecutor.java:418)
	at com.kms.katalon.core.main.TestCaseExecutor.accessMainPhase(TestCaseExecutor.java:410)
	at com.kms.katalon.core.main.TestCaseExecutor.execute(TestCaseExecutor.java:285)
	at com.kms.katalon.core.common.CommonExecutor.accessTestCaseMainPhase(CommonExecutor.java:65)
	at com.kms.katalon.core.main.TestSuiteExecutor.accessTestSuiteMainPhase(TestSuiteExecutor.java:150)
	at com.kms.katalon.core.main.TestSuiteExecutor.execute(TestSuiteExecutor.java:106)
	at com.kms.katalon.core.main.TestCaseMain.startTestSuite(TestCaseMain.java:180)
	at TempTestSuite1738333839214.run(TempTestSuite1738333839214.groovy:35)
	at java.base/jdk.internal.reflect.NativeMethodAccessorImpl.invoke0(Native Method)
	at java.base/jdk.internal.reflect.NativeMethodAccessorImpl.invoke(NativeMethodAccessorImpl.java:77)
	at java.base/jdk.internal.reflect.DelegatingMethodAccessorImpl.invoke(DelegatingMethodAccessorImpl.java:43)
</property>
  <property name="failed.exception.class">org.openqa.selenium.NoSuchSessionException</property>
  <property name="failed.exception.message">invalid session id: session deleted as the browser has closed the connection
from disconnected: Unable to receive message from renderer
  (Session info: chrome=133.0.6847.2)
Build info: version: &apos;3.141.59&apos;, revision: &apos;unknown&apos;, time: &apos;unknown&apos;
System info: host: &apos;LAPTOP-5GQHVTHK&apos;, ip: &apos;192.168.0.101&apos;, os.name: &apos;Windows 11&apos;, os.arch: &apos;amd64&apos;, os.version: &apos;10.0&apos;, java.version: &apos;17.0.7&apos;
Driver info: com.kms.katalon.selenium.driver.CRemoteWebDriver
Capabilities {acceptInsecureCerts: false, browserName: chrome, browserVersion: 133.0.6847.2, chrome: {chromedriverVersion: 133.0.6847.2 (7e95e23d2d1f8..., userDataDir: C:\Program Files\scoped_dir...}, fedcm:accounts: true, goog:chromeOptions: {debuggerAddress: localhost:9225}, javascriptEnabled: true, katalon:caps: {executionId: 208b81be-54a6-4b59-8af0-96d..., executionSessionId: ac4262c8-612f-4ec3-9f4f-eb6...}, katalon:options: {executionId: 208b81be-54a6-4b59-8af0-96d..., executionSessionId: ac4262c8-612f-4ec3-9f4f-eb6..., metadata: {accountUuid: fda32340-531c-49aa-a0b7-40d..., organizationId: 1906073, usingTunnel: false}, organizationId: 1906073, runFromTestCloud: true, userId: 1648280, username: innocent.beaver.duja@instan..., usingTunnel: false}, kt:requestId: ac4262c8-612f-4ec3-9f4f-eb6..., kt:rid: ac4262c8-612f-4ec3-9f4f-eb6..., networkConnectionEnabled: false, pageLoadStrategy: normal, platform: WINDOWS, platformName: WINDOWS, proxy: Proxy(), se:bidiEnabled: false, se:cdpEnabled: false, setWindowRect: true, strictFileInteractability: false, timeouts: {implicit: 0, pageLoad: 300000, script: 30000}, unhandledPromptBehavior: dismiss and notify, webauthn:extension:credBlob: true, webauthn:extension:largeBlob: true, webauthn:extension:minPinLength: true, webauthn:extension:prf: true, webauthn:virtualAuthenticators: true}
Session ID: 23149e899b37c2613f1c241d82dc5863
*** Element info: {Using=xpath, value=//input[@id=&apos;user-name&apos;]}</property>
</record>
<record>
  <date>2025-01-31T14:31:59.243765600Z</date>
  <millis>1738333919243</millis>
  <nanos>765600</nanos>
  <sequence>145</sequence>
  <level>END</level>
  <class>com.kms.katalon.core.logging.XmlKeywordLogger</class>
  <method>endTest</method>
  <thread>1</thread>
  <message>End Test Case : Test Cases/Login by Fourth Account - performance_glitch_user</message>
  <nestedLevel>0</nestedLevel>
  <escapedJava>false</escapedJava>
  <property name="executionBindingVariables">[]</property>
  <property name="applitools">false</property>
  <property name="remainingRetryCount">3</property>
  <property name="currentRetryCount">0</property>
  <property name="keywordsUsage">{
  &quot;web_ui&quot;: true,
  &quot;web_service&quot;: false,
  &quot;cucumber&quot;: false,
  &quot;builtin&quot;: false,
  &quot;mobile&quot;: false,
  &quot;windows&quot;: false,
  &quot;testng&quot;: false
}</property>
</record>
<record>
  <date>2025-01-31T14:31:59.252641200Z</date>
  <millis>1738333919252</millis>
  <nanos>641200</nanos>
  <sequence>146</sequence>
  <level>START</level>
  <class>com.kms.katalon.core.logging.XmlKeywordLogger</class>
  <method>startTest</method>
  <thread>1</thread>
  <message>Start Test Case : Test Cases/Login by Fourth Account - performance_glitch_user</message>
  <nestedLevel>1</nestedLevel>
  <escapedJava>false</escapedJava>
  <property name="remainingRetryCount">2</property>
  <property name="name">Test Cases/Login by Fourth Account - performance_glitch_user</property>
  <property name="description"></property>
  <property name="iteration"></property>
  <property name="id">Test Cases/Login by Fourth Account - performance_glitch_user</property>
  <property name="source">C:\Users\ACER\git\KatalonGitSwagLabsNew\Test Cases\Login by Fourth Account - performance_glitch_user.tc</property>
  <property name="tag"></property>
  <property name="isOptional">false</property>
  <property name="currentRetryCount">1</property>
</record>
<record>
  <date>2025-01-31T14:31:59.284573100Z</date>
  <millis>1738333919284</millis>
  <nanos>573100</nanos>
  <sequence>148</sequence>
  <level>START</level>
  <class>com.kms.katalon.core.logging.XmlKeywordLogger</class>
  <method>startKeyword</method>
  <thread>1</thread>
  <message>Start action : openBrowser(&amp;quot;&amp;quot;)</message>
  <nestedLevel>1</nestedLevel>
  <escapedJava>false</escapedJava>
  <property name="startLine">20</property>
  <property name="stepIndex">1</property>
</record>
<record>
  <date>2025-01-31T14:31:59.299592300Z</date>
  <millis>1738333919299</millis>
  <nanos>592300</nanos>
  <sequence>150</sequence>
  <level>WARNING</level>
  <class>com.kms.katalon.core.logging.XmlKeywordLogger</class>
  <method>logMessage</method>
  <thread>1</thread>
  <message>A browser is already opened. Closing browser and opening a new one</message>
  <nestedLevel>1</nestedLevel>
  <escapedJava>false</escapedJava>
</record>
<record>
  <date>2025-01-31T14:32:00.150885800Z</date>
  <millis>1738333920150</millis>
  <nanos>885800</nanos>
  <sequence>151</sequence>
  <level>INFO</level>
  <class>com.kms.katalon.core.logging.XmlKeywordLogger</class>
  <method>logMessage</method>
  <thread>1</thread>
  <message>User set preference: [&amp;apos;os&amp;apos;, &amp;apos;windows&amp;apos;]</message>
  <nestedLevel>1</nestedLevel>
  <escapedJava>false</escapedJava>
</record>
<record>
  <date>2025-01-31T14:32:00.151869700Z</date>
  <millis>1738333920151</millis>
  <nanos>869700</nanos>
  <sequence>152</sequence>
  <level>INFO</level>
  <class>com.kms.katalon.core.logging.XmlKeywordLogger</class>
  <method>logMessage</method>
  <thread>1</thread>
  <message>User set preference: [&amp;apos;browserVersion&amp;apos;, &amp;apos;133&amp;apos;]</message>
  <nestedLevel>1</nestedLevel>
  <escapedJava>false</escapedJava>
</record>
<record>
  <date>2025-01-31T14:32:00.151869700Z</date>
  <millis>1738333920151</millis>
  <nanos>869700</nanos>
  <sequence>153</sequence>
  <level>INFO</level>
  <class>com.kms.katalon.core.logging.XmlKeywordLogger</class>
  <method>logMessage</method>
  <thread>1</thread>
  <message>User set preference: [&amp;apos;browserName&amp;apos;, &amp;apos;chrome&amp;apos;]</message>
  <nestedLevel>1</nestedLevel>
  <escapedJava>false</escapedJava>
</record>
<record>
  <date>2025-01-31T14:32:00.152864600Z</date>
  <millis>1738333920152</millis>
  <nanos>864600</nanos>
  <sequence>154</sequence>
  <level>INFO</level>
  <class>com.kms.katalon.core.logging.XmlKeywordLogger</class>
  <method>logMessage</method>
  <thread>1</thread>
  <message>User set preference: [&amp;apos;katalon:option&amp;apos;, &amp;apos;{organizationId=1906073, usingTunnel=false}&amp;apos;]</message>
  <nestedLevel>1</nestedLevel>
  <escapedJava>false</escapedJava>
</record>
<record>
  <date>2025-01-31T14:32:00.156866600Z</date>
  <millis>1738333920156</millis>
  <nanos>866600</nanos>
  <sequence>155</sequence>
  <level>INFO</level>
  <class>com.kms.katalon.core.logging.XmlKeywordLogger</class>
  <method>logMessage</method>
  <thread>1</thread>
  <message>Connecting to remote web server &amp;apos;testcloud.katalon.com/hub&amp;apos; with type &amp;apos;Selenium&amp;apos;</message>
  <nestedLevel>1</nestedLevel>
  <escapedJava>false</escapedJava>
</record>
<record>
  <date>2025-01-31T14:32:00.159868800Z</date>
  <millis>1738333920159</millis>
  <nanos>868800</nanos>
  <sequence>156</sequence>
  <level>INFO</level>
  <class>com.kms.katalon.core.logging.XmlKeywordLogger</class>
  <method>logMessage</method>
  <thread>1</thread>
  <message>Action delay is set to 0 milliseconds</message>
  <nestedLevel>1</nestedLevel>
  <escapedJava>false</escapedJava>
</record>
<record>
  <date>2025-01-31T14:32:24.506686200Z</date>
  <millis>1738333944506</millis>
  <nanos>686200</nanos>
  <sequence>158</sequence>
  <level>RUN_DATA</level>
  <class>com.kms.katalon.core.logging.XmlKeywordLogger</class>
  <method>logMessage</method>
  <thread>1</thread>
  <message>remoteDriverUrl = testcloud.katalon.com/hub</message>
  <nestedLevel>1</nestedLevel>
  <escapedJava>false</escapedJava>
  <property name="remoteDriverUrl">testcloud.katalon.com/hub</property>
</record>
<record>
  <date>2025-01-31T14:32:24.508586700Z</date>
  <millis>1738333944508</millis>
  <nanos>586700</nanos>
  <sequence>159</sequence>
  <level>RUN_DATA</level>
  <class>com.kms.katalon.core.logging.XmlKeywordLogger</class>
  <method>logMessage</method>
  <thread>1</thread>
  <message>remoteOS = Windows</message>
  <nestedLevel>1</nestedLevel>
  <escapedJava>false</escapedJava>
  <property name="remoteOS">Windows</property>
</record>
<record>
  <date>2025-01-31T14:32:24.509618200Z</date>
  <millis>1738333944509</millis>
  <nanos>618200</nanos>
  <sequence>160</sequence>
  <level>RUN_DATA</level>
  <class>com.kms.katalon.core.logging.XmlKeywordLogger</class>
  <method>logMessage</method>
  <thread>1</thread>
  <message>desiredCapabilities = {
  &amp;quot;timeouts&amp;quot;: {
    &amp;quot;implicit&amp;quot;: 0,
    &amp;quot;pageLoad&amp;quot;: 300000,
    &amp;quot;script&amp;quot;: 30000
  },
  &amp;quot;se:cdpEnabled&amp;quot;: false,
  &amp;quot;platform&amp;quot;: &amp;quot;WINDOWS&amp;quot;,
  &amp;quot;goog:chromeOptions&amp;quot;: {
    &amp;quot;debuggerAddress&amp;quot;: &amp;quot;localhost:9225&amp;quot;
  },
  &amp;quot;webauthn:extension:credBlob&amp;quot;: true,
  &amp;quot;acceptInsecureCerts&amp;quot;: false,
  &amp;quot;browserVersion&amp;quot;: &amp;quot;133.0.0.0&amp;quot;,
  &amp;quot;fedcm:accounts&amp;quot;: true,
  &amp;quot;kt:requestId&amp;quot;: &amp;quot;58c9fbe9-ccb7-4d2a-aeee-31de46e686f5&amp;quot;,
  &amp;quot;browserName&amp;quot;: &amp;quot;chrome&amp;quot;,
  &amp;quot;javascriptEnabled&amp;quot;: true,
  &amp;quot;platformName&amp;quot;: &amp;quot;WINDOWS&amp;quot;,
  &amp;quot;setWindowRect&amp;quot;: true,
  &amp;quot;webauthn:extension:largeBlob&amp;quot;: true,
  &amp;quot;networkConnectionEnabled&amp;quot;: false,
  &amp;quot;chrome&amp;quot;: {
    &amp;quot;chromedriverVersion&amp;quot;: &amp;quot;133.0.6847.2 (7e95e23d2d1f87886163822aa701370c1187bfa1-refs/branch-heads/6847@{#6})&amp;quot;,
    &amp;quot;userDataDir&amp;quot;: &amp;quot;C:\\Program Files\\scoped_dir5748_244915150&amp;quot;
  },
  &amp;quot;kt:rid&amp;quot;: &amp;quot;58c9fbe9-ccb7-4d2a-aeee-31de46e686f5&amp;quot;,
  &amp;quot;pageLoadStrategy&amp;quot;: &amp;quot;normal&amp;quot;,
  &amp;quot;unhandledPromptBehavior&amp;quot;: &amp;quot;dismiss and notify&amp;quot;,
  &amp;quot;strictFileInteractability&amp;quot;: false,
  &amp;quot;se:bidiEnabled&amp;quot;: false,
  &amp;quot;proxy&amp;quot;: {
    &amp;quot;proxyType&amp;quot;: &amp;quot;UNSPECIFIED&amp;quot;,
    &amp;quot;autodetect&amp;quot;: false
  },
  &amp;quot;webauthn:extension:minPinLength&amp;quot;: true,
  &amp;quot;webauthn:extension:prf&amp;quot;: true,
  &amp;quot;katalon:caps&amp;quot;: {
    &amp;quot;executionId&amp;quot;: &amp;quot;7a21809e-3f03-4414-b60b-dd7a781b0748&amp;quot;,
    &amp;quot;executionSessionId&amp;quot;: &amp;quot;58c9fbe9-ccb7-4d2a-aeee-31de46e686f5&amp;quot;
  },
  &amp;quot;katalon:options&amp;quot;: {
    &amp;quot;executionId&amp;quot;: &amp;quot;7a21809e-3f03-4414-b60b-dd7a781b0748&amp;quot;,
    &amp;quot;executionSessionId&amp;quot;: &amp;quot;58c9fbe9-ccb7-4d2a-aeee-31de46e686f5&amp;quot;,
    &amp;quot;metadata&amp;quot;: {
      &amp;quot;usingTunnel&amp;quot;: false,
      &amp;quot;accountUuid&amp;quot;: &amp;quot;fda32340-531c-49aa-a0b7-40d478ba5457&amp;quot;,
      &amp;quot;organizationId&amp;quot;: &amp;quot;1906073&amp;quot;
    },
    &amp;quot;organizationId&amp;quot;: &amp;quot;1906073&amp;quot;,
    &amp;quot;runFromTestCloud&amp;quot;: true,
    &amp;quot;userId&amp;quot;: 1648280,
    &amp;quot;username&amp;quot;: &amp;quot;innocent.beaver.duja@instantletter.net&amp;quot;,
    &amp;quot;usingTunnel&amp;quot;: false
  },
  &amp;quot;webauthn:virtualAuthenticators&amp;quot;: true
}</message>
  <nestedLevel>1</nestedLevel>
  <escapedJava>false</escapedJava>
  <property name="desiredCapabilities">{
  &quot;timeouts&quot;: {
    &quot;implicit&quot;: 0,
    &quot;pageLoad&quot;: 300000,
    &quot;script&quot;: 30000
  },
  &quot;se:cdpEnabled&quot;: false,
  &quot;platform&quot;: &quot;WINDOWS&quot;,
  &quot;goog:chromeOptions&quot;: {
    &quot;debuggerAddress&quot;: &quot;localhost:9225&quot;
  },
  &quot;webauthn:extension:credBlob&quot;: true,
  &quot;acceptInsecureCerts&quot;: false,
  &quot;browserVersion&quot;: &quot;133.0.0.0&quot;,
  &quot;fedcm:accounts&quot;: true,
  &quot;kt:requestId&quot;: &quot;58c9fbe9-ccb7-4d2a-aeee-31de46e686f5&quot;,
  &quot;browserName&quot;: &quot;chrome&quot;,
  &quot;javascriptEnabled&quot;: true,
  &quot;platformName&quot;: &quot;WINDOWS&quot;,
  &quot;setWindowRect&quot;: true,
  &quot;webauthn:extension:largeBlob&quot;: true,
  &quot;networkConnectionEnabled&quot;: false,
  &quot;chrome&quot;: {
    &quot;chromedriverVersion&quot;: &quot;133.0.6847.2 (7e95e23d2d1f87886163822aa701370c1187bfa1-refs/branch-heads/6847@{#6})&quot;,
    &quot;userDataDir&quot;: &quot;C:\\Program Files\\scoped_dir5748_244915150&quot;
  },
  &quot;kt:rid&quot;: &quot;58c9fbe9-ccb7-4d2a-aeee-31de46e686f5&quot;,
  &quot;pageLoadStrategy&quot;: &quot;normal&quot;,
  &quot;unhandledPromptBehavior&quot;: &quot;dismiss and notify&quot;,
  &quot;strictFileInteractability&quot;: false,
  &quot;se:bidiEnabled&quot;: false,
  &quot;proxy&quot;: {
    &quot;proxyType&quot;: &quot;UNSPECIFIED&quot;,
    &quot;autodetect&quot;: false
  },
  &quot;webauthn:extension:minPinLength&quot;: true,
  &quot;webauthn:extension:prf&quot;: true,
  &quot;katalon:caps&quot;: {
    &quot;executionId&quot;: &quot;7a21809e-3f03-4414-b60b-dd7a781b0748&quot;,
    &quot;executionSessionId&quot;: &quot;58c9fbe9-ccb7-4d2a-aeee-31de46e686f5&quot;
  },
  &quot;katalon:options&quot;: {
    &quot;executionId&quot;: &quot;7a21809e-3f03-4414-b60b-dd7a781b0748&quot;,
    &quot;executionSessionId&quot;: &quot;58c9fbe9-ccb7-4d2a-aeee-31de46e686f5&quot;,
    &quot;metadata&quot;: {
      &quot;usingTunnel&quot;: false,
      &quot;accountUuid&quot;: &quot;fda32340-531c-49aa-a0b7-40d478ba5457&quot;,
      &quot;organizationId&quot;: &quot;1906073&quot;
    },
    &quot;organizationId&quot;: &quot;1906073&quot;,
    &quot;runFromTestCloud&quot;: true,
    &quot;userId&quot;: 1648280,
    &quot;username&quot;: &quot;innocent.beaver.duja@instantletter.net&quot;,
    &quot;usingTunnel&quot;: false
  },
  &quot;webauthn:virtualAuthenticators&quot;: true
}</property>
</record>
<record>
  <date>2025-01-31T14:32:24.510595800Z</date>
  <millis>1738333944510</millis>
  <nanos>595800</nanos>
  <sequence>161</sequence>
  <level>RUN_DATA</level>
  <class>com.kms.katalon.core.logging.XmlKeywordLogger</class>
  <method>logMessage</method>
  <thread>1</thread>
  <message>sessionId = 5bed206e3f8650a7fa625930d9e7de4f</message>
  <nestedLevel>1</nestedLevel>
  <escapedJava>false</escapedJava>
  <property name="sessionId">5bed206e3f8650a7fa625930d9e7de4f</property>
</record>
<record>
  <date>2025-01-31T14:32:24.889852100Z</date>
  <millis>1738333944889</millis>
  <nanos>852100</nanos>
  <sequence>162</sequence>
  <level>RUN_DATA</level>
  <class>com.kms.katalon.core.logging.XmlKeywordLogger</class>
  <method>logMessage</method>
  <thread>1</thread>
  <message>browser = Chrome 133.0.0.0</message>
  <nestedLevel>1</nestedLevel>
  <escapedJava>false</escapedJava>
  <property name="browser">Chrome 133.0.0.0</property>
</record>
<record>
  <date>2025-01-31T14:32:24.890864Z</date>
  <millis>1738333944890</millis>
  <nanos>864000</nanos>
  <sequence>163</sequence>
  <level>RUN_DATA</level>
  <class>com.kms.katalon.core.logging.XmlKeywordLogger</class>
  <method>logMessage</method>
  <thread>1</thread>
  <message>platform = Windows 11</message>
  <nestedLevel>1</nestedLevel>
  <escapedJava>false</escapedJava>
  <property name="platform">Windows 11</property>
</record>
<record>
  <date>2025-01-31T14:32:24.891851400Z</date>
  <millis>1738333944891</millis>
  <nanos>851400</nanos>
  <sequence>164</sequence>
  <level>RUN_DATA</level>
  <class>com.kms.katalon.core.logging.XmlKeywordLogger</class>
  <method>logMessage</method>
  <thread>1</thread>
  <message>seleniumVersion = 3.141.59</message>
  <nestedLevel>1</nestedLevel>
  <escapedJava>false</escapedJava>
  <property name="seleniumVersion">3.141.59</property>
</record>
<record>
  <date>2025-01-31T14:32:24.893845700Z</date>
  <millis>1738333944893</millis>
  <nanos>845700</nanos>
  <sequence>165</sequence>
  <level>RUN_DATA</level>
  <class>com.kms.katalon.core.logging.XmlKeywordLogger</class>
  <method>logMessage</method>
  <thread>1</thread>
  <message>proxyInformation = ProxyInformation { proxyOption=NO_PROXY, proxyServerType=HTTP, username=, password=********, proxyServerAddress=, proxyServerPort=0, executionList=&amp;quot;&amp;quot;, isApplyToDesiredCapabilities=true }</message>
  <nestedLevel>1</nestedLevel>
  <escapedJava>false</escapedJava>
  <property name="proxyInformation">ProxyInformation { proxyOption=NO_PROXY, proxyServerType=HTTP, username=, password=********, proxyServerAddress=, proxyServerPort=0, executionList=&quot;&quot;, isApplyToDesiredCapabilities=true }</property>
</record>
<record>
  <date>2025-01-31T14:32:25.477598400Z</date>
  <millis>1738333945477</millis>
  <nanos>598400</nanos>
  <sequence>166</sequence>
  <level>PASSED</level>
  <class>com.kms.katalon.core.logging.XmlKeywordLogger</class>
  <method>logMessage</method>
  <thread>1</thread>
  <message>Browser is opened with url: &amp;apos;&amp;apos;</message>
  <nestedLevel>1</nestedLevel>
  <escapedJava>false</escapedJava>
  <property name="testops-method-name">com.kms.katalon.core.webui.keyword.builtin.OpenBrowserKeyword.openBrowser</property>
  <property name="testops-execution-stacktrace"></property>
</record>
<record>
  <date>2025-01-31T14:32:25.477598400Z</date>
  <millis>1738333945477</millis>
  <nanos>598400</nanos>
  <sequence>167</sequence>
  <level>END</level>
  <class>com.kms.katalon.core.logging.XmlKeywordLogger</class>
  <method>endKeyword</method>
  <thread>1</thread>
  <message>End action : openBrowser(&amp;quot;&amp;quot;)</message>
  <nestedLevel>1</nestedLevel>
  <escapedJava>false</escapedJava>
</record>
<record>
  <date>2025-01-31T14:32:25.478590800Z</date>
  <millis>1738333945478</millis>
  <nanos>590800</nanos>
  <sequence>168</sequence>
  <level>START</level>
  <class>com.kms.katalon.core.logging.XmlKeywordLogger</class>
  <method>startKeyword</method>
  <thread>1</thread>
  <message>Start action : navigateToUrl(&amp;quot;https://www.saucedemo.com/&amp;quot;)</message>
  <nestedLevel>1</nestedLevel>
  <escapedJava>false</escapedJava>
  <property name="startLine">22</property>
  <property name="stepIndex">2</property>
</record>
<record>
  <date>2025-01-31T14:32:26.151332900Z</date>
  <millis>1738333946151</millis>
  <nanos>332900</nanos>
  <sequence>171</sequence>
  <level>PASSED</level>
  <class>com.kms.katalon.core.logging.XmlKeywordLogger</class>
  <method>logMessage</method>
  <thread>1</thread>
  <message>Navigate to &amp;apos;https://www.saucedemo.com/&amp;apos; successfully</message>
  <nestedLevel>1</nestedLevel>
  <escapedJava>false</escapedJava>
  <property name="testops-method-name">com.kms.katalon.core.webui.keyword.builtin.NavigateToUrlKeyword.navigateToUrl</property>
  <property name="testops-execution-stacktrace"></property>
</record>
<record>
  <date>2025-01-31T14:32:26.152335Z</date>
  <millis>1738333946152</millis>
  <nanos>335000</nanos>
  <sequence>172</sequence>
  <level>END</level>
  <class>com.kms.katalon.core.logging.XmlKeywordLogger</class>
  <method>endKeyword</method>
  <thread>1</thread>
  <message>End action : navigateToUrl(&amp;quot;https://www.saucedemo.com/&amp;quot;)</message>
  <nestedLevel>1</nestedLevel>
  <escapedJava>false</escapedJava>
</record>
<record>
  <date>2025-01-31T14:32:26.153338400Z</date>
  <millis>1738333946153</millis>
  <nanos>338400</nanos>
  <sequence>173</sequence>
  <level>START</level>
  <class>com.kms.katalon.core.logging.XmlKeywordLogger</class>
  <method>startKeyword</method>
  <thread>1</thread>
  <message>Start action : com.test.swaglabs.CustomLogin.WebLoginFourthAccount()</message>
  <nestedLevel>1</nestedLevel>
  <escapedJava>false</escapedJava>
  <property name="startLine">24</property>
  <property name="stepIndex">3</property>
</record>
<record>
  <date>2025-01-31T14:32:28.442092300Z</date>
  <millis>1738333948442</millis>
  <nanos>92300</nanos>
  <sequence>189</sequence>
  <level>PASSED</level>
  <class>com.kms.katalon.core.logging.XmlKeywordLogger</class>
  <method>logMessage</method>
  <thread>1</thread>
  <message>Text &amp;apos;performance_glitch_user&amp;apos; is set on object &amp;apos;Object Repository/Page_Swag Labs/input_Swag Labs_user-name&amp;apos;</message>
  <nestedLevel>1</nestedLevel>
  <escapedJava>false</escapedJava>
  <property name="testops-method-name">com.kms.katalon.core.webui.keyword.builtin.SetTextKeyword.setText</property>
  <property name="testops-execution-stacktrace"></property>
</record>
<record>
  <date>2025-01-31T14:32:29.987360300Z</date>
  <millis>1738333949987</millis>
  <nanos>360300</nanos>
  <sequence>203</sequence>
  <level>WARNING</level>
  <class>com.kms.katalon.core.logging.XmlKeywordLogger</class>
  <method>logMessage</method>
  <thread>1</thread>
  <message>[SELF-HEALING] Failed to find element with id &amp;apos;Object Repository/Page_Swag Labs/input_Swag Labs_password&amp;apos;. Try using Self-healing.</message>
  <nestedLevel>1</nestedLevel>
  <escapedJava>false</escapedJava>
</record>
<record>
  <date>2025-01-31T14:32:30.613362400Z</date>
  <millis>1738333950613</millis>
  <nanos>362400</nanos>
  <sequence>206</sequence>
  <level>WARNING</level>
  <class>com.kms.katalon.core.logging.XmlKeywordLogger</class>
  <method>logMessage</method>
  <thread>1</thread>
  <message>[SELF-HEALING] invalid session id
Build info: version: &amp;apos;3.141.59&amp;apos;, revision: &amp;apos;unknown&amp;apos;, time: &amp;apos;unknown&amp;apos;
System info: host: &amp;apos;LAPTOP-5GQHVTHK&amp;apos;, ip: &amp;apos;192.168.0.101&amp;apos;, os.name: &amp;apos;Windows 11&amp;apos;, os.arch: &amp;apos;amd64&amp;apos;, os.version: &amp;apos;10.0&amp;apos;, java.version: &amp;apos;17.0.7&amp;apos;
Driver info: com.kms.katalon.selenium.driver.CRemoteWebDriver
Capabilities {acceptInsecureCerts: false, browserName: chrome, browserVersion: 133.0.6847.2, chrome: {chromedriverVersion: 133.0.6847.2 (7e95e23d2d1f8..., userDataDir: C:\Program Files\scoped_dir...}, fedcm:accounts: true, goog:chromeOptions: {debuggerAddress: localhost:9225}, javascriptEnabled: true, katalon:caps: {executionId: 7a21809e-3f03-4414-b60b-dd7..., executionSessionId: 58c9fbe9-ccb7-4d2a-aeee-31d...}, katalon:options: {executionId: 7a21809e-3f03-4414-b60b-dd7..., executionSessionId: 58c9fbe9-ccb7-4d2a-aeee-31d..., metadata: {accountUuid: fda32340-531c-49aa-a0b7-40d..., organizationId: 1906073, usingTunnel: false}, organizationId: 1906073, runFromTestCloud: true, userId: 1648280, username: innocent.beaver.duja@instan..., usingTunnel: false}, kt:requestId: 58c9fbe9-ccb7-4d2a-aeee-31d..., kt:rid: 58c9fbe9-ccb7-4d2a-aeee-31d..., networkConnectionEnabled: false, pageLoadStrategy: normal, platform: WINDOWS, platformName: WINDOWS, proxy: Proxy(), se:bidiEnabled: false, se:cdpEnabled: false, setWindowRect: true, strictFileInteractability: false, timeouts: {implicit: 0, pageLoad: 300000, script: 30000}, unhandledPromptBehavior: dismiss and notify, webauthn:extension:credBlob: true, webauthn:extension:largeBlob: true, webauthn:extension:minPinLength: true, webauthn:extension:prf: true, webauthn:virtualAuthenticators: true}
Session ID: 5bed206e3f8650a7fa625930d9e7de4f
*** Element info: {Using=xpath, value=//input[@id=&amp;apos;password&amp;apos;]}</message>
  <nestedLevel>1</nestedLevel>
  <escapedJava>false</escapedJava>
  <property name="failed.exception.class">org.openqa.selenium.NoSuchSessionException</property>
  <property name="failed.exception.stacktrace">org.openqa.selenium.NoSuchSessionException: invalid session id
Build info: version: &apos;3.141.59&apos;, revision: &apos;unknown&apos;, time: &apos;unknown&apos;
System info: host: &apos;LAPTOP-5GQHVTHK&apos;, ip: &apos;192.168.0.101&apos;, os.name: &apos;Windows 11&apos;, os.arch: &apos;amd64&apos;, os.version: &apos;10.0&apos;, java.version: &apos;17.0.7&apos;
Driver info: com.kms.katalon.selenium.driver.CRemoteWebDriver
Capabilities {acceptInsecureCerts: false, browserName: chrome, browserVersion: 133.0.6847.2, chrome: {chromedriverVersion: 133.0.6847.2 (7e95e23d2d1f8..., userDataDir: C:\Program Files\scoped_dir...}, fedcm:accounts: true, goog:chromeOptions: {debuggerAddress: localhost:9225}, javascriptEnabled: true, katalon:caps: {executionId: 7a21809e-3f03-4414-b60b-dd7..., executionSessionId: 58c9fbe9-ccb7-4d2a-aeee-31d...}, katalon:options: {executionId: 7a21809e-3f03-4414-b60b-dd7..., executionSessionId: 58c9fbe9-ccb7-4d2a-aeee-31d..., metadata: {accountUuid: fda32340-531c-49aa-a0b7-40d..., organizationId: 1906073, usingTunnel: false}, organizationId: 1906073, runFromTestCloud: true, userId: 1648280, username: innocent.beaver.duja@instan..., usingTunnel: false}, kt:requestId: 58c9fbe9-ccb7-4d2a-aeee-31d..., kt:rid: 58c9fbe9-ccb7-4d2a-aeee-31d..., networkConnectionEnabled: false, pageLoadStrategy: normal, platform: WINDOWS, platformName: WINDOWS, proxy: Proxy(), se:bidiEnabled: false, se:cdpEnabled: false, setWindowRect: true, strictFileInteractability: false, timeouts: {implicit: 0, pageLoad: 300000, script: 30000}, unhandledPromptBehavior: dismiss and notify, webauthn:extension:credBlob: true, webauthn:extension:largeBlob: true, webauthn:extension:minPinLength: true, webauthn:extension:prf: true, webauthn:virtualAuthenticators: true}
Session ID: 5bed206e3f8650a7fa625930d9e7de4f
*** Element info: {Using=xpath, value=//input[@id=&apos;password&apos;]}
	at java.base/jdk.internal.reflect.NativeConstructorAccessorImpl.newInstance0(Native Method)
	at java.base/jdk.internal.reflect.NativeConstructorAccessorImpl.newInstance(NativeConstructorAccessorImpl.java:77)
	at java.base/jdk.internal.reflect.DelegatingConstructorAccessorImpl.newInstance(DelegatingConstructorAccessorImpl.java:45)
	at org.openqa.selenium.remote.http.W3CHttpResponseCodec.createException(W3CHttpResponseCodec.java:187)
	at org.openqa.selenium.remote.http.W3CHttpResponseCodec.decode(W3CHttpResponseCodec.java:122)
	at org.openqa.selenium.remote.http.W3CHttpResponseCodec.decode(W3CHttpResponseCodec.java:49)
	at org.openqa.selenium.remote.HttpCommandExecutor.execute(HttpCommandExecutor.java:158)
	at org.openqa.selenium.remote.RemoteWebDriver.execute(RemoteWebDriver.java:552)
	at com.kms.katalon.selenium.driver.CRemoteWebDriver.execute(CRemoteWebDriver.java:30)
	at org.openqa.selenium.remote.RemoteWebDriver.findElements(RemoteWebDriver.java:353)
	at org.openqa.selenium.remote.RemoteWebDriver.findElementsByXPath(RemoteWebDriver.java:432)
	at org.openqa.selenium.By$ByXPath.findElements(By.java:348)
	at org.openqa.selenium.remote.RemoteWebDriver.findElements(RemoteWebDriver.java:311)
	at java.base/jdk.internal.reflect.NativeMethodAccessorImpl.invoke0(Native Method)
	at java.base/jdk.internal.reflect.NativeMethodAccessorImpl.invoke(NativeMethodAccessorImpl.java:77)
	at java.base/jdk.internal.reflect.DelegatingMethodAccessorImpl.invoke(DelegatingMethodAccessorImpl.java:43)
	at org.openqa.selenium.support.events.EventFiringWebDriver.lambda$new$1(EventFiringWebDriver.java:105)
	at jdk.proxy2/jdk.proxy2.$Proxy23.findElements(Unknown Source)
	at org.openqa.selenium.support.events.EventFiringWebDriver.findElements(EventFiringWebDriver.java:182)
	at com.kms.katalon.core.webui.common.WebUiCommonHelper.findWebElementsWithSmartXPath(WebUiCommonHelper.java:1110)
	at com.kms.katalon.core.webui.common.WebUiCommonHelper.findElementsBySelectedMethod(WebUiCommonHelper.java:923)
	at com.kms.katalon.core.webui.common.WebUiCommonHelper.findElementsWithSelfHealing(WebUiCommonHelper.java:815)
	at com.kms.katalon.core.webui.common.WebUiCommonHelper.findWebElements(WebUiCommonHelper.java:727)
	at com.kms.katalon.core.webui.common.WebUiCommonHelper.findWebElement(WebUiCommonHelper.java:1413)
	at com.kms.katalon.core.webui.keyword.internal.WebUIAbstractKeyword.findWebElement(WebUIAbstractKeyword.groovy:27)
	at com.kms.katalon.core.webui.keyword.internal.WebUIAbstractKeyword.findWebElement(WebUIAbstractKeyword.groovy:26)
	at com.kms.katalon.core.webui.keyword.builtin.SetTextKeyword$_setText_closure1.doCall(SetTextKeyword.groovy:57)
	at com.kms.katalon.core.webui.keyword.builtin.SetTextKeyword$_setText_closure1.call(SetTextKeyword.groovy)
	at com.kms.katalon.core.webui.keyword.internal.WebUIKeywordMain.runKeyword(WebUIKeywordMain.groovy:35)
	at com.kms.katalon.core.webui.keyword.builtin.SetTextKeyword.setText(SetTextKeyword.groovy:85)
	at com.kms.katalon.core.webui.keyword.builtin.SetTextKeyword.execute(SetTextKeyword.groovy:39)
	at com.kms.katalon.core.keyword.internal.KeywordExecutor.executeKeywordForPlatform(KeywordExecutor.groovy:74)
	at com.kms.katalon.core.webui.keyword.WebUiBuiltInKeywords.setText(WebUiBuiltInKeywords.groovy:1019)
	at com.test.swaglabs.CustomLogin.WebLoginFourthAccount(CustomLogin.groovy:64)
	at java.base/jdk.internal.reflect.NativeMethodAccessorImpl.invoke0(Native Method)
	at java.base/jdk.internal.reflect.NativeMethodAccessorImpl.invoke(NativeMethodAccessorImpl.java:77)
	at java.base/jdk.internal.reflect.DelegatingMethodAccessorImpl.invoke(DelegatingMethodAccessorImpl.java:43)
	at com.kms.katalon.core.main.CustomKeywordDelegatingMetaClass.invokeStaticMethod(CustomKeywordDelegatingMetaClass.java:55)
	at Login by Fourth Account - performance_glitch_user.run(Login by Fourth Account - performance_glitch_user:24)
	at com.kms.katalon.core.main.ScriptEngine.run(ScriptEngine.java:194)
	at com.kms.katalon.core.main.ScriptEngine.runScriptAsRawText(ScriptEngine.java:119)
	at com.kms.katalon.core.main.TestCaseExecutor.runScript(TestCaseExecutor.java:448)
	at com.kms.katalon.core.main.TestCaseExecutor.doExecute(TestCaseExecutor.java:439)
	at com.kms.katalon.core.main.TestCaseExecutor.processExecutionPhase(TestCaseExecutor.java:418)
	at com.kms.katalon.core.main.TestCaseExecutor.accessMainPhase(TestCaseExecutor.java:410)
	at com.kms.katalon.core.main.TestCaseExecutor.execute(TestCaseExecutor.java:285)
	at com.kms.katalon.core.main.TestCaseExecutor.execute(TestCaseExecutor.java:369)
	at com.kms.katalon.core.common.CommonExecutor.accessTestCaseMainPhase(CommonExecutor.java:65)
	at com.kms.katalon.core.main.TestSuiteExecutor.accessTestSuiteMainPhase(TestSuiteExecutor.java:150)
	at com.kms.katalon.core.main.TestSuiteExecutor.execute(TestSuiteExecutor.java:106)
	at com.kms.katalon.core.main.TestCaseMain.startTestSuite(TestCaseMain.java:180)
	at TempTestSuite1738333839214.run(TempTestSuite1738333839214.groovy:35)
	at java.base/jdk.internal.reflect.NativeMethodAccessorImpl.invoke0(Native Method)
	at java.base/jdk.internal.reflect.NativeMethodAccessorImpl.invoke(NativeMethodAccessorImpl.java:77)
	at java.base/jdk.internal.reflect.DelegatingMethodAccessorImpl.invoke(DelegatingMethodAccessorImpl.java:43)
</property>
  <property name="failed.exception.message">invalid session id
Build info: version: &apos;3.141.59&apos;, revision: &apos;unknown&apos;, time: &apos;unknown&apos;
System info: host: &apos;LAPTOP-5GQHVTHK&apos;, ip: &apos;192.168.0.101&apos;, os.name: &apos;Windows 11&apos;, os.arch: &apos;amd64&apos;, os.version: &apos;10.0&apos;, java.version: &apos;17.0.7&apos;
Driver info: com.kms.katalon.selenium.driver.CRemoteWebDriver
Capabilities {acceptInsecureCerts: false, browserName: chrome, browserVersion: 133.0.6847.2, chrome: {chromedriverVersion: 133.0.6847.2 (7e95e23d2d1f8..., userDataDir: C:\Program Files\scoped_dir...}, fedcm:accounts: true, goog:chromeOptions: {debuggerAddress: localhost:9225}, javascriptEnabled: true, katalon:caps: {executionId: 7a21809e-3f03-4414-b60b-dd7..., executionSessionId: 58c9fbe9-ccb7-4d2a-aeee-31d...}, katalon:options: {executionId: 7a21809e-3f03-4414-b60b-dd7..., executionSessionId: 58c9fbe9-ccb7-4d2a-aeee-31d..., metadata: {accountUuid: fda32340-531c-49aa-a0b7-40d..., organizationId: 1906073, usingTunnel: false}, organizationId: 1906073, runFromTestCloud: true, userId: 1648280, username: innocent.beaver.duja@instan..., usingTunnel: false}, kt:requestId: 58c9fbe9-ccb7-4d2a-aeee-31d..., kt:rid: 58c9fbe9-ccb7-4d2a-aeee-31d..., networkConnectionEnabled: false, pageLoadStrategy: normal, platform: WINDOWS, platformName: WINDOWS, proxy: Proxy(), se:bidiEnabled: false, se:cdpEnabled: false, setWindowRect: true, strictFileInteractability: false, timeouts: {implicit: 0, pageLoad: 300000, script: 30000}, unhandledPromptBehavior: dismiss and notify, webauthn:extension:credBlob: true, webauthn:extension:largeBlob: true, webauthn:extension:minPinLength: true, webauthn:extension:prf: true, webauthn:virtualAuthenticators: true}
Session ID: 5bed206e3f8650a7fa625930d9e7de4f
*** Element info: {Using=xpath, value=//input[@id=&apos;password&apos;]}</property>
</record>
<record>
  <date>2025-01-31T14:32:32.445053500Z</date>
  <millis>1738333952445</millis>
  <nanos>53500</nanos>
  <sequence>210</sequence>
  <level>WARNING</level>
  <class>com.kms.katalon.core.logging.XmlKeywordLogger</class>
  <method>logMessage</method>
  <thread>1</thread>
  <message>[SELF-HEALING] invalid session id
Build info: version: &amp;apos;3.141.59&amp;apos;, revision: &amp;apos;unknown&amp;apos;, time: &amp;apos;unknown&amp;apos;
System info: host: &amp;apos;LAPTOP-5GQHVTHK&amp;apos;, ip: &amp;apos;192.168.0.101&amp;apos;, os.name: &amp;apos;Windows 11&amp;apos;, os.arch: &amp;apos;amd64&amp;apos;, os.version: &amp;apos;10.0&amp;apos;, java.version: &amp;apos;17.0.7&amp;apos;
Driver info: com.kms.katalon.selenium.driver.CRemoteWebDriver
Capabilities {acceptInsecureCerts: false, browserName: chrome, browserVersion: 133.0.6847.2, chrome: {chromedriverVersion: 133.0.6847.2 (7e95e23d2d1f8..., userDataDir: C:\Program Files\scoped_dir...}, fedcm:accounts: true, goog:chromeOptions: {debuggerAddress: localhost:9225}, javascriptEnabled: true, katalon:caps: {executionId: 7a21809e-3f03-4414-b60b-dd7..., executionSessionId: 58c9fbe9-ccb7-4d2a-aeee-31d...}, katalon:options: {executionId: 7a21809e-3f03-4414-b60b-dd7..., executionSessionId: 58c9fbe9-ccb7-4d2a-aeee-31d..., metadata: {accountUuid: fda32340-531c-49aa-a0b7-40d..., organizationId: 1906073, usingTunnel: false}, organizationId: 1906073, runFromTestCloud: true, userId: 1648280, username: innocent.beaver.duja@instan..., usingTunnel: false}, kt:requestId: 58c9fbe9-ccb7-4d2a-aeee-31d..., kt:rid: 58c9fbe9-ccb7-4d2a-aeee-31d..., networkConnectionEnabled: false, pageLoadStrategy: normal, platform: WINDOWS, platformName: WINDOWS, proxy: Proxy(), se:bidiEnabled: false, se:cdpEnabled: false, setWindowRect: true, strictFileInteractability: false, timeouts: {implicit: 0, pageLoad: 300000, script: 30000}, unhandledPromptBehavior: dismiss and notify, webauthn:extension:credBlob: true, webauthn:extension:largeBlob: true, webauthn:extension:minPinLength: true, webauthn:extension:prf: true, webauthn:virtualAuthenticators: true}
Session ID: 5bed206e3f8650a7fa625930d9e7de4f
*** Element info: {Using=xpath, value=//*[@placeholder = &amp;apos;Password&amp;apos; and @type = &amp;apos;password&amp;apos; and @id = &amp;apos;password&amp;apos; and @name = &amp;apos;password&amp;apos;]}</message>
  <nestedLevel>1</nestedLevel>
  <escapedJava>false</escapedJava>
  <property name="failed.exception.class">org.openqa.selenium.NoSuchSessionException</property>
  <property name="failed.exception.stacktrace">org.openqa.selenium.NoSuchSessionException: invalid session id
Build info: version: &apos;3.141.59&apos;, revision: &apos;unknown&apos;, time: &apos;unknown&apos;
System info: host: &apos;LAPTOP-5GQHVTHK&apos;, ip: &apos;192.168.0.101&apos;, os.name: &apos;Windows 11&apos;, os.arch: &apos;amd64&apos;, os.version: &apos;10.0&apos;, java.version: &apos;17.0.7&apos;
Driver info: com.kms.katalon.selenium.driver.CRemoteWebDriver
Capabilities {acceptInsecureCerts: false, browserName: chrome, browserVersion: 133.0.6847.2, chrome: {chromedriverVersion: 133.0.6847.2 (7e95e23d2d1f8..., userDataDir: C:\Program Files\scoped_dir...}, fedcm:accounts: true, goog:chromeOptions: {debuggerAddress: localhost:9225}, javascriptEnabled: true, katalon:caps: {executionId: 7a21809e-3f03-4414-b60b-dd7..., executionSessionId: 58c9fbe9-ccb7-4d2a-aeee-31d...}, katalon:options: {executionId: 7a21809e-3f03-4414-b60b-dd7..., executionSessionId: 58c9fbe9-ccb7-4d2a-aeee-31d..., metadata: {accountUuid: fda32340-531c-49aa-a0b7-40d..., organizationId: 1906073, usingTunnel: false}, organizationId: 1906073, runFromTestCloud: true, userId: 1648280, username: innocent.beaver.duja@instan..., usingTunnel: false}, kt:requestId: 58c9fbe9-ccb7-4d2a-aeee-31d..., kt:rid: 58c9fbe9-ccb7-4d2a-aeee-31d..., networkConnectionEnabled: false, pageLoadStrategy: normal, platform: WINDOWS, platformName: WINDOWS, proxy: Proxy(), se:bidiEnabled: false, se:cdpEnabled: false, setWindowRect: true, strictFileInteractability: false, timeouts: {implicit: 0, pageLoad: 300000, script: 30000}, unhandledPromptBehavior: dismiss and notify, webauthn:extension:credBlob: true, webauthn:extension:largeBlob: true, webauthn:extension:minPinLength: true, webauthn:extension:prf: true, webauthn:virtualAuthenticators: true}
Session ID: 5bed206e3f8650a7fa625930d9e7de4f
*** Element info: {Using=xpath, value=//*[@placeholder = &apos;Password&apos; and @type = &apos;password&apos; and @id = &apos;password&apos; and @name = &apos;password&apos;]}
	at jdk.internal.reflect.GeneratedConstructorAccessor22.newInstance(Unknown Source)
	at java.base/jdk.internal.reflect.DelegatingConstructorAccessorImpl.newInstance(DelegatingConstructorAccessorImpl.java:45)
	at org.openqa.selenium.remote.http.W3CHttpResponseCodec.createException(W3CHttpResponseCodec.java:187)
	at org.openqa.selenium.remote.http.W3CHttpResponseCodec.decode(W3CHttpResponseCodec.java:122)
	at org.openqa.selenium.remote.http.W3CHttpResponseCodec.decode(W3CHttpResponseCodec.java:49)
	at org.openqa.selenium.remote.HttpCommandExecutor.execute(HttpCommandExecutor.java:158)
	at org.openqa.selenium.remote.RemoteWebDriver.execute(RemoteWebDriver.java:552)
	at com.kms.katalon.selenium.driver.CRemoteWebDriver.execute(CRemoteWebDriver.java:30)
	at org.openqa.selenium.remote.RemoteWebDriver.findElements(RemoteWebDriver.java:353)
	at org.openqa.selenium.remote.RemoteWebDriver.findElementsByXPath(RemoteWebDriver.java:432)
	at org.openqa.selenium.By$ByXPath.findElements(By.java:348)
	at org.openqa.selenium.remote.RemoteWebDriver.findElements(RemoteWebDriver.java:311)
	at java.base/jdk.internal.reflect.NativeMethodAccessorImpl.invoke0(Native Method)
	at java.base/jdk.internal.reflect.NativeMethodAccessorImpl.invoke(NativeMethodAccessorImpl.java:77)
	at java.base/jdk.internal.reflect.DelegatingMethodAccessorImpl.invoke(DelegatingMethodAccessorImpl.java:43)
	at org.openqa.selenium.support.events.EventFiringWebDriver.lambda$new$1(EventFiringWebDriver.java:105)
	at jdk.proxy2/jdk.proxy2.$Proxy23.findElements(Unknown Source)
	at org.openqa.selenium.support.events.EventFiringWebDriver.findElements(EventFiringWebDriver.java:182)
	at com.kms.katalon.core.webui.common.WebUiCommonHelper.findElementByNormalMethods(WebUiCommonHelper.java:1033)
	at com.kms.katalon.core.webui.common.WebUiCommonHelper.findElementsBySelectedMethod(WebUiCommonHelper.java:918)
	at com.kms.katalon.core.webui.common.WebUiCommonHelper.findElementsWithSelfHealing(WebUiCommonHelper.java:815)
	at com.kms.katalon.core.webui.common.WebUiCommonHelper.findWebElements(WebUiCommonHelper.java:727)
	at com.kms.katalon.core.webui.common.WebUiCommonHelper.findWebElement(WebUiCommonHelper.java:1413)
	at com.kms.katalon.core.webui.keyword.internal.WebUIAbstractKeyword.findWebElement(WebUIAbstractKeyword.groovy:27)
	at com.kms.katalon.core.webui.keyword.internal.WebUIAbstractKeyword.findWebElement(WebUIAbstractKeyword.groovy:26)
	at com.kms.katalon.core.webui.keyword.builtin.SetTextKeyword$_setText_closure1.doCall(SetTextKeyword.groovy:57)
	at com.kms.katalon.core.webui.keyword.builtin.SetTextKeyword$_setText_closure1.call(SetTextKeyword.groovy)
	at com.kms.katalon.core.webui.keyword.internal.WebUIKeywordMain.runKeyword(WebUIKeywordMain.groovy:35)
	at com.kms.katalon.core.webui.keyword.builtin.SetTextKeyword.setText(SetTextKeyword.groovy:85)
	at com.kms.katalon.core.webui.keyword.builtin.SetTextKeyword.execute(SetTextKeyword.groovy:39)
	at com.kms.katalon.core.keyword.internal.KeywordExecutor.executeKeywordForPlatform(KeywordExecutor.groovy:74)
	at com.kms.katalon.core.webui.keyword.WebUiBuiltInKeywords.setText(WebUiBuiltInKeywords.groovy:1019)
	at com.test.swaglabs.CustomLogin.WebLoginFourthAccount(CustomLogin.groovy:64)
	at java.base/jdk.internal.reflect.NativeMethodAccessorImpl.invoke0(Native Method)
	at java.base/jdk.internal.reflect.NativeMethodAccessorImpl.invoke(NativeMethodAccessorImpl.java:77)
	at java.base/jdk.internal.reflect.DelegatingMethodAccessorImpl.invoke(DelegatingMethodAccessorImpl.java:43)
	at com.kms.katalon.core.main.CustomKeywordDelegatingMetaClass.invokeStaticMethod(CustomKeywordDelegatingMetaClass.java:55)
	at Login by Fourth Account - performance_glitch_user.run(Login by Fourth Account - performance_glitch_user:24)
	at com.kms.katalon.core.main.ScriptEngine.run(ScriptEngine.java:194)
	at com.kms.katalon.core.main.ScriptEngine.runScriptAsRawText(ScriptEngine.java:119)
	at com.kms.katalon.core.main.TestCaseExecutor.runScript(TestCaseExecutor.java:448)
	at com.kms.katalon.core.main.TestCaseExecutor.doExecute(TestCaseExecutor.java:439)
	at com.kms.katalon.core.main.TestCaseExecutor.processExecutionPhase(TestCaseExecutor.java:418)
	at com.kms.katalon.core.main.TestCaseExecutor.accessMainPhase(TestCaseExecutor.java:410)
	at com.kms.katalon.core.main.TestCaseExecutor.execute(TestCaseExecutor.java:285)
	at com.kms.katalon.core.main.TestCaseExecutor.execute(TestCaseExecutor.java:369)
	at com.kms.katalon.core.common.CommonExecutor.accessTestCaseMainPhase(CommonExecutor.java:65)
	at com.kms.katalon.core.main.TestSuiteExecutor.accessTestSuiteMainPhase(TestSuiteExecutor.java:150)
	at com.kms.katalon.core.main.TestSuiteExecutor.execute(TestSuiteExecutor.java:106)
	at com.kms.katalon.core.main.TestCaseMain.startTestSuite(TestCaseMain.java:180)
	at TempTestSuite1738333839214.run(TempTestSuite1738333839214.groovy:35)
	at java.base/jdk.internal.reflect.NativeMethodAccessorImpl.invoke0(Native Method)
	at java.base/jdk.internal.reflect.NativeMethodAccessorImpl.invoke(NativeMethodAccessorImpl.java:77)
	at java.base/jdk.internal.reflect.DelegatingMethodAccessorImpl.invoke(DelegatingMethodAccessorImpl.java:43)
</property>
  <property name="failed.exception.message">invalid session id
Build info: version: &apos;3.141.59&apos;, revision: &apos;unknown&apos;, time: &apos;unknown&apos;
System info: host: &apos;LAPTOP-5GQHVTHK&apos;, ip: &apos;192.168.0.101&apos;, os.name: &apos;Windows 11&apos;, os.arch: &apos;amd64&apos;, os.version: &apos;10.0&apos;, java.version: &apos;17.0.7&apos;
Driver info: com.kms.katalon.selenium.driver.CRemoteWebDriver
Capabilities {acceptInsecureCerts: false, browserName: chrome, browserVersion: 133.0.6847.2, chrome: {chromedriverVersion: 133.0.6847.2 (7e95e23d2d1f8..., userDataDir: C:\Program Files\scoped_dir...}, fedcm:accounts: true, goog:chromeOptions: {debuggerAddress: localhost:9225}, javascriptEnabled: true, katalon:caps: {executionId: 7a21809e-3f03-4414-b60b-dd7..., executionSessionId: 58c9fbe9-ccb7-4d2a-aeee-31d...}, katalon:options: {executionId: 7a21809e-3f03-4414-b60b-dd7..., executionSessionId: 58c9fbe9-ccb7-4d2a-aeee-31d..., metadata: {accountUuid: fda32340-531c-49aa-a0b7-40d..., organizationId: 1906073, usingTunnel: false}, organizationId: 1906073, runFromTestCloud: true, userId: 1648280, username: innocent.beaver.duja@instan..., usingTunnel: false}, kt:requestId: 58c9fbe9-ccb7-4d2a-aeee-31d..., kt:rid: 58c9fbe9-ccb7-4d2a-aeee-31d..., networkConnectionEnabled: false, pageLoadStrategy: normal, platform: WINDOWS, platformName: WINDOWS, proxy: Proxy(), se:bidiEnabled: false, se:cdpEnabled: false, setWindowRect: true, strictFileInteractability: false, timeouts: {implicit: 0, pageLoad: 300000, script: 30000}, unhandledPromptBehavior: dismiss and notify, webauthn:extension:credBlob: true, webauthn:extension:largeBlob: true, webauthn:extension:minPinLength: true, webauthn:extension:prf: true, webauthn:virtualAuthenticators: true}
Session ID: 5bed206e3f8650a7fa625930d9e7de4f
*** Element info: {Using=xpath, value=//*[@placeholder = &apos;Password&apos; and @type = &apos;password&apos; and @id = &apos;password&apos; and @name = &apos;password&apos;]}</property>
</record>
<record>
  <date>2025-01-31T14:32:33.179019600Z</date>
  <millis>1738333953179</millis>
  <nanos>19600</nanos>
  <sequence>214</sequence>
  <level>WARNING</level>
  <class>com.kms.katalon.core.logging.XmlKeywordLogger</class>
  <method>logMessage</method>
  <thread>1</thread>
  <message>[SELF-HEALING] invalid session id
Build info: version: &amp;apos;3.141.59&amp;apos;, revision: &amp;apos;unknown&amp;apos;, time: &amp;apos;unknown&amp;apos;
System info: host: &amp;apos;LAPTOP-5GQHVTHK&amp;apos;, ip: &amp;apos;192.168.0.101&amp;apos;, os.name: &amp;apos;Windows 11&amp;apos;, os.arch: &amp;apos;amd64&amp;apos;, os.version: &amp;apos;10.0&amp;apos;, java.version: &amp;apos;17.0.7&amp;apos;
Driver info: com.kms.katalon.selenium.driver.CRemoteWebDriver
Capabilities {acceptInsecureCerts: false, browserName: chrome, browserVersion: 133.0.6847.2, chrome: {chromedriverVersion: 133.0.6847.2 (7e95e23d2d1f8..., userDataDir: C:\Program Files\scoped_dir...}, fedcm:accounts: true, goog:chromeOptions: {debuggerAddress: localhost:9225}, javascriptEnabled: true, katalon:caps: {executionId: 7a21809e-3f03-4414-b60b-dd7..., executionSessionId: 58c9fbe9-ccb7-4d2a-aeee-31d...}, katalon:options: {executionId: 7a21809e-3f03-4414-b60b-dd7..., executionSessionId: 58c9fbe9-ccb7-4d2a-aeee-31d..., metadata: {accountUuid: fda32340-531c-49aa-a0b7-40d..., organizationId: 1906073, usingTunnel: false}, organizationId: 1906073, runFromTestCloud: true, userId: 1648280, username: innocent.beaver.duja@instan..., usingTunnel: false}, kt:requestId: 58c9fbe9-ccb7-4d2a-aeee-31d..., kt:rid: 58c9fbe9-ccb7-4d2a-aeee-31d..., networkConnectionEnabled: false, pageLoadStrategy: normal, platform: WINDOWS, platformName: WINDOWS, proxy: Proxy(), se:bidiEnabled: false, se:cdpEnabled: false, setWindowRect: true, strictFileInteractability: false, timeouts: {implicit: 0, pageLoad: 300000, script: 30000}, unhandledPromptBehavior: dismiss and notify, webauthn:extension:credBlob: true, webauthn:extension:largeBlob: true, webauthn:extension:minPinLength: true, webauthn:extension:prf: true, webauthn:virtualAuthenticators: true}
Session ID: 5bed206e3f8650a7fa625930d9e7de4f
*** Element info: {Using=css selector, value=#password}</message>
  <nestedLevel>1</nestedLevel>
  <escapedJava>false</escapedJava>
  <property name="failed.exception.class">org.openqa.selenium.NoSuchSessionException</property>
  <property name="failed.exception.stacktrace">org.openqa.selenium.NoSuchSessionException: invalid session id
Build info: version: &apos;3.141.59&apos;, revision: &apos;unknown&apos;, time: &apos;unknown&apos;
System info: host: &apos;LAPTOP-5GQHVTHK&apos;, ip: &apos;192.168.0.101&apos;, os.name: &apos;Windows 11&apos;, os.arch: &apos;amd64&apos;, os.version: &apos;10.0&apos;, java.version: &apos;17.0.7&apos;
Driver info: com.kms.katalon.selenium.driver.CRemoteWebDriver
Capabilities {acceptInsecureCerts: false, browserName: chrome, browserVersion: 133.0.6847.2, chrome: {chromedriverVersion: 133.0.6847.2 (7e95e23d2d1f8..., userDataDir: C:\Program Files\scoped_dir...}, fedcm:accounts: true, goog:chromeOptions: {debuggerAddress: localhost:9225}, javascriptEnabled: true, katalon:caps: {executionId: 7a21809e-3f03-4414-b60b-dd7..., executionSessionId: 58c9fbe9-ccb7-4d2a-aeee-31d...}, katalon:options: {executionId: 7a21809e-3f03-4414-b60b-dd7..., executionSessionId: 58c9fbe9-ccb7-4d2a-aeee-31d..., metadata: {accountUuid: fda32340-531c-49aa-a0b7-40d..., organizationId: 1906073, usingTunnel: false}, organizationId: 1906073, runFromTestCloud: true, userId: 1648280, username: innocent.beaver.duja@instan..., usingTunnel: false}, kt:requestId: 58c9fbe9-ccb7-4d2a-aeee-31d..., kt:rid: 58c9fbe9-ccb7-4d2a-aeee-31d..., networkConnectionEnabled: false, pageLoadStrategy: normal, platform: WINDOWS, platformName: WINDOWS, proxy: Proxy(), se:bidiEnabled: false, se:cdpEnabled: false, setWindowRect: true, strictFileInteractability: false, timeouts: {implicit: 0, pageLoad: 300000, script: 30000}, unhandledPromptBehavior: dismiss and notify, webauthn:extension:credBlob: true, webauthn:extension:largeBlob: true, webauthn:extension:minPinLength: true, webauthn:extension:prf: true, webauthn:virtualAuthenticators: true}
Session ID: 5bed206e3f8650a7fa625930d9e7de4f
*** Element info: {Using=css selector, value=#password}
	at jdk.internal.reflect.GeneratedConstructorAccessor22.newInstance(Unknown Source)
	at java.base/jdk.internal.reflect.DelegatingConstructorAccessorImpl.newInstance(DelegatingConstructorAccessorImpl.java:45)
	at org.openqa.selenium.remote.http.W3CHttpResponseCodec.createException(W3CHttpResponseCodec.java:187)
	at org.openqa.selenium.remote.http.W3CHttpResponseCodec.decode(W3CHttpResponseCodec.java:122)
	at org.openqa.selenium.remote.http.W3CHttpResponseCodec.decode(W3CHttpResponseCodec.java:49)
	at org.openqa.selenium.remote.HttpCommandExecutor.execute(HttpCommandExecutor.java:158)
	at org.openqa.selenium.remote.RemoteWebDriver.execute(RemoteWebDriver.java:552)
	at com.kms.katalon.selenium.driver.CRemoteWebDriver.execute(CRemoteWebDriver.java:30)
	at org.openqa.selenium.remote.RemoteWebDriver.findElements(RemoteWebDriver.java:353)
	at org.openqa.selenium.remote.RemoteWebDriver.findElementsByCssSelector(RemoteWebDriver.java:424)
	at org.openqa.selenium.By$ByCssSelector.findElements(By.java:441)
	at org.openqa.selenium.remote.RemoteWebDriver.findElements(RemoteWebDriver.java:311)
	at java.base/jdk.internal.reflect.NativeMethodAccessorImpl.invoke0(Native Method)
	at java.base/jdk.internal.reflect.NativeMethodAccessorImpl.invoke(NativeMethodAccessorImpl.java:77)
	at java.base/jdk.internal.reflect.DelegatingMethodAccessorImpl.invoke(DelegatingMethodAccessorImpl.java:43)
	at org.openqa.selenium.support.events.EventFiringWebDriver.lambda$new$1(EventFiringWebDriver.java:105)
	at jdk.proxy2/jdk.proxy2.$Proxy23.findElements(Unknown Source)
	at org.openqa.selenium.support.events.EventFiringWebDriver.findElements(EventFiringWebDriver.java:182)
	at com.kms.katalon.core.webui.common.WebUiCommonHelper.findElementByNormalMethods(WebUiCommonHelper.java:1033)
	at com.kms.katalon.core.webui.common.WebUiCommonHelper.findElementsBySelectedMethod(WebUiCommonHelper.java:920)
	at com.kms.katalon.core.webui.common.WebUiCommonHelper.findElementsWithSelfHealing(WebUiCommonHelper.java:815)
	at com.kms.katalon.core.webui.common.WebUiCommonHelper.findWebElements(WebUiCommonHelper.java:727)
	at com.kms.katalon.core.webui.common.WebUiCommonHelper.findWebElement(WebUiCommonHelper.java:1413)
	at com.kms.katalon.core.webui.keyword.internal.WebUIAbstractKeyword.findWebElement(WebUIAbstractKeyword.groovy:27)
	at com.kms.katalon.core.webui.keyword.internal.WebUIAbstractKeyword.findWebElement(WebUIAbstractKeyword.groovy:26)
	at com.kms.katalon.core.webui.keyword.builtin.SetTextKeyword$_setText_closure1.doCall(SetTextKeyword.groovy:57)
	at com.kms.katalon.core.webui.keyword.builtin.SetTextKeyword$_setText_closure1.call(SetTextKeyword.groovy)
	at com.kms.katalon.core.webui.keyword.internal.WebUIKeywordMain.runKeyword(WebUIKeywordMain.groovy:35)
	at com.kms.katalon.core.webui.keyword.builtin.SetTextKeyword.setText(SetTextKeyword.groovy:85)
	at com.kms.katalon.core.webui.keyword.builtin.SetTextKeyword.execute(SetTextKeyword.groovy:39)
	at com.kms.katalon.core.keyword.internal.KeywordExecutor.executeKeywordForPlatform(KeywordExecutor.groovy:74)
	at com.kms.katalon.core.webui.keyword.WebUiBuiltInKeywords.setText(WebUiBuiltInKeywords.groovy:1019)
	at com.test.swaglabs.CustomLogin.WebLoginFourthAccount(CustomLogin.groovy:64)
	at java.base/jdk.internal.reflect.NativeMethodAccessorImpl.invoke0(Native Method)
	at java.base/jdk.internal.reflect.NativeMethodAccessorImpl.invoke(NativeMethodAccessorImpl.java:77)
	at java.base/jdk.internal.reflect.DelegatingMethodAccessorImpl.invoke(DelegatingMethodAccessorImpl.java:43)
	at com.kms.katalon.core.main.CustomKeywordDelegatingMetaClass.invokeStaticMethod(CustomKeywordDelegatingMetaClass.java:55)
	at Login by Fourth Account - performance_glitch_user.run(Login by Fourth Account - performance_glitch_user:24)
	at com.kms.katalon.core.main.ScriptEngine.run(ScriptEngine.java:194)
	at com.kms.katalon.core.main.ScriptEngine.runScriptAsRawText(ScriptEngine.java:119)
	at com.kms.katalon.core.main.TestCaseExecutor.runScript(TestCaseExecutor.java:448)
	at com.kms.katalon.core.main.TestCaseExecutor.doExecute(TestCaseExecutor.java:439)
	at com.kms.katalon.core.main.TestCaseExecutor.processExecutionPhase(TestCaseExecutor.java:418)
	at com.kms.katalon.core.main.TestCaseExecutor.accessMainPhase(TestCaseExecutor.java:410)
	at com.kms.katalon.core.main.TestCaseExecutor.execute(TestCaseExecutor.java:285)
	at com.kms.katalon.core.main.TestCaseExecutor.execute(TestCaseExecutor.java:369)
	at com.kms.katalon.core.common.CommonExecutor.accessTestCaseMainPhase(CommonExecutor.java:65)
	at com.kms.katalon.core.main.TestSuiteExecutor.accessTestSuiteMainPhase(TestSuiteExecutor.java:150)
	at com.kms.katalon.core.main.TestSuiteExecutor.execute(TestSuiteExecutor.java:106)
	at com.kms.katalon.core.main.TestCaseMain.startTestSuite(TestCaseMain.java:180)
	at TempTestSuite1738333839214.run(TempTestSuite1738333839214.groovy:35)
	at java.base/jdk.internal.reflect.NativeMethodAccessorImpl.invoke0(Native Method)
	at java.base/jdk.internal.reflect.NativeMethodAccessorImpl.invoke(NativeMethodAccessorImpl.java:77)
	at java.base/jdk.internal.reflect.DelegatingMethodAccessorImpl.invoke(DelegatingMethodAccessorImpl.java:43)
</property>
  <property name="failed.exception.message">invalid session id
Build info: version: &apos;3.141.59&apos;, revision: &apos;unknown&apos;, time: &apos;unknown&apos;
System info: host: &apos;LAPTOP-5GQHVTHK&apos;, ip: &apos;192.168.0.101&apos;, os.name: &apos;Windows 11&apos;, os.arch: &apos;amd64&apos;, os.version: &apos;10.0&apos;, java.version: &apos;17.0.7&apos;
Driver info: com.kms.katalon.selenium.driver.CRemoteWebDriver
Capabilities {acceptInsecureCerts: false, browserName: chrome, browserVersion: 133.0.6847.2, chrome: {chromedriverVersion: 133.0.6847.2 (7e95e23d2d1f8..., userDataDir: C:\Program Files\scoped_dir...}, fedcm:accounts: true, goog:chromeOptions: {debuggerAddress: localhost:9225}, javascriptEnabled: true, katalon:caps: {executionId: 7a21809e-3f03-4414-b60b-dd7..., executionSessionId: 58c9fbe9-ccb7-4d2a-aeee-31d...}, katalon:options: {executionId: 7a21809e-3f03-4414-b60b-dd7..., executionSessionId: 58c9fbe9-ccb7-4d2a-aeee-31d..., metadata: {accountUuid: fda32340-531c-49aa-a0b7-40d..., organizationId: 1906073, usingTunnel: false}, organizationId: 1906073, runFromTestCloud: true, userId: 1648280, username: innocent.beaver.duja@instan..., usingTunnel: false}, kt:requestId: 58c9fbe9-ccb7-4d2a-aeee-31d..., kt:rid: 58c9fbe9-ccb7-4d2a-aeee-31d..., networkConnectionEnabled: false, pageLoadStrategy: normal, platform: WINDOWS, platformName: WINDOWS, proxy: Proxy(), se:bidiEnabled: false, se:cdpEnabled: false, setWindowRect: true, strictFileInteractability: false, timeouts: {implicit: 0, pageLoad: 300000, script: 30000}, unhandledPromptBehavior: dismiss and notify, webauthn:extension:credBlob: true, webauthn:extension:largeBlob: true, webauthn:extension:minPinLength: true, webauthn:extension:prf: true, webauthn:virtualAuthenticators: true}
Session ID: 5bed206e3f8650a7fa625930d9e7de4f
*** Element info: {Using=css selector, value=#password}</property>
</record>
<record>
  <date>2025-01-31T14:32:33.596497800Z</date>
  <millis>1738333953596</millis>
  <nanos>497800</nanos>
  <sequence>216</sequence>
  <level>WARNING</level>
  <class>com.kms.katalon.core.logging.XmlKeywordLogger</class>
  <method>logMessage</method>
  <thread>1</thread>
  <message>Cannot take screenshot</message>
  <nestedLevel>1</nestedLevel>
  <escapedJava>false</escapedJava>
  <property name="failed.exception.class">org.openqa.selenium.WebDriverException</property>
  <property name="failed.exception.stacktrace">org.openqa.selenium.WebDriverException: An unknown error has occurred
Build info: version: &apos;3.141.59&apos;, revision: &apos;unknown&apos;, time: &apos;unknown&apos;
System info: host: &apos;LAPTOP-5GQHVTHK&apos;, ip: &apos;192.168.0.101&apos;, os.name: &apos;Windows 11&apos;, os.arch: &apos;amd64&apos;, os.version: &apos;10.0&apos;, java.version: &apos;17.0.7&apos;
Driver info: com.kms.katalon.selenium.driver.CRemoteWebDriver
Capabilities {acceptInsecureCerts: false, browserName: chrome, browserVersion: 133.0.6847.2, chrome: {chromedriverVersion: 133.0.6847.2 (7e95e23d2d1f8..., userDataDir: C:\Program Files\scoped_dir...}, fedcm:accounts: true, goog:chromeOptions: {debuggerAddress: localhost:9225}, javascriptEnabled: true, katalon:caps: {executionId: 7a21809e-3f03-4414-b60b-dd7..., executionSessionId: 58c9fbe9-ccb7-4d2a-aeee-31d...}, katalon:options: {executionId: 7a21809e-3f03-4414-b60b-dd7..., executionSessionId: 58c9fbe9-ccb7-4d2a-aeee-31d..., metadata: {accountUuid: fda32340-531c-49aa-a0b7-40d..., organizationId: 1906073, usingTunnel: false}, organizationId: 1906073, runFromTestCloud: true, userId: 1648280, username: innocent.beaver.duja@instan..., usingTunnel: false}, kt:requestId: 58c9fbe9-ccb7-4d2a-aeee-31d..., kt:rid: 58c9fbe9-ccb7-4d2a-aeee-31d..., networkConnectionEnabled: false, pageLoadStrategy: normal, platform: WINDOWS, platformName: WINDOWS, proxy: Proxy(), se:bidiEnabled: false, se:cdpEnabled: false, setWindowRect: true, strictFileInteractability: false, timeouts: {implicit: 0, pageLoad: 300000, script: 30000}, unhandledPromptBehavior: dismiss and notify, webauthn:extension:credBlob: true, webauthn:extension:largeBlob: true, webauthn:extension:minPinLength: true, webauthn:extension:prf: true, webauthn:virtualAuthenticators: true}
Session ID: 5bed206e3f8650a7fa625930d9e7de4f
	at java.base/jdk.internal.reflect.NativeConstructorAccessorImpl.newInstance0(Native Method)
	at java.base/jdk.internal.reflect.NativeConstructorAccessorImpl.newInstance(NativeConstructorAccessorImpl.java:77)
	at java.base/jdk.internal.reflect.DelegatingConstructorAccessorImpl.newInstance(DelegatingConstructorAccessorImpl.java:45)
	at org.openqa.selenium.remote.http.W3CHttpResponseCodec.createException(W3CHttpResponseCodec.java:187)
	at org.openqa.selenium.remote.http.W3CHttpResponseCodec.decode(W3CHttpResponseCodec.java:122)
	at org.openqa.selenium.remote.http.W3CHttpResponseCodec.decode(W3CHttpResponseCodec.java:49)
	at org.openqa.selenium.remote.HttpCommandExecutor.execute(HttpCommandExecutor.java:158)
	at org.openqa.selenium.remote.RemoteWebDriver.execute(RemoteWebDriver.java:552)
	at com.kms.katalon.selenium.driver.CRemoteWebDriver.execute(CRemoteWebDriver.java:30)
	at org.openqa.selenium.remote.RemoteWebDriver.execute(RemoteWebDriver.java:609)
	at org.openqa.selenium.remote.RemoteWebDriver.getScreenshotAs(RemoteWebDriver.java:295)
	at java.base/jdk.internal.reflect.NativeMethodAccessorImpl.invoke0(Native Method)
	at java.base/jdk.internal.reflect.NativeMethodAccessorImpl.invoke(NativeMethodAccessorImpl.java:77)
	at java.base/jdk.internal.reflect.DelegatingMethodAccessorImpl.invoke(DelegatingMethodAccessorImpl.java:43)
	at org.openqa.selenium.support.events.EventFiringWebDriver.lambda$new$1(EventFiringWebDriver.java:105)
	at jdk.proxy2/jdk.proxy2.$Proxy23.getScreenshotAs(Unknown Source)
	at org.openqa.selenium.support.events.EventFiringWebDriver.getScreenshotAs(EventFiringWebDriver.java:302)
	at com.kms.katalon.core.webui.helper.screenshot.WebUIScreenCaptor.take(WebUIScreenCaptor.java:26)
	at com.kms.katalon.core.helper.screenshot.ScreenCaptor.takeScreenshotAndGetAttributes(ScreenCaptor.java:38)
	at com.kms.katalon.core.webui.keyword.internal.WebUIKeywordMain.stepFailed(WebUIKeywordMain.groovy:117)
	at com.kms.katalon.core.webui.keyword.internal.WebUIKeywordMain.runKeyword(WebUIKeywordMain.groovy:43)
	at com.kms.katalon.core.webui.keyword.builtin.SetTextKeyword.setText(SetTextKeyword.groovy:85)
	at com.kms.katalon.core.webui.keyword.builtin.SetTextKeyword.execute(SetTextKeyword.groovy:39)
	at com.kms.katalon.core.keyword.internal.KeywordExecutor.executeKeywordForPlatform(KeywordExecutor.groovy:74)
	at com.kms.katalon.core.webui.keyword.WebUiBuiltInKeywords.setText(WebUiBuiltInKeywords.groovy:1019)
	at com.test.swaglabs.CustomLogin.WebLoginFourthAccount(CustomLogin.groovy:64)
	at java.base/jdk.internal.reflect.NativeMethodAccessorImpl.invoke0(Native Method)
	at java.base/jdk.internal.reflect.NativeMethodAccessorImpl.invoke(NativeMethodAccessorImpl.java:77)
	at java.base/jdk.internal.reflect.DelegatingMethodAccessorImpl.invoke(DelegatingMethodAccessorImpl.java:43)
	at com.kms.katalon.core.main.CustomKeywordDelegatingMetaClass.invokeStaticMethod(CustomKeywordDelegatingMetaClass.java:55)
	at Login by Fourth Account - performance_glitch_user.run(Login by Fourth Account - performance_glitch_user:24)
	at com.kms.katalon.core.main.ScriptEngine.run(ScriptEngine.java:194)
	at com.kms.katalon.core.main.ScriptEngine.runScriptAsRawText(ScriptEngine.java:119)
	at com.kms.katalon.core.main.TestCaseExecutor.runScript(TestCaseExecutor.java:448)
	at com.kms.katalon.core.main.TestCaseExecutor.doExecute(TestCaseExecutor.java:439)
	at com.kms.katalon.core.main.TestCaseExecutor.processExecutionPhase(TestCaseExecutor.java:418)
	at com.kms.katalon.core.main.TestCaseExecutor.accessMainPhase(TestCaseExecutor.java:410)
	at com.kms.katalon.core.main.TestCaseExecutor.execute(TestCaseExecutor.java:285)
	at com.kms.katalon.core.main.TestCaseExecutor.execute(TestCaseExecutor.java:369)
	at com.kms.katalon.core.common.CommonExecutor.accessTestCaseMainPhase(CommonExecutor.java:65)
	at com.kms.katalon.core.main.TestSuiteExecutor.accessTestSuiteMainPhase(TestSuiteExecutor.java:150)
	at com.kms.katalon.core.main.TestSuiteExecutor.execute(TestSuiteExecutor.java:106)
	at com.kms.katalon.core.main.TestCaseMain.startTestSuite(TestCaseMain.java:180)
	at TempTestSuite1738333839214.run(TempTestSuite1738333839214.groovy:35)
	at java.base/jdk.internal.reflect.NativeMethodAccessorImpl.invoke0(Native Method)
	at java.base/jdk.internal.reflect.NativeMethodAccessorImpl.invoke(NativeMethodAccessorImpl.java:77)
	at java.base/jdk.internal.reflect.DelegatingMethodAccessorImpl.invoke(DelegatingMethodAccessorImpl.java:43)
</property>
  <property name="failed.exception.message">An unknown error has occurred
Build info: version: &apos;3.141.59&apos;, revision: &apos;unknown&apos;, time: &apos;unknown&apos;
System info: host: &apos;LAPTOP-5GQHVTHK&apos;, ip: &apos;192.168.0.101&apos;, os.name: &apos;Windows 11&apos;, os.arch: &apos;amd64&apos;, os.version: &apos;10.0&apos;, java.version: &apos;17.0.7&apos;
Driver info: com.kms.katalon.selenium.driver.CRemoteWebDriver
Capabilities {acceptInsecureCerts: false, browserName: chrome, browserVersion: 133.0.6847.2, chrome: {chromedriverVersion: 133.0.6847.2 (7e95e23d2d1f8..., userDataDir: C:\Program Files\scoped_dir...}, fedcm:accounts: true, goog:chromeOptions: {debuggerAddress: localhost:9225}, javascriptEnabled: true, katalon:caps: {executionId: 7a21809e-3f03-4414-b60b-dd7..., executionSessionId: 58c9fbe9-ccb7-4d2a-aeee-31d...}, katalon:options: {executionId: 7a21809e-3f03-4414-b60b-dd7..., executionSessionId: 58c9fbe9-ccb7-4d2a-aeee-31d..., metadata: {accountUuid: fda32340-531c-49aa-a0b7-40d..., organizationId: 1906073, usingTunnel: false}, organizationId: 1906073, runFromTestCloud: true, userId: 1648280, username: innocent.beaver.duja@instan..., usingTunnel: false}, kt:requestId: 58c9fbe9-ccb7-4d2a-aeee-31d..., kt:rid: 58c9fbe9-ccb7-4d2a-aeee-31d..., networkConnectionEnabled: false, pageLoadStrategy: normal, platform: WINDOWS, platformName: WINDOWS, proxy: Proxy(), se:bidiEnabled: false, se:cdpEnabled: false, setWindowRect: true, strictFileInteractability: false, timeouts: {implicit: 0, pageLoad: 300000, script: 30000}, unhandledPromptBehavior: dismiss and notify, webauthn:extension:credBlob: true, webauthn:extension:largeBlob: true, webauthn:extension:minPinLength: true, webauthn:extension:prf: true, webauthn:virtualAuthenticators: true}
Session ID: 5bed206e3f8650a7fa625930d9e7de4f</property>
</record>
<record>
  <date>2025-01-31T14:32:33.605349400Z</date>
  <millis>1738333953605</millis>
  <nanos>349400</nanos>
  <sequence>220</sequence>
  <level>FAILED</level>
  <class>com.kms.katalon.core.logging.XmlKeywordLogger</class>
  <method>logMessage</method>
  <thread>1</thread>
  <message>Unable to set text &amp;apos;secret_sauce&amp;apos; of object &amp;apos;Object Repository/Page_Swag Labs/input_Swag Labs_password&amp;apos; (Root cause: com.kms.katalon.core.exception.StepFailedException: Unable to set text &amp;apos;secret_sauce&amp;apos; of object &amp;apos;Object Repository/Page_Swag Labs/input_Swag Labs_password&amp;apos;
	at com.kms.katalon.core.webui.keyword.internal.WebUIKeywordMain.stepFailed(WebUIKeywordMain.groovy:117)
	at com.kms.katalon.core.webui.keyword.internal.WebUIKeywordMain.runKeyword(WebUIKeywordMain.groovy:43)
	at com.kms.katalon.core.webui.keyword.builtin.SetTextKeyword.setText(SetTextKeyword.groovy:85)
	at com.kms.katalon.core.webui.keyword.builtin.SetTextKeyword.execute(SetTextKeyword.groovy:39)
	at com.kms.katalon.core.keyword.internal.KeywordExecutor.executeKeywordForPlatform(KeywordExecutor.groovy:74)
	at com.kms.katalon.core.webui.keyword.WebUiBuiltInKeywords.setText(WebUiBuiltInKeywords.groovy:1019)
	at com.test.swaglabs.CustomLogin.WebLoginFourthAccount(CustomLogin.groovy:64)
	at java.base/jdk.internal.reflect.NativeMethodAccessorImpl.invoke0(Native Method)
	at java.base/jdk.internal.reflect.NativeMethodAccessorImpl.invoke(NativeMethodAccessorImpl.java:77)
	at java.base/jdk.internal.reflect.DelegatingMethodAccessorImpl.invoke(DelegatingMethodAccessorImpl.java:43)
	at com.kms.katalon.core.main.CustomKeywordDelegatingMetaClass.invokeStaticMethod(CustomKeywordDelegatingMetaClass.java:55)
	at Login by Fourth Account - performance_glitch_user.run(Login by Fourth Account - performance_glitch_user:24)
	at com.kms.katalon.core.main.ScriptEngine.run(ScriptEngine.java:194)
	at com.kms.katalon.core.main.ScriptEngine.runScriptAsRawText(ScriptEngine.java:119)
	at com.kms.katalon.core.main.TestCaseExecutor.runScript(TestCaseExecutor.java:448)
	at com.kms.katalon.core.main.TestCaseExecutor.doExecute(TestCaseExecutor.java:439)
	at com.kms.katalon.core.main.TestCaseExecutor.processExecutionPhase(TestCaseExecutor.java:418)
	at com.kms.katalon.core.main.TestCaseExecutor.accessMainPhase(TestCaseExecutor.java:410)
	at com.kms.katalon.core.main.TestCaseExecutor.execute(TestCaseExecutor.java:285)
	at com.kms.katalon.core.main.TestCaseExecutor.execute(TestCaseExecutor.java:369)
	at com.kms.katalon.core.common.CommonExecutor.accessTestCaseMainPhase(CommonExecutor.java:65)
	at com.kms.katalon.core.main.TestSuiteExecutor.accessTestSuiteMainPhase(TestSuiteExecutor.java:150)
	at com.kms.katalon.core.main.TestSuiteExecutor.execute(TestSuiteExecutor.java:106)
	at com.kms.katalon.core.main.TestCaseMain.startTestSuite(TestCaseMain.java:180)
	at TempTestSuite1738333839214.run(TempTestSuite1738333839214.groovy:35)
	at java.base/jdk.internal.reflect.NativeMethodAccessorImpl.invoke0(Native Method)
	at java.base/jdk.internal.reflect.NativeMethodAccessorImpl.invoke(NativeMethodAccessorImpl.java:77)
	at java.base/jdk.internal.reflect.DelegatingMethodAccessorImpl.invoke(DelegatingMethodAccessorImpl.java:43)
Caused by: org.openqa.selenium.NoSuchSessionException: invalid session id: session deleted as the browser has closed the connection
from disconnected: Unable to receive message from renderer
  (Session info: chrome=133.0.6847.2)
Build info: version: &amp;apos;3.141.59&amp;apos;, revision: &amp;apos;unknown&amp;apos;, time: &amp;apos;unknown&amp;apos;
System info: host: &amp;apos;LAPTOP-5GQHVTHK&amp;apos;, ip: &amp;apos;192.168.0.101&amp;apos;, os.name: &amp;apos;Windows 11&amp;apos;, os.arch: &amp;apos;amd64&amp;apos;, os.version: &amp;apos;10.0&amp;apos;, java.version: &amp;apos;17.0.7&amp;apos;
Driver info: com.kms.katalon.selenium.driver.CRemoteWebDriver
Capabilities {acceptInsecureCerts: false, browserName: chrome, browserVersion: 133.0.6847.2, chrome: {chromedriverVersion: 133.0.6847.2 (7e95e23d2d1f8..., userDataDir: C:\Program Files\scoped_dir...}, fedcm:accounts: true, goog:chromeOptions: {debuggerAddress: localhost:9225}, javascriptEnabled: true, katalon:caps: {executionId: 7a21809e-3f03-4414-b60b-dd7..., executionSessionId: 58c9fbe9-ccb7-4d2a-aeee-31d...}, katalon:options: {executionId: 7a21809e-3f03-4414-b60b-dd7..., executionSessionId: 58c9fbe9-ccb7-4d2a-aeee-31d..., metadata: {accountUuid: fda32340-531c-49aa-a0b7-40d..., organizationId: 1906073, usingTunnel: false}, organizationId: 1906073, runFromTestCloud: true, userId: 1648280, username: innocent.beaver.duja@instan..., usingTunnel: false}, kt:requestId: 58c9fbe9-ccb7-4d2a-aeee-31d..., kt:rid: 58c9fbe9-ccb7-4d2a-aeee-31d..., networkConnectionEnabled: false, pageLoadStrategy: normal, platform: WINDOWS, platformName: WINDOWS, proxy: Proxy(), se:bidiEnabled: false, se:cdpEnabled: false, setWindowRect: true, strictFileInteractability: false, timeouts: {implicit: 0, pageLoad: 300000, script: 30000}, unhandledPromptBehavior: dismiss and notify, webauthn:extension:credBlob: true, webauthn:extension:largeBlob: true, webauthn:extension:minPinLength: true, webauthn:extension:prf: true, webauthn:virtualAuthenticators: true}
Session ID: 5bed206e3f8650a7fa625930d9e7de4f
*** Element info: {Using=xpath, value=//input[@id=&amp;apos;password&amp;apos;]}
	at java.base/jdk.internal.reflect.NativeConstructorAccessorImpl.newInstance0(Native Method)
	at java.base/jdk.internal.reflect.NativeConstructorAccessorImpl.newInstance(NativeConstructorAccessorImpl.java:77)
	at java.base/jdk.internal.reflect.DelegatingConstructorAccessorImpl.newInstance(DelegatingConstructorAccessorImpl.java:45)
	at org.openqa.selenium.remote.http.W3CHttpResponseCodec.createException(W3CHttpResponseCodec.java:187)
	at org.openqa.selenium.remote.http.W3CHttpResponseCodec.decode(W3CHttpResponseCodec.java:122)
	at org.openqa.selenium.remote.http.W3CHttpResponseCodec.decode(W3CHttpResponseCodec.java:49)
	at org.openqa.selenium.remote.HttpCommandExecutor.execute(HttpCommandExecutor.java:158)
	at org.openqa.selenium.remote.RemoteWebDriver.execute(RemoteWebDriver.java:552)
	at com.kms.katalon.selenium.driver.CRemoteWebDriver.execute(CRemoteWebDriver.java:30)
	at org.openqa.selenium.remote.RemoteWebDriver.findElements(RemoteWebDriver.java:353)
	at org.openqa.selenium.remote.RemoteWebDriver.findElementsByXPath(RemoteWebDriver.java:432)
	at org.openqa.selenium.By$ByXPath.findElements(By.java:348)
	at org.openqa.selenium.remote.RemoteWebDriver.findElements(RemoteWebDriver.java:311)
	at java.base/jdk.internal.reflect.NativeMethodAccessorImpl.invoke0(Native Method)
	at java.base/jdk.internal.reflect.NativeMethodAccessorImpl.invoke(NativeMethodAccessorImpl.java:77)
	at java.base/jdk.internal.reflect.DelegatingMethodAccessorImpl.invoke(DelegatingMethodAccessorImpl.java:43)
	at org.openqa.selenium.support.events.EventFiringWebDriver.lambda$new$1(EventFiringWebDriver.java:105)
	at jdk.proxy2/jdk.proxy2.$Proxy23.findElements(Unknown Source)
	at org.openqa.selenium.support.events.EventFiringWebDriver.findElements(EventFiringWebDriver.java:182)
	at com.kms.katalon.core.webui.common.WebUiCommonHelper.findElementByNormalMethods(WebUiCommonHelper.java:1033)
	at com.kms.katalon.core.webui.common.WebUiCommonHelper.findElementsBySelectedMethod(WebUiCommonHelper.java:924)
	at com.kms.katalon.core.webui.common.WebUiCommonHelper.findElementsBySelectedMethod(WebUiCommonHelper.java:906)
	at com.kms.katalon.core.webui.common.WebUiCommonHelper.findElementsBySelectedMethod(WebUiCommonHelper.java:901)
	at com.kms.katalon.core.webui.common.WebUiCommonHelper.findElementsByDefault(WebUiCommonHelper.java:897)
	at com.kms.katalon.core.webui.common.WebUiCommonHelper.findElementsWithSelfHealing(WebUiCommonHelper.java:743)
	at com.kms.katalon.core.webui.common.WebUiCommonHelper.findWebElements(WebUiCommonHelper.java:727)
	at com.kms.katalon.core.webui.common.WebUiCommonHelper.findWebElement(WebUiCommonHelper.java:1413)
	at com.kms.katalon.core.webui.keyword.internal.WebUIAbstractKeyword.findWebElement(WebUIAbstractKeyword.groovy:27)
	at com.kms.katalon.core.webui.keyword.internal.WebUIAbstractKeyword.findWebElement(WebUIAbstractKeyword.groovy:26)
	at com.kms.katalon.core.webui.keyword.builtin.SetTextKeyword$_setText_closure1.doCall(SetTextKeyword.groovy:57)
	at com.kms.katalon.core.webui.keyword.builtin.SetTextKeyword$_setText_closure1.call(SetTextKeyword.groovy)
	at com.kms.katalon.core.webui.keyword.internal.WebUIKeywordMain.runKeyword(WebUIKeywordMain.groovy:35)
	at com.kms.katalon.core.webui.keyword.builtin.SetTextKeyword.setText(SetTextKeyword.groovy:85)
	at com.kms.katalon.core.webui.keyword.builtin.SetTextKeyword.execute(SetTextKeyword.groovy:39)
	at com.kms.katalon.core.keyword.internal.KeywordExecutor.executeKeywordForPlatform(KeywordExecutor.groovy:74)
	at com.kms.katalon.core.webui.keyword.WebUiBuiltInKeywords.setText(WebUiBuiltInKeywords.groovy:1019)
	at com.test.swaglabs.CustomLogin.WebLoginFourthAccount(CustomLogin.groovy:64)
	at java.base/jdk.internal.reflect.NativeMethodAccessorImpl.invoke0(Native Method)
	at java.base/jdk.internal.reflect.NativeMethodAccessorImpl.invoke(NativeMethodAccessorImpl.java:77)
	at java.base/jdk.internal.reflect.DelegatingMethodAccessorImpl.invoke(DelegatingMethodAccessorImpl.java:43)
	at com.kms.katalon.core.main.CustomKeywordDelegatingMetaClass.invokeStaticMethod(CustomKeywordDelegatingMetaClass.java:55)
	at Script1738220797178.run(Script1738220797178.groovy:24)
	... 16 more
)</message>
  <nestedLevel>1</nestedLevel>
  <escapedJava>false</escapedJava>
  <property name="failed.exception.class">org.openqa.selenium.NoSuchSessionException</property>
  <property name="failed.exception.stacktrace">org.openqa.selenium.NoSuchSessionException: invalid session id: session deleted as the browser has closed the connection
from disconnected: Unable to receive message from renderer
  (Session info: chrome=133.0.6847.2)
Build info: version: &apos;3.141.59&apos;, revision: &apos;unknown&apos;, time: &apos;unknown&apos;
System info: host: &apos;LAPTOP-5GQHVTHK&apos;, ip: &apos;192.168.0.101&apos;, os.name: &apos;Windows 11&apos;, os.arch: &apos;amd64&apos;, os.version: &apos;10.0&apos;, java.version: &apos;17.0.7&apos;
Driver info: com.kms.katalon.selenium.driver.CRemoteWebDriver
Capabilities {acceptInsecureCerts: false, browserName: chrome, browserVersion: 133.0.6847.2, chrome: {chromedriverVersion: 133.0.6847.2 (7e95e23d2d1f8..., userDataDir: C:\Program Files\scoped_dir...}, fedcm:accounts: true, goog:chromeOptions: {debuggerAddress: localhost:9225}, javascriptEnabled: true, katalon:caps: {executionId: 7a21809e-3f03-4414-b60b-dd7..., executionSessionId: 58c9fbe9-ccb7-4d2a-aeee-31d...}, katalon:options: {executionId: 7a21809e-3f03-4414-b60b-dd7..., executionSessionId: 58c9fbe9-ccb7-4d2a-aeee-31d..., metadata: {accountUuid: fda32340-531c-49aa-a0b7-40d..., organizationId: 1906073, usingTunnel: false}, organizationId: 1906073, runFromTestCloud: true, userId: 1648280, username: innocent.beaver.duja@instan..., usingTunnel: false}, kt:requestId: 58c9fbe9-ccb7-4d2a-aeee-31d..., kt:rid: 58c9fbe9-ccb7-4d2a-aeee-31d..., networkConnectionEnabled: false, pageLoadStrategy: normal, platform: WINDOWS, platformName: WINDOWS, proxy: Proxy(), se:bidiEnabled: false, se:cdpEnabled: false, setWindowRect: true, strictFileInteractability: false, timeouts: {implicit: 0, pageLoad: 300000, script: 30000}, unhandledPromptBehavior: dismiss and notify, webauthn:extension:credBlob: true, webauthn:extension:largeBlob: true, webauthn:extension:minPinLength: true, webauthn:extension:prf: true, webauthn:virtualAuthenticators: true}
Session ID: 5bed206e3f8650a7fa625930d9e7de4f
*** Element info: {Using=xpath, value=//input[@id=&apos;password&apos;]}
	at java.base/jdk.internal.reflect.NativeConstructorAccessorImpl.newInstance0(Native Method)
	at java.base/jdk.internal.reflect.NativeConstructorAccessorImpl.newInstance(NativeConstructorAccessorImpl.java:77)
	at java.base/jdk.internal.reflect.DelegatingConstructorAccessorImpl.newInstance(DelegatingConstructorAccessorImpl.java:45)
	at org.openqa.selenium.remote.http.W3CHttpResponseCodec.createException(W3CHttpResponseCodec.java:187)
	at org.openqa.selenium.remote.http.W3CHttpResponseCodec.decode(W3CHttpResponseCodec.java:122)
	at org.openqa.selenium.remote.http.W3CHttpResponseCodec.decode(W3CHttpResponseCodec.java:49)
	at org.openqa.selenium.remote.HttpCommandExecutor.execute(HttpCommandExecutor.java:158)
	at org.openqa.selenium.remote.RemoteWebDriver.execute(RemoteWebDriver.java:552)
	at com.kms.katalon.selenium.driver.CRemoteWebDriver.execute(CRemoteWebDriver.java:30)
	at org.openqa.selenium.remote.RemoteWebDriver.findElements(RemoteWebDriver.java:353)
	at org.openqa.selenium.remote.RemoteWebDriver.findElementsByXPath(RemoteWebDriver.java:432)
	at org.openqa.selenium.By$ByXPath.findElements(By.java:348)
	at org.openqa.selenium.remote.RemoteWebDriver.findElements(RemoteWebDriver.java:311)
	at java.base/jdk.internal.reflect.NativeMethodAccessorImpl.invoke0(Native Method)
	at java.base/jdk.internal.reflect.NativeMethodAccessorImpl.invoke(NativeMethodAccessorImpl.java:77)
	at java.base/jdk.internal.reflect.DelegatingMethodAccessorImpl.invoke(DelegatingMethodAccessorImpl.java:43)
	at org.openqa.selenium.support.events.EventFiringWebDriver.lambda$new$1(EventFiringWebDriver.java:105)
	at jdk.proxy2/jdk.proxy2.$Proxy23.findElements(Unknown Source)
	at org.openqa.selenium.support.events.EventFiringWebDriver.findElements(EventFiringWebDriver.java:182)
	at com.kms.katalon.core.webui.common.WebUiCommonHelper.findElementByNormalMethods(WebUiCommonHelper.java:1033)
	at com.kms.katalon.core.webui.common.WebUiCommonHelper.findElementsBySelectedMethod(WebUiCommonHelper.java:924)
	at com.kms.katalon.core.webui.common.WebUiCommonHelper.findElementsBySelectedMethod(WebUiCommonHelper.java:906)
	at com.kms.katalon.core.webui.common.WebUiCommonHelper.findElementsBySelectedMethod(WebUiCommonHelper.java:901)
	at com.kms.katalon.core.webui.common.WebUiCommonHelper.findElementsByDefault(WebUiCommonHelper.java:897)
	at com.kms.katalon.core.webui.common.WebUiCommonHelper.findElementsWithSelfHealing(WebUiCommonHelper.java:743)
	at com.kms.katalon.core.webui.common.WebUiCommonHelper.findWebElements(WebUiCommonHelper.java:727)
	at com.kms.katalon.core.webui.common.WebUiCommonHelper.findWebElement(WebUiCommonHelper.java:1413)
	at com.kms.katalon.core.webui.keyword.internal.WebUIAbstractKeyword.findWebElement(WebUIAbstractKeyword.groovy:27)
	at com.kms.katalon.core.webui.keyword.internal.WebUIAbstractKeyword.findWebElement(WebUIAbstractKeyword.groovy:26)
	at com.kms.katalon.core.webui.keyword.builtin.SetTextKeyword$_setText_closure1.doCall(SetTextKeyword.groovy:57)
	at com.kms.katalon.core.webui.keyword.builtin.SetTextKeyword$_setText_closure1.call(SetTextKeyword.groovy)
	at com.kms.katalon.core.webui.keyword.internal.WebUIKeywordMain.runKeyword(WebUIKeywordMain.groovy:35)
	at com.kms.katalon.core.webui.keyword.builtin.SetTextKeyword.setText(SetTextKeyword.groovy:85)
	at com.kms.katalon.core.webui.keyword.builtin.SetTextKeyword.execute(SetTextKeyword.groovy:39)
	at com.kms.katalon.core.keyword.internal.KeywordExecutor.executeKeywordForPlatform(KeywordExecutor.groovy:74)
	at com.kms.katalon.core.webui.keyword.WebUiBuiltInKeywords.setText(WebUiBuiltInKeywords.groovy:1019)
	at com.test.swaglabs.CustomLogin.WebLoginFourthAccount(CustomLogin.groovy:64)
	at java.base/jdk.internal.reflect.NativeMethodAccessorImpl.invoke0(Native Method)
	at java.base/jdk.internal.reflect.NativeMethodAccessorImpl.invoke(NativeMethodAccessorImpl.java:77)
	at java.base/jdk.internal.reflect.DelegatingMethodAccessorImpl.invoke(DelegatingMethodAccessorImpl.java:43)
	at com.kms.katalon.core.main.CustomKeywordDelegatingMetaClass.invokeStaticMethod(CustomKeywordDelegatingMetaClass.java:55)
	at Login by Fourth Account - performance_glitch_user.run(Login by Fourth Account - performance_glitch_user:24)
	at com.kms.katalon.core.main.ScriptEngine.run(ScriptEngine.java:194)
	at com.kms.katalon.core.main.ScriptEngine.runScriptAsRawText(ScriptEngine.java:119)
	at com.kms.katalon.core.main.TestCaseExecutor.runScript(TestCaseExecutor.java:448)
	at com.kms.katalon.core.main.TestCaseExecutor.doExecute(TestCaseExecutor.java:439)
	at com.kms.katalon.core.main.TestCaseExecutor.processExecutionPhase(TestCaseExecutor.java:418)
	at com.kms.katalon.core.main.TestCaseExecutor.accessMainPhase(TestCaseExecutor.java:410)
	at com.kms.katalon.core.main.TestCaseExecutor.execute(TestCaseExecutor.java:285)
	at com.kms.katalon.core.main.TestCaseExecutor.execute(TestCaseExecutor.java:369)
	at com.kms.katalon.core.common.CommonExecutor.accessTestCaseMainPhase(CommonExecutor.java:65)
	at com.kms.katalon.core.main.TestSuiteExecutor.accessTestSuiteMainPhase(TestSuiteExecutor.java:150)
	at com.kms.katalon.core.main.TestSuiteExecutor.execute(TestSuiteExecutor.java:106)
	at com.kms.katalon.core.main.TestCaseMain.startTestSuite(TestCaseMain.java:180)
	at TempTestSuite1738333839214.run(TempTestSuite1738333839214.groovy:35)
	at java.base/jdk.internal.reflect.NativeMethodAccessorImpl.invoke0(Native Method)
	at java.base/jdk.internal.reflect.NativeMethodAccessorImpl.invoke(NativeMethodAccessorImpl.java:77)
	at java.base/jdk.internal.reflect.DelegatingMethodAccessorImpl.invoke(DelegatingMethodAccessorImpl.java:43)
</property>
  <property name="failed.exception.message">invalid session id: session deleted as the browser has closed the connection
from disconnected: Unable to receive message from renderer
  (Session info: chrome=133.0.6847.2)
Build info: version: &apos;3.141.59&apos;, revision: &apos;unknown&apos;, time: &apos;unknown&apos;
System info: host: &apos;LAPTOP-5GQHVTHK&apos;, ip: &apos;192.168.0.101&apos;, os.name: &apos;Windows 11&apos;, os.arch: &apos;amd64&apos;, os.version: &apos;10.0&apos;, java.version: &apos;17.0.7&apos;
Driver info: com.kms.katalon.selenium.driver.CRemoteWebDriver
Capabilities {acceptInsecureCerts: false, browserName: chrome, browserVersion: 133.0.6847.2, chrome: {chromedriverVersion: 133.0.6847.2 (7e95e23d2d1f8..., userDataDir: C:\Program Files\scoped_dir...}, fedcm:accounts: true, goog:chromeOptions: {debuggerAddress: localhost:9225}, javascriptEnabled: true, katalon:caps: {executionId: 7a21809e-3f03-4414-b60b-dd7..., executionSessionId: 58c9fbe9-ccb7-4d2a-aeee-31d...}, katalon:options: {executionId: 7a21809e-3f03-4414-b60b-dd7..., executionSessionId: 58c9fbe9-ccb7-4d2a-aeee-31d..., metadata: {accountUuid: fda32340-531c-49aa-a0b7-40d..., organizationId: 1906073, usingTunnel: false}, organizationId: 1906073, runFromTestCloud: true, userId: 1648280, username: innocent.beaver.duja@instan..., usingTunnel: false}, kt:requestId: 58c9fbe9-ccb7-4d2a-aeee-31d..., kt:rid: 58c9fbe9-ccb7-4d2a-aeee-31d..., networkConnectionEnabled: false, pageLoadStrategy: normal, platform: WINDOWS, platformName: WINDOWS, proxy: Proxy(), se:bidiEnabled: false, se:cdpEnabled: false, setWindowRect: true, strictFileInteractability: false, timeouts: {implicit: 0, pageLoad: 300000, script: 30000}, unhandledPromptBehavior: dismiss and notify, webauthn:extension:credBlob: true, webauthn:extension:largeBlob: true, webauthn:extension:minPinLength: true, webauthn:extension:prf: true, webauthn:virtualAuthenticators: true}
Session ID: 5bed206e3f8650a7fa625930d9e7de4f
*** Element info: {Using=xpath, value=//input[@id=&apos;password&apos;]}</property>
</record>
<record>
  <date>2025-01-31T14:32:33.613786700Z</date>
  <millis>1738333953613</millis>
  <nanos>786700</nanos>
  <sequence>222</sequence>
  <level>FAILED</level>
  <class>com.kms.katalon.core.logging.XmlKeywordLogger</class>
  <method>logMessage</method>
  <thread>1</thread>
  <message>Unable to set text &amp;apos;secret_sauce&amp;apos; of object &amp;apos;Object Repository/Page_Swag Labs/input_Swag Labs_password&amp;apos;</message>
  <nestedLevel>1</nestedLevel>
  <escapedJava>false</escapedJava>
  <property name="failed.exception.class">org.openqa.selenium.NoSuchSessionException</property>
  <property name="failed.exception.stacktrace">org.openqa.selenium.NoSuchSessionException: invalid session id: session deleted as the browser has closed the connection
from disconnected: Unable to receive message from renderer
  (Session info: chrome=133.0.6847.2)
Build info: version: &apos;3.141.59&apos;, revision: &apos;unknown&apos;, time: &apos;unknown&apos;
System info: host: &apos;LAPTOP-5GQHVTHK&apos;, ip: &apos;192.168.0.101&apos;, os.name: &apos;Windows 11&apos;, os.arch: &apos;amd64&apos;, os.version: &apos;10.0&apos;, java.version: &apos;17.0.7&apos;
Driver info: com.kms.katalon.selenium.driver.CRemoteWebDriver
Capabilities {acceptInsecureCerts: false, browserName: chrome, browserVersion: 133.0.6847.2, chrome: {chromedriverVersion: 133.0.6847.2 (7e95e23d2d1f8..., userDataDir: C:\Program Files\scoped_dir...}, fedcm:accounts: true, goog:chromeOptions: {debuggerAddress: localhost:9225}, javascriptEnabled: true, katalon:caps: {executionId: 7a21809e-3f03-4414-b60b-dd7..., executionSessionId: 58c9fbe9-ccb7-4d2a-aeee-31d...}, katalon:options: {executionId: 7a21809e-3f03-4414-b60b-dd7..., executionSessionId: 58c9fbe9-ccb7-4d2a-aeee-31d..., metadata: {accountUuid: fda32340-531c-49aa-a0b7-40d..., organizationId: 1906073, usingTunnel: false}, organizationId: 1906073, runFromTestCloud: true, userId: 1648280, username: innocent.beaver.duja@instan..., usingTunnel: false}, kt:requestId: 58c9fbe9-ccb7-4d2a-aeee-31d..., kt:rid: 58c9fbe9-ccb7-4d2a-aeee-31d..., networkConnectionEnabled: false, pageLoadStrategy: normal, platform: WINDOWS, platformName: WINDOWS, proxy: Proxy(), se:bidiEnabled: false, se:cdpEnabled: false, setWindowRect: true, strictFileInteractability: false, timeouts: {implicit: 0, pageLoad: 300000, script: 30000}, unhandledPromptBehavior: dismiss and notify, webauthn:extension:credBlob: true, webauthn:extension:largeBlob: true, webauthn:extension:minPinLength: true, webauthn:extension:prf: true, webauthn:virtualAuthenticators: true}
Session ID: 5bed206e3f8650a7fa625930d9e7de4f
*** Element info: {Using=xpath, value=//input[@id=&apos;password&apos;]}
	at java.base/jdk.internal.reflect.NativeConstructorAccessorImpl.newInstance0(Native Method)
	at java.base/jdk.internal.reflect.NativeConstructorAccessorImpl.newInstance(NativeConstructorAccessorImpl.java:77)
	at java.base/jdk.internal.reflect.DelegatingConstructorAccessorImpl.newInstance(DelegatingConstructorAccessorImpl.java:45)
	at org.openqa.selenium.remote.http.W3CHttpResponseCodec.createException(W3CHttpResponseCodec.java:187)
	at org.openqa.selenium.remote.http.W3CHttpResponseCodec.decode(W3CHttpResponseCodec.java:122)
	at org.openqa.selenium.remote.http.W3CHttpResponseCodec.decode(W3CHttpResponseCodec.java:49)
	at org.openqa.selenium.remote.HttpCommandExecutor.execute(HttpCommandExecutor.java:158)
	at org.openqa.selenium.remote.RemoteWebDriver.execute(RemoteWebDriver.java:552)
	at com.kms.katalon.selenium.driver.CRemoteWebDriver.execute(CRemoteWebDriver.java:30)
	at org.openqa.selenium.remote.RemoteWebDriver.findElements(RemoteWebDriver.java:353)
	at org.openqa.selenium.remote.RemoteWebDriver.findElementsByXPath(RemoteWebDriver.java:432)
	at org.openqa.selenium.By$ByXPath.findElements(By.java:348)
	at org.openqa.selenium.remote.RemoteWebDriver.findElements(RemoteWebDriver.java:311)
	at java.base/jdk.internal.reflect.NativeMethodAccessorImpl.invoke0(Native Method)
	at java.base/jdk.internal.reflect.NativeMethodAccessorImpl.invoke(NativeMethodAccessorImpl.java:77)
	at java.base/jdk.internal.reflect.DelegatingMethodAccessorImpl.invoke(DelegatingMethodAccessorImpl.java:43)
	at org.openqa.selenium.support.events.EventFiringWebDriver.lambda$new$1(EventFiringWebDriver.java:105)
	at jdk.proxy2/jdk.proxy2.$Proxy23.findElements(Unknown Source)
	at org.openqa.selenium.support.events.EventFiringWebDriver.findElements(EventFiringWebDriver.java:182)
	at com.kms.katalon.core.webui.common.WebUiCommonHelper.findElementByNormalMethods(WebUiCommonHelper.java:1033)
	at com.kms.katalon.core.webui.common.WebUiCommonHelper.findElementsBySelectedMethod(WebUiCommonHelper.java:924)
	at com.kms.katalon.core.webui.common.WebUiCommonHelper.findElementsBySelectedMethod(WebUiCommonHelper.java:906)
	at com.kms.katalon.core.webui.common.WebUiCommonHelper.findElementsBySelectedMethod(WebUiCommonHelper.java:901)
	at com.kms.katalon.core.webui.common.WebUiCommonHelper.findElementsByDefault(WebUiCommonHelper.java:897)
	at com.kms.katalon.core.webui.common.WebUiCommonHelper.findElementsWithSelfHealing(WebUiCommonHelper.java:743)
	at com.kms.katalon.core.webui.common.WebUiCommonHelper.findWebElements(WebUiCommonHelper.java:727)
	at com.kms.katalon.core.webui.common.WebUiCommonHelper.findWebElement(WebUiCommonHelper.java:1413)
	at com.kms.katalon.core.webui.keyword.internal.WebUIAbstractKeyword.findWebElement(WebUIAbstractKeyword.groovy:27)
	at com.kms.katalon.core.webui.keyword.internal.WebUIAbstractKeyword.findWebElement(WebUIAbstractKeyword.groovy:26)
	at com.kms.katalon.core.webui.keyword.builtin.SetTextKeyword$_setText_closure1.doCall(SetTextKeyword.groovy:57)
	at com.kms.katalon.core.webui.keyword.builtin.SetTextKeyword$_setText_closure1.call(SetTextKeyword.groovy)
	at com.kms.katalon.core.webui.keyword.internal.WebUIKeywordMain.runKeyword(WebUIKeywordMain.groovy:35)
	at com.kms.katalon.core.webui.keyword.builtin.SetTextKeyword.setText(SetTextKeyword.groovy:85)
	at com.kms.katalon.core.webui.keyword.builtin.SetTextKeyword.execute(SetTextKeyword.groovy:39)
	at com.kms.katalon.core.keyword.internal.KeywordExecutor.executeKeywordForPlatform(KeywordExecutor.groovy:74)
	at com.kms.katalon.core.webui.keyword.WebUiBuiltInKeywords.setText(WebUiBuiltInKeywords.groovy:1019)
	at com.test.swaglabs.CustomLogin.WebLoginFourthAccount(CustomLogin.groovy:64)
	at java.base/jdk.internal.reflect.NativeMethodAccessorImpl.invoke0(Native Method)
	at java.base/jdk.internal.reflect.NativeMethodAccessorImpl.invoke(NativeMethodAccessorImpl.java:77)
	at java.base/jdk.internal.reflect.DelegatingMethodAccessorImpl.invoke(DelegatingMethodAccessorImpl.java:43)
	at com.kms.katalon.core.main.CustomKeywordDelegatingMetaClass.invokeStaticMethod(CustomKeywordDelegatingMetaClass.java:55)
	at Login by Fourth Account - performance_glitch_user.run(Login by Fourth Account - performance_glitch_user:24)
	at com.kms.katalon.core.main.ScriptEngine.run(ScriptEngine.java:194)
	at com.kms.katalon.core.main.ScriptEngine.runScriptAsRawText(ScriptEngine.java:119)
	at com.kms.katalon.core.main.TestCaseExecutor.runScript(TestCaseExecutor.java:448)
	at com.kms.katalon.core.main.TestCaseExecutor.doExecute(TestCaseExecutor.java:439)
	at com.kms.katalon.core.main.TestCaseExecutor.processExecutionPhase(TestCaseExecutor.java:418)
	at com.kms.katalon.core.main.TestCaseExecutor.accessMainPhase(TestCaseExecutor.java:410)
	at com.kms.katalon.core.main.TestCaseExecutor.execute(TestCaseExecutor.java:285)
	at com.kms.katalon.core.main.TestCaseExecutor.execute(TestCaseExecutor.java:369)
	at com.kms.katalon.core.common.CommonExecutor.accessTestCaseMainPhase(CommonExecutor.java:65)
	at com.kms.katalon.core.main.TestSuiteExecutor.accessTestSuiteMainPhase(TestSuiteExecutor.java:150)
	at com.kms.katalon.core.main.TestSuiteExecutor.execute(TestSuiteExecutor.java:106)
	at com.kms.katalon.core.main.TestCaseMain.startTestSuite(TestCaseMain.java:180)
	at TempTestSuite1738333839214.run(TempTestSuite1738333839214.groovy:35)
	at java.base/jdk.internal.reflect.NativeMethodAccessorImpl.invoke0(Native Method)
	at java.base/jdk.internal.reflect.NativeMethodAccessorImpl.invoke(NativeMethodAccessorImpl.java:77)
	at java.base/jdk.internal.reflect.DelegatingMethodAccessorImpl.invoke(DelegatingMethodAccessorImpl.java:43)
</property>
  <property name="failed.exception.message">invalid session id: session deleted as the browser has closed the connection
from disconnected: Unable to receive message from renderer
  (Session info: chrome=133.0.6847.2)
Build info: version: &apos;3.141.59&apos;, revision: &apos;unknown&apos;, time: &apos;unknown&apos;
System info: host: &apos;LAPTOP-5GQHVTHK&apos;, ip: &apos;192.168.0.101&apos;, os.name: &apos;Windows 11&apos;, os.arch: &apos;amd64&apos;, os.version: &apos;10.0&apos;, java.version: &apos;17.0.7&apos;
Driver info: com.kms.katalon.selenium.driver.CRemoteWebDriver
Capabilities {acceptInsecureCerts: false, browserName: chrome, browserVersion: 133.0.6847.2, chrome: {chromedriverVersion: 133.0.6847.2 (7e95e23d2d1f8..., userDataDir: C:\Program Files\scoped_dir...}, fedcm:accounts: true, goog:chromeOptions: {debuggerAddress: localhost:9225}, javascriptEnabled: true, katalon:caps: {executionId: 7a21809e-3f03-4414-b60b-dd7..., executionSessionId: 58c9fbe9-ccb7-4d2a-aeee-31d...}, katalon:options: {executionId: 7a21809e-3f03-4414-b60b-dd7..., executionSessionId: 58c9fbe9-ccb7-4d2a-aeee-31d..., metadata: {accountUuid: fda32340-531c-49aa-a0b7-40d..., organizationId: 1906073, usingTunnel: false}, organizationId: 1906073, runFromTestCloud: true, userId: 1648280, username: innocent.beaver.duja@instan..., usingTunnel: false}, kt:requestId: 58c9fbe9-ccb7-4d2a-aeee-31d..., kt:rid: 58c9fbe9-ccb7-4d2a-aeee-31d..., networkConnectionEnabled: false, pageLoadStrategy: normal, platform: WINDOWS, platformName: WINDOWS, proxy: Proxy(), se:bidiEnabled: false, se:cdpEnabled: false, setWindowRect: true, strictFileInteractability: false, timeouts: {implicit: 0, pageLoad: 300000, script: 30000}, unhandledPromptBehavior: dismiss and notify, webauthn:extension:credBlob: true, webauthn:extension:largeBlob: true, webauthn:extension:minPinLength: true, webauthn:extension:prf: true, webauthn:virtualAuthenticators: true}
Session ID: 5bed206e3f8650a7fa625930d9e7de4f
*** Element info: {Using=xpath, value=//input[@id=&apos;password&apos;]}</property>
</record>
<record>
  <date>2025-01-31T14:32:33.615807200Z</date>
  <millis>1738333953615</millis>
  <nanos>807200</nanos>
  <sequence>225</sequence>
  <level>END</level>
  <class>com.kms.katalon.core.logging.XmlKeywordLogger</class>
  <method>endKeyword</method>
  <thread>1</thread>
  <message>End action : com.test.swaglabs.CustomLogin.WebLoginFourthAccount()</message>
  <nestedLevel>1</nestedLevel>
  <escapedJava>false</escapedJava>
</record>
<record>
  <date>2025-01-31T14:32:33.615807200Z</date>
  <millis>1738333953615</millis>
  <nanos>807200</nanos>
  <sequence>228</sequence>
  <level>FAILED</level>
  <class>com.kms.katalon.core.logging.XmlKeywordLogger</class>
  <method>logMessage</method>
  <thread>1</thread>
  <message>Test Cases/Login by Fourth Account - performance_glitch_user FAILED.
Reason:
com.kms.katalon.core.exception.StepFailedException: Unable to set text &amp;apos;secret_sauce&amp;apos; of object &amp;apos;Object Repository/Page_Swag Labs/input_Swag Labs_password&amp;apos;
	at com.kms.katalon.core.webui.keyword.internal.WebUIKeywordMain.stepFailed(WebUIKeywordMain.groovy:117)
	at com.kms.katalon.core.webui.keyword.internal.WebUIKeywordMain.runKeyword(WebUIKeywordMain.groovy:43)
	at com.kms.katalon.core.webui.keyword.builtin.SetTextKeyword.setText(SetTextKeyword.groovy:85)
	at com.kms.katalon.core.webui.keyword.builtin.SetTextKeyword.execute(SetTextKeyword.groovy:39)
	at com.kms.katalon.core.keyword.internal.KeywordExecutor.executeKeywordForPlatform(KeywordExecutor.groovy:74)
	at com.kms.katalon.core.webui.keyword.WebUiBuiltInKeywords.setText(WebUiBuiltInKeywords.groovy:1019)
	at com.test.swaglabs.CustomLogin.WebLoginFourthAccount(CustomLogin.groovy:64)
	at java.base/jdk.internal.reflect.NativeMethodAccessorImpl.invoke0(Native Method)
	at java.base/jdk.internal.reflect.NativeMethodAccessorImpl.invoke(NativeMethodAccessorImpl.java:77)
	at java.base/jdk.internal.reflect.DelegatingMethodAccessorImpl.invoke(DelegatingMethodAccessorImpl.java:43)
	at com.kms.katalon.core.main.CustomKeywordDelegatingMetaClass.invokeStaticMethod(CustomKeywordDelegatingMetaClass.java:55)
	at Login by Fourth Account - performance_glitch_user.run(Login by Fourth Account - performance_glitch_user:24)
	at com.kms.katalon.core.main.ScriptEngine.run(ScriptEngine.java:194)
	at com.kms.katalon.core.main.ScriptEngine.runScriptAsRawText(ScriptEngine.java:119)
	at com.kms.katalon.core.main.TestCaseExecutor.runScript(TestCaseExecutor.java:448)
	at com.kms.katalon.core.main.TestCaseExecutor.doExecute(TestCaseExecutor.java:439)
	at com.kms.katalon.core.main.TestCaseExecutor.processExecutionPhase(TestCaseExecutor.java:418)
	at com.kms.katalon.core.main.TestCaseExecutor.accessMainPhase(TestCaseExecutor.java:410)
	at com.kms.katalon.core.main.TestCaseExecutor.execute(TestCaseExecutor.java:285)
	at com.kms.katalon.core.main.TestCaseExecutor.execute(TestCaseExecutor.java:369)
	at com.kms.katalon.core.common.CommonExecutor.accessTestCaseMainPhase(CommonExecutor.java:65)
	at com.kms.katalon.core.main.TestSuiteExecutor.accessTestSuiteMainPhase(TestSuiteExecutor.java:150)
	at com.kms.katalon.core.main.TestSuiteExecutor.execute(TestSuiteExecutor.java:106)
	at com.kms.katalon.core.main.TestCaseMain.startTestSuite(TestCaseMain.java:180)
	at TempTestSuite1738333839214.run(TempTestSuite1738333839214.groovy:35)
	at java.base/jdk.internal.reflect.NativeMethodAccessorImpl.invoke0(Native Method)
	at java.base/jdk.internal.reflect.NativeMethodAccessorImpl.invoke(NativeMethodAccessorImpl.java:77)
	at java.base/jdk.internal.reflect.DelegatingMethodAccessorImpl.invoke(DelegatingMethodAccessorImpl.java:43)
Caused by: org.openqa.selenium.NoSuchSessionException: invalid session id: session deleted as the browser has closed the connection
from disconnected: Unable to receive message from renderer
  (Session info: chrome=133.0.6847.2)
Build info: version: &amp;apos;3.141.59&amp;apos;, revision: &amp;apos;unknown&amp;apos;, time: &amp;apos;unknown&amp;apos;
System info: host: &amp;apos;LAPTOP-5GQHVTHK&amp;apos;, ip: &amp;apos;192.168.0.101&amp;apos;, os.name: &amp;apos;Windows 11&amp;apos;, os.arch: &amp;apos;amd64&amp;apos;, os.version: &amp;apos;10.0&amp;apos;, java.version: &amp;apos;17.0.7&amp;apos;
Driver info: com.kms.katalon.selenium.driver.CRemoteWebDriver
Capabilities {acceptInsecureCerts: false, browserName: chrome, browserVersion: 133.0.6847.2, chrome: {chromedriverVersion: 133.0.6847.2 (7e95e23d2d1f8..., userDataDir: C:\Program Files\scoped_dir...}, fedcm:accounts: true, goog:chromeOptions: {debuggerAddress: localhost:9225}, javascriptEnabled: true, katalon:caps: {executionId: 7a21809e-3f03-4414-b60b-dd7..., executionSessionId: 58c9fbe9-ccb7-4d2a-aeee-31d...}, katalon:options: {executionId: 7a21809e-3f03-4414-b60b-dd7..., executionSessionId: 58c9fbe9-ccb7-4d2a-aeee-31d..., metadata: {accountUuid: fda32340-531c-49aa-a0b7-40d..., organizationId: 1906073, usingTunnel: false}, organizationId: 1906073, runFromTestCloud: true, userId: 1648280, username: innocent.beaver.duja@instan..., usingTunnel: false}, kt:requestId: 58c9fbe9-ccb7-4d2a-aeee-31d..., kt:rid: 58c9fbe9-ccb7-4d2a-aeee-31d..., networkConnectionEnabled: false, pageLoadStrategy: normal, platform: WINDOWS, platformName: WINDOWS, proxy: Proxy(), se:bidiEnabled: false, se:cdpEnabled: false, setWindowRect: true, strictFileInteractability: false, timeouts: {implicit: 0, pageLoad: 300000, script: 30000}, unhandledPromptBehavior: dismiss and notify, webauthn:extension:credBlob: true, webauthn:extension:largeBlob: true, webauthn:extension:minPinLength: true, webauthn:extension:prf: true, webauthn:virtualAuthenticators: true}
Session ID: 5bed206e3f8650a7fa625930d9e7de4f
*** Element info: {Using=xpath, value=//input[@id=&amp;apos;password&amp;apos;]}
	at java.base/jdk.internal.reflect.NativeConstructorAccessorImpl.newInstance0(Native Method)
	at java.base/jdk.internal.reflect.NativeConstructorAccessorImpl.newInstance(NativeConstructorAccessorImpl.java:77)
	at java.base/jdk.internal.reflect.DelegatingConstructorAccessorImpl.newInstance(DelegatingConstructorAccessorImpl.java:45)
	at org.openqa.selenium.remote.http.W3CHttpResponseCodec.createException(W3CHttpResponseCodec.java:187)
	at org.openqa.selenium.remote.http.W3CHttpResponseCodec.decode(W3CHttpResponseCodec.java:122)
	at org.openqa.selenium.remote.http.W3CHttpResponseCodec.decode(W3CHttpResponseCodec.java:49)
	at org.openqa.selenium.remote.HttpCommandExecutor.execute(HttpCommandExecutor.java:158)
	at org.openqa.selenium.remote.RemoteWebDriver.execute(RemoteWebDriver.java:552)
	at com.kms.katalon.selenium.driver.CRemoteWebDriver.execute(CRemoteWebDriver.java:30)
	at org.openqa.selenium.remote.RemoteWebDriver.findElements(RemoteWebDriver.java:353)
	at org.openqa.selenium.remote.RemoteWebDriver.findElementsByXPath(RemoteWebDriver.java:432)
	at org.openqa.selenium.By$ByXPath.findElements(By.java:348)
	at org.openqa.selenium.remote.RemoteWebDriver.findElements(RemoteWebDriver.java:311)
	at java.base/jdk.internal.reflect.NativeMethodAccessorImpl.invoke0(Native Method)
	at java.base/jdk.internal.reflect.NativeMethodAccessorImpl.invoke(NativeMethodAccessorImpl.java:77)
	at java.base/jdk.internal.reflect.DelegatingMethodAccessorImpl.invoke(DelegatingMethodAccessorImpl.java:43)
	at org.openqa.selenium.support.events.EventFiringWebDriver.lambda$new$1(EventFiringWebDriver.java:105)
	at jdk.proxy2/jdk.proxy2.$Proxy23.findElements(Unknown Source)
	at org.openqa.selenium.support.events.EventFiringWebDriver.findElements(EventFiringWebDriver.java:182)
	at com.kms.katalon.core.webui.common.WebUiCommonHelper.findElementByNormalMethods(WebUiCommonHelper.java:1033)
	at com.kms.katalon.core.webui.common.WebUiCommonHelper.findElementsBySelectedMethod(WebUiCommonHelper.java:924)
	at com.kms.katalon.core.webui.common.WebUiCommonHelper.findElementsBySelectedMethod(WebUiCommonHelper.java:906)
	at com.kms.katalon.core.webui.common.WebUiCommonHelper.findElementsBySelectedMethod(WebUiCommonHelper.java:901)
	at com.kms.katalon.core.webui.common.WebUiCommonHelper.findElementsByDefault(WebUiCommonHelper.java:897)
	at com.kms.katalon.core.webui.common.WebUiCommonHelper.findElementsWithSelfHealing(WebUiCommonHelper.java:743)
	at com.kms.katalon.core.webui.common.WebUiCommonHelper.findWebElements(WebUiCommonHelper.java:727)
	at com.kms.katalon.core.webui.common.WebUiCommonHelper.findWebElement(WebUiCommonHelper.java:1413)
	at com.kms.katalon.core.webui.keyword.internal.WebUIAbstractKeyword.findWebElement(WebUIAbstractKeyword.groovy:27)
	at com.kms.katalon.core.webui.keyword.internal.WebUIAbstractKeyword.findWebElement(WebUIAbstractKeyword.groovy:26)
	at com.kms.katalon.core.webui.keyword.builtin.SetTextKeyword$_setText_closure1.doCall(SetTextKeyword.groovy:57)
	at com.kms.katalon.core.webui.keyword.builtin.SetTextKeyword$_setText_closure1.call(SetTextKeyword.groovy)
	at com.kms.katalon.core.webui.keyword.internal.WebUIKeywordMain.runKeyword(WebUIKeywordMain.groovy:35)
	... 26 more
</message>
  <exception>
    <message>com.kms.katalon.core.exception.StepFailedException: Unable to set text 'secret_sauce' of object 'Object Repository/Page_Swag Labs/input_Swag Labs_password'</message>
    <frame>
      <class>com.kms.katalon.core.webui.keyword.internal.WebUIKeywordMain</class>
      <method>stepFailed</method>
      <line>117</line>
    </frame>
    <frame>
      <class>com.kms.katalon.core.webui.keyword.internal.WebUIKeywordMain</class>
      <method>runKeyword</method>
      <line>43</line>
    </frame>
    <frame>
      <class>com.kms.katalon.core.webui.keyword.builtin.SetTextKeyword</class>
      <method>setText</method>
      <line>85</line>
    </frame>
    <frame>
      <class>com.kms.katalon.core.webui.keyword.builtin.SetTextKeyword</class>
      <method>execute</method>
      <line>39</line>
    </frame>
    <frame>
      <class>com.kms.katalon.core.keyword.internal.KeywordExecutor</class>
      <method>executeKeywordForPlatform</method>
      <line>74</line>
    </frame>
    <frame>
      <class>com.kms.katalon.core.webui.keyword.WebUiBuiltInKeywords</class>
      <method>setText</method>
      <line>1019</line>
    </frame>
    <frame>
      <class>com.test.swaglabs.CustomLogin</class>
      <method>WebLoginFourthAccount</method>
      <line>64</line>
    </frame>
    <frame>
      <class>jdk.internal.reflect.NativeMethodAccessorImpl</class>
      <method>invoke0</method>
    </frame>
    <frame>
      <class>jdk.internal.reflect.NativeMethodAccessorImpl</class>
      <method>invoke</method>
      <line>77</line>
    </frame>
    <frame>
      <class>jdk.internal.reflect.DelegatingMethodAccessorImpl</class>
      <method>invoke</method>
      <line>43</line>
    </frame>
    <frame>
      <class>com.kms.katalon.core.main.CustomKeywordDelegatingMetaClass</class>
      <method>invokeStaticMethod</method>
      <line>55</line>
    </frame>
    <frame>
      <class>Login by Fourth Account - performance_glitch_user</class>
      <method>run</method>
      <line>24</line>
    </frame>
    <frame>
      <class>com.kms.katalon.core.main.ScriptEngine</class>
      <method>run</method>
      <line>194</line>
    </frame>
    <frame>
      <class>com.kms.katalon.core.main.ScriptEngine</class>
      <method>runScriptAsRawText</method>
      <line>119</line>
    </frame>
    <frame>
      <class>com.kms.katalon.core.main.TestCaseExecutor</class>
      <method>runScript</method>
      <line>448</line>
    </frame>
    <frame>
      <class>com.kms.katalon.core.main.TestCaseExecutor</class>
      <method>doExecute</method>
      <line>439</line>
    </frame>
    <frame>
      <class>com.kms.katalon.core.main.TestCaseExecutor</class>
      <method>processExecutionPhase</method>
      <line>418</line>
    </frame>
    <frame>
      <class>com.kms.katalon.core.main.TestCaseExecutor</class>
      <method>accessMainPhase</method>
      <line>410</line>
    </frame>
    <frame>
      <class>com.kms.katalon.core.main.TestCaseExecutor</class>
      <method>execute</method>
      <line>285</line>
    </frame>
    <frame>
      <class>com.kms.katalon.core.main.TestCaseExecutor</class>
      <method>execute</method>
      <line>369</line>
    </frame>
    <frame>
      <class>com.kms.katalon.core.common.CommonExecutor</class>
      <method>accessTestCaseMainPhase</method>
      <line>65</line>
    </frame>
    <frame>
      <class>com.kms.katalon.core.main.TestSuiteExecutor</class>
      <method>accessTestSuiteMainPhase</method>
      <line>150</line>
    </frame>
    <frame>
      <class>com.kms.katalon.core.main.TestSuiteExecutor</class>
      <method>execute</method>
      <line>106</line>
    </frame>
    <frame>
      <class>com.kms.katalon.core.main.TestCaseMain</class>
      <method>startTestSuite</method>
      <line>180</line>
    </frame>
    <frame>
      <class>TempTestSuite1738333839214</class>
      <method>run</method>
      <line>35</line>
    </frame>
    <frame>
      <class>jdk.internal.reflect.NativeMethodAccessorImpl</class>
      <method>invoke0</method>
    </frame>
    <frame>
      <class>jdk.internal.reflect.NativeMethodAccessorImpl</class>
      <method>invoke</method>
      <line>77</line>
    </frame>
    <frame>
      <class>jdk.internal.reflect.DelegatingMethodAccessorImpl</class>
      <method>invoke</method>
      <line>43</line>
    </frame>
  </exception>
  <nestedLevel>0</nestedLevel>
  <escapedJava>false</escapedJava>
  <property name="failed.exception.stacktrace">org.openqa.selenium.NoSuchSessionException: invalid session id: session deleted as the browser has closed the connection
from disconnected: Unable to receive message from renderer
  (Session info: chrome=133.0.6847.2)
Build info: version: &apos;3.141.59&apos;, revision: &apos;unknown&apos;, time: &apos;unknown&apos;
System info: host: &apos;LAPTOP-5GQHVTHK&apos;, ip: &apos;192.168.0.101&apos;, os.name: &apos;Windows 11&apos;, os.arch: &apos;amd64&apos;, os.version: &apos;10.0&apos;, java.version: &apos;17.0.7&apos;
Driver info: com.kms.katalon.selenium.driver.CRemoteWebDriver
Capabilities {acceptInsecureCerts: false, browserName: chrome, browserVersion: 133.0.6847.2, chrome: {chromedriverVersion: 133.0.6847.2 (7e95e23d2d1f8..., userDataDir: C:\Program Files\scoped_dir...}, fedcm:accounts: true, goog:chromeOptions: {debuggerAddress: localhost:9225}, javascriptEnabled: true, katalon:caps: {executionId: 7a21809e-3f03-4414-b60b-dd7..., executionSessionId: 58c9fbe9-ccb7-4d2a-aeee-31d...}, katalon:options: {executionId: 7a21809e-3f03-4414-b60b-dd7..., executionSessionId: 58c9fbe9-ccb7-4d2a-aeee-31d..., metadata: {accountUuid: fda32340-531c-49aa-a0b7-40d..., organizationId: 1906073, usingTunnel: false}, organizationId: 1906073, runFromTestCloud: true, userId: 1648280, username: innocent.beaver.duja@instan..., usingTunnel: false}, kt:requestId: 58c9fbe9-ccb7-4d2a-aeee-31d..., kt:rid: 58c9fbe9-ccb7-4d2a-aeee-31d..., networkConnectionEnabled: false, pageLoadStrategy: normal, platform: WINDOWS, platformName: WINDOWS, proxy: Proxy(), se:bidiEnabled: false, se:cdpEnabled: false, setWindowRect: true, strictFileInteractability: false, timeouts: {implicit: 0, pageLoad: 300000, script: 30000}, unhandledPromptBehavior: dismiss and notify, webauthn:extension:credBlob: true, webauthn:extension:largeBlob: true, webauthn:extension:minPinLength: true, webauthn:extension:prf: true, webauthn:virtualAuthenticators: true}
Session ID: 5bed206e3f8650a7fa625930d9e7de4f
*** Element info: {Using=xpath, value=//input[@id=&apos;password&apos;]}
	at java.base/jdk.internal.reflect.NativeConstructorAccessorImpl.newInstance0(Native Method)
	at java.base/jdk.internal.reflect.NativeConstructorAccessorImpl.newInstance(NativeConstructorAccessorImpl.java:77)
	at java.base/jdk.internal.reflect.DelegatingConstructorAccessorImpl.newInstance(DelegatingConstructorAccessorImpl.java:45)
	at org.openqa.selenium.remote.http.W3CHttpResponseCodec.createException(W3CHttpResponseCodec.java:187)
	at org.openqa.selenium.remote.http.W3CHttpResponseCodec.decode(W3CHttpResponseCodec.java:122)
	at org.openqa.selenium.remote.http.W3CHttpResponseCodec.decode(W3CHttpResponseCodec.java:49)
	at org.openqa.selenium.remote.HttpCommandExecutor.execute(HttpCommandExecutor.java:158)
	at org.openqa.selenium.remote.RemoteWebDriver.execute(RemoteWebDriver.java:552)
	at com.kms.katalon.selenium.driver.CRemoteWebDriver.execute(CRemoteWebDriver.java:30)
	at org.openqa.selenium.remote.RemoteWebDriver.findElements(RemoteWebDriver.java:353)
	at org.openqa.selenium.remote.RemoteWebDriver.findElementsByXPath(RemoteWebDriver.java:432)
	at org.openqa.selenium.By$ByXPath.findElements(By.java:348)
	at org.openqa.selenium.remote.RemoteWebDriver.findElements(RemoteWebDriver.java:311)
	at java.base/jdk.internal.reflect.NativeMethodAccessorImpl.invoke0(Native Method)
	at java.base/jdk.internal.reflect.NativeMethodAccessorImpl.invoke(NativeMethodAccessorImpl.java:77)
	at java.base/jdk.internal.reflect.DelegatingMethodAccessorImpl.invoke(DelegatingMethodAccessorImpl.java:43)
	at org.openqa.selenium.support.events.EventFiringWebDriver.lambda$new$1(EventFiringWebDriver.java:105)
	at jdk.proxy2/jdk.proxy2.$Proxy23.findElements(Unknown Source)
	at org.openqa.selenium.support.events.EventFiringWebDriver.findElements(EventFiringWebDriver.java:182)
	at com.kms.katalon.core.webui.common.WebUiCommonHelper.findElementByNormalMethods(WebUiCommonHelper.java:1033)
	at com.kms.katalon.core.webui.common.WebUiCommonHelper.findElementsBySelectedMethod(WebUiCommonHelper.java:924)
	at com.kms.katalon.core.webui.common.WebUiCommonHelper.findElementsBySelectedMethod(WebUiCommonHelper.java:906)
	at com.kms.katalon.core.webui.common.WebUiCommonHelper.findElementsBySelectedMethod(WebUiCommonHelper.java:901)
	at com.kms.katalon.core.webui.common.WebUiCommonHelper.findElementsByDefault(WebUiCommonHelper.java:897)
	at com.kms.katalon.core.webui.common.WebUiCommonHelper.findElementsWithSelfHealing(WebUiCommonHelper.java:743)
	at com.kms.katalon.core.webui.common.WebUiCommonHelper.findWebElements(WebUiCommonHelper.java:727)
	at com.kms.katalon.core.webui.common.WebUiCommonHelper.findWebElement(WebUiCommonHelper.java:1413)
	at com.kms.katalon.core.webui.keyword.internal.WebUIAbstractKeyword.findWebElement(WebUIAbstractKeyword.groovy:27)
	at com.kms.katalon.core.webui.keyword.internal.WebUIAbstractKeyword.findWebElement(WebUIAbstractKeyword.groovy:26)
	at com.kms.katalon.core.webui.keyword.builtin.SetTextKeyword$_setText_closure1.doCall(SetTextKeyword.groovy:57)
	at com.kms.katalon.core.webui.keyword.builtin.SetTextKeyword$_setText_closure1.call(SetTextKeyword.groovy)
	at com.kms.katalon.core.webui.keyword.internal.WebUIKeywordMain.runKeyword(WebUIKeywordMain.groovy:35)
	at com.kms.katalon.core.webui.keyword.builtin.SetTextKeyword.setText(SetTextKeyword.groovy:85)
	at com.kms.katalon.core.webui.keyword.builtin.SetTextKeyword.execute(SetTextKeyword.groovy:39)
	at com.kms.katalon.core.keyword.internal.KeywordExecutor.executeKeywordForPlatform(KeywordExecutor.groovy:74)
	at com.kms.katalon.core.webui.keyword.WebUiBuiltInKeywords.setText(WebUiBuiltInKeywords.groovy:1019)
	at com.test.swaglabs.CustomLogin.WebLoginFourthAccount(CustomLogin.groovy:64)
	at java.base/jdk.internal.reflect.NativeMethodAccessorImpl.invoke0(Native Method)
	at java.base/jdk.internal.reflect.NativeMethodAccessorImpl.invoke(NativeMethodAccessorImpl.java:77)
	at java.base/jdk.internal.reflect.DelegatingMethodAccessorImpl.invoke(DelegatingMethodAccessorImpl.java:43)
	at com.kms.katalon.core.main.CustomKeywordDelegatingMetaClass.invokeStaticMethod(CustomKeywordDelegatingMetaClass.java:55)
	at Login by Fourth Account - performance_glitch_user.run(Login by Fourth Account - performance_glitch_user:24)
	at com.kms.katalon.core.main.ScriptEngine.run(ScriptEngine.java:194)
	at com.kms.katalon.core.main.ScriptEngine.runScriptAsRawText(ScriptEngine.java:119)
	at com.kms.katalon.core.main.TestCaseExecutor.runScript(TestCaseExecutor.java:448)
	at com.kms.katalon.core.main.TestCaseExecutor.doExecute(TestCaseExecutor.java:439)
	at com.kms.katalon.core.main.TestCaseExecutor.processExecutionPhase(TestCaseExecutor.java:418)
	at com.kms.katalon.core.main.TestCaseExecutor.accessMainPhase(TestCaseExecutor.java:410)
	at com.kms.katalon.core.main.TestCaseExecutor.execute(TestCaseExecutor.java:285)
	at com.kms.katalon.core.main.TestCaseExecutor.execute(TestCaseExecutor.java:369)
	at com.kms.katalon.core.common.CommonExecutor.accessTestCaseMainPhase(CommonExecutor.java:65)
	at com.kms.katalon.core.main.TestSuiteExecutor.accessTestSuiteMainPhase(TestSuiteExecutor.java:150)
	at com.kms.katalon.core.main.TestSuiteExecutor.execute(TestSuiteExecutor.java:106)
	at com.kms.katalon.core.main.TestCaseMain.startTestSuite(TestCaseMain.java:180)
	at TempTestSuite1738333839214.run(TempTestSuite1738333839214.groovy:35)
	at java.base/jdk.internal.reflect.NativeMethodAccessorImpl.invoke0(Native Method)
	at java.base/jdk.internal.reflect.NativeMethodAccessorImpl.invoke(NativeMethodAccessorImpl.java:77)
	at java.base/jdk.internal.reflect.DelegatingMethodAccessorImpl.invoke(DelegatingMethodAccessorImpl.java:43)
</property>
  <property name="failed.exception.class">org.openqa.selenium.NoSuchSessionException</property>
  <property name="failed.exception.message">invalid session id: session deleted as the browser has closed the connection
from disconnected: Unable to receive message from renderer
  (Session info: chrome=133.0.6847.2)
Build info: version: &apos;3.141.59&apos;, revision: &apos;unknown&apos;, time: &apos;unknown&apos;
System info: host: &apos;LAPTOP-5GQHVTHK&apos;, ip: &apos;192.168.0.101&apos;, os.name: &apos;Windows 11&apos;, os.arch: &apos;amd64&apos;, os.version: &apos;10.0&apos;, java.version: &apos;17.0.7&apos;
Driver info: com.kms.katalon.selenium.driver.CRemoteWebDriver
Capabilities {acceptInsecureCerts: false, browserName: chrome, browserVersion: 133.0.6847.2, chrome: {chromedriverVersion: 133.0.6847.2 (7e95e23d2d1f8..., userDataDir: C:\Program Files\scoped_dir...}, fedcm:accounts: true, goog:chromeOptions: {debuggerAddress: localhost:9225}, javascriptEnabled: true, katalon:caps: {executionId: 7a21809e-3f03-4414-b60b-dd7..., executionSessionId: 58c9fbe9-ccb7-4d2a-aeee-31d...}, katalon:options: {executionId: 7a21809e-3f03-4414-b60b-dd7..., executionSessionId: 58c9fbe9-ccb7-4d2a-aeee-31d..., metadata: {accountUuid: fda32340-531c-49aa-a0b7-40d..., organizationId: 1906073, usingTunnel: false}, organizationId: 1906073, runFromTestCloud: true, userId: 1648280, username: innocent.beaver.duja@instan..., usingTunnel: false}, kt:requestId: 58c9fbe9-ccb7-4d2a-aeee-31d..., kt:rid: 58c9fbe9-ccb7-4d2a-aeee-31d..., networkConnectionEnabled: false, pageLoadStrategy: normal, platform: WINDOWS, platformName: WINDOWS, proxy: Proxy(), se:bidiEnabled: false, se:cdpEnabled: false, setWindowRect: true, strictFileInteractability: false, timeouts: {implicit: 0, pageLoad: 300000, script: 30000}, unhandledPromptBehavior: dismiss and notify, webauthn:extension:credBlob: true, webauthn:extension:largeBlob: true, webauthn:extension:minPinLength: true, webauthn:extension:prf: true, webauthn:virtualAuthenticators: true}
Session ID: 5bed206e3f8650a7fa625930d9e7de4f
*** Element info: {Using=xpath, value=//input[@id=&apos;password&apos;]}</property>
</record>
<record>
  <date>2025-01-31T14:32:33.629501200Z</date>
  <millis>1738333953629</millis>
  <nanos>501200</nanos>
  <sequence>230</sequence>
  <level>END</level>
  <class>com.kms.katalon.core.logging.XmlKeywordLogger</class>
  <method>endTest</method>
  <thread>1</thread>
  <message>End Test Case : Test Cases/Login by Fourth Account - performance_glitch_user</message>
  <nestedLevel>0</nestedLevel>
  <escapedJava>false</escapedJava>
  <property name="executionBindingVariables">[]</property>
  <property name="applitools">false</property>
  <property name="remainingRetryCount">2</property>
  <property name="currentRetryCount">1</property>
  <property name="keywordsUsage">{
  &quot;web_ui&quot;: true,
  &quot;web_service&quot;: false,
  &quot;cucumber&quot;: false,
  &quot;builtin&quot;: false,
  &quot;mobile&quot;: false,
  &quot;windows&quot;: false,
  &quot;testng&quot;: false
}</property>
</record>
<record>
  <date>2025-01-31T14:32:33.632538700Z</date>
  <millis>1738333953632</millis>
  <nanos>538700</nanos>
  <sequence>231</sequence>
  <level>START</level>
  <class>com.kms.katalon.core.logging.XmlKeywordLogger</class>
  <method>startTest</method>
  <thread>1</thread>
  <message>Start Test Case : Test Cases/Login by Fourth Account - performance_glitch_user</message>
  <nestedLevel>1</nestedLevel>
  <escapedJava>false</escapedJava>
  <property name="remainingRetryCount">1</property>
  <property name="name">Test Cases/Login by Fourth Account - performance_glitch_user</property>
  <property name="description"></property>
  <property name="iteration"></property>
  <property name="id">Test Cases/Login by Fourth Account - performance_glitch_user</property>
  <property name="source">C:\Users\ACER\git\KatalonGitSwagLabsNew\Test Cases\Login by Fourth Account - performance_glitch_user.tc</property>
  <property name="tag"></property>
  <property name="isOptional">false</property>
  <property name="currentRetryCount">2</property>
</record>
<record>
  <date>2025-01-31T14:32:33.665091100Z</date>
  <millis>1738333953665</millis>
  <nanos>91100</nanos>
  <sequence>233</sequence>
  <level>START</level>
  <class>com.kms.katalon.core.logging.XmlKeywordLogger</class>
  <method>startKeyword</method>
  <thread>1</thread>
  <message>Start action : openBrowser(&amp;quot;&amp;quot;)</message>
  <nestedLevel>1</nestedLevel>
  <escapedJava>false</escapedJava>
  <property name="startLine">20</property>
  <property name="stepIndex">1</property>
</record>
<record>
  <date>2025-01-31T14:32:33.679426200Z</date>
  <millis>1738333953679</millis>
  <nanos>426200</nanos>
  <sequence>235</sequence>
  <level>WARNING</level>
  <class>com.kms.katalon.core.logging.XmlKeywordLogger</class>
  <method>logMessage</method>
  <thread>1</thread>
  <message>A browser is already opened. Closing browser and opening a new one</message>
  <nestedLevel>1</nestedLevel>
  <escapedJava>false</escapedJava>
</record>
<record>
  <date>2025-01-31T14:32:34.472589600Z</date>
  <millis>1738333954472</millis>
  <nanos>589600</nanos>
  <sequence>236</sequence>
  <level>INFO</level>
  <class>com.kms.katalon.core.logging.XmlKeywordLogger</class>
  <method>logMessage</method>
  <thread>1</thread>
  <message>User set preference: [&amp;apos;os&amp;apos;, &amp;apos;windows&amp;apos;]</message>
  <nestedLevel>1</nestedLevel>
  <escapedJava>false</escapedJava>
</record>
<record>
  <date>2025-01-31T14:32:34.472589600Z</date>
  <millis>1738333954472</millis>
  <nanos>589600</nanos>
  <sequence>237</sequence>
  <level>INFO</level>
  <class>com.kms.katalon.core.logging.XmlKeywordLogger</class>
  <method>logMessage</method>
  <thread>1</thread>
  <message>User set preference: [&amp;apos;browserVersion&amp;apos;, &amp;apos;133&amp;apos;]</message>
  <nestedLevel>1</nestedLevel>
  <escapedJava>false</escapedJava>
</record>
<record>
  <date>2025-01-31T14:32:34.477818500Z</date>
  <millis>1738333954477</millis>
  <nanos>818500</nanos>
  <sequence>238</sequence>
  <level>INFO</level>
  <class>com.kms.katalon.core.logging.XmlKeywordLogger</class>
  <method>logMessage</method>
  <thread>1</thread>
  <message>User set preference: [&amp;apos;browserName&amp;apos;, &amp;apos;chrome&amp;apos;]</message>
  <nestedLevel>1</nestedLevel>
  <escapedJava>false</escapedJava>
</record>
<record>
  <date>2025-01-31T14:32:34.479457900Z</date>
  <millis>1738333954479</millis>
  <nanos>457900</nanos>
  <sequence>239</sequence>
  <level>INFO</level>
  <class>com.kms.katalon.core.logging.XmlKeywordLogger</class>
  <method>logMessage</method>
  <thread>1</thread>
  <message>User set preference: [&amp;apos;katalon:option&amp;apos;, &amp;apos;{organizationId=1906073, usingTunnel=false}&amp;apos;]</message>
  <nestedLevel>1</nestedLevel>
  <escapedJava>false</escapedJava>
</record>
<record>
  <date>2025-01-31T14:32:34.485979200Z</date>
  <millis>1738333954485</millis>
  <nanos>979200</nanos>
  <sequence>240</sequence>
  <level>INFO</level>
  <class>com.kms.katalon.core.logging.XmlKeywordLogger</class>
  <method>logMessage</method>
  <thread>1</thread>
  <message>Connecting to remote web server &amp;apos;testcloud.katalon.com/hub&amp;apos; with type &amp;apos;Selenium&amp;apos;</message>
  <nestedLevel>1</nestedLevel>
  <escapedJava>false</escapedJava>
</record>
<record>
  <date>2025-01-31T14:32:34.485979200Z</date>
  <millis>1738333954485</millis>
  <nanos>979200</nanos>
  <sequence>241</sequence>
  <level>INFO</level>
  <class>com.kms.katalon.core.logging.XmlKeywordLogger</class>
  <method>logMessage</method>
  <thread>1</thread>
  <message>Action delay is set to 0 milliseconds</message>
  <nestedLevel>1</nestedLevel>
  <escapedJava>false</escapedJava>
</record>
<record>
  <date>2025-01-31T14:33:00.129292700Z</date>
  <millis>1738333980129</millis>
  <nanos>292700</nanos>
  <sequence>243</sequence>
  <level>RUN_DATA</level>
  <class>com.kms.katalon.core.logging.XmlKeywordLogger</class>
  <method>logMessage</method>
  <thread>1</thread>
  <message>remoteDriverUrl = testcloud.katalon.com/hub</message>
  <nestedLevel>1</nestedLevel>
  <escapedJava>false</escapedJava>
  <property name="remoteDriverUrl">testcloud.katalon.com/hub</property>
</record>
<record>
  <date>2025-01-31T14:33:00.130276900Z</date>
  <millis>1738333980130</millis>
  <nanos>276900</nanos>
  <sequence>244</sequence>
  <level>RUN_DATA</level>
  <class>com.kms.katalon.core.logging.XmlKeywordLogger</class>
  <method>logMessage</method>
  <thread>1</thread>
  <message>remoteOS = Windows</message>
  <nestedLevel>1</nestedLevel>
  <escapedJava>false</escapedJava>
  <property name="remoteOS">Windows</property>
</record>
<record>
  <date>2025-01-31T14:33:00.133277400Z</date>
  <millis>1738333980133</millis>
  <nanos>277400</nanos>
  <sequence>245</sequence>
  <level>RUN_DATA</level>
  <class>com.kms.katalon.core.logging.XmlKeywordLogger</class>
  <method>logMessage</method>
  <thread>1</thread>
  <message>desiredCapabilities = {
  &amp;quot;timeouts&amp;quot;: {
    &amp;quot;implicit&amp;quot;: 0,
    &amp;quot;pageLoad&amp;quot;: 300000,
    &amp;quot;script&amp;quot;: 30000
  },
  &amp;quot;se:cdpEnabled&amp;quot;: false,
  &amp;quot;platform&amp;quot;: &amp;quot;WINDOWS&amp;quot;,
  &amp;quot;goog:chromeOptions&amp;quot;: {
    &amp;quot;debuggerAddress&amp;quot;: &amp;quot;localhost:9225&amp;quot;
  },
  &amp;quot;webauthn:extension:credBlob&amp;quot;: true,
  &amp;quot;acceptInsecureCerts&amp;quot;: false,
  &amp;quot;browserVersion&amp;quot;: &amp;quot;133.0.0.0&amp;quot;,
  &amp;quot;fedcm:accounts&amp;quot;: true,
  &amp;quot;kt:requestId&amp;quot;: &amp;quot;40c5008b-5c9f-4124-a896-8f45b8156865&amp;quot;,
  &amp;quot;browserName&amp;quot;: &amp;quot;chrome&amp;quot;,
  &amp;quot;javascriptEnabled&amp;quot;: true,
  &amp;quot;platformName&amp;quot;: &amp;quot;WINDOWS&amp;quot;,
  &amp;quot;setWindowRect&amp;quot;: true,
  &amp;quot;webauthn:extension:largeBlob&amp;quot;: true,
  &amp;quot;networkConnectionEnabled&amp;quot;: false,
  &amp;quot;chrome&amp;quot;: {
    &amp;quot;chromedriverVersion&amp;quot;: &amp;quot;133.0.6847.2 (7e95e23d2d1f87886163822aa701370c1187bfa1-refs/branch-heads/6847@{#6})&amp;quot;,
    &amp;quot;userDataDir&amp;quot;: &amp;quot;C:\\Program Files\\scoped_dir5320_10724441&amp;quot;
  },
  &amp;quot;kt:rid&amp;quot;: &amp;quot;40c5008b-5c9f-4124-a896-8f45b8156865&amp;quot;,
  &amp;quot;pageLoadStrategy&amp;quot;: &amp;quot;normal&amp;quot;,
  &amp;quot;unhandledPromptBehavior&amp;quot;: &amp;quot;dismiss and notify&amp;quot;,
  &amp;quot;strictFileInteractability&amp;quot;: false,
  &amp;quot;se:bidiEnabled&amp;quot;: false,
  &amp;quot;proxy&amp;quot;: {
    &amp;quot;proxyType&amp;quot;: &amp;quot;UNSPECIFIED&amp;quot;,
    &amp;quot;autodetect&amp;quot;: false
  },
  &amp;quot;webauthn:extension:minPinLength&amp;quot;: true,
  &amp;quot;webauthn:extension:prf&amp;quot;: true,
  &amp;quot;katalon:caps&amp;quot;: {
    &amp;quot;executionId&amp;quot;: &amp;quot;8cbe456d-1214-449b-9ac6-cbf0f7298218&amp;quot;,
    &amp;quot;executionSessionId&amp;quot;: &amp;quot;40c5008b-5c9f-4124-a896-8f45b8156865&amp;quot;
  },
  &amp;quot;katalon:options&amp;quot;: {
    &amp;quot;executionId&amp;quot;: &amp;quot;8cbe456d-1214-449b-9ac6-cbf0f7298218&amp;quot;,
    &amp;quot;executionSessionId&amp;quot;: &amp;quot;40c5008b-5c9f-4124-a896-8f45b8156865&amp;quot;,
    &amp;quot;metadata&amp;quot;: {
      &amp;quot;usingTunnel&amp;quot;: false,
      &amp;quot;accountUuid&amp;quot;: &amp;quot;fda32340-531c-49aa-a0b7-40d478ba5457&amp;quot;,
      &amp;quot;organizationId&amp;quot;: &amp;quot;1906073&amp;quot;
    },
    &amp;quot;organizationId&amp;quot;: &amp;quot;1906073&amp;quot;,
    &amp;quot;runFromTestCloud&amp;quot;: true,
    &amp;quot;userId&amp;quot;: 1648280,
    &amp;quot;username&amp;quot;: &amp;quot;innocent.beaver.duja@instantletter.net&amp;quot;,
    &amp;quot;usingTunnel&amp;quot;: false
  },
  &amp;quot;webauthn:virtualAuthenticators&amp;quot;: true
}</message>
  <nestedLevel>1</nestedLevel>
  <escapedJava>false</escapedJava>
  <property name="desiredCapabilities">{
  &quot;timeouts&quot;: {
    &quot;implicit&quot;: 0,
    &quot;pageLoad&quot;: 300000,
    &quot;script&quot;: 30000
  },
  &quot;se:cdpEnabled&quot;: false,
  &quot;platform&quot;: &quot;WINDOWS&quot;,
  &quot;goog:chromeOptions&quot;: {
    &quot;debuggerAddress&quot;: &quot;localhost:9225&quot;
  },
  &quot;webauthn:extension:credBlob&quot;: true,
  &quot;acceptInsecureCerts&quot;: false,
  &quot;browserVersion&quot;: &quot;133.0.0.0&quot;,
  &quot;fedcm:accounts&quot;: true,
  &quot;kt:requestId&quot;: &quot;40c5008b-5c9f-4124-a896-8f45b8156865&quot;,
  &quot;browserName&quot;: &quot;chrome&quot;,
  &quot;javascriptEnabled&quot;: true,
  &quot;platformName&quot;: &quot;WINDOWS&quot;,
  &quot;setWindowRect&quot;: true,
  &quot;webauthn:extension:largeBlob&quot;: true,
  &quot;networkConnectionEnabled&quot;: false,
  &quot;chrome&quot;: {
    &quot;chromedriverVersion&quot;: &quot;133.0.6847.2 (7e95e23d2d1f87886163822aa701370c1187bfa1-refs/branch-heads/6847@{#6})&quot;,
    &quot;userDataDir&quot;: &quot;C:\\Program Files\\scoped_dir5320_10724441&quot;
  },
  &quot;kt:rid&quot;: &quot;40c5008b-5c9f-4124-a896-8f45b8156865&quot;,
  &quot;pageLoadStrategy&quot;: &quot;normal&quot;,
  &quot;unhandledPromptBehavior&quot;: &quot;dismiss and notify&quot;,
  &quot;strictFileInteractability&quot;: false,
  &quot;se:bidiEnabled&quot;: false,
  &quot;proxy&quot;: {
    &quot;proxyType&quot;: &quot;UNSPECIFIED&quot;,
    &quot;autodetect&quot;: false
  },
  &quot;webauthn:extension:minPinLength&quot;: true,
  &quot;webauthn:extension:prf&quot;: true,
  &quot;katalon:caps&quot;: {
    &quot;executionId&quot;: &quot;8cbe456d-1214-449b-9ac6-cbf0f7298218&quot;,
    &quot;executionSessionId&quot;: &quot;40c5008b-5c9f-4124-a896-8f45b8156865&quot;
  },
  &quot;katalon:options&quot;: {
    &quot;executionId&quot;: &quot;8cbe456d-1214-449b-9ac6-cbf0f7298218&quot;,
    &quot;executionSessionId&quot;: &quot;40c5008b-5c9f-4124-a896-8f45b8156865&quot;,
    &quot;metadata&quot;: {
      &quot;usingTunnel&quot;: false,
      &quot;accountUuid&quot;: &quot;fda32340-531c-49aa-a0b7-40d478ba5457&quot;,
      &quot;organizationId&quot;: &quot;1906073&quot;
    },
    &quot;organizationId&quot;: &quot;1906073&quot;,
    &quot;runFromTestCloud&quot;: true,
    &quot;userId&quot;: 1648280,
    &quot;username&quot;: &quot;innocent.beaver.duja@instantletter.net&quot;,
    &quot;usingTunnel&quot;: false
  },
  &quot;webauthn:virtualAuthenticators&quot;: true
}</property>
</record>
<record>
  <date>2025-01-31T14:33:00.134277800Z</date>
  <millis>1738333980134</millis>
  <nanos>277800</nanos>
  <sequence>246</sequence>
  <level>RUN_DATA</level>
  <class>com.kms.katalon.core.logging.XmlKeywordLogger</class>
  <method>logMessage</method>
  <thread>1</thread>
  <message>sessionId = f3ff7416e41cb5a77215efdab0f5be59</message>
  <nestedLevel>1</nestedLevel>
  <escapedJava>false</escapedJava>
  <property name="sessionId">f3ff7416e41cb5a77215efdab0f5be59</property>
</record>
<record>
  <date>2025-01-31T14:33:00.466767400Z</date>
  <millis>1738333980466</millis>
  <nanos>767400</nanos>
  <sequence>247</sequence>
  <level>RUN_DATA</level>
  <class>com.kms.katalon.core.logging.XmlKeywordLogger</class>
  <method>logMessage</method>
  <thread>1</thread>
  <message>browser = Chrome 133.0.0.0</message>
  <nestedLevel>1</nestedLevel>
  <escapedJava>false</escapedJava>
  <property name="browser">Chrome 133.0.0.0</property>
</record>
<record>
  <date>2025-01-31T14:33:00.468778800Z</date>
  <millis>1738333980468</millis>
  <nanos>778800</nanos>
  <sequence>248</sequence>
  <level>RUN_DATA</level>
  <class>com.kms.katalon.core.logging.XmlKeywordLogger</class>
  <method>logMessage</method>
  <thread>1</thread>
  <message>platform = Windows 11</message>
  <nestedLevel>1</nestedLevel>
  <escapedJava>false</escapedJava>
  <property name="platform">Windows 11</property>
</record>
<record>
  <date>2025-01-31T14:33:00.470782800Z</date>
  <millis>1738333980470</millis>
  <nanos>782800</nanos>
  <sequence>249</sequence>
  <level>RUN_DATA</level>
  <class>com.kms.katalon.core.logging.XmlKeywordLogger</class>
  <method>logMessage</method>
  <thread>1</thread>
  <message>seleniumVersion = 3.141.59</message>
  <nestedLevel>1</nestedLevel>
  <escapedJava>false</escapedJava>
  <property name="seleniumVersion">3.141.59</property>
</record>
<record>
  <date>2025-01-31T14:33:00.472774100Z</date>
  <millis>1738333980472</millis>
  <nanos>774100</nanos>
  <sequence>250</sequence>
  <level>RUN_DATA</level>
  <class>com.kms.katalon.core.logging.XmlKeywordLogger</class>
  <method>logMessage</method>
  <thread>1</thread>
  <message>proxyInformation = ProxyInformation { proxyOption=NO_PROXY, proxyServerType=HTTP, username=, password=********, proxyServerAddress=, proxyServerPort=0, executionList=&amp;quot;&amp;quot;, isApplyToDesiredCapabilities=true }</message>
  <nestedLevel>1</nestedLevel>
  <escapedJava>false</escapedJava>
  <property name="proxyInformation">ProxyInformation { proxyOption=NO_PROXY, proxyServerType=HTTP, username=, password=********, proxyServerAddress=, proxyServerPort=0, executionList=&quot;&quot;, isApplyToDesiredCapabilities=true }</property>
</record>
<record>
  <date>2025-01-31T14:33:01.126281500Z</date>
  <millis>1738333981126</millis>
  <nanos>281500</nanos>
  <sequence>251</sequence>
  <level>PASSED</level>
  <class>com.kms.katalon.core.logging.XmlKeywordLogger</class>
  <method>logMessage</method>
  <thread>1</thread>
  <message>Browser is opened with url: &amp;apos;&amp;apos;</message>
  <nestedLevel>1</nestedLevel>
  <escapedJava>false</escapedJava>
  <property name="testops-method-name">com.kms.katalon.core.webui.keyword.builtin.OpenBrowserKeyword.openBrowser</property>
  <property name="testops-execution-stacktrace"></property>
</record>
<record>
  <date>2025-01-31T14:33:01.128287200Z</date>
  <millis>1738333981128</millis>
  <nanos>287200</nanos>
  <sequence>252</sequence>
  <level>END</level>
  <class>com.kms.katalon.core.logging.XmlKeywordLogger</class>
  <method>endKeyword</method>
  <thread>1</thread>
  <message>End action : openBrowser(&amp;quot;&amp;quot;)</message>
  <nestedLevel>1</nestedLevel>
  <escapedJava>false</escapedJava>
</record>
<record>
  <date>2025-01-31T14:33:01.129282100Z</date>
  <millis>1738333981129</millis>
  <nanos>282100</nanos>
  <sequence>253</sequence>
  <level>START</level>
  <class>com.kms.katalon.core.logging.XmlKeywordLogger</class>
  <method>startKeyword</method>
  <thread>1</thread>
  <message>Start action : navigateToUrl(&amp;quot;https://www.saucedemo.com/&amp;quot;)</message>
  <nestedLevel>1</nestedLevel>
  <escapedJava>false</escapedJava>
  <property name="startLine">22</property>
  <property name="stepIndex">2</property>
</record>
<record>
  <date>2025-01-31T14:33:01.947983900Z</date>
  <millis>1738333981947</millis>
  <nanos>983900</nanos>
  <sequence>256</sequence>
  <level>PASSED</level>
  <class>com.kms.katalon.core.logging.XmlKeywordLogger</class>
  <method>logMessage</method>
  <thread>1</thread>
  <message>Navigate to &amp;apos;https://www.saucedemo.com/&amp;apos; successfully</message>
  <nestedLevel>1</nestedLevel>
  <escapedJava>false</escapedJava>
  <property name="testops-method-name">com.kms.katalon.core.webui.keyword.builtin.NavigateToUrlKeyword.navigateToUrl</property>
  <property name="testops-execution-stacktrace"></property>
</record>
<record>
  <date>2025-01-31T14:33:01.948984Z</date>
  <millis>1738333981948</millis>
  <nanos>984000</nanos>
  <sequence>257</sequence>
  <level>END</level>
  <class>com.kms.katalon.core.logging.XmlKeywordLogger</class>
  <method>endKeyword</method>
  <thread>1</thread>
  <message>End action : navigateToUrl(&amp;quot;https://www.saucedemo.com/&amp;quot;)</message>
  <nestedLevel>1</nestedLevel>
  <escapedJava>false</escapedJava>
</record>
<record>
  <date>2025-01-31T14:33:01.949985400Z</date>
  <millis>1738333981949</millis>
  <nanos>985400</nanos>
  <sequence>258</sequence>
  <level>START</level>
  <class>com.kms.katalon.core.logging.XmlKeywordLogger</class>
  <method>startKeyword</method>
  <thread>1</thread>
  <message>Start action : com.test.swaglabs.CustomLogin.WebLoginFourthAccount()</message>
  <nestedLevel>1</nestedLevel>
  <escapedJava>false</escapedJava>
  <property name="startLine">24</property>
  <property name="stepIndex">3</property>
</record>
<record>
  <date>2025-01-31T14:33:04.509298500Z</date>
  <millis>1738333984509</millis>
  <nanos>298500</nanos>
  <sequence>274</sequence>
  <level>PASSED</level>
  <class>com.kms.katalon.core.logging.XmlKeywordLogger</class>
  <method>logMessage</method>
  <thread>1</thread>
  <message>Text &amp;apos;performance_glitch_user&amp;apos; is set on object &amp;apos;Object Repository/Page_Swag Labs/input_Swag Labs_user-name&amp;apos;</message>
  <nestedLevel>1</nestedLevel>
  <escapedJava>false</escapedJava>
  <property name="testops-method-name">com.kms.katalon.core.webui.keyword.builtin.SetTextKeyword.setText</property>
  <property name="testops-execution-stacktrace"></property>
</record>
<record>
  <date>2025-01-31T14:33:07.044772900Z</date>
  <millis>1738333987044</millis>
  <nanos>772900</nanos>
  <sequence>290</sequence>
  <level>PASSED</level>
  <class>com.kms.katalon.core.logging.XmlKeywordLogger</class>
  <method>logMessage</method>
  <thread>1</thread>
  <message>Text &amp;apos;secret_sauce&amp;apos; is set on object &amp;apos;Object Repository/Page_Swag Labs/input_Swag Labs_password&amp;apos;</message>
  <nestedLevel>1</nestedLevel>
  <escapedJava>false</escapedJava>
  <property name="testops-method-name">com.kms.katalon.core.webui.keyword.builtin.SetTextKeyword.setText</property>
  <property name="testops-execution-stacktrace"></property>
</record>
<record>
  <date>2025-01-31T14:33:13.414189700Z</date>
  <millis>1738333993414</millis>
  <nanos>189700</nanos>
  <sequence>300</sequence>
  <level>PASSED</level>
  <class>com.kms.katalon.core.logging.XmlKeywordLogger</class>
  <method>logMessage</method>
  <thread>1</thread>
  <message>Object: &amp;apos;Object Repository/Page_Swag Labs/input_Swag Labs_login-button&amp;apos; is clicked on</message>
  <nestedLevel>1</nestedLevel>
  <escapedJava>false</escapedJava>
  <property name="testops-method-name">com.kms.katalon.core.webui.keyword.builtin.ClickKeyword.click</property>
  <property name="testops-execution-stacktrace"></property>
</record>
<record>
  <date>2025-01-31T14:33:13.416191600Z</date>
  <millis>1738333993416</millis>
  <nanos>191600</nanos>
  <sequence>301</sequence>
  <level>PASSED</level>
  <class>com.kms.katalon.core.logging.XmlKeywordLogger</class>
  <method>logMessage</method>
  <thread>1</thread>
  <message>com.test.swaglabs.CustomLogin.WebLoginFourthAccount is PASSED</message>
  <nestedLevel>1</nestedLevel>
  <escapedJava>false</escapedJava>
</record>
<record>
  <date>2025-01-31T14:33:13.420193800Z</date>
  <millis>1738333993420</millis>
  <nanos>193800</nanos>
  <sequence>302</sequence>
  <level>END</level>
  <class>com.kms.katalon.core.logging.XmlKeywordLogger</class>
  <method>endKeyword</method>
  <thread>1</thread>
  <message>End action : com.test.swaglabs.CustomLogin.WebLoginFourthAccount()</message>
  <nestedLevel>1</nestedLevel>
  <escapedJava>false</escapedJava>
</record>
<record>
  <date>2025-01-31T14:33:13.421190700Z</date>
  <millis>1738333993421</millis>
  <nanos>190700</nanos>
  <sequence>303</sequence>
  <level>START</level>
  <class>com.kms.katalon.core.logging.XmlKeywordLogger</class>
  <method>startKeyword</method>
  <thread>1</thread>
  <message>Start action : verifyTextPresent(&amp;quot;Add to cart&amp;quot;, false)</message>
  <nestedLevel>1</nestedLevel>
  <escapedJava>false</escapedJava>
  <property name="startLine">26</property>
  <property name="stepIndex">4</property>
</record>
<record>
  <date>2025-01-31T14:33:14.501701900Z</date>
  <millis>1738333994501</millis>
  <nanos>701900</nanos>
  <sequence>307</sequence>
  <level>PASSED</level>
  <class>com.kms.katalon.core.logging.XmlKeywordLogger</class>
  <method>logMessage</method>
  <thread>1</thread>
  <message>Text &amp;apos;Add to cart&amp;apos; is present on page </message>
  <nestedLevel>1</nestedLevel>
  <escapedJava>false</escapedJava>
  <property name="testops-is-assertion">true</property>
  <property name="testops-method-name">com.kms.katalon.core.webui.keyword.builtin.VerifyTextPresentKeyword.verifyTextPresent</property>
  <property name="testops-execution-stacktrace"></property>
</record>
<record>
  <date>2025-01-31T14:33:14.505695400Z</date>
  <millis>1738333994505</millis>
  <nanos>695400</nanos>
  <sequence>308</sequence>
  <level>END</level>
  <class>com.kms.katalon.core.logging.XmlKeywordLogger</class>
  <method>endKeyword</method>
  <thread>1</thread>
  <message>End action : verifyTextPresent(&amp;quot;Add to cart&amp;quot;, false)</message>
  <nestedLevel>1</nestedLevel>
  <escapedJava>false</escapedJava>
</record>
<record>
  <date>2025-01-31T14:33:14.505695400Z</date>
  <millis>1738333994505</millis>
  <nanos>695400</nanos>
  <sequence>309</sequence>
  <level>START</level>
  <class>com.kms.katalon.core.logging.XmlKeywordLogger</class>
  <method>startKeyword</method>
  <thread>1</thread>
  <message>Start action : closeBrowser()</message>
  <nestedLevel>1</nestedLevel>
  <escapedJava>false</escapedJava>
  <property name="startLine">28</property>
  <property name="stepIndex">5</property>
</record>
<record>
  <date>2025-01-31T14:33:15.444798900Z</date>
  <millis>1738333995444</millis>
  <nanos>798900</nanos>
  <sequence>311</sequence>
  <level>PASSED</level>
  <class>com.kms.katalon.core.logging.XmlKeywordLogger</class>
  <method>logMessage</method>
  <thread>1</thread>
  <message>Browser is closed</message>
  <nestedLevel>1</nestedLevel>
  <escapedJava>false</escapedJava>
  <property name="testops-method-name">com.kms.katalon.core.webui.keyword.builtin.CloseBrowserKeyword.closeBrowser</property>
  <property name="testops-execution-stacktrace"></property>
</record>
<record>
  <date>2025-01-31T14:33:15.445815500Z</date>
  <millis>1738333995445</millis>
  <nanos>815500</nanos>
  <sequence>312</sequence>
  <level>END</level>
  <class>com.kms.katalon.core.logging.XmlKeywordLogger</class>
  <method>endKeyword</method>
  <thread>1</thread>
  <message>End action : closeBrowser()</message>
  <nestedLevel>1</nestedLevel>
  <escapedJava>false</escapedJava>
</record>
<record>
  <date>2025-01-31T14:33:15.446799900Z</date>
  <millis>1738333995446</millis>
  <nanos>799900</nanos>
  <sequence>313</sequence>
  <level>PASSED</level>
  <class>com.kms.katalon.core.logging.XmlKeywordLogger</class>
  <method>logMessage</method>
  <thread>1</thread>
  <message>Test Cases/Login by Fourth Account - performance_glitch_user</message>
  <nestedLevel>1</nestedLevel>
  <escapedJava>false</escapedJava>
</record>
<record>
  <date>2025-01-31T14:33:15.448800900Z</date>
  <millis>1738333995448</millis>
  <nanos>800900</nanos>
  <sequence>314</sequence>
  <level>END</level>
  <class>com.kms.katalon.core.logging.XmlKeywordLogger</class>
  <method>endTest</method>
  <thread>1</thread>
  <message>End Test Case : Test Cases/Login by Fourth Account - performance_glitch_user</message>
  <nestedLevel>0</nestedLevel>
  <escapedJava>false</escapedJava>
  <property name="executionBindingVariables">[]</property>
  <property name="applitools">false</property>
  <property name="remainingRetryCount">1</property>
  <property name="currentRetryCount">2</property>
  <property name="keywordsUsage">{
  &quot;web_ui&quot;: true,
  &quot;web_service&quot;: false,
  &quot;cucumber&quot;: false,
  &quot;builtin&quot;: false,
  &quot;mobile&quot;: false,
  &quot;windows&quot;: false,
  &quot;testng&quot;: false
}</property>
</record>
<record>
  <date>2025-01-31T14:33:15.455803700Z</date>
  <millis>1738333995455</millis>
  <nanos>803700</nanos>
  <sequence>315</sequence>
  <level>START</level>
  <class>com.kms.katalon.core.logging.XmlKeywordLogger</class>
  <method>startTest</method>
  <thread>1</thread>
  <message>Start Test Case : Test Cases/Login by Second Account - locked_out_user</message>
  <nestedLevel>1</nestedLevel>
  <escapedJava>false</escapedJava>
  <property name="remainingRetryCount">3</property>
  <property name="name">Test Cases/Login by Second Account - locked_out_user</property>
  <property name="description"></property>
  <property name="iteration"></property>
  <property name="id">Test Cases/Login by Second Account - locked_out_user</property>
  <property name="source">C:\Users\ACER\git\KatalonGitSwagLabsNew\Test Cases\Login by Second Account - locked_out_user.tc</property>
  <property name="tag"></property>
  <property name="isOptional">false</property>
  <property name="currentRetryCount">0</property>
</record>
<record>
  <date>2025-01-31T14:33:15.522795Z</date>
  <millis>1738333995522</millis>
  <nanos>795000</nanos>
  <sequence>317</sequence>
  <level>START</level>
  <class>com.kms.katalon.core.logging.XmlKeywordLogger</class>
  <method>startKeyword</method>
  <thread>1</thread>
  <message>Start action : openBrowser(&amp;quot;&amp;quot;)</message>
  <nestedLevel>1</nestedLevel>
  <escapedJava>false</escapedJava>
  <property name="startLine">20</property>
  <property name="stepIndex">1</property>
</record>
<record>
  <date>2025-01-31T14:33:15.529793300Z</date>
  <millis>1738333995529</millis>
  <nanos>793300</nanos>
  <sequence>319</sequence>
  <level>INFO</level>
  <class>com.kms.katalon.core.logging.XmlKeywordLogger</class>
  <method>logMessage</method>
  <thread>1</thread>
  <message>User set preference: [&amp;apos;os&amp;apos;, &amp;apos;windows&amp;apos;]</message>
  <nestedLevel>1</nestedLevel>
  <escapedJava>false</escapedJava>
</record>
<record>
  <date>2025-01-31T14:33:15.529793300Z</date>
  <millis>1738333995529</millis>
  <nanos>793300</nanos>
  <sequence>320</sequence>
  <level>INFO</level>
  <class>com.kms.katalon.core.logging.XmlKeywordLogger</class>
  <method>logMessage</method>
  <thread>1</thread>
  <message>User set preference: [&amp;apos;browserVersion&amp;apos;, &amp;apos;133&amp;apos;]</message>
  <nestedLevel>1</nestedLevel>
  <escapedJava>false</escapedJava>
</record>
<record>
  <date>2025-01-31T14:33:15.530793700Z</date>
  <millis>1738333995530</millis>
  <nanos>793700</nanos>
  <sequence>321</sequence>
  <level>INFO</level>
  <class>com.kms.katalon.core.logging.XmlKeywordLogger</class>
  <method>logMessage</method>
  <thread>1</thread>
  <message>User set preference: [&amp;apos;browserName&amp;apos;, &amp;apos;chrome&amp;apos;]</message>
  <nestedLevel>1</nestedLevel>
  <escapedJava>false</escapedJava>
</record>
<record>
  <date>2025-01-31T14:33:15.530793700Z</date>
  <millis>1738333995530</millis>
  <nanos>793700</nanos>
  <sequence>322</sequence>
  <level>INFO</level>
  <class>com.kms.katalon.core.logging.XmlKeywordLogger</class>
  <method>logMessage</method>
  <thread>1</thread>
  <message>User set preference: [&amp;apos;katalon:option&amp;apos;, &amp;apos;{organizationId=1906073, usingTunnel=false}&amp;apos;]</message>
  <nestedLevel>1</nestedLevel>
  <escapedJava>false</escapedJava>
</record>
<record>
  <date>2025-01-31T14:33:15.532793100Z</date>
  <millis>1738333995532</millis>
  <nanos>793100</nanos>
  <sequence>323</sequence>
  <level>INFO</level>
  <class>com.kms.katalon.core.logging.XmlKeywordLogger</class>
  <method>logMessage</method>
  <thread>1</thread>
  <message>Connecting to remote web server &amp;apos;testcloud.katalon.com/hub&amp;apos; with type &amp;apos;Selenium&amp;apos;</message>
  <nestedLevel>1</nestedLevel>
  <escapedJava>false</escapedJava>
</record>
<record>
  <date>2025-01-31T14:33:15.533799Z</date>
  <millis>1738333995533</millis>
  <nanos>799000</nanos>
  <sequence>324</sequence>
  <level>INFO</level>
  <class>com.kms.katalon.core.logging.XmlKeywordLogger</class>
  <method>logMessage</method>
  <thread>1</thread>
  <message>Action delay is set to 0 milliseconds</message>
  <nestedLevel>1</nestedLevel>
  <escapedJava>false</escapedJava>
</record>
<record>
  <date>2025-01-31T14:33:42.302286100Z</date>
  <millis>1738334022302</millis>
  <nanos>286100</nanos>
  <sequence>326</sequence>
  <level>RUN_DATA</level>
  <class>com.kms.katalon.core.logging.XmlKeywordLogger</class>
  <method>logMessage</method>
  <thread>1</thread>
  <message>remoteDriverUrl = testcloud.katalon.com/hub</message>
  <nestedLevel>1</nestedLevel>
  <escapedJava>false</escapedJava>
  <property name="remoteDriverUrl">testcloud.katalon.com/hub</property>
</record>
<record>
  <date>2025-01-31T14:33:42.304272900Z</date>
  <millis>1738334022304</millis>
  <nanos>272900</nanos>
  <sequence>327</sequence>
  <level>RUN_DATA</level>
  <class>com.kms.katalon.core.logging.XmlKeywordLogger</class>
  <method>logMessage</method>
  <thread>1</thread>
  <message>remoteOS = Windows</message>
  <nestedLevel>1</nestedLevel>
  <escapedJava>false</escapedJava>
  <property name="remoteOS">Windows</property>
</record>
<record>
  <date>2025-01-31T14:33:42.307273700Z</date>
  <millis>1738334022307</millis>
  <nanos>273700</nanos>
  <sequence>328</sequence>
  <level>RUN_DATA</level>
  <class>com.kms.katalon.core.logging.XmlKeywordLogger</class>
  <method>logMessage</method>
  <thread>1</thread>
  <message>desiredCapabilities = {
  &amp;quot;timeouts&amp;quot;: {
    &amp;quot;implicit&amp;quot;: 0,
    &amp;quot;pageLoad&amp;quot;: 300000,
    &amp;quot;script&amp;quot;: 30000
  },
  &amp;quot;se:cdpEnabled&amp;quot;: false,
  &amp;quot;platform&amp;quot;: &amp;quot;WINDOWS&amp;quot;,
  &amp;quot;goog:chromeOptions&amp;quot;: {
    &amp;quot;debuggerAddress&amp;quot;: &amp;quot;localhost:9225&amp;quot;
  },
  &amp;quot;webauthn:extension:credBlob&amp;quot;: true,
  &amp;quot;acceptInsecureCerts&amp;quot;: false,
  &amp;quot;browserVersion&amp;quot;: &amp;quot;133.0.0.0&amp;quot;,
  &amp;quot;fedcm:accounts&amp;quot;: true,
  &amp;quot;kt:requestId&amp;quot;: &amp;quot;c6d9e998-2987-4b33-b88a-2cb8c8dac159&amp;quot;,
  &amp;quot;browserName&amp;quot;: &amp;quot;chrome&amp;quot;,
  &amp;quot;javascriptEnabled&amp;quot;: true,
  &amp;quot;platformName&amp;quot;: &amp;quot;WINDOWS&amp;quot;,
  &amp;quot;setWindowRect&amp;quot;: true,
  &amp;quot;webauthn:extension:largeBlob&amp;quot;: true,
  &amp;quot;networkConnectionEnabled&amp;quot;: false,
  &amp;quot;chrome&amp;quot;: {
    &amp;quot;chromedriverVersion&amp;quot;: &amp;quot;133.0.6847.2 (7e95e23d2d1f87886163822aa701370c1187bfa1-refs/branch-heads/6847@{#6})&amp;quot;,
    &amp;quot;userDataDir&amp;quot;: &amp;quot;C:\\Program Files\\scoped_dir3964_1135794633&amp;quot;
  },
  &amp;quot;kt:rid&amp;quot;: &amp;quot;c6d9e998-2987-4b33-b88a-2cb8c8dac159&amp;quot;,
  &amp;quot;pageLoadStrategy&amp;quot;: &amp;quot;normal&amp;quot;,
  &amp;quot;unhandledPromptBehavior&amp;quot;: &amp;quot;dismiss and notify&amp;quot;,
  &amp;quot;strictFileInteractability&amp;quot;: false,
  &amp;quot;se:bidiEnabled&amp;quot;: false,
  &amp;quot;proxy&amp;quot;: {
    &amp;quot;proxyType&amp;quot;: &amp;quot;UNSPECIFIED&amp;quot;,
    &amp;quot;autodetect&amp;quot;: false
  },
  &amp;quot;webauthn:extension:minPinLength&amp;quot;: true,
  &amp;quot;webauthn:extension:prf&amp;quot;: true,
  &amp;quot;katalon:caps&amp;quot;: {
    &amp;quot;executionId&amp;quot;: &amp;quot;cdd7c82a-1701-40a6-b660-ae468722079a&amp;quot;,
    &amp;quot;executionSessionId&amp;quot;: &amp;quot;c6d9e998-2987-4b33-b88a-2cb8c8dac159&amp;quot;
  },
  &amp;quot;katalon:options&amp;quot;: {
    &amp;quot;executionId&amp;quot;: &amp;quot;cdd7c82a-1701-40a6-b660-ae468722079a&amp;quot;,
    &amp;quot;executionSessionId&amp;quot;: &amp;quot;c6d9e998-2987-4b33-b88a-2cb8c8dac159&amp;quot;,
    &amp;quot;metadata&amp;quot;: {
      &amp;quot;usingTunnel&amp;quot;: false,
      &amp;quot;accountUuid&amp;quot;: &amp;quot;fda32340-531c-49aa-a0b7-40d478ba5457&amp;quot;,
      &amp;quot;organizationId&amp;quot;: &amp;quot;1906073&amp;quot;
    },
    &amp;quot;organizationId&amp;quot;: &amp;quot;1906073&amp;quot;,
    &amp;quot;runFromTestCloud&amp;quot;: true,
    &amp;quot;userId&amp;quot;: 1648280,
    &amp;quot;username&amp;quot;: &amp;quot;innocent.beaver.duja@instantletter.net&amp;quot;,
    &amp;quot;usingTunnel&amp;quot;: false
  },
  &amp;quot;webauthn:virtualAuthenticators&amp;quot;: true
}</message>
  <nestedLevel>1</nestedLevel>
  <escapedJava>false</escapedJava>
  <property name="desiredCapabilities">{
  &quot;timeouts&quot;: {
    &quot;implicit&quot;: 0,
    &quot;pageLoad&quot;: 300000,
    &quot;script&quot;: 30000
  },
  &quot;se:cdpEnabled&quot;: false,
  &quot;platform&quot;: &quot;WINDOWS&quot;,
  &quot;goog:chromeOptions&quot;: {
    &quot;debuggerAddress&quot;: &quot;localhost:9225&quot;
  },
  &quot;webauthn:extension:credBlob&quot;: true,
  &quot;acceptInsecureCerts&quot;: false,
  &quot;browserVersion&quot;: &quot;133.0.0.0&quot;,
  &quot;fedcm:accounts&quot;: true,
  &quot;kt:requestId&quot;: &quot;c6d9e998-2987-4b33-b88a-2cb8c8dac159&quot;,
  &quot;browserName&quot;: &quot;chrome&quot;,
  &quot;javascriptEnabled&quot;: true,
  &quot;platformName&quot;: &quot;WINDOWS&quot;,
  &quot;setWindowRect&quot;: true,
  &quot;webauthn:extension:largeBlob&quot;: true,
  &quot;networkConnectionEnabled&quot;: false,
  &quot;chrome&quot;: {
    &quot;chromedriverVersion&quot;: &quot;133.0.6847.2 (7e95e23d2d1f87886163822aa701370c1187bfa1-refs/branch-heads/6847@{#6})&quot;,
    &quot;userDataDir&quot;: &quot;C:\\Program Files\\scoped_dir3964_1135794633&quot;
  },
  &quot;kt:rid&quot;: &quot;c6d9e998-2987-4b33-b88a-2cb8c8dac159&quot;,
  &quot;pageLoadStrategy&quot;: &quot;normal&quot;,
  &quot;unhandledPromptBehavior&quot;: &quot;dismiss and notify&quot;,
  &quot;strictFileInteractability&quot;: false,
  &quot;se:bidiEnabled&quot;: false,
  &quot;proxy&quot;: {
    &quot;proxyType&quot;: &quot;UNSPECIFIED&quot;,
    &quot;autodetect&quot;: false
  },
  &quot;webauthn:extension:minPinLength&quot;: true,
  &quot;webauthn:extension:prf&quot;: true,
  &quot;katalon:caps&quot;: {
    &quot;executionId&quot;: &quot;cdd7c82a-1701-40a6-b660-ae468722079a&quot;,
    &quot;executionSessionId&quot;: &quot;c6d9e998-2987-4b33-b88a-2cb8c8dac159&quot;
  },
  &quot;katalon:options&quot;: {
    &quot;executionId&quot;: &quot;cdd7c82a-1701-40a6-b660-ae468722079a&quot;,
    &quot;executionSessionId&quot;: &quot;c6d9e998-2987-4b33-b88a-2cb8c8dac159&quot;,
    &quot;metadata&quot;: {
      &quot;usingTunnel&quot;: false,
      &quot;accountUuid&quot;: &quot;fda32340-531c-49aa-a0b7-40d478ba5457&quot;,
      &quot;organizationId&quot;: &quot;1906073&quot;
    },
    &quot;organizationId&quot;: &quot;1906073&quot;,
    &quot;runFromTestCloud&quot;: true,
    &quot;userId&quot;: 1648280,
    &quot;username&quot;: &quot;innocent.beaver.duja@instantletter.net&quot;,
    &quot;usingTunnel&quot;: false
  },
  &quot;webauthn:virtualAuthenticators&quot;: true
}</property>
</record>
<record>
  <date>2025-01-31T14:33:42.309274300Z</date>
  <millis>1738334022309</millis>
  <nanos>274300</nanos>
  <sequence>329</sequence>
  <level>RUN_DATA</level>
  <class>com.kms.katalon.core.logging.XmlKeywordLogger</class>
  <method>logMessage</method>
  <thread>1</thread>
  <message>sessionId = 1ae20fc80859ba37018823a68614b642</message>
  <nestedLevel>1</nestedLevel>
  <escapedJava>false</escapedJava>
  <property name="sessionId">1ae20fc80859ba37018823a68614b642</property>
</record>
<record>
  <date>2025-01-31T14:33:42.709355100Z</date>
  <millis>1738334022709</millis>
  <nanos>355100</nanos>
  <sequence>330</sequence>
  <level>RUN_DATA</level>
  <class>com.kms.katalon.core.logging.XmlKeywordLogger</class>
  <method>logMessage</method>
  <thread>1</thread>
  <message>browser = Chrome 133.0.0.0</message>
  <nestedLevel>1</nestedLevel>
  <escapedJava>false</escapedJava>
  <property name="browser">Chrome 133.0.0.0</property>
</record>
<record>
  <date>2025-01-31T14:33:42.711279800Z</date>
  <millis>1738334022711</millis>
  <nanos>279800</nanos>
  <sequence>331</sequence>
  <level>RUN_DATA</level>
  <class>com.kms.katalon.core.logging.XmlKeywordLogger</class>
  <method>logMessage</method>
  <thread>1</thread>
  <message>platform = Windows 11</message>
  <nestedLevel>1</nestedLevel>
  <escapedJava>false</escapedJava>
  <property name="platform">Windows 11</property>
</record>
<record>
  <date>2025-01-31T14:33:42.712279Z</date>
  <millis>1738334022712</millis>
  <nanos>279000</nanos>
  <sequence>332</sequence>
  <level>RUN_DATA</level>
  <class>com.kms.katalon.core.logging.XmlKeywordLogger</class>
  <method>logMessage</method>
  <thread>1</thread>
  <message>seleniumVersion = 3.141.59</message>
  <nestedLevel>1</nestedLevel>
  <escapedJava>false</escapedJava>
  <property name="seleniumVersion">3.141.59</property>
</record>
<record>
  <date>2025-01-31T14:33:42.713286400Z</date>
  <millis>1738334022713</millis>
  <nanos>286400</nanos>
  <sequence>333</sequence>
  <level>RUN_DATA</level>
  <class>com.kms.katalon.core.logging.XmlKeywordLogger</class>
  <method>logMessage</method>
  <thread>1</thread>
  <message>proxyInformation = ProxyInformation { proxyOption=NO_PROXY, proxyServerType=HTTP, username=, password=********, proxyServerAddress=, proxyServerPort=0, executionList=&amp;quot;&amp;quot;, isApplyToDesiredCapabilities=true }</message>
  <nestedLevel>1</nestedLevel>
  <escapedJava>false</escapedJava>
  <property name="proxyInformation">ProxyInformation { proxyOption=NO_PROXY, proxyServerType=HTTP, username=, password=********, proxyServerAddress=, proxyServerPort=0, executionList=&quot;&quot;, isApplyToDesiredCapabilities=true }</property>
</record>
<record>
  <date>2025-01-31T14:33:43.429894700Z</date>
  <millis>1738334023429</millis>
  <nanos>894700</nanos>
  <sequence>334</sequence>
  <level>PASSED</level>
  <class>com.kms.katalon.core.logging.XmlKeywordLogger</class>
  <method>logMessage</method>
  <thread>1</thread>
  <message>Browser is opened with url: &amp;apos;&amp;apos;</message>
  <nestedLevel>1</nestedLevel>
  <escapedJava>false</escapedJava>
  <property name="testops-method-name">com.kms.katalon.core.webui.keyword.builtin.OpenBrowserKeyword.openBrowser</property>
  <property name="testops-execution-stacktrace"></property>
</record>
<record>
  <date>2025-01-31T14:33:43.434141500Z</date>
  <millis>1738334023434</millis>
  <nanos>141500</nanos>
  <sequence>335</sequence>
  <level>END</level>
  <class>com.kms.katalon.core.logging.XmlKeywordLogger</class>
  <method>endKeyword</method>
  <thread>1</thread>
  <message>End action : openBrowser(&amp;quot;&amp;quot;)</message>
  <nestedLevel>1</nestedLevel>
  <escapedJava>false</escapedJava>
</record>
<record>
  <date>2025-01-31T14:33:43.435140200Z</date>
  <millis>1738334023435</millis>
  <nanos>140200</nanos>
  <sequence>336</sequence>
  <level>START</level>
  <class>com.kms.katalon.core.logging.XmlKeywordLogger</class>
  <method>startKeyword</method>
  <thread>1</thread>
  <message>Start action : navigateToUrl(&amp;quot;https://www.saucedemo.com/&amp;quot;)</message>
  <nestedLevel>1</nestedLevel>
  <escapedJava>false</escapedJava>
  <property name="startLine">22</property>
  <property name="stepIndex">2</property>
</record>
<record>
  <date>2025-01-31T14:33:44.115969200Z</date>
  <millis>1738334024115</millis>
  <nanos>969200</nanos>
  <sequence>339</sequence>
  <level>PASSED</level>
  <class>com.kms.katalon.core.logging.XmlKeywordLogger</class>
  <method>logMessage</method>
  <thread>1</thread>
  <message>Navigate to &amp;apos;https://www.saucedemo.com/&amp;apos; successfully</message>
  <nestedLevel>1</nestedLevel>
  <escapedJava>false</escapedJava>
  <property name="testops-method-name">com.kms.katalon.core.webui.keyword.builtin.NavigateToUrlKeyword.navigateToUrl</property>
  <property name="testops-execution-stacktrace"></property>
</record>
<record>
  <date>2025-01-31T14:33:44.121962800Z</date>
  <millis>1738334024121</millis>
  <nanos>962800</nanos>
  <sequence>340</sequence>
  <level>END</level>
  <class>com.kms.katalon.core.logging.XmlKeywordLogger</class>
  <method>endKeyword</method>
  <thread>1</thread>
  <message>End action : navigateToUrl(&amp;quot;https://www.saucedemo.com/&amp;quot;)</message>
  <nestedLevel>1</nestedLevel>
  <escapedJava>false</escapedJava>
</record>
<record>
  <date>2025-01-31T14:33:44.122966600Z</date>
  <millis>1738334024122</millis>
  <nanos>966600</nanos>
  <sequence>341</sequence>
  <level>START</level>
  <class>com.kms.katalon.core.logging.XmlKeywordLogger</class>
  <method>startKeyword</method>
  <thread>1</thread>
  <message>Start action : com.test.swaglabs.CustomLogin.WebLoginSecondAccount()</message>
  <nestedLevel>1</nestedLevel>
  <escapedJava>false</escapedJava>
  <property name="startLine">24</property>
  <property name="stepIndex">3</property>
</record>
<record>
  <date>2025-01-31T14:33:47.126584900Z</date>
  <millis>1738334027126</millis>
  <nanos>584900</nanos>
  <sequence>358</sequence>
  <level>WARNING</level>
  <class>com.kms.katalon.core.logging.XmlKeywordLogger</class>
  <method>logMessage</method>
  <thread>1</thread>
  <message>Cannot take screenshot</message>
  <nestedLevel>1</nestedLevel>
  <escapedJava>false</escapedJava>
  <property name="failed.exception.class">org.openqa.selenium.WebDriverException</property>
  <property name="failed.exception.stacktrace">org.openqa.selenium.WebDriverException: An unknown error has occurred
Build info: version: &apos;3.141.59&apos;, revision: &apos;unknown&apos;, time: &apos;unknown&apos;
System info: host: &apos;LAPTOP-5GQHVTHK&apos;, ip: &apos;192.168.0.101&apos;, os.name: &apos;Windows 11&apos;, os.arch: &apos;amd64&apos;, os.version: &apos;10.0&apos;, java.version: &apos;17.0.7&apos;
Driver info: com.kms.katalon.selenium.driver.CRemoteWebDriver
Capabilities {acceptInsecureCerts: false, browserName: chrome, browserVersion: 133.0.6847.2, chrome: {chromedriverVersion: 133.0.6847.2 (7e95e23d2d1f8..., userDataDir: C:\Program Files\scoped_dir...}, fedcm:accounts: true, goog:chromeOptions: {debuggerAddress: localhost:9225}, javascriptEnabled: true, katalon:caps: {executionId: cdd7c82a-1701-40a6-b660-ae4..., executionSessionId: c6d9e998-2987-4b33-b88a-2cb...}, katalon:options: {executionId: cdd7c82a-1701-40a6-b660-ae4..., executionSessionId: c6d9e998-2987-4b33-b88a-2cb..., metadata: {accountUuid: fda32340-531c-49aa-a0b7-40d..., organizationId: 1906073, usingTunnel: false}, organizationId: 1906073, runFromTestCloud: true, userId: 1648280, username: innocent.beaver.duja@instan..., usingTunnel: false}, kt:requestId: c6d9e998-2987-4b33-b88a-2cb..., kt:rid: c6d9e998-2987-4b33-b88a-2cb..., networkConnectionEnabled: false, pageLoadStrategy: normal, platform: WINDOWS, platformName: WINDOWS, proxy: Proxy(), se:bidiEnabled: false, se:cdpEnabled: false, setWindowRect: true, strictFileInteractability: false, timeouts: {implicit: 0, pageLoad: 300000, script: 30000}, unhandledPromptBehavior: dismiss and notify, webauthn:extension:credBlob: true, webauthn:extension:largeBlob: true, webauthn:extension:minPinLength: true, webauthn:extension:prf: true, webauthn:virtualAuthenticators: true}
Session ID: 1ae20fc80859ba37018823a68614b642
	at java.base/jdk.internal.reflect.NativeConstructorAccessorImpl.newInstance0(Native Method)
	at java.base/jdk.internal.reflect.NativeConstructorAccessorImpl.newInstance(NativeConstructorAccessorImpl.java:77)
	at java.base/jdk.internal.reflect.DelegatingConstructorAccessorImpl.newInstance(DelegatingConstructorAccessorImpl.java:45)
	at org.openqa.selenium.remote.http.W3CHttpResponseCodec.createException(W3CHttpResponseCodec.java:187)
	at org.openqa.selenium.remote.http.W3CHttpResponseCodec.decode(W3CHttpResponseCodec.java:122)
	at org.openqa.selenium.remote.http.W3CHttpResponseCodec.decode(W3CHttpResponseCodec.java:49)
	at org.openqa.selenium.remote.HttpCommandExecutor.execute(HttpCommandExecutor.java:158)
	at org.openqa.selenium.remote.RemoteWebDriver.execute(RemoteWebDriver.java:552)
	at com.kms.katalon.selenium.driver.CRemoteWebDriver.execute(CRemoteWebDriver.java:30)
	at org.openqa.selenium.remote.RemoteWebDriver.execute(RemoteWebDriver.java:609)
	at org.openqa.selenium.remote.RemoteWebDriver.getScreenshotAs(RemoteWebDriver.java:295)
	at java.base/jdk.internal.reflect.NativeMethodAccessorImpl.invoke0(Native Method)
	at java.base/jdk.internal.reflect.NativeMethodAccessorImpl.invoke(NativeMethodAccessorImpl.java:77)
	at java.base/jdk.internal.reflect.DelegatingMethodAccessorImpl.invoke(DelegatingMethodAccessorImpl.java:43)
	at org.openqa.selenium.support.events.EventFiringWebDriver.lambda$new$1(EventFiringWebDriver.java:105)
	at jdk.proxy2/jdk.proxy2.$Proxy23.getScreenshotAs(Unknown Source)
	at org.openqa.selenium.support.events.EventFiringWebDriver.getScreenshotAs(EventFiringWebDriver.java:302)
	at com.kms.katalon.core.webui.helper.screenshot.WebUIScreenCaptor.take(WebUIScreenCaptor.java:26)
	at com.kms.katalon.core.helper.screenshot.ScreenCaptor.takeScreenshotAndGetAttributes(ScreenCaptor.java:38)
	at com.kms.katalon.core.webui.keyword.internal.WebUIKeywordMain.stepFailed(WebUIKeywordMain.groovy:117)
	at com.kms.katalon.core.webui.keyword.internal.WebUIKeywordMain.runKeyword(WebUIKeywordMain.groovy:43)
	at com.kms.katalon.core.webui.keyword.builtin.SetTextKeyword.setText(SetTextKeyword.groovy:85)
	at com.kms.katalon.core.webui.keyword.builtin.SetTextKeyword.execute(SetTextKeyword.groovy:39)
	at com.kms.katalon.core.keyword.internal.KeywordExecutor.executeKeywordForPlatform(KeywordExecutor.groovy:74)
	at com.kms.katalon.core.webui.keyword.WebUiBuiltInKeywords.setText(WebUiBuiltInKeywords.groovy:1019)
	at com.test.swaglabs.CustomLogin.WebLoginSecondAccount(CustomLogin.groovy:47)
	at java.base/jdk.internal.reflect.NativeMethodAccessorImpl.invoke0(Native Method)
	at java.base/jdk.internal.reflect.NativeMethodAccessorImpl.invoke(NativeMethodAccessorImpl.java:77)
	at java.base/jdk.internal.reflect.DelegatingMethodAccessorImpl.invoke(DelegatingMethodAccessorImpl.java:43)
	at com.kms.katalon.core.main.CustomKeywordDelegatingMetaClass.invokeStaticMethod(CustomKeywordDelegatingMetaClass.java:55)
	at Login by Second Account - locked_out_user.run(Login by Second Account - locked_out_user:24)
	at com.kms.katalon.core.main.ScriptEngine.run(ScriptEngine.java:194)
	at com.kms.katalon.core.main.ScriptEngine.runScriptAsRawText(ScriptEngine.java:119)
	at com.kms.katalon.core.main.TestCaseExecutor.runScript(TestCaseExecutor.java:448)
	at com.kms.katalon.core.main.TestCaseExecutor.doExecute(TestCaseExecutor.java:439)
	at com.kms.katalon.core.main.TestCaseExecutor.processExecutionPhase(TestCaseExecutor.java:418)
	at com.kms.katalon.core.main.TestCaseExecutor.accessMainPhase(TestCaseExecutor.java:410)
	at com.kms.katalon.core.main.TestCaseExecutor.execute(TestCaseExecutor.java:285)
	at com.kms.katalon.core.common.CommonExecutor.accessTestCaseMainPhase(CommonExecutor.java:65)
	at com.kms.katalon.core.main.TestSuiteExecutor.accessTestSuiteMainPhase(TestSuiteExecutor.java:150)
	at com.kms.katalon.core.main.TestSuiteExecutor.execute(TestSuiteExecutor.java:106)
	at com.kms.katalon.core.main.TestCaseMain.startTestSuite(TestCaseMain.java:180)
	at TempTestSuite1738333839214.run(TempTestSuite1738333839214.groovy:35)
	at java.base/jdk.internal.reflect.NativeMethodAccessorImpl.invoke0(Native Method)
	at java.base/jdk.internal.reflect.NativeMethodAccessorImpl.invoke(NativeMethodAccessorImpl.java:77)
	at java.base/jdk.internal.reflect.DelegatingMethodAccessorImpl.invoke(DelegatingMethodAccessorImpl.java:43)
</property>
  <property name="failed.exception.message">An unknown error has occurred
Build info: version: &apos;3.141.59&apos;, revision: &apos;unknown&apos;, time: &apos;unknown&apos;
System info: host: &apos;LAPTOP-5GQHVTHK&apos;, ip: &apos;192.168.0.101&apos;, os.name: &apos;Windows 11&apos;, os.arch: &apos;amd64&apos;, os.version: &apos;10.0&apos;, java.version: &apos;17.0.7&apos;
Driver info: com.kms.katalon.selenium.driver.CRemoteWebDriver
Capabilities {acceptInsecureCerts: false, browserName: chrome, browserVersion: 133.0.6847.2, chrome: {chromedriverVersion: 133.0.6847.2 (7e95e23d2d1f8..., userDataDir: C:\Program Files\scoped_dir...}, fedcm:accounts: true, goog:chromeOptions: {debuggerAddress: localhost:9225}, javascriptEnabled: true, katalon:caps: {executionId: cdd7c82a-1701-40a6-b660-ae4..., executionSessionId: c6d9e998-2987-4b33-b88a-2cb...}, katalon:options: {executionId: cdd7c82a-1701-40a6-b660-ae4..., executionSessionId: c6d9e998-2987-4b33-b88a-2cb..., metadata: {accountUuid: fda32340-531c-49aa-a0b7-40d..., organizationId: 1906073, usingTunnel: false}, organizationId: 1906073, runFromTestCloud: true, userId: 1648280, username: innocent.beaver.duja@instan..., usingTunnel: false}, kt:requestId: c6d9e998-2987-4b33-b88a-2cb..., kt:rid: c6d9e998-2987-4b33-b88a-2cb..., networkConnectionEnabled: false, pageLoadStrategy: normal, platform: WINDOWS, platformName: WINDOWS, proxy: Proxy(), se:bidiEnabled: false, se:cdpEnabled: false, setWindowRect: true, strictFileInteractability: false, timeouts: {implicit: 0, pageLoad: 300000, script: 30000}, unhandledPromptBehavior: dismiss and notify, webauthn:extension:credBlob: true, webauthn:extension:largeBlob: true, webauthn:extension:minPinLength: true, webauthn:extension:prf: true, webauthn:virtualAuthenticators: true}
Session ID: 1ae20fc80859ba37018823a68614b642</property>
</record>
<record>
  <date>2025-01-31T14:33:47.132594700Z</date>
  <millis>1738334027132</millis>
  <nanos>594700</nanos>
  <sequence>362</sequence>
  <level>FAILED</level>
  <class>com.kms.katalon.core.logging.XmlKeywordLogger</class>
  <method>logMessage</method>
  <thread>1</thread>
  <message>Unable to set text &amp;apos;locked_out_user&amp;apos; of object &amp;apos;Object Repository/Page_Swag Labs/input_Swag Labs_user-name&amp;apos; (Root cause: com.kms.katalon.core.exception.StepFailedException: Unable to set text &amp;apos;locked_out_user&amp;apos; of object &amp;apos;Object Repository/Page_Swag Labs/input_Swag Labs_user-name&amp;apos;
	at com.kms.katalon.core.webui.keyword.internal.WebUIKeywordMain.stepFailed(WebUIKeywordMain.groovy:117)
	at com.kms.katalon.core.webui.keyword.internal.WebUIKeywordMain.runKeyword(WebUIKeywordMain.groovy:43)
	at com.kms.katalon.core.webui.keyword.builtin.SetTextKeyword.setText(SetTextKeyword.groovy:85)
	at com.kms.katalon.core.webui.keyword.builtin.SetTextKeyword.execute(SetTextKeyword.groovy:39)
	at com.kms.katalon.core.keyword.internal.KeywordExecutor.executeKeywordForPlatform(KeywordExecutor.groovy:74)
	at com.kms.katalon.core.webui.keyword.WebUiBuiltInKeywords.setText(WebUiBuiltInKeywords.groovy:1019)
	at com.test.swaglabs.CustomLogin.WebLoginSecondAccount(CustomLogin.groovy:47)
	at java.base/jdk.internal.reflect.NativeMethodAccessorImpl.invoke0(Native Method)
	at java.base/jdk.internal.reflect.NativeMethodAccessorImpl.invoke(NativeMethodAccessorImpl.java:77)
	at java.base/jdk.internal.reflect.DelegatingMethodAccessorImpl.invoke(DelegatingMethodAccessorImpl.java:43)
	at com.kms.katalon.core.main.CustomKeywordDelegatingMetaClass.invokeStaticMethod(CustomKeywordDelegatingMetaClass.java:55)
	at Login by Second Account - locked_out_user.run(Login by Second Account - locked_out_user:24)
	at com.kms.katalon.core.main.ScriptEngine.run(ScriptEngine.java:194)
	at com.kms.katalon.core.main.ScriptEngine.runScriptAsRawText(ScriptEngine.java:119)
	at com.kms.katalon.core.main.TestCaseExecutor.runScript(TestCaseExecutor.java:448)
	at com.kms.katalon.core.main.TestCaseExecutor.doExecute(TestCaseExecutor.java:439)
	at com.kms.katalon.core.main.TestCaseExecutor.processExecutionPhase(TestCaseExecutor.java:418)
	at com.kms.katalon.core.main.TestCaseExecutor.accessMainPhase(TestCaseExecutor.java:410)
	at com.kms.katalon.core.main.TestCaseExecutor.execute(TestCaseExecutor.java:285)
	at com.kms.katalon.core.common.CommonExecutor.accessTestCaseMainPhase(CommonExecutor.java:65)
	at com.kms.katalon.core.main.TestSuiteExecutor.accessTestSuiteMainPhase(TestSuiteExecutor.java:150)
	at com.kms.katalon.core.main.TestSuiteExecutor.execute(TestSuiteExecutor.java:106)
	at com.kms.katalon.core.main.TestCaseMain.startTestSuite(TestCaseMain.java:180)
	at TempTestSuite1738333839214.run(TempTestSuite1738333839214.groovy:35)
	at java.base/jdk.internal.reflect.NativeMethodAccessorImpl.invoke0(Native Method)
	at java.base/jdk.internal.reflect.NativeMethodAccessorImpl.invoke(NativeMethodAccessorImpl.java:77)
	at java.base/jdk.internal.reflect.DelegatingMethodAccessorImpl.invoke(DelegatingMethodAccessorImpl.java:43)
Caused by: org.openqa.selenium.NoSuchSessionException: invalid session id: session deleted as the browser has closed the connection
from disconnected: Unable to receive message from renderer
  (Session info: chrome=133.0.6847.2)
Build info: version: &amp;apos;3.141.59&amp;apos;, revision: &amp;apos;unknown&amp;apos;, time: &amp;apos;unknown&amp;apos;
System info: host: &amp;apos;LAPTOP-5GQHVTHK&amp;apos;, ip: &amp;apos;192.168.0.101&amp;apos;, os.name: &amp;apos;Windows 11&amp;apos;, os.arch: &amp;apos;amd64&amp;apos;, os.version: &amp;apos;10.0&amp;apos;, java.version: &amp;apos;17.0.7&amp;apos;
Driver info: com.kms.katalon.selenium.driver.CRemoteWebDriver
Capabilities {acceptInsecureCerts: false, browserName: chrome, browserVersion: 133.0.6847.2, chrome: {chromedriverVersion: 133.0.6847.2 (7e95e23d2d1f8..., userDataDir: C:\Program Files\scoped_dir...}, fedcm:accounts: true, goog:chromeOptions: {debuggerAddress: localhost:9225}, javascriptEnabled: true, katalon:caps: {executionId: cdd7c82a-1701-40a6-b660-ae4..., executionSessionId: c6d9e998-2987-4b33-b88a-2cb...}, katalon:options: {executionId: cdd7c82a-1701-40a6-b660-ae4..., executionSessionId: c6d9e998-2987-4b33-b88a-2cb..., metadata: {accountUuid: fda32340-531c-49aa-a0b7-40d..., organizationId: 1906073, usingTunnel: false}, organizationId: 1906073, runFromTestCloud: true, userId: 1648280, username: innocent.beaver.duja@instan..., usingTunnel: false}, kt:requestId: c6d9e998-2987-4b33-b88a-2cb..., kt:rid: c6d9e998-2987-4b33-b88a-2cb..., networkConnectionEnabled: false, pageLoadStrategy: normal, platform: WINDOWS, platformName: WINDOWS, proxy: Proxy(), se:bidiEnabled: false, se:cdpEnabled: false, setWindowRect: true, strictFileInteractability: false, timeouts: {implicit: 0, pageLoad: 300000, script: 30000}, unhandledPromptBehavior: dismiss and notify, webauthn:extension:credBlob: true, webauthn:extension:largeBlob: true, webauthn:extension:minPinLength: true, webauthn:extension:prf: true, webauthn:virtualAuthenticators: true}
Session ID: 1ae20fc80859ba37018823a68614b642
	at jdk.internal.reflect.GeneratedConstructorAccessor22.newInstance(Unknown Source)
	at java.base/jdk.internal.reflect.DelegatingConstructorAccessorImpl.newInstance(DelegatingConstructorAccessorImpl.java:45)
	at org.openqa.selenium.remote.http.W3CHttpResponseCodec.createException(W3CHttpResponseCodec.java:187)
	at org.openqa.selenium.remote.http.W3CHttpResponseCodec.decode(W3CHttpResponseCodec.java:122)
	at org.openqa.selenium.remote.http.W3CHttpResponseCodec.decode(W3CHttpResponseCodec.java:49)
	at org.openqa.selenium.remote.HttpCommandExecutor.execute(HttpCommandExecutor.java:158)
	at org.openqa.selenium.remote.RemoteWebDriver.execute(RemoteWebDriver.java:552)
	at com.kms.katalon.selenium.driver.CRemoteWebDriver.execute(CRemoteWebDriver.java:30)
	at org.openqa.selenium.remote.RemoteWebElement.execute(RemoteWebElement.java:285)
	at org.openqa.selenium.remote.RemoteWebElement.sendKeys(RemoteWebElement.java:106)
	at java.base/jdk.internal.reflect.NativeMethodAccessorImpl.invoke0(Native Method)
	at java.base/jdk.internal.reflect.NativeMethodAccessorImpl.invoke(NativeMethodAccessorImpl.java:77)
	at java.base/jdk.internal.reflect.DelegatingMethodAccessorImpl.invoke(DelegatingMethodAccessorImpl.java:43)
	at org.openqa.selenium.support.events.EventFiringWebDriver$EventFiringWebElement.lambda$new$0(EventFiringWebDriver.java:404)
	at jdk.proxy2/jdk.proxy2.$Proxy24.sendKeys(Unknown Source)
	at org.openqa.selenium.support.events.EventFiringWebDriver$EventFiringWebElement.sendKeys(EventFiringWebDriver.java:429)
	at com.kms.katalon.core.webui.keyword.builtin.SetTextKeyword$_setText_closure1.doCall(SetTextKeyword.groovy:71)
	at com.kms.katalon.core.webui.keyword.builtin.SetTextKeyword$_setText_closure1.call(SetTextKeyword.groovy)
	at com.kms.katalon.core.webui.keyword.internal.WebUIKeywordMain.runKeyword(WebUIKeywordMain.groovy:35)
	at com.kms.katalon.core.webui.keyword.builtin.SetTextKeyword.setText(SetTextKeyword.groovy:85)
	at com.kms.katalon.core.webui.keyword.builtin.SetTextKeyword.execute(SetTextKeyword.groovy:39)
	at com.kms.katalon.core.keyword.internal.KeywordExecutor.executeKeywordForPlatform(KeywordExecutor.groovy:74)
	at com.kms.katalon.core.webui.keyword.WebUiBuiltInKeywords.setText(WebUiBuiltInKeywords.groovy:1019)
	at com.test.swaglabs.CustomLogin.WebLoginSecondAccount(CustomLogin.groovy:47)
	at java.base/jdk.internal.reflect.NativeMethodAccessorImpl.invoke0(Native Method)
	at java.base/jdk.internal.reflect.NativeMethodAccessorImpl.invoke(NativeMethodAccessorImpl.java:77)
	at java.base/jdk.internal.reflect.DelegatingMethodAccessorImpl.invoke(DelegatingMethodAccessorImpl.java:43)
	at com.kms.katalon.core.main.CustomKeywordDelegatingMetaClass.invokeStaticMethod(CustomKeywordDelegatingMetaClass.java:55)
	at Script1738220673484.run(Script1738220673484.groovy:24)
	... 15 more
)</message>
  <nestedLevel>1</nestedLevel>
  <escapedJava>false</escapedJava>
  <property name="failed.exception.class">org.openqa.selenium.NoSuchSessionException</property>
  <property name="failed.exception.stacktrace">org.openqa.selenium.NoSuchSessionException: invalid session id: session deleted as the browser has closed the connection
from disconnected: Unable to receive message from renderer
  (Session info: chrome=133.0.6847.2)
Build info: version: &apos;3.141.59&apos;, revision: &apos;unknown&apos;, time: &apos;unknown&apos;
System info: host: &apos;LAPTOP-5GQHVTHK&apos;, ip: &apos;192.168.0.101&apos;, os.name: &apos;Windows 11&apos;, os.arch: &apos;amd64&apos;, os.version: &apos;10.0&apos;, java.version: &apos;17.0.7&apos;
Driver info: com.kms.katalon.selenium.driver.CRemoteWebDriver
Capabilities {acceptInsecureCerts: false, browserName: chrome, browserVersion: 133.0.6847.2, chrome: {chromedriverVersion: 133.0.6847.2 (7e95e23d2d1f8..., userDataDir: C:\Program Files\scoped_dir...}, fedcm:accounts: true, goog:chromeOptions: {debuggerAddress: localhost:9225}, javascriptEnabled: true, katalon:caps: {executionId: cdd7c82a-1701-40a6-b660-ae4..., executionSessionId: c6d9e998-2987-4b33-b88a-2cb...}, katalon:options: {executionId: cdd7c82a-1701-40a6-b660-ae4..., executionSessionId: c6d9e998-2987-4b33-b88a-2cb..., metadata: {accountUuid: fda32340-531c-49aa-a0b7-40d..., organizationId: 1906073, usingTunnel: false}, organizationId: 1906073, runFromTestCloud: true, userId: 1648280, username: innocent.beaver.duja@instan..., usingTunnel: false}, kt:requestId: c6d9e998-2987-4b33-b88a-2cb..., kt:rid: c6d9e998-2987-4b33-b88a-2cb..., networkConnectionEnabled: false, pageLoadStrategy: normal, platform: WINDOWS, platformName: WINDOWS, proxy: Proxy(), se:bidiEnabled: false, se:cdpEnabled: false, setWindowRect: true, strictFileInteractability: false, timeouts: {implicit: 0, pageLoad: 300000, script: 30000}, unhandledPromptBehavior: dismiss and notify, webauthn:extension:credBlob: true, webauthn:extension:largeBlob: true, webauthn:extension:minPinLength: true, webauthn:extension:prf: true, webauthn:virtualAuthenticators: true}
Session ID: 1ae20fc80859ba37018823a68614b642
	at jdk.internal.reflect.GeneratedConstructorAccessor22.newInstance(Unknown Source)
	at java.base/jdk.internal.reflect.DelegatingConstructorAccessorImpl.newInstance(DelegatingConstructorAccessorImpl.java:45)
	at org.openqa.selenium.remote.http.W3CHttpResponseCodec.createException(W3CHttpResponseCodec.java:187)
	at org.openqa.selenium.remote.http.W3CHttpResponseCodec.decode(W3CHttpResponseCodec.java:122)
	at org.openqa.selenium.remote.http.W3CHttpResponseCodec.decode(W3CHttpResponseCodec.java:49)
	at org.openqa.selenium.remote.HttpCommandExecutor.execute(HttpCommandExecutor.java:158)
	at org.openqa.selenium.remote.RemoteWebDriver.execute(RemoteWebDriver.java:552)
	at com.kms.katalon.selenium.driver.CRemoteWebDriver.execute(CRemoteWebDriver.java:30)
	at org.openqa.selenium.remote.RemoteWebElement.execute(RemoteWebElement.java:285)
	at org.openqa.selenium.remote.RemoteWebElement.sendKeys(RemoteWebElement.java:106)
	at java.base/jdk.internal.reflect.NativeMethodAccessorImpl.invoke0(Native Method)
	at java.base/jdk.internal.reflect.NativeMethodAccessorImpl.invoke(NativeMethodAccessorImpl.java:77)
	at java.base/jdk.internal.reflect.DelegatingMethodAccessorImpl.invoke(DelegatingMethodAccessorImpl.java:43)
	at org.openqa.selenium.support.events.EventFiringWebDriver$EventFiringWebElement.lambda$new$0(EventFiringWebDriver.java:404)
	at jdk.proxy2/jdk.proxy2.$Proxy24.sendKeys(Unknown Source)
	at org.openqa.selenium.support.events.EventFiringWebDriver$EventFiringWebElement.sendKeys(EventFiringWebDriver.java:429)
	at com.kms.katalon.core.webui.keyword.builtin.SetTextKeyword$_setText_closure1.doCall(SetTextKeyword.groovy:71)
	at com.kms.katalon.core.webui.keyword.builtin.SetTextKeyword$_setText_closure1.call(SetTextKeyword.groovy)
	at com.kms.katalon.core.webui.keyword.internal.WebUIKeywordMain.runKeyword(WebUIKeywordMain.groovy:35)
	at com.kms.katalon.core.webui.keyword.builtin.SetTextKeyword.setText(SetTextKeyword.groovy:85)
	at com.kms.katalon.core.webui.keyword.builtin.SetTextKeyword.execute(SetTextKeyword.groovy:39)
	at com.kms.katalon.core.keyword.internal.KeywordExecutor.executeKeywordForPlatform(KeywordExecutor.groovy:74)
	at com.kms.katalon.core.webui.keyword.WebUiBuiltInKeywords.setText(WebUiBuiltInKeywords.groovy:1019)
	at com.test.swaglabs.CustomLogin.WebLoginSecondAccount(CustomLogin.groovy:47)
	at java.base/jdk.internal.reflect.NativeMethodAccessorImpl.invoke0(Native Method)
	at java.base/jdk.internal.reflect.NativeMethodAccessorImpl.invoke(NativeMethodAccessorImpl.java:77)
	at java.base/jdk.internal.reflect.DelegatingMethodAccessorImpl.invoke(DelegatingMethodAccessorImpl.java:43)
	at com.kms.katalon.core.main.CustomKeywordDelegatingMetaClass.invokeStaticMethod(CustomKeywordDelegatingMetaClass.java:55)
	at Login by Second Account - locked_out_user.run(Login by Second Account - locked_out_user:24)
	at com.kms.katalon.core.main.ScriptEngine.run(ScriptEngine.java:194)
	at com.kms.katalon.core.main.ScriptEngine.runScriptAsRawText(ScriptEngine.java:119)
	at com.kms.katalon.core.main.TestCaseExecutor.runScript(TestCaseExecutor.java:448)
	at com.kms.katalon.core.main.TestCaseExecutor.doExecute(TestCaseExecutor.java:439)
	at com.kms.katalon.core.main.TestCaseExecutor.processExecutionPhase(TestCaseExecutor.java:418)
	at com.kms.katalon.core.main.TestCaseExecutor.accessMainPhase(TestCaseExecutor.java:410)
	at com.kms.katalon.core.main.TestCaseExecutor.execute(TestCaseExecutor.java:285)
	at com.kms.katalon.core.common.CommonExecutor.accessTestCaseMainPhase(CommonExecutor.java:65)
	at com.kms.katalon.core.main.TestSuiteExecutor.accessTestSuiteMainPhase(TestSuiteExecutor.java:150)
	at com.kms.katalon.core.main.TestSuiteExecutor.execute(TestSuiteExecutor.java:106)
	at com.kms.katalon.core.main.TestCaseMain.startTestSuite(TestCaseMain.java:180)
	at TempTestSuite1738333839214.run(TempTestSuite1738333839214.groovy:35)
	at java.base/jdk.internal.reflect.NativeMethodAccessorImpl.invoke0(Native Method)
	at java.base/jdk.internal.reflect.NativeMethodAccessorImpl.invoke(NativeMethodAccessorImpl.java:77)
	at java.base/jdk.internal.reflect.DelegatingMethodAccessorImpl.invoke(DelegatingMethodAccessorImpl.java:43)
</property>
  <property name="failed.exception.message">invalid session id: session deleted as the browser has closed the connection
from disconnected: Unable to receive message from renderer
  (Session info: chrome=133.0.6847.2)
Build info: version: &apos;3.141.59&apos;, revision: &apos;unknown&apos;, time: &apos;unknown&apos;
System info: host: &apos;LAPTOP-5GQHVTHK&apos;, ip: &apos;192.168.0.101&apos;, os.name: &apos;Windows 11&apos;, os.arch: &apos;amd64&apos;, os.version: &apos;10.0&apos;, java.version: &apos;17.0.7&apos;
Driver info: com.kms.katalon.selenium.driver.CRemoteWebDriver
Capabilities {acceptInsecureCerts: false, browserName: chrome, browserVersion: 133.0.6847.2, chrome: {chromedriverVersion: 133.0.6847.2 (7e95e23d2d1f8..., userDataDir: C:\Program Files\scoped_dir...}, fedcm:accounts: true, goog:chromeOptions: {debuggerAddress: localhost:9225}, javascriptEnabled: true, katalon:caps: {executionId: cdd7c82a-1701-40a6-b660-ae4..., executionSessionId: c6d9e998-2987-4b33-b88a-2cb...}, katalon:options: {executionId: cdd7c82a-1701-40a6-b660-ae4..., executionSessionId: c6d9e998-2987-4b33-b88a-2cb..., metadata: {accountUuid: fda32340-531c-49aa-a0b7-40d..., organizationId: 1906073, usingTunnel: false}, organizationId: 1906073, runFromTestCloud: true, userId: 1648280, username: innocent.beaver.duja@instan..., usingTunnel: false}, kt:requestId: c6d9e998-2987-4b33-b88a-2cb..., kt:rid: c6d9e998-2987-4b33-b88a-2cb..., networkConnectionEnabled: false, pageLoadStrategy: normal, platform: WINDOWS, platformName: WINDOWS, proxy: Proxy(), se:bidiEnabled: false, se:cdpEnabled: false, setWindowRect: true, strictFileInteractability: false, timeouts: {implicit: 0, pageLoad: 300000, script: 30000}, unhandledPromptBehavior: dismiss and notify, webauthn:extension:credBlob: true, webauthn:extension:largeBlob: true, webauthn:extension:minPinLength: true, webauthn:extension:prf: true, webauthn:virtualAuthenticators: true}
Session ID: 1ae20fc80859ba37018823a68614b642</property>
</record>
<record>
  <date>2025-01-31T14:33:47.136570800Z</date>
  <millis>1738334027136</millis>
  <nanos>570800</nanos>
  <sequence>364</sequence>
  <level>FAILED</level>
  <class>com.kms.katalon.core.logging.XmlKeywordLogger</class>
  <method>logMessage</method>
  <thread>1</thread>
  <message>Unable to set text &amp;apos;locked_out_user&amp;apos; of object &amp;apos;Object Repository/Page_Swag Labs/input_Swag Labs_user-name&amp;apos;</message>
  <nestedLevel>1</nestedLevel>
  <escapedJava>false</escapedJava>
  <property name="failed.exception.class">org.openqa.selenium.NoSuchSessionException</property>
  <property name="failed.exception.stacktrace">org.openqa.selenium.NoSuchSessionException: invalid session id: session deleted as the browser has closed the connection
from disconnected: Unable to receive message from renderer
  (Session info: chrome=133.0.6847.2)
Build info: version: &apos;3.141.59&apos;, revision: &apos;unknown&apos;, time: &apos;unknown&apos;
System info: host: &apos;LAPTOP-5GQHVTHK&apos;, ip: &apos;192.168.0.101&apos;, os.name: &apos;Windows 11&apos;, os.arch: &apos;amd64&apos;, os.version: &apos;10.0&apos;, java.version: &apos;17.0.7&apos;
Driver info: com.kms.katalon.selenium.driver.CRemoteWebDriver
Capabilities {acceptInsecureCerts: false, browserName: chrome, browserVersion: 133.0.6847.2, chrome: {chromedriverVersion: 133.0.6847.2 (7e95e23d2d1f8..., userDataDir: C:\Program Files\scoped_dir...}, fedcm:accounts: true, goog:chromeOptions: {debuggerAddress: localhost:9225}, javascriptEnabled: true, katalon:caps: {executionId: cdd7c82a-1701-40a6-b660-ae4..., executionSessionId: c6d9e998-2987-4b33-b88a-2cb...}, katalon:options: {executionId: cdd7c82a-1701-40a6-b660-ae4..., executionSessionId: c6d9e998-2987-4b33-b88a-2cb..., metadata: {accountUuid: fda32340-531c-49aa-a0b7-40d..., organizationId: 1906073, usingTunnel: false}, organizationId: 1906073, runFromTestCloud: true, userId: 1648280, username: innocent.beaver.duja@instan..., usingTunnel: false}, kt:requestId: c6d9e998-2987-4b33-b88a-2cb..., kt:rid: c6d9e998-2987-4b33-b88a-2cb..., networkConnectionEnabled: false, pageLoadStrategy: normal, platform: WINDOWS, platformName: WINDOWS, proxy: Proxy(), se:bidiEnabled: false, se:cdpEnabled: false, setWindowRect: true, strictFileInteractability: false, timeouts: {implicit: 0, pageLoad: 300000, script: 30000}, unhandledPromptBehavior: dismiss and notify, webauthn:extension:credBlob: true, webauthn:extension:largeBlob: true, webauthn:extension:minPinLength: true, webauthn:extension:prf: true, webauthn:virtualAuthenticators: true}
Session ID: 1ae20fc80859ba37018823a68614b642
	at jdk.internal.reflect.GeneratedConstructorAccessor22.newInstance(Unknown Source)
	at java.base/jdk.internal.reflect.DelegatingConstructorAccessorImpl.newInstance(DelegatingConstructorAccessorImpl.java:45)
	at org.openqa.selenium.remote.http.W3CHttpResponseCodec.createException(W3CHttpResponseCodec.java:187)
	at org.openqa.selenium.remote.http.W3CHttpResponseCodec.decode(W3CHttpResponseCodec.java:122)
	at org.openqa.selenium.remote.http.W3CHttpResponseCodec.decode(W3CHttpResponseCodec.java:49)
	at org.openqa.selenium.remote.HttpCommandExecutor.execute(HttpCommandExecutor.java:158)
	at org.openqa.selenium.remote.RemoteWebDriver.execute(RemoteWebDriver.java:552)
	at com.kms.katalon.selenium.driver.CRemoteWebDriver.execute(CRemoteWebDriver.java:30)
	at org.openqa.selenium.remote.RemoteWebElement.execute(RemoteWebElement.java:285)
	at org.openqa.selenium.remote.RemoteWebElement.sendKeys(RemoteWebElement.java:106)
	at java.base/jdk.internal.reflect.NativeMethodAccessorImpl.invoke0(Native Method)
	at java.base/jdk.internal.reflect.NativeMethodAccessorImpl.invoke(NativeMethodAccessorImpl.java:77)
	at java.base/jdk.internal.reflect.DelegatingMethodAccessorImpl.invoke(DelegatingMethodAccessorImpl.java:43)
	at org.openqa.selenium.support.events.EventFiringWebDriver$EventFiringWebElement.lambda$new$0(EventFiringWebDriver.java:404)
	at jdk.proxy2/jdk.proxy2.$Proxy24.sendKeys(Unknown Source)
	at org.openqa.selenium.support.events.EventFiringWebDriver$EventFiringWebElement.sendKeys(EventFiringWebDriver.java:429)
	at com.kms.katalon.core.webui.keyword.builtin.SetTextKeyword$_setText_closure1.doCall(SetTextKeyword.groovy:71)
	at com.kms.katalon.core.webui.keyword.builtin.SetTextKeyword$_setText_closure1.call(SetTextKeyword.groovy)
	at com.kms.katalon.core.webui.keyword.internal.WebUIKeywordMain.runKeyword(WebUIKeywordMain.groovy:35)
	at com.kms.katalon.core.webui.keyword.builtin.SetTextKeyword.setText(SetTextKeyword.groovy:85)
	at com.kms.katalon.core.webui.keyword.builtin.SetTextKeyword.execute(SetTextKeyword.groovy:39)
	at com.kms.katalon.core.keyword.internal.KeywordExecutor.executeKeywordForPlatform(KeywordExecutor.groovy:74)
	at com.kms.katalon.core.webui.keyword.WebUiBuiltInKeywords.setText(WebUiBuiltInKeywords.groovy:1019)
	at com.test.swaglabs.CustomLogin.WebLoginSecondAccount(CustomLogin.groovy:47)
	at java.base/jdk.internal.reflect.NativeMethodAccessorImpl.invoke0(Native Method)
	at java.base/jdk.internal.reflect.NativeMethodAccessorImpl.invoke(NativeMethodAccessorImpl.java:77)
	at java.base/jdk.internal.reflect.DelegatingMethodAccessorImpl.invoke(DelegatingMethodAccessorImpl.java:43)
	at com.kms.katalon.core.main.CustomKeywordDelegatingMetaClass.invokeStaticMethod(CustomKeywordDelegatingMetaClass.java:55)
	at Login by Second Account - locked_out_user.run(Login by Second Account - locked_out_user:24)
	at com.kms.katalon.core.main.ScriptEngine.run(ScriptEngine.java:194)
	at com.kms.katalon.core.main.ScriptEngine.runScriptAsRawText(ScriptEngine.java:119)
	at com.kms.katalon.core.main.TestCaseExecutor.runScript(TestCaseExecutor.java:448)
	at com.kms.katalon.core.main.TestCaseExecutor.doExecute(TestCaseExecutor.java:439)
	at com.kms.katalon.core.main.TestCaseExecutor.processExecutionPhase(TestCaseExecutor.java:418)
	at com.kms.katalon.core.main.TestCaseExecutor.accessMainPhase(TestCaseExecutor.java:410)
	at com.kms.katalon.core.main.TestCaseExecutor.execute(TestCaseExecutor.java:285)
	at com.kms.katalon.core.common.CommonExecutor.accessTestCaseMainPhase(CommonExecutor.java:65)
	at com.kms.katalon.core.main.TestSuiteExecutor.accessTestSuiteMainPhase(TestSuiteExecutor.java:150)
	at com.kms.katalon.core.main.TestSuiteExecutor.execute(TestSuiteExecutor.java:106)
	at com.kms.katalon.core.main.TestCaseMain.startTestSuite(TestCaseMain.java:180)
	at TempTestSuite1738333839214.run(TempTestSuite1738333839214.groovy:35)
	at java.base/jdk.internal.reflect.NativeMethodAccessorImpl.invoke0(Native Method)
	at java.base/jdk.internal.reflect.NativeMethodAccessorImpl.invoke(NativeMethodAccessorImpl.java:77)
	at java.base/jdk.internal.reflect.DelegatingMethodAccessorImpl.invoke(DelegatingMethodAccessorImpl.java:43)
</property>
  <property name="failed.exception.message">invalid session id: session deleted as the browser has closed the connection
from disconnected: Unable to receive message from renderer
  (Session info: chrome=133.0.6847.2)
Build info: version: &apos;3.141.59&apos;, revision: &apos;unknown&apos;, time: &apos;unknown&apos;
System info: host: &apos;LAPTOP-5GQHVTHK&apos;, ip: &apos;192.168.0.101&apos;, os.name: &apos;Windows 11&apos;, os.arch: &apos;amd64&apos;, os.version: &apos;10.0&apos;, java.version: &apos;17.0.7&apos;
Driver info: com.kms.katalon.selenium.driver.CRemoteWebDriver
Capabilities {acceptInsecureCerts: false, browserName: chrome, browserVersion: 133.0.6847.2, chrome: {chromedriverVersion: 133.0.6847.2 (7e95e23d2d1f8..., userDataDir: C:\Program Files\scoped_dir...}, fedcm:accounts: true, goog:chromeOptions: {debuggerAddress: localhost:9225}, javascriptEnabled: true, katalon:caps: {executionId: cdd7c82a-1701-40a6-b660-ae4..., executionSessionId: c6d9e998-2987-4b33-b88a-2cb...}, katalon:options: {executionId: cdd7c82a-1701-40a6-b660-ae4..., executionSessionId: c6d9e998-2987-4b33-b88a-2cb..., metadata: {accountUuid: fda32340-531c-49aa-a0b7-40d..., organizationId: 1906073, usingTunnel: false}, organizationId: 1906073, runFromTestCloud: true, userId: 1648280, username: innocent.beaver.duja@instan..., usingTunnel: false}, kt:requestId: c6d9e998-2987-4b33-b88a-2cb..., kt:rid: c6d9e998-2987-4b33-b88a-2cb..., networkConnectionEnabled: false, pageLoadStrategy: normal, platform: WINDOWS, platformName: WINDOWS, proxy: Proxy(), se:bidiEnabled: false, se:cdpEnabled: false, setWindowRect: true, strictFileInteractability: false, timeouts: {implicit: 0, pageLoad: 300000, script: 30000}, unhandledPromptBehavior: dismiss and notify, webauthn:extension:credBlob: true, webauthn:extension:largeBlob: true, webauthn:extension:minPinLength: true, webauthn:extension:prf: true, webauthn:virtualAuthenticators: true}
Session ID: 1ae20fc80859ba37018823a68614b642</property>
</record>
<record>
  <date>2025-01-31T14:33:47.137571900Z</date>
  <millis>1738334027137</millis>
  <nanos>571900</nanos>
  <sequence>367</sequence>
  <level>END</level>
  <class>com.kms.katalon.core.logging.XmlKeywordLogger</class>
  <method>endKeyword</method>
  <thread>1</thread>
  <message>End action : com.test.swaglabs.CustomLogin.WebLoginSecondAccount()</message>
  <nestedLevel>1</nestedLevel>
  <escapedJava>false</escapedJava>
</record>
<record>
  <date>2025-01-31T14:33:47.138573200Z</date>
  <millis>1738334027138</millis>
  <nanos>573200</nanos>
  <sequence>370</sequence>
  <level>FAILED</level>
  <class>com.kms.katalon.core.logging.XmlKeywordLogger</class>
  <method>logMessage</method>
  <thread>1</thread>
  <message>Test Cases/Login by Second Account - locked_out_user FAILED.
Reason:
com.kms.katalon.core.exception.StepFailedException: Unable to set text &amp;apos;locked_out_user&amp;apos; of object &amp;apos;Object Repository/Page_Swag Labs/input_Swag Labs_user-name&amp;apos;
	at com.kms.katalon.core.webui.keyword.internal.WebUIKeywordMain.stepFailed(WebUIKeywordMain.groovy:117)
	at com.kms.katalon.core.webui.keyword.internal.WebUIKeywordMain.runKeyword(WebUIKeywordMain.groovy:43)
	at com.kms.katalon.core.webui.keyword.builtin.SetTextKeyword.setText(SetTextKeyword.groovy:85)
	at com.kms.katalon.core.webui.keyword.builtin.SetTextKeyword.execute(SetTextKeyword.groovy:39)
	at com.kms.katalon.core.keyword.internal.KeywordExecutor.executeKeywordForPlatform(KeywordExecutor.groovy:74)
	at com.kms.katalon.core.webui.keyword.WebUiBuiltInKeywords.setText(WebUiBuiltInKeywords.groovy:1019)
	at com.test.swaglabs.CustomLogin.WebLoginSecondAccount(CustomLogin.groovy:47)
	at java.base/jdk.internal.reflect.NativeMethodAccessorImpl.invoke0(Native Method)
	at java.base/jdk.internal.reflect.NativeMethodAccessorImpl.invoke(NativeMethodAccessorImpl.java:77)
	at java.base/jdk.internal.reflect.DelegatingMethodAccessorImpl.invoke(DelegatingMethodAccessorImpl.java:43)
	at com.kms.katalon.core.main.CustomKeywordDelegatingMetaClass.invokeStaticMethod(CustomKeywordDelegatingMetaClass.java:55)
	at Login by Second Account - locked_out_user.run(Login by Second Account - locked_out_user:24)
	at com.kms.katalon.core.main.ScriptEngine.run(ScriptEngine.java:194)
	at com.kms.katalon.core.main.ScriptEngine.runScriptAsRawText(ScriptEngine.java:119)
	at com.kms.katalon.core.main.TestCaseExecutor.runScript(TestCaseExecutor.java:448)
	at com.kms.katalon.core.main.TestCaseExecutor.doExecute(TestCaseExecutor.java:439)
	at com.kms.katalon.core.main.TestCaseExecutor.processExecutionPhase(TestCaseExecutor.java:418)
	at com.kms.katalon.core.main.TestCaseExecutor.accessMainPhase(TestCaseExecutor.java:410)
	at com.kms.katalon.core.main.TestCaseExecutor.execute(TestCaseExecutor.java:285)
	at com.kms.katalon.core.common.CommonExecutor.accessTestCaseMainPhase(CommonExecutor.java:65)
	at com.kms.katalon.core.main.TestSuiteExecutor.accessTestSuiteMainPhase(TestSuiteExecutor.java:150)
	at com.kms.katalon.core.main.TestSuiteExecutor.execute(TestSuiteExecutor.java:106)
	at com.kms.katalon.core.main.TestCaseMain.startTestSuite(TestCaseMain.java:180)
	at TempTestSuite1738333839214.run(TempTestSuite1738333839214.groovy:35)
	at java.base/jdk.internal.reflect.NativeMethodAccessorImpl.invoke0(Native Method)
	at java.base/jdk.internal.reflect.NativeMethodAccessorImpl.invoke(NativeMethodAccessorImpl.java:77)
	at java.base/jdk.internal.reflect.DelegatingMethodAccessorImpl.invoke(DelegatingMethodAccessorImpl.java:43)
Caused by: org.openqa.selenium.NoSuchSessionException: invalid session id: session deleted as the browser has closed the connection
from disconnected: Unable to receive message from renderer
  (Session info: chrome=133.0.6847.2)
Build info: version: &amp;apos;3.141.59&amp;apos;, revision: &amp;apos;unknown&amp;apos;, time: &amp;apos;unknown&amp;apos;
System info: host: &amp;apos;LAPTOP-5GQHVTHK&amp;apos;, ip: &amp;apos;192.168.0.101&amp;apos;, os.name: &amp;apos;Windows 11&amp;apos;, os.arch: &amp;apos;amd64&amp;apos;, os.version: &amp;apos;10.0&amp;apos;, java.version: &amp;apos;17.0.7&amp;apos;
Driver info: com.kms.katalon.selenium.driver.CRemoteWebDriver
Capabilities {acceptInsecureCerts: false, browserName: chrome, browserVersion: 133.0.6847.2, chrome: {chromedriverVersion: 133.0.6847.2 (7e95e23d2d1f8..., userDataDir: C:\Program Files\scoped_dir...}, fedcm:accounts: true, goog:chromeOptions: {debuggerAddress: localhost:9225}, javascriptEnabled: true, katalon:caps: {executionId: cdd7c82a-1701-40a6-b660-ae4..., executionSessionId: c6d9e998-2987-4b33-b88a-2cb...}, katalon:options: {executionId: cdd7c82a-1701-40a6-b660-ae4..., executionSessionId: c6d9e998-2987-4b33-b88a-2cb..., metadata: {accountUuid: fda32340-531c-49aa-a0b7-40d..., organizationId: 1906073, usingTunnel: false}, organizationId: 1906073, runFromTestCloud: true, userId: 1648280, username: innocent.beaver.duja@instan..., usingTunnel: false}, kt:requestId: c6d9e998-2987-4b33-b88a-2cb..., kt:rid: c6d9e998-2987-4b33-b88a-2cb..., networkConnectionEnabled: false, pageLoadStrategy: normal, platform: WINDOWS, platformName: WINDOWS, proxy: Proxy(), se:bidiEnabled: false, se:cdpEnabled: false, setWindowRect: true, strictFileInteractability: false, timeouts: {implicit: 0, pageLoad: 300000, script: 30000}, unhandledPromptBehavior: dismiss and notify, webauthn:extension:credBlob: true, webauthn:extension:largeBlob: true, webauthn:extension:minPinLength: true, webauthn:extension:prf: true, webauthn:virtualAuthenticators: true}
Session ID: 1ae20fc80859ba37018823a68614b642
	at jdk.internal.reflect.GeneratedConstructorAccessor22.newInstance(Unknown Source)
	at java.base/jdk.internal.reflect.DelegatingConstructorAccessorImpl.newInstance(DelegatingConstructorAccessorImpl.java:45)
	at org.openqa.selenium.remote.http.W3CHttpResponseCodec.createException(W3CHttpResponseCodec.java:187)
	at org.openqa.selenium.remote.http.W3CHttpResponseCodec.decode(W3CHttpResponseCodec.java:122)
	at org.openqa.selenium.remote.http.W3CHttpResponseCodec.decode(W3CHttpResponseCodec.java:49)
	at org.openqa.selenium.remote.HttpCommandExecutor.execute(HttpCommandExecutor.java:158)
	at org.openqa.selenium.remote.RemoteWebDriver.execute(RemoteWebDriver.java:552)
	at com.kms.katalon.selenium.driver.CRemoteWebDriver.execute(CRemoteWebDriver.java:30)
	at org.openqa.selenium.remote.RemoteWebElement.execute(RemoteWebElement.java:285)
	at org.openqa.selenium.remote.RemoteWebElement.sendKeys(RemoteWebElement.java:106)
	at java.base/jdk.internal.reflect.NativeMethodAccessorImpl.invoke0(Native Method)
	at java.base/jdk.internal.reflect.NativeMethodAccessorImpl.invoke(NativeMethodAccessorImpl.java:77)
	at java.base/jdk.internal.reflect.DelegatingMethodAccessorImpl.invoke(DelegatingMethodAccessorImpl.java:43)
	at org.openqa.selenium.support.events.EventFiringWebDriver$EventFiringWebElement.lambda$new$0(EventFiringWebDriver.java:404)
	at jdk.proxy2/jdk.proxy2.$Proxy24.sendKeys(Unknown Source)
	at org.openqa.selenium.support.events.EventFiringWebDriver$EventFiringWebElement.sendKeys(EventFiringWebDriver.java:429)
	at com.kms.katalon.core.webui.keyword.builtin.SetTextKeyword$_setText_closure1.doCall(SetTextKeyword.groovy:71)
	at com.kms.katalon.core.webui.keyword.builtin.SetTextKeyword$_setText_closure1.call(SetTextKeyword.groovy)
	at com.kms.katalon.core.webui.keyword.internal.WebUIKeywordMain.runKeyword(WebUIKeywordMain.groovy:35)
	... 25 more
</message>
  <exception>
    <message>com.kms.katalon.core.exception.StepFailedException: Unable to set text 'locked_out_user' of object 'Object Repository/Page_Swag Labs/input_Swag Labs_user-name'</message>
    <frame>
      <class>com.kms.katalon.core.webui.keyword.internal.WebUIKeywordMain</class>
      <method>stepFailed</method>
      <line>117</line>
    </frame>
    <frame>
      <class>com.kms.katalon.core.webui.keyword.internal.WebUIKeywordMain</class>
      <method>runKeyword</method>
      <line>43</line>
    </frame>
    <frame>
      <class>com.kms.katalon.core.webui.keyword.builtin.SetTextKeyword</class>
      <method>setText</method>
      <line>85</line>
    </frame>
    <frame>
      <class>com.kms.katalon.core.webui.keyword.builtin.SetTextKeyword</class>
      <method>execute</method>
      <line>39</line>
    </frame>
    <frame>
      <class>com.kms.katalon.core.keyword.internal.KeywordExecutor</class>
      <method>executeKeywordForPlatform</method>
      <line>74</line>
    </frame>
    <frame>
      <class>com.kms.katalon.core.webui.keyword.WebUiBuiltInKeywords</class>
      <method>setText</method>
      <line>1019</line>
    </frame>
    <frame>
      <class>com.test.swaglabs.CustomLogin</class>
      <method>WebLoginSecondAccount</method>
      <line>47</line>
    </frame>
    <frame>
      <class>jdk.internal.reflect.NativeMethodAccessorImpl</class>
      <method>invoke0</method>
    </frame>
    <frame>
      <class>jdk.internal.reflect.NativeMethodAccessorImpl</class>
      <method>invoke</method>
      <line>77</line>
    </frame>
    <frame>
      <class>jdk.internal.reflect.DelegatingMethodAccessorImpl</class>
      <method>invoke</method>
      <line>43</line>
    </frame>
    <frame>
      <class>com.kms.katalon.core.main.CustomKeywordDelegatingMetaClass</class>
      <method>invokeStaticMethod</method>
      <line>55</line>
    </frame>
    <frame>
      <class>Login by Second Account - locked_out_user</class>
      <method>run</method>
      <line>24</line>
    </frame>
    <frame>
      <class>com.kms.katalon.core.main.ScriptEngine</class>
      <method>run</method>
      <line>194</line>
    </frame>
    <frame>
      <class>com.kms.katalon.core.main.ScriptEngine</class>
      <method>runScriptAsRawText</method>
      <line>119</line>
    </frame>
    <frame>
      <class>com.kms.katalon.core.main.TestCaseExecutor</class>
      <method>runScript</method>
      <line>448</line>
    </frame>
    <frame>
      <class>com.kms.katalon.core.main.TestCaseExecutor</class>
      <method>doExecute</method>
      <line>439</line>
    </frame>
    <frame>
      <class>com.kms.katalon.core.main.TestCaseExecutor</class>
      <method>processExecutionPhase</method>
      <line>418</line>
    </frame>
    <frame>
      <class>com.kms.katalon.core.main.TestCaseExecutor</class>
      <method>accessMainPhase</method>
      <line>410</line>
    </frame>
    <frame>
      <class>com.kms.katalon.core.main.TestCaseExecutor</class>
      <method>execute</method>
      <line>285</line>
    </frame>
    <frame>
      <class>com.kms.katalon.core.common.CommonExecutor</class>
      <method>accessTestCaseMainPhase</method>
      <line>65</line>
    </frame>
    <frame>
      <class>com.kms.katalon.core.main.TestSuiteExecutor</class>
      <method>accessTestSuiteMainPhase</method>
      <line>150</line>
    </frame>
    <frame>
      <class>com.kms.katalon.core.main.TestSuiteExecutor</class>
      <method>execute</method>
      <line>106</line>
    </frame>
    <frame>
      <class>com.kms.katalon.core.main.TestCaseMain</class>
      <method>startTestSuite</method>
      <line>180</line>
    </frame>
    <frame>
      <class>TempTestSuite1738333839214</class>
      <method>run</method>
      <line>35</line>
    </frame>
    <frame>
      <class>jdk.internal.reflect.NativeMethodAccessorImpl</class>
      <method>invoke0</method>
    </frame>
    <frame>
      <class>jdk.internal.reflect.NativeMethodAccessorImpl</class>
      <method>invoke</method>
      <line>77</line>
    </frame>
    <frame>
      <class>jdk.internal.reflect.DelegatingMethodAccessorImpl</class>
      <method>invoke</method>
      <line>43</line>
    </frame>
  </exception>
  <nestedLevel>0</nestedLevel>
  <escapedJava>false</escapedJava>
  <property name="failed.exception.stacktrace">org.openqa.selenium.NoSuchSessionException: invalid session id: session deleted as the browser has closed the connection
from disconnected: Unable to receive message from renderer
  (Session info: chrome=133.0.6847.2)
Build info: version: &apos;3.141.59&apos;, revision: &apos;unknown&apos;, time: &apos;unknown&apos;
System info: host: &apos;LAPTOP-5GQHVTHK&apos;, ip: &apos;192.168.0.101&apos;, os.name: &apos;Windows 11&apos;, os.arch: &apos;amd64&apos;, os.version: &apos;10.0&apos;, java.version: &apos;17.0.7&apos;
Driver info: com.kms.katalon.selenium.driver.CRemoteWebDriver
Capabilities {acceptInsecureCerts: false, browserName: chrome, browserVersion: 133.0.6847.2, chrome: {chromedriverVersion: 133.0.6847.2 (7e95e23d2d1f8..., userDataDir: C:\Program Files\scoped_dir...}, fedcm:accounts: true, goog:chromeOptions: {debuggerAddress: localhost:9225}, javascriptEnabled: true, katalon:caps: {executionId: cdd7c82a-1701-40a6-b660-ae4..., executionSessionId: c6d9e998-2987-4b33-b88a-2cb...}, katalon:options: {executionId: cdd7c82a-1701-40a6-b660-ae4..., executionSessionId: c6d9e998-2987-4b33-b88a-2cb..., metadata: {accountUuid: fda32340-531c-49aa-a0b7-40d..., organizationId: 1906073, usingTunnel: false}, organizationId: 1906073, runFromTestCloud: true, userId: 1648280, username: innocent.beaver.duja@instan..., usingTunnel: false}, kt:requestId: c6d9e998-2987-4b33-b88a-2cb..., kt:rid: c6d9e998-2987-4b33-b88a-2cb..., networkConnectionEnabled: false, pageLoadStrategy: normal, platform: WINDOWS, platformName: WINDOWS, proxy: Proxy(), se:bidiEnabled: false, se:cdpEnabled: false, setWindowRect: true, strictFileInteractability: false, timeouts: {implicit: 0, pageLoad: 300000, script: 30000}, unhandledPromptBehavior: dismiss and notify, webauthn:extension:credBlob: true, webauthn:extension:largeBlob: true, webauthn:extension:minPinLength: true, webauthn:extension:prf: true, webauthn:virtualAuthenticators: true}
Session ID: 1ae20fc80859ba37018823a68614b642
	at jdk.internal.reflect.GeneratedConstructorAccessor22.newInstance(Unknown Source)
	at java.base/jdk.internal.reflect.DelegatingConstructorAccessorImpl.newInstance(DelegatingConstructorAccessorImpl.java:45)
	at org.openqa.selenium.remote.http.W3CHttpResponseCodec.createException(W3CHttpResponseCodec.java:187)
	at org.openqa.selenium.remote.http.W3CHttpResponseCodec.decode(W3CHttpResponseCodec.java:122)
	at org.openqa.selenium.remote.http.W3CHttpResponseCodec.decode(W3CHttpResponseCodec.java:49)
	at org.openqa.selenium.remote.HttpCommandExecutor.execute(HttpCommandExecutor.java:158)
	at org.openqa.selenium.remote.RemoteWebDriver.execute(RemoteWebDriver.java:552)
	at com.kms.katalon.selenium.driver.CRemoteWebDriver.execute(CRemoteWebDriver.java:30)
	at org.openqa.selenium.remote.RemoteWebElement.execute(RemoteWebElement.java:285)
	at org.openqa.selenium.remote.RemoteWebElement.sendKeys(RemoteWebElement.java:106)
	at java.base/jdk.internal.reflect.NativeMethodAccessorImpl.invoke0(Native Method)
	at java.base/jdk.internal.reflect.NativeMethodAccessorImpl.invoke(NativeMethodAccessorImpl.java:77)
	at java.base/jdk.internal.reflect.DelegatingMethodAccessorImpl.invoke(DelegatingMethodAccessorImpl.java:43)
	at org.openqa.selenium.support.events.EventFiringWebDriver$EventFiringWebElement.lambda$new$0(EventFiringWebDriver.java:404)
	at jdk.proxy2/jdk.proxy2.$Proxy24.sendKeys(Unknown Source)
	at org.openqa.selenium.support.events.EventFiringWebDriver$EventFiringWebElement.sendKeys(EventFiringWebDriver.java:429)
	at com.kms.katalon.core.webui.keyword.builtin.SetTextKeyword$_setText_closure1.doCall(SetTextKeyword.groovy:71)
	at com.kms.katalon.core.webui.keyword.builtin.SetTextKeyword$_setText_closure1.call(SetTextKeyword.groovy)
	at com.kms.katalon.core.webui.keyword.internal.WebUIKeywordMain.runKeyword(WebUIKeywordMain.groovy:35)
	at com.kms.katalon.core.webui.keyword.builtin.SetTextKeyword.setText(SetTextKeyword.groovy:85)
	at com.kms.katalon.core.webui.keyword.builtin.SetTextKeyword.execute(SetTextKeyword.groovy:39)
	at com.kms.katalon.core.keyword.internal.KeywordExecutor.executeKeywordForPlatform(KeywordExecutor.groovy:74)
	at com.kms.katalon.core.webui.keyword.WebUiBuiltInKeywords.setText(WebUiBuiltInKeywords.groovy:1019)
	at com.test.swaglabs.CustomLogin.WebLoginSecondAccount(CustomLogin.groovy:47)
	at java.base/jdk.internal.reflect.NativeMethodAccessorImpl.invoke0(Native Method)
	at java.base/jdk.internal.reflect.NativeMethodAccessorImpl.invoke(NativeMethodAccessorImpl.java:77)
	at java.base/jdk.internal.reflect.DelegatingMethodAccessorImpl.invoke(DelegatingMethodAccessorImpl.java:43)
	at com.kms.katalon.core.main.CustomKeywordDelegatingMetaClass.invokeStaticMethod(CustomKeywordDelegatingMetaClass.java:55)
	at Login by Second Account - locked_out_user.run(Login by Second Account - locked_out_user:24)
	at com.kms.katalon.core.main.ScriptEngine.run(ScriptEngine.java:194)
	at com.kms.katalon.core.main.ScriptEngine.runScriptAsRawText(ScriptEngine.java:119)
	at com.kms.katalon.core.main.TestCaseExecutor.runScript(TestCaseExecutor.java:448)
	at com.kms.katalon.core.main.TestCaseExecutor.doExecute(TestCaseExecutor.java:439)
	at com.kms.katalon.core.main.TestCaseExecutor.processExecutionPhase(TestCaseExecutor.java:418)
	at com.kms.katalon.core.main.TestCaseExecutor.accessMainPhase(TestCaseExecutor.java:410)
	at com.kms.katalon.core.main.TestCaseExecutor.execute(TestCaseExecutor.java:285)
	at com.kms.katalon.core.common.CommonExecutor.accessTestCaseMainPhase(CommonExecutor.java:65)
	at com.kms.katalon.core.main.TestSuiteExecutor.accessTestSuiteMainPhase(TestSuiteExecutor.java:150)
	at com.kms.katalon.core.main.TestSuiteExecutor.execute(TestSuiteExecutor.java:106)
	at com.kms.katalon.core.main.TestCaseMain.startTestSuite(TestCaseMain.java:180)
	at TempTestSuite1738333839214.run(TempTestSuite1738333839214.groovy:35)
	at java.base/jdk.internal.reflect.NativeMethodAccessorImpl.invoke0(Native Method)
	at java.base/jdk.internal.reflect.NativeMethodAccessorImpl.invoke(NativeMethodAccessorImpl.java:77)
	at java.base/jdk.internal.reflect.DelegatingMethodAccessorImpl.invoke(DelegatingMethodAccessorImpl.java:43)
</property>
  <property name="failed.exception.class">org.openqa.selenium.NoSuchSessionException</property>
  <property name="failed.exception.message">invalid session id: session deleted as the browser has closed the connection
from disconnected: Unable to receive message from renderer
  (Session info: chrome=133.0.6847.2)
Build info: version: &apos;3.141.59&apos;, revision: &apos;unknown&apos;, time: &apos;unknown&apos;
System info: host: &apos;LAPTOP-5GQHVTHK&apos;, ip: &apos;192.168.0.101&apos;, os.name: &apos;Windows 11&apos;, os.arch: &apos;amd64&apos;, os.version: &apos;10.0&apos;, java.version: &apos;17.0.7&apos;
Driver info: com.kms.katalon.selenium.driver.CRemoteWebDriver
Capabilities {acceptInsecureCerts: false, browserName: chrome, browserVersion: 133.0.6847.2, chrome: {chromedriverVersion: 133.0.6847.2 (7e95e23d2d1f8..., userDataDir: C:\Program Files\scoped_dir...}, fedcm:accounts: true, goog:chromeOptions: {debuggerAddress: localhost:9225}, javascriptEnabled: true, katalon:caps: {executionId: cdd7c82a-1701-40a6-b660-ae4..., executionSessionId: c6d9e998-2987-4b33-b88a-2cb...}, katalon:options: {executionId: cdd7c82a-1701-40a6-b660-ae4..., executionSessionId: c6d9e998-2987-4b33-b88a-2cb..., metadata: {accountUuid: fda32340-531c-49aa-a0b7-40d..., organizationId: 1906073, usingTunnel: false}, organizationId: 1906073, runFromTestCloud: true, userId: 1648280, username: innocent.beaver.duja@instan..., usingTunnel: false}, kt:requestId: c6d9e998-2987-4b33-b88a-2cb..., kt:rid: c6d9e998-2987-4b33-b88a-2cb..., networkConnectionEnabled: false, pageLoadStrategy: normal, platform: WINDOWS, platformName: WINDOWS, proxy: Proxy(), se:bidiEnabled: false, se:cdpEnabled: false, setWindowRect: true, strictFileInteractability: false, timeouts: {implicit: 0, pageLoad: 300000, script: 30000}, unhandledPromptBehavior: dismiss and notify, webauthn:extension:credBlob: true, webauthn:extension:largeBlob: true, webauthn:extension:minPinLength: true, webauthn:extension:prf: true, webauthn:virtualAuthenticators: true}
Session ID: 1ae20fc80859ba37018823a68614b642</property>
</record>
<record>
  <date>2025-01-31T14:33:47.142569400Z</date>
  <millis>1738334027142</millis>
  <nanos>569400</nanos>
  <sequence>372</sequence>
  <level>END</level>
  <class>com.kms.katalon.core.logging.XmlKeywordLogger</class>
  <method>endTest</method>
  <thread>1</thread>
  <message>End Test Case : Test Cases/Login by Second Account - locked_out_user</message>
  <nestedLevel>0</nestedLevel>
  <escapedJava>false</escapedJava>
  <property name="executionBindingVariables">[]</property>
  <property name="applitools">false</property>
  <property name="remainingRetryCount">3</property>
  <property name="currentRetryCount">0</property>
  <property name="keywordsUsage">{
  &quot;web_ui&quot;: true,
  &quot;web_service&quot;: false,
  &quot;cucumber&quot;: false,
  &quot;builtin&quot;: false,
  &quot;mobile&quot;: false,
  &quot;windows&quot;: false,
  &quot;testng&quot;: false
}</property>
</record>
<record>
  <date>2025-01-31T14:33:47.146571400Z</date>
  <millis>1738334027146</millis>
  <nanos>571400</nanos>
  <sequence>373</sequence>
  <level>START</level>
  <class>com.kms.katalon.core.logging.XmlKeywordLogger</class>
  <method>startTest</method>
  <thread>1</thread>
  <message>Start Test Case : Test Cases/Login by Second Account - locked_out_user</message>
  <nestedLevel>1</nestedLevel>
  <escapedJava>false</escapedJava>
  <property name="remainingRetryCount">2</property>
  <property name="name">Test Cases/Login by Second Account - locked_out_user</property>
  <property name="description"></property>
  <property name="iteration"></property>
  <property name="id">Test Cases/Login by Second Account - locked_out_user</property>
  <property name="source">C:\Users\ACER\git\KatalonGitSwagLabsNew\Test Cases\Login by Second Account - locked_out_user.tc</property>
  <property name="tag"></property>
  <property name="isOptional">false</property>
  <property name="currentRetryCount">1</property>
</record>
<record>
  <date>2025-01-31T14:33:47.158570200Z</date>
  <millis>1738334027158</millis>
  <nanos>570200</nanos>
  <sequence>375</sequence>
  <level>START</level>
  <class>com.kms.katalon.core.logging.XmlKeywordLogger</class>
  <method>startKeyword</method>
  <thread>1</thread>
  <message>Start action : openBrowser(&amp;quot;&amp;quot;)</message>
  <nestedLevel>1</nestedLevel>
  <escapedJava>false</escapedJava>
  <property name="startLine">20</property>
  <property name="stepIndex">1</property>
</record>
<record>
  <date>2025-01-31T14:33:47.164567500Z</date>
  <millis>1738334027164</millis>
  <nanos>567500</nanos>
  <sequence>377</sequence>
  <level>WARNING</level>
  <class>com.kms.katalon.core.logging.XmlKeywordLogger</class>
  <method>logMessage</method>
  <thread>1</thread>
  <message>A browser is already opened. Closing browser and opening a new one</message>
  <nestedLevel>1</nestedLevel>
  <escapedJava>false</escapedJava>
</record>
<record>
  <date>2025-01-31T14:33:47.990384600Z</date>
  <millis>1738334027990</millis>
  <nanos>384600</nanos>
  <sequence>378</sequence>
  <level>INFO</level>
  <class>com.kms.katalon.core.logging.XmlKeywordLogger</class>
  <method>logMessage</method>
  <thread>1</thread>
  <message>User set preference: [&amp;apos;os&amp;apos;, &amp;apos;windows&amp;apos;]</message>
  <nestedLevel>1</nestedLevel>
  <escapedJava>false</escapedJava>
</record>
<record>
  <date>2025-01-31T14:33:47.991380600Z</date>
  <millis>1738334027991</millis>
  <nanos>380600</nanos>
  <sequence>379</sequence>
  <level>INFO</level>
  <class>com.kms.katalon.core.logging.XmlKeywordLogger</class>
  <method>logMessage</method>
  <thread>1</thread>
  <message>User set preference: [&amp;apos;browserVersion&amp;apos;, &amp;apos;133&amp;apos;]</message>
  <nestedLevel>1</nestedLevel>
  <escapedJava>false</escapedJava>
</record>
<record>
  <date>2025-01-31T14:33:47.992410100Z</date>
  <millis>1738334027992</millis>
  <nanos>410100</nanos>
  <sequence>380</sequence>
  <level>INFO</level>
  <class>com.kms.katalon.core.logging.XmlKeywordLogger</class>
  <method>logMessage</method>
  <thread>1</thread>
  <message>User set preference: [&amp;apos;browserName&amp;apos;, &amp;apos;chrome&amp;apos;]</message>
  <nestedLevel>1</nestedLevel>
  <escapedJava>false</escapedJava>
</record>
<record>
  <date>2025-01-31T14:33:47.992410100Z</date>
  <millis>1738334027992</millis>
  <nanos>410100</nanos>
  <sequence>381</sequence>
  <level>INFO</level>
  <class>com.kms.katalon.core.logging.XmlKeywordLogger</class>
  <method>logMessage</method>
  <thread>1</thread>
  <message>User set preference: [&amp;apos;katalon:option&amp;apos;, &amp;apos;{organizationId=1906073, usingTunnel=false}&amp;apos;]</message>
  <nestedLevel>1</nestedLevel>
  <escapedJava>false</escapedJava>
</record>
<record>
  <date>2025-01-31T14:33:47.996376200Z</date>
  <millis>1738334027996</millis>
  <nanos>376200</nanos>
  <sequence>382</sequence>
  <level>INFO</level>
  <class>com.kms.katalon.core.logging.XmlKeywordLogger</class>
  <method>logMessage</method>
  <thread>1</thread>
  <message>Connecting to remote web server &amp;apos;testcloud.katalon.com/hub&amp;apos; with type &amp;apos;Selenium&amp;apos;</message>
  <nestedLevel>1</nestedLevel>
  <escapedJava>false</escapedJava>
</record>
<record>
  <date>2025-01-31T14:33:47.999377200Z</date>
  <millis>1738334027999</millis>
  <nanos>377200</nanos>
  <sequence>383</sequence>
  <level>INFO</level>
  <class>com.kms.katalon.core.logging.XmlKeywordLogger</class>
  <method>logMessage</method>
  <thread>1</thread>
  <message>Action delay is set to 0 milliseconds</message>
  <nestedLevel>1</nestedLevel>
  <escapedJava>false</escapedJava>
</record>
<record>
  <date>2025-01-31T14:34:13.607832700Z</date>
  <millis>1738334053607</millis>
  <nanos>832700</nanos>
  <sequence>385</sequence>
  <level>RUN_DATA</level>
  <class>com.kms.katalon.core.logging.XmlKeywordLogger</class>
  <method>logMessage</method>
  <thread>1</thread>
  <message>remoteDriverUrl = testcloud.katalon.com/hub</message>
  <nestedLevel>1</nestedLevel>
  <escapedJava>false</escapedJava>
  <property name="remoteDriverUrl">testcloud.katalon.com/hub</property>
</record>
<record>
  <date>2025-01-31T14:34:13.608831300Z</date>
  <millis>1738334053608</millis>
  <nanos>831300</nanos>
  <sequence>386</sequence>
  <level>RUN_DATA</level>
  <class>com.kms.katalon.core.logging.XmlKeywordLogger</class>
  <method>logMessage</method>
  <thread>1</thread>
  <message>remoteOS = Windows</message>
  <nestedLevel>1</nestedLevel>
  <escapedJava>false</escapedJava>
  <property name="remoteOS">Windows</property>
</record>
<record>
  <date>2025-01-31T14:34:13.611828100Z</date>
  <millis>1738334053611</millis>
  <nanos>828100</nanos>
  <sequence>387</sequence>
  <level>RUN_DATA</level>
  <class>com.kms.katalon.core.logging.XmlKeywordLogger</class>
  <method>logMessage</method>
  <thread>1</thread>
  <message>desiredCapabilities = {
  &amp;quot;timeouts&amp;quot;: {
    &amp;quot;implicit&amp;quot;: 0,
    &amp;quot;pageLoad&amp;quot;: 300000,
    &amp;quot;script&amp;quot;: 30000
  },
  &amp;quot;se:cdpEnabled&amp;quot;: false,
  &amp;quot;platform&amp;quot;: &amp;quot;WINDOWS&amp;quot;,
  &amp;quot;goog:chromeOptions&amp;quot;: {
    &amp;quot;debuggerAddress&amp;quot;: &amp;quot;localhost:9225&amp;quot;
  },
  &amp;quot;webauthn:extension:credBlob&amp;quot;: true,
  &amp;quot;acceptInsecureCerts&amp;quot;: false,
  &amp;quot;browserVersion&amp;quot;: &amp;quot;133.0.0.0&amp;quot;,
  &amp;quot;fedcm:accounts&amp;quot;: true,
  &amp;quot;kt:requestId&amp;quot;: &amp;quot;fbdf251e-d168-4277-967e-4246e3d47023&amp;quot;,
  &amp;quot;browserName&amp;quot;: &amp;quot;chrome&amp;quot;,
  &amp;quot;javascriptEnabled&amp;quot;: true,
  &amp;quot;platformName&amp;quot;: &amp;quot;WINDOWS&amp;quot;,
  &amp;quot;setWindowRect&amp;quot;: true,
  &amp;quot;webauthn:extension:largeBlob&amp;quot;: true,
  &amp;quot;networkConnectionEnabled&amp;quot;: false,
  &amp;quot;chrome&amp;quot;: {
    &amp;quot;chromedriverVersion&amp;quot;: &amp;quot;133.0.6847.2 (7e95e23d2d1f87886163822aa701370c1187bfa1-refs/branch-heads/6847@{#6})&amp;quot;,
    &amp;quot;userDataDir&amp;quot;: &amp;quot;C:\\Program Files\\scoped_dir4332_1851110373&amp;quot;
  },
  &amp;quot;kt:rid&amp;quot;: &amp;quot;fbdf251e-d168-4277-967e-4246e3d47023&amp;quot;,
  &amp;quot;pageLoadStrategy&amp;quot;: &amp;quot;normal&amp;quot;,
  &amp;quot;unhandledPromptBehavior&amp;quot;: &amp;quot;dismiss and notify&amp;quot;,
  &amp;quot;strictFileInteractability&amp;quot;: false,
  &amp;quot;se:bidiEnabled&amp;quot;: false,
  &amp;quot;proxy&amp;quot;: {
    &amp;quot;proxyType&amp;quot;: &amp;quot;UNSPECIFIED&amp;quot;,
    &amp;quot;autodetect&amp;quot;: false
  },
  &amp;quot;webauthn:extension:minPinLength&amp;quot;: true,
  &amp;quot;webauthn:extension:prf&amp;quot;: true,
  &amp;quot;katalon:caps&amp;quot;: {
    &amp;quot;executionId&amp;quot;: &amp;quot;3e0101c1-bb98-4fcb-b3a8-683de7177d57&amp;quot;,
    &amp;quot;executionSessionId&amp;quot;: &amp;quot;fbdf251e-d168-4277-967e-4246e3d47023&amp;quot;
  },
  &amp;quot;katalon:options&amp;quot;: {
    &amp;quot;executionId&amp;quot;: &amp;quot;3e0101c1-bb98-4fcb-b3a8-683de7177d57&amp;quot;,
    &amp;quot;executionSessionId&amp;quot;: &amp;quot;fbdf251e-d168-4277-967e-4246e3d47023&amp;quot;,
    &amp;quot;metadata&amp;quot;: {
      &amp;quot;usingTunnel&amp;quot;: false,
      &amp;quot;accountUuid&amp;quot;: &amp;quot;fda32340-531c-49aa-a0b7-40d478ba5457&amp;quot;,
      &amp;quot;organizationId&amp;quot;: &amp;quot;1906073&amp;quot;
    },
    &amp;quot;organizationId&amp;quot;: &amp;quot;1906073&amp;quot;,
    &amp;quot;runFromTestCloud&amp;quot;: true,
    &amp;quot;userId&amp;quot;: 1648280,
    &amp;quot;username&amp;quot;: &amp;quot;innocent.beaver.duja@instantletter.net&amp;quot;,
    &amp;quot;usingTunnel&amp;quot;: false
  },
  &amp;quot;webauthn:virtualAuthenticators&amp;quot;: true
}</message>
  <nestedLevel>1</nestedLevel>
  <escapedJava>false</escapedJava>
  <property name="desiredCapabilities">{
  &quot;timeouts&quot;: {
    &quot;implicit&quot;: 0,
    &quot;pageLoad&quot;: 300000,
    &quot;script&quot;: 30000
  },
  &quot;se:cdpEnabled&quot;: false,
  &quot;platform&quot;: &quot;WINDOWS&quot;,
  &quot;goog:chromeOptions&quot;: {
    &quot;debuggerAddress&quot;: &quot;localhost:9225&quot;
  },
  &quot;webauthn:extension:credBlob&quot;: true,
  &quot;acceptInsecureCerts&quot;: false,
  &quot;browserVersion&quot;: &quot;133.0.0.0&quot;,
  &quot;fedcm:accounts&quot;: true,
  &quot;kt:requestId&quot;: &quot;fbdf251e-d168-4277-967e-4246e3d47023&quot;,
  &quot;browserName&quot;: &quot;chrome&quot;,
  &quot;javascriptEnabled&quot;: true,
  &quot;platformName&quot;: &quot;WINDOWS&quot;,
  &quot;setWindowRect&quot;: true,
  &quot;webauthn:extension:largeBlob&quot;: true,
  &quot;networkConnectionEnabled&quot;: false,
  &quot;chrome&quot;: {
    &quot;chromedriverVersion&quot;: &quot;133.0.6847.2 (7e95e23d2d1f87886163822aa701370c1187bfa1-refs/branch-heads/6847@{#6})&quot;,
    &quot;userDataDir&quot;: &quot;C:\\Program Files\\scoped_dir4332_1851110373&quot;
  },
  &quot;kt:rid&quot;: &quot;fbdf251e-d168-4277-967e-4246e3d47023&quot;,
  &quot;pageLoadStrategy&quot;: &quot;normal&quot;,
  &quot;unhandledPromptBehavior&quot;: &quot;dismiss and notify&quot;,
  &quot;strictFileInteractability&quot;: false,
  &quot;se:bidiEnabled&quot;: false,
  &quot;proxy&quot;: {
    &quot;proxyType&quot;: &quot;UNSPECIFIED&quot;,
    &quot;autodetect&quot;: false
  },
  &quot;webauthn:extension:minPinLength&quot;: true,
  &quot;webauthn:extension:prf&quot;: true,
  &quot;katalon:caps&quot;: {
    &quot;executionId&quot;: &quot;3e0101c1-bb98-4fcb-b3a8-683de7177d57&quot;,
    &quot;executionSessionId&quot;: &quot;fbdf251e-d168-4277-967e-4246e3d47023&quot;
  },
  &quot;katalon:options&quot;: {
    &quot;executionId&quot;: &quot;3e0101c1-bb98-4fcb-b3a8-683de7177d57&quot;,
    &quot;executionSessionId&quot;: &quot;fbdf251e-d168-4277-967e-4246e3d47023&quot;,
    &quot;metadata&quot;: {
      &quot;usingTunnel&quot;: false,
      &quot;accountUuid&quot;: &quot;fda32340-531c-49aa-a0b7-40d478ba5457&quot;,
      &quot;organizationId&quot;: &quot;1906073&quot;
    },
    &quot;organizationId&quot;: &quot;1906073&quot;,
    &quot;runFromTestCloud&quot;: true,
    &quot;userId&quot;: 1648280,
    &quot;username&quot;: &quot;innocent.beaver.duja@instantletter.net&quot;,
    &quot;usingTunnel&quot;: false
  },
  &quot;webauthn:virtualAuthenticators&quot;: true
}</property>
</record>
<record>
  <date>2025-01-31T14:34:13.612828400Z</date>
  <millis>1738334053612</millis>
  <nanos>828400</nanos>
  <sequence>388</sequence>
  <level>RUN_DATA</level>
  <class>com.kms.katalon.core.logging.XmlKeywordLogger</class>
  <method>logMessage</method>
  <thread>1</thread>
  <message>sessionId = c3deca65732d60888d5aefe11fdead7f</message>
  <nestedLevel>1</nestedLevel>
  <escapedJava>false</escapedJava>
  <property name="sessionId">c3deca65732d60888d5aefe11fdead7f</property>
</record>
<record>
  <date>2025-01-31T14:34:13.933232100Z</date>
  <millis>1738334053933</millis>
  <nanos>232100</nanos>
  <sequence>389</sequence>
  <level>RUN_DATA</level>
  <class>com.kms.katalon.core.logging.XmlKeywordLogger</class>
  <method>logMessage</method>
  <thread>1</thread>
  <message>browser = Chrome 133.0.0.0</message>
  <nestedLevel>1</nestedLevel>
  <escapedJava>false</escapedJava>
  <property name="browser">Chrome 133.0.0.0</property>
</record>
<record>
  <date>2025-01-31T14:34:13.934149800Z</date>
  <millis>1738334053934</millis>
  <nanos>149800</nanos>
  <sequence>390</sequence>
  <level>RUN_DATA</level>
  <class>com.kms.katalon.core.logging.XmlKeywordLogger</class>
  <method>logMessage</method>
  <thread>1</thread>
  <message>platform = Windows 11</message>
  <nestedLevel>1</nestedLevel>
  <escapedJava>false</escapedJava>
  <property name="platform">Windows 11</property>
</record>
<record>
  <date>2025-01-31T14:34:13.934149800Z</date>
  <millis>1738334053934</millis>
  <nanos>149800</nanos>
  <sequence>391</sequence>
  <level>RUN_DATA</level>
  <class>com.kms.katalon.core.logging.XmlKeywordLogger</class>
  <method>logMessage</method>
  <thread>1</thread>
  <message>seleniumVersion = 3.141.59</message>
  <nestedLevel>1</nestedLevel>
  <escapedJava>false</escapedJava>
  <property name="seleniumVersion">3.141.59</property>
</record>
<record>
  <date>2025-01-31T14:34:13.936231800Z</date>
  <millis>1738334053936</millis>
  <nanos>231800</nanos>
  <sequence>392</sequence>
  <level>RUN_DATA</level>
  <class>com.kms.katalon.core.logging.XmlKeywordLogger</class>
  <method>logMessage</method>
  <thread>1</thread>
  <message>proxyInformation = ProxyInformation { proxyOption=NO_PROXY, proxyServerType=HTTP, username=, password=********, proxyServerAddress=, proxyServerPort=0, executionList=&amp;quot;&amp;quot;, isApplyToDesiredCapabilities=true }</message>
  <nestedLevel>1</nestedLevel>
  <escapedJava>false</escapedJava>
  <property name="proxyInformation">ProxyInformation { proxyOption=NO_PROXY, proxyServerType=HTTP, username=, password=********, proxyServerAddress=, proxyServerPort=0, executionList=&quot;&quot;, isApplyToDesiredCapabilities=true }</property>
</record>
<record>
  <date>2025-01-31T14:34:14.586160700Z</date>
  <millis>1738334054586</millis>
  <nanos>160700</nanos>
  <sequence>393</sequence>
  <level>PASSED</level>
  <class>com.kms.katalon.core.logging.XmlKeywordLogger</class>
  <method>logMessage</method>
  <thread>1</thread>
  <message>Browser is opened with url: &amp;apos;&amp;apos;</message>
  <nestedLevel>1</nestedLevel>
  <escapedJava>false</escapedJava>
  <property name="testops-method-name">com.kms.katalon.core.webui.keyword.builtin.OpenBrowserKeyword.openBrowser</property>
  <property name="testops-execution-stacktrace"></property>
</record>
<record>
  <date>2025-01-31T14:34:14.587164Z</date>
  <millis>1738334054587</millis>
  <nanos>164000</nanos>
  <sequence>394</sequence>
  <level>END</level>
  <class>com.kms.katalon.core.logging.XmlKeywordLogger</class>
  <method>endKeyword</method>
  <thread>1</thread>
  <message>End action : openBrowser(&amp;quot;&amp;quot;)</message>
  <nestedLevel>1</nestedLevel>
  <escapedJava>false</escapedJava>
</record>
<record>
  <date>2025-01-31T14:34:14.588163400Z</date>
  <millis>1738334054588</millis>
  <nanos>163400</nanos>
  <sequence>395</sequence>
  <level>START</level>
  <class>com.kms.katalon.core.logging.XmlKeywordLogger</class>
  <method>startKeyword</method>
  <thread>1</thread>
  <message>Start action : navigateToUrl(&amp;quot;https://www.saucedemo.com/&amp;quot;)</message>
  <nestedLevel>1</nestedLevel>
  <escapedJava>false</escapedJava>
  <property name="startLine">22</property>
  <property name="stepIndex">2</property>
</record>
<record>
  <date>2025-01-31T14:34:15.369313Z</date>
  <millis>1738334055369</millis>
  <nanos>313000</nanos>
  <sequence>398</sequence>
  <level>PASSED</level>
  <class>com.kms.katalon.core.logging.XmlKeywordLogger</class>
  <method>logMessage</method>
  <thread>1</thread>
  <message>Navigate to &amp;apos;https://www.saucedemo.com/&amp;apos; successfully</message>
  <nestedLevel>1</nestedLevel>
  <escapedJava>false</escapedJava>
  <property name="testops-method-name">com.kms.katalon.core.webui.keyword.builtin.NavigateToUrlKeyword.navigateToUrl</property>
  <property name="testops-execution-stacktrace"></property>
</record>
<record>
  <date>2025-01-31T14:34:15.370319400Z</date>
  <millis>1738334055370</millis>
  <nanos>319400</nanos>
  <sequence>399</sequence>
  <level>END</level>
  <class>com.kms.katalon.core.logging.XmlKeywordLogger</class>
  <method>endKeyword</method>
  <thread>1</thread>
  <message>End action : navigateToUrl(&amp;quot;https://www.saucedemo.com/&amp;quot;)</message>
  <nestedLevel>1</nestedLevel>
  <escapedJava>false</escapedJava>
</record>
<record>
  <date>2025-01-31T14:34:15.372319200Z</date>
  <millis>1738334055372</millis>
  <nanos>319200</nanos>
  <sequence>400</sequence>
  <level>START</level>
  <class>com.kms.katalon.core.logging.XmlKeywordLogger</class>
  <method>startKeyword</method>
  <thread>1</thread>
  <message>Start action : com.test.swaglabs.CustomLogin.WebLoginSecondAccount()</message>
  <nestedLevel>1</nestedLevel>
  <escapedJava>false</escapedJava>
  <property name="startLine">24</property>
  <property name="stepIndex">3</property>
</record>
<record>
  <date>2025-01-31T14:34:18.235142800Z</date>
  <millis>1738334058235</millis>
  <nanos>142800</nanos>
  <sequence>417</sequence>
  <level>WARNING</level>
  <class>com.kms.katalon.core.logging.XmlKeywordLogger</class>
  <method>logMessage</method>
  <thread>1</thread>
  <message>Cannot take screenshot</message>
  <nestedLevel>1</nestedLevel>
  <escapedJava>false</escapedJava>
  <property name="failed.exception.class">org.openqa.selenium.WebDriverException</property>
  <property name="failed.exception.stacktrace">org.openqa.selenium.WebDriverException: An unknown error has occurred
Build info: version: &apos;3.141.59&apos;, revision: &apos;unknown&apos;, time: &apos;unknown&apos;
System info: host: &apos;LAPTOP-5GQHVTHK&apos;, ip: &apos;192.168.0.101&apos;, os.name: &apos;Windows 11&apos;, os.arch: &apos;amd64&apos;, os.version: &apos;10.0&apos;, java.version: &apos;17.0.7&apos;
Driver info: com.kms.katalon.selenium.driver.CRemoteWebDriver
Capabilities {acceptInsecureCerts: false, browserName: chrome, browserVersion: 133.0.6847.2, chrome: {chromedriverVersion: 133.0.6847.2 (7e95e23d2d1f8..., userDataDir: C:\Program Files\scoped_dir...}, fedcm:accounts: true, goog:chromeOptions: {debuggerAddress: localhost:9225}, javascriptEnabled: true, katalon:caps: {executionId: 3e0101c1-bb98-4fcb-b3a8-683..., executionSessionId: fbdf251e-d168-4277-967e-424...}, katalon:options: {executionId: 3e0101c1-bb98-4fcb-b3a8-683..., executionSessionId: fbdf251e-d168-4277-967e-424..., metadata: {accountUuid: fda32340-531c-49aa-a0b7-40d..., organizationId: 1906073, usingTunnel: false}, organizationId: 1906073, runFromTestCloud: true, userId: 1648280, username: innocent.beaver.duja@instan..., usingTunnel: false}, kt:requestId: fbdf251e-d168-4277-967e-424..., kt:rid: fbdf251e-d168-4277-967e-424..., networkConnectionEnabled: false, pageLoadStrategy: normal, platform: WINDOWS, platformName: WINDOWS, proxy: Proxy(), se:bidiEnabled: false, se:cdpEnabled: false, setWindowRect: true, strictFileInteractability: false, timeouts: {implicit: 0, pageLoad: 300000, script: 30000}, unhandledPromptBehavior: dismiss and notify, webauthn:extension:credBlob: true, webauthn:extension:largeBlob: true, webauthn:extension:minPinLength: true, webauthn:extension:prf: true, webauthn:virtualAuthenticators: true}
Session ID: c3deca65732d60888d5aefe11fdead7f
	at java.base/jdk.internal.reflect.NativeConstructorAccessorImpl.newInstance0(Native Method)
	at java.base/jdk.internal.reflect.NativeConstructorAccessorImpl.newInstance(NativeConstructorAccessorImpl.java:77)
	at java.base/jdk.internal.reflect.DelegatingConstructorAccessorImpl.newInstance(DelegatingConstructorAccessorImpl.java:45)
	at org.openqa.selenium.remote.http.W3CHttpResponseCodec.createException(W3CHttpResponseCodec.java:187)
	at org.openqa.selenium.remote.http.W3CHttpResponseCodec.decode(W3CHttpResponseCodec.java:122)
	at org.openqa.selenium.remote.http.W3CHttpResponseCodec.decode(W3CHttpResponseCodec.java:49)
	at org.openqa.selenium.remote.HttpCommandExecutor.execute(HttpCommandExecutor.java:158)
	at org.openqa.selenium.remote.RemoteWebDriver.execute(RemoteWebDriver.java:552)
	at com.kms.katalon.selenium.driver.CRemoteWebDriver.execute(CRemoteWebDriver.java:30)
	at org.openqa.selenium.remote.RemoteWebDriver.execute(RemoteWebDriver.java:609)
	at org.openqa.selenium.remote.RemoteWebDriver.getScreenshotAs(RemoteWebDriver.java:295)
	at java.base/jdk.internal.reflect.NativeMethodAccessorImpl.invoke0(Native Method)
	at java.base/jdk.internal.reflect.NativeMethodAccessorImpl.invoke(NativeMethodAccessorImpl.java:77)
	at java.base/jdk.internal.reflect.DelegatingMethodAccessorImpl.invoke(DelegatingMethodAccessorImpl.java:43)
	at org.openqa.selenium.support.events.EventFiringWebDriver.lambda$new$1(EventFiringWebDriver.java:105)
	at jdk.proxy2/jdk.proxy2.$Proxy23.getScreenshotAs(Unknown Source)
	at org.openqa.selenium.support.events.EventFiringWebDriver.getScreenshotAs(EventFiringWebDriver.java:302)
	at com.kms.katalon.core.webui.helper.screenshot.WebUIScreenCaptor.take(WebUIScreenCaptor.java:26)
	at com.kms.katalon.core.helper.screenshot.ScreenCaptor.takeScreenshotAndGetAttributes(ScreenCaptor.java:38)
	at com.kms.katalon.core.webui.keyword.internal.WebUIKeywordMain.stepFailed(WebUIKeywordMain.groovy:117)
	at com.kms.katalon.core.webui.keyword.internal.WebUIKeywordMain.runKeyword(WebUIKeywordMain.groovy:43)
	at com.kms.katalon.core.webui.keyword.builtin.SetTextKeyword.setText(SetTextKeyword.groovy:85)
	at com.kms.katalon.core.webui.keyword.builtin.SetTextKeyword.execute(SetTextKeyword.groovy:39)
	at com.kms.katalon.core.keyword.internal.KeywordExecutor.executeKeywordForPlatform(KeywordExecutor.groovy:74)
	at com.kms.katalon.core.webui.keyword.WebUiBuiltInKeywords.setText(WebUiBuiltInKeywords.groovy:1019)
	at com.test.swaglabs.CustomLogin.WebLoginSecondAccount(CustomLogin.groovy:47)
	at java.base/jdk.internal.reflect.NativeMethodAccessorImpl.invoke0(Native Method)
	at java.base/jdk.internal.reflect.NativeMethodAccessorImpl.invoke(NativeMethodAccessorImpl.java:77)
	at java.base/jdk.internal.reflect.DelegatingMethodAccessorImpl.invoke(DelegatingMethodAccessorImpl.java:43)
	at com.kms.katalon.core.main.CustomKeywordDelegatingMetaClass.invokeStaticMethod(CustomKeywordDelegatingMetaClass.java:55)
	at Login by Second Account - locked_out_user.run(Login by Second Account - locked_out_user:24)
	at com.kms.katalon.core.main.ScriptEngine.run(ScriptEngine.java:194)
	at com.kms.katalon.core.main.ScriptEngine.runScriptAsRawText(ScriptEngine.java:119)
	at com.kms.katalon.core.main.TestCaseExecutor.runScript(TestCaseExecutor.java:448)
	at com.kms.katalon.core.main.TestCaseExecutor.doExecute(TestCaseExecutor.java:439)
	at com.kms.katalon.core.main.TestCaseExecutor.processExecutionPhase(TestCaseExecutor.java:418)
	at com.kms.katalon.core.main.TestCaseExecutor.accessMainPhase(TestCaseExecutor.java:410)
	at com.kms.katalon.core.main.TestCaseExecutor.execute(TestCaseExecutor.java:285)
	at com.kms.katalon.core.main.TestCaseExecutor.execute(TestCaseExecutor.java:369)
	at com.kms.katalon.core.common.CommonExecutor.accessTestCaseMainPhase(CommonExecutor.java:65)
	at com.kms.katalon.core.main.TestSuiteExecutor.accessTestSuiteMainPhase(TestSuiteExecutor.java:150)
	at com.kms.katalon.core.main.TestSuiteExecutor.execute(TestSuiteExecutor.java:106)
	at com.kms.katalon.core.main.TestCaseMain.startTestSuite(TestCaseMain.java:180)
	at TempTestSuite1738333839214.run(TempTestSuite1738333839214.groovy:35)
	at java.base/jdk.internal.reflect.NativeMethodAccessorImpl.invoke0(Native Method)
	at java.base/jdk.internal.reflect.NativeMethodAccessorImpl.invoke(NativeMethodAccessorImpl.java:77)
	at java.base/jdk.internal.reflect.DelegatingMethodAccessorImpl.invoke(DelegatingMethodAccessorImpl.java:43)
</property>
  <property name="failed.exception.message">An unknown error has occurred
Build info: version: &apos;3.141.59&apos;, revision: &apos;unknown&apos;, time: &apos;unknown&apos;
System info: host: &apos;LAPTOP-5GQHVTHK&apos;, ip: &apos;192.168.0.101&apos;, os.name: &apos;Windows 11&apos;, os.arch: &apos;amd64&apos;, os.version: &apos;10.0&apos;, java.version: &apos;17.0.7&apos;
Driver info: com.kms.katalon.selenium.driver.CRemoteWebDriver
Capabilities {acceptInsecureCerts: false, browserName: chrome, browserVersion: 133.0.6847.2, chrome: {chromedriverVersion: 133.0.6847.2 (7e95e23d2d1f8..., userDataDir: C:\Program Files\scoped_dir...}, fedcm:accounts: true, goog:chromeOptions: {debuggerAddress: localhost:9225}, javascriptEnabled: true, katalon:caps: {executionId: 3e0101c1-bb98-4fcb-b3a8-683..., executionSessionId: fbdf251e-d168-4277-967e-424...}, katalon:options: {executionId: 3e0101c1-bb98-4fcb-b3a8-683..., executionSessionId: fbdf251e-d168-4277-967e-424..., metadata: {accountUuid: fda32340-531c-49aa-a0b7-40d..., organizationId: 1906073, usingTunnel: false}, organizationId: 1906073, runFromTestCloud: true, userId: 1648280, username: innocent.beaver.duja@instan..., usingTunnel: false}, kt:requestId: fbdf251e-d168-4277-967e-424..., kt:rid: fbdf251e-d168-4277-967e-424..., networkConnectionEnabled: false, pageLoadStrategy: normal, platform: WINDOWS, platformName: WINDOWS, proxy: Proxy(), se:bidiEnabled: false, se:cdpEnabled: false, setWindowRect: true, strictFileInteractability: false, timeouts: {implicit: 0, pageLoad: 300000, script: 30000}, unhandledPromptBehavior: dismiss and notify, webauthn:extension:credBlob: true, webauthn:extension:largeBlob: true, webauthn:extension:minPinLength: true, webauthn:extension:prf: true, webauthn:virtualAuthenticators: true}
Session ID: c3deca65732d60888d5aefe11fdead7f</property>
</record>
<record>
  <date>2025-01-31T14:34:18.240068300Z</date>
  <millis>1738334058240</millis>
  <nanos>68300</nanos>
  <sequence>421</sequence>
  <level>FAILED</level>
  <class>com.kms.katalon.core.logging.XmlKeywordLogger</class>
  <method>logMessage</method>
  <thread>1</thread>
  <message>Unable to set text &amp;apos;locked_out_user&amp;apos; of object &amp;apos;Object Repository/Page_Swag Labs/input_Swag Labs_user-name&amp;apos; (Root cause: com.kms.katalon.core.exception.StepFailedException: Unable to set text &amp;apos;locked_out_user&amp;apos; of object &amp;apos;Object Repository/Page_Swag Labs/input_Swag Labs_user-name&amp;apos;
	at com.kms.katalon.core.webui.keyword.internal.WebUIKeywordMain.stepFailed(WebUIKeywordMain.groovy:117)
	at com.kms.katalon.core.webui.keyword.internal.WebUIKeywordMain.runKeyword(WebUIKeywordMain.groovy:43)
	at com.kms.katalon.core.webui.keyword.builtin.SetTextKeyword.setText(SetTextKeyword.groovy:85)
	at com.kms.katalon.core.webui.keyword.builtin.SetTextKeyword.execute(SetTextKeyword.groovy:39)
	at com.kms.katalon.core.keyword.internal.KeywordExecutor.executeKeywordForPlatform(KeywordExecutor.groovy:74)
	at com.kms.katalon.core.webui.keyword.WebUiBuiltInKeywords.setText(WebUiBuiltInKeywords.groovy:1019)
	at com.test.swaglabs.CustomLogin.WebLoginSecondAccount(CustomLogin.groovy:47)
	at java.base/jdk.internal.reflect.NativeMethodAccessorImpl.invoke0(Native Method)
	at java.base/jdk.internal.reflect.NativeMethodAccessorImpl.invoke(NativeMethodAccessorImpl.java:77)
	at java.base/jdk.internal.reflect.DelegatingMethodAccessorImpl.invoke(DelegatingMethodAccessorImpl.java:43)
	at com.kms.katalon.core.main.CustomKeywordDelegatingMetaClass.invokeStaticMethod(CustomKeywordDelegatingMetaClass.java:55)
	at Login by Second Account - locked_out_user.run(Login by Second Account - locked_out_user:24)
	at com.kms.katalon.core.main.ScriptEngine.run(ScriptEngine.java:194)
	at com.kms.katalon.core.main.ScriptEngine.runScriptAsRawText(ScriptEngine.java:119)
	at com.kms.katalon.core.main.TestCaseExecutor.runScript(TestCaseExecutor.java:448)
	at com.kms.katalon.core.main.TestCaseExecutor.doExecute(TestCaseExecutor.java:439)
	at com.kms.katalon.core.main.TestCaseExecutor.processExecutionPhase(TestCaseExecutor.java:418)
	at com.kms.katalon.core.main.TestCaseExecutor.accessMainPhase(TestCaseExecutor.java:410)
	at com.kms.katalon.core.main.TestCaseExecutor.execute(TestCaseExecutor.java:285)
	at com.kms.katalon.core.main.TestCaseExecutor.execute(TestCaseExecutor.java:369)
	at com.kms.katalon.core.common.CommonExecutor.accessTestCaseMainPhase(CommonExecutor.java:65)
	at com.kms.katalon.core.main.TestSuiteExecutor.accessTestSuiteMainPhase(TestSuiteExecutor.java:150)
	at com.kms.katalon.core.main.TestSuiteExecutor.execute(TestSuiteExecutor.java:106)
	at com.kms.katalon.core.main.TestCaseMain.startTestSuite(TestCaseMain.java:180)
	at TempTestSuite1738333839214.run(TempTestSuite1738333839214.groovy:35)
	at java.base/jdk.internal.reflect.NativeMethodAccessorImpl.invoke0(Native Method)
	at java.base/jdk.internal.reflect.NativeMethodAccessorImpl.invoke(NativeMethodAccessorImpl.java:77)
	at java.base/jdk.internal.reflect.DelegatingMethodAccessorImpl.invoke(DelegatingMethodAccessorImpl.java:43)
Caused by: org.openqa.selenium.NoSuchSessionException: invalid session id: session deleted as the browser has closed the connection
from disconnected: unable to send message to renderer
  (Session info: chrome=133.0.6847.2)
Build info: version: &amp;apos;3.141.59&amp;apos;, revision: &amp;apos;unknown&amp;apos;, time: &amp;apos;unknown&amp;apos;
System info: host: &amp;apos;LAPTOP-5GQHVTHK&amp;apos;, ip: &amp;apos;192.168.0.101&amp;apos;, os.name: &amp;apos;Windows 11&amp;apos;, os.arch: &amp;apos;amd64&amp;apos;, os.version: &amp;apos;10.0&amp;apos;, java.version: &amp;apos;17.0.7&amp;apos;
Driver info: com.kms.katalon.selenium.driver.CRemoteWebDriver
Capabilities {acceptInsecureCerts: false, browserName: chrome, browserVersion: 133.0.6847.2, chrome: {chromedriverVersion: 133.0.6847.2 (7e95e23d2d1f8..., userDataDir: C:\Program Files\scoped_dir...}, fedcm:accounts: true, goog:chromeOptions: {debuggerAddress: localhost:9225}, javascriptEnabled: true, katalon:caps: {executionId: 3e0101c1-bb98-4fcb-b3a8-683..., executionSessionId: fbdf251e-d168-4277-967e-424...}, katalon:options: {executionId: 3e0101c1-bb98-4fcb-b3a8-683..., executionSessionId: fbdf251e-d168-4277-967e-424..., metadata: {accountUuid: fda32340-531c-49aa-a0b7-40d..., organizationId: 1906073, usingTunnel: false}, organizationId: 1906073, runFromTestCloud: true, userId: 1648280, username: innocent.beaver.duja@instan..., usingTunnel: false}, kt:requestId: fbdf251e-d168-4277-967e-424..., kt:rid: fbdf251e-d168-4277-967e-424..., networkConnectionEnabled: false, pageLoadStrategy: normal, platform: WINDOWS, platformName: WINDOWS, proxy: Proxy(), se:bidiEnabled: false, se:cdpEnabled: false, setWindowRect: true, strictFileInteractability: false, timeouts: {implicit: 0, pageLoad: 300000, script: 30000}, unhandledPromptBehavior: dismiss and notify, webauthn:extension:credBlob: true, webauthn:extension:largeBlob: true, webauthn:extension:minPinLength: true, webauthn:extension:prf: true, webauthn:virtualAuthenticators: true}
Session ID: c3deca65732d60888d5aefe11fdead7f
	at jdk.internal.reflect.GeneratedConstructorAccessor22.newInstance(Unknown Source)
	at java.base/jdk.internal.reflect.DelegatingConstructorAccessorImpl.newInstance(DelegatingConstructorAccessorImpl.java:45)
	at org.openqa.selenium.remote.http.W3CHttpResponseCodec.createException(W3CHttpResponseCodec.java:187)
	at org.openqa.selenium.remote.http.W3CHttpResponseCodec.decode(W3CHttpResponseCodec.java:122)
	at org.openqa.selenium.remote.http.W3CHttpResponseCodec.decode(W3CHttpResponseCodec.java:49)
	at org.openqa.selenium.remote.HttpCommandExecutor.execute(HttpCommandExecutor.java:158)
	at org.openqa.selenium.remote.RemoteWebDriver.execute(RemoteWebDriver.java:552)
	at com.kms.katalon.selenium.driver.CRemoteWebDriver.execute(CRemoteWebDriver.java:30)
	at org.openqa.selenium.remote.RemoteWebElement.execute(RemoteWebElement.java:285)
	at org.openqa.selenium.remote.RemoteWebElement.sendKeys(RemoteWebElement.java:106)
	at java.base/jdk.internal.reflect.NativeMethodAccessorImpl.invoke0(Native Method)
	at java.base/jdk.internal.reflect.NativeMethodAccessorImpl.invoke(NativeMethodAccessorImpl.java:77)
	at java.base/jdk.internal.reflect.DelegatingMethodAccessorImpl.invoke(DelegatingMethodAccessorImpl.java:43)
	at org.openqa.selenium.support.events.EventFiringWebDriver$EventFiringWebElement.lambda$new$0(EventFiringWebDriver.java:404)
	at jdk.proxy2/jdk.proxy2.$Proxy24.sendKeys(Unknown Source)
	at org.openqa.selenium.support.events.EventFiringWebDriver$EventFiringWebElement.sendKeys(EventFiringWebDriver.java:429)
	at com.kms.katalon.core.webui.keyword.builtin.SetTextKeyword$_setText_closure1.doCall(SetTextKeyword.groovy:71)
	at com.kms.katalon.core.webui.keyword.builtin.SetTextKeyword$_setText_closure1.call(SetTextKeyword.groovy)
	at com.kms.katalon.core.webui.keyword.internal.WebUIKeywordMain.runKeyword(WebUIKeywordMain.groovy:35)
	at com.kms.katalon.core.webui.keyword.builtin.SetTextKeyword.setText(SetTextKeyword.groovy:85)
	at com.kms.katalon.core.webui.keyword.builtin.SetTextKeyword.execute(SetTextKeyword.groovy:39)
	at com.kms.katalon.core.keyword.internal.KeywordExecutor.executeKeywordForPlatform(KeywordExecutor.groovy:74)
	at com.kms.katalon.core.webui.keyword.WebUiBuiltInKeywords.setText(WebUiBuiltInKeywords.groovy:1019)
	at com.test.swaglabs.CustomLogin.WebLoginSecondAccount(CustomLogin.groovy:47)
	at java.base/jdk.internal.reflect.NativeMethodAccessorImpl.invoke0(Native Method)
	at java.base/jdk.internal.reflect.NativeMethodAccessorImpl.invoke(NativeMethodAccessorImpl.java:77)
	at java.base/jdk.internal.reflect.DelegatingMethodAccessorImpl.invoke(DelegatingMethodAccessorImpl.java:43)
	at com.kms.katalon.core.main.CustomKeywordDelegatingMetaClass.invokeStaticMethod(CustomKeywordDelegatingMetaClass.java:55)
	at Script1738220673484.run(Script1738220673484.groovy:24)
	... 16 more
)</message>
  <nestedLevel>1</nestedLevel>
  <escapedJava>false</escapedJava>
  <property name="failed.exception.class">org.openqa.selenium.NoSuchSessionException</property>
  <property name="failed.exception.stacktrace">org.openqa.selenium.NoSuchSessionException: invalid session id: session deleted as the browser has closed the connection
from disconnected: unable to send message to renderer
  (Session info: chrome=133.0.6847.2)
Build info: version: &apos;3.141.59&apos;, revision: &apos;unknown&apos;, time: &apos;unknown&apos;
System info: host: &apos;LAPTOP-5GQHVTHK&apos;, ip: &apos;192.168.0.101&apos;, os.name: &apos;Windows 11&apos;, os.arch: &apos;amd64&apos;, os.version: &apos;10.0&apos;, java.version: &apos;17.0.7&apos;
Driver info: com.kms.katalon.selenium.driver.CRemoteWebDriver
Capabilities {acceptInsecureCerts: false, browserName: chrome, browserVersion: 133.0.6847.2, chrome: {chromedriverVersion: 133.0.6847.2 (7e95e23d2d1f8..., userDataDir: C:\Program Files\scoped_dir...}, fedcm:accounts: true, goog:chromeOptions: {debuggerAddress: localhost:9225}, javascriptEnabled: true, katalon:caps: {executionId: 3e0101c1-bb98-4fcb-b3a8-683..., executionSessionId: fbdf251e-d168-4277-967e-424...}, katalon:options: {executionId: 3e0101c1-bb98-4fcb-b3a8-683..., executionSessionId: fbdf251e-d168-4277-967e-424..., metadata: {accountUuid: fda32340-531c-49aa-a0b7-40d..., organizationId: 1906073, usingTunnel: false}, organizationId: 1906073, runFromTestCloud: true, userId: 1648280, username: innocent.beaver.duja@instan..., usingTunnel: false}, kt:requestId: fbdf251e-d168-4277-967e-424..., kt:rid: fbdf251e-d168-4277-967e-424..., networkConnectionEnabled: false, pageLoadStrategy: normal, platform: WINDOWS, platformName: WINDOWS, proxy: Proxy(), se:bidiEnabled: false, se:cdpEnabled: false, setWindowRect: true, strictFileInteractability: false, timeouts: {implicit: 0, pageLoad: 300000, script: 30000}, unhandledPromptBehavior: dismiss and notify, webauthn:extension:credBlob: true, webauthn:extension:largeBlob: true, webauthn:extension:minPinLength: true, webauthn:extension:prf: true, webauthn:virtualAuthenticators: true}
Session ID: c3deca65732d60888d5aefe11fdead7f
	at jdk.internal.reflect.GeneratedConstructorAccessor22.newInstance(Unknown Source)
	at java.base/jdk.internal.reflect.DelegatingConstructorAccessorImpl.newInstance(DelegatingConstructorAccessorImpl.java:45)
	at org.openqa.selenium.remote.http.W3CHttpResponseCodec.createException(W3CHttpResponseCodec.java:187)
	at org.openqa.selenium.remote.http.W3CHttpResponseCodec.decode(W3CHttpResponseCodec.java:122)
	at org.openqa.selenium.remote.http.W3CHttpResponseCodec.decode(W3CHttpResponseCodec.java:49)
	at org.openqa.selenium.remote.HttpCommandExecutor.execute(HttpCommandExecutor.java:158)
	at org.openqa.selenium.remote.RemoteWebDriver.execute(RemoteWebDriver.java:552)
	at com.kms.katalon.selenium.driver.CRemoteWebDriver.execute(CRemoteWebDriver.java:30)
	at org.openqa.selenium.remote.RemoteWebElement.execute(RemoteWebElement.java:285)
	at org.openqa.selenium.remote.RemoteWebElement.sendKeys(RemoteWebElement.java:106)
	at java.base/jdk.internal.reflect.NativeMethodAccessorImpl.invoke0(Native Method)
	at java.base/jdk.internal.reflect.NativeMethodAccessorImpl.invoke(NativeMethodAccessorImpl.java:77)
	at java.base/jdk.internal.reflect.DelegatingMethodAccessorImpl.invoke(DelegatingMethodAccessorImpl.java:43)
	at org.openqa.selenium.support.events.EventFiringWebDriver$EventFiringWebElement.lambda$new$0(EventFiringWebDriver.java:404)
	at jdk.proxy2/jdk.proxy2.$Proxy24.sendKeys(Unknown Source)
	at org.openqa.selenium.support.events.EventFiringWebDriver$EventFiringWebElement.sendKeys(EventFiringWebDriver.java:429)
	at com.kms.katalon.core.webui.keyword.builtin.SetTextKeyword$_setText_closure1.doCall(SetTextKeyword.groovy:71)
	at com.kms.katalon.core.webui.keyword.builtin.SetTextKeyword$_setText_closure1.call(SetTextKeyword.groovy)
	at com.kms.katalon.core.webui.keyword.internal.WebUIKeywordMain.runKeyword(WebUIKeywordMain.groovy:35)
	at com.kms.katalon.core.webui.keyword.builtin.SetTextKeyword.setText(SetTextKeyword.groovy:85)
	at com.kms.katalon.core.webui.keyword.builtin.SetTextKeyword.execute(SetTextKeyword.groovy:39)
	at com.kms.katalon.core.keyword.internal.KeywordExecutor.executeKeywordForPlatform(KeywordExecutor.groovy:74)
	at com.kms.katalon.core.webui.keyword.WebUiBuiltInKeywords.setText(WebUiBuiltInKeywords.groovy:1019)
	at com.test.swaglabs.CustomLogin.WebLoginSecondAccount(CustomLogin.groovy:47)
	at java.base/jdk.internal.reflect.NativeMethodAccessorImpl.invoke0(Native Method)
	at java.base/jdk.internal.reflect.NativeMethodAccessorImpl.invoke(NativeMethodAccessorImpl.java:77)
	at java.base/jdk.internal.reflect.DelegatingMethodAccessorImpl.invoke(DelegatingMethodAccessorImpl.java:43)
	at com.kms.katalon.core.main.CustomKeywordDelegatingMetaClass.invokeStaticMethod(CustomKeywordDelegatingMetaClass.java:55)
	at Login by Second Account - locked_out_user.run(Login by Second Account - locked_out_user:24)
	at com.kms.katalon.core.main.ScriptEngine.run(ScriptEngine.java:194)
	at com.kms.katalon.core.main.ScriptEngine.runScriptAsRawText(ScriptEngine.java:119)
	at com.kms.katalon.core.main.TestCaseExecutor.runScript(TestCaseExecutor.java:448)
	at com.kms.katalon.core.main.TestCaseExecutor.doExecute(TestCaseExecutor.java:439)
	at com.kms.katalon.core.main.TestCaseExecutor.processExecutionPhase(TestCaseExecutor.java:418)
	at com.kms.katalon.core.main.TestCaseExecutor.accessMainPhase(TestCaseExecutor.java:410)
	at com.kms.katalon.core.main.TestCaseExecutor.execute(TestCaseExecutor.java:285)
	at com.kms.katalon.core.main.TestCaseExecutor.execute(TestCaseExecutor.java:369)
	at com.kms.katalon.core.common.CommonExecutor.accessTestCaseMainPhase(CommonExecutor.java:65)
	at com.kms.katalon.core.main.TestSuiteExecutor.accessTestSuiteMainPhase(TestSuiteExecutor.java:150)
	at com.kms.katalon.core.main.TestSuiteExecutor.execute(TestSuiteExecutor.java:106)
	at com.kms.katalon.core.main.TestCaseMain.startTestSuite(TestCaseMain.java:180)
	at TempTestSuite1738333839214.run(TempTestSuite1738333839214.groovy:35)
	at java.base/jdk.internal.reflect.NativeMethodAccessorImpl.invoke0(Native Method)
	at java.base/jdk.internal.reflect.NativeMethodAccessorImpl.invoke(NativeMethodAccessorImpl.java:77)
	at java.base/jdk.internal.reflect.DelegatingMethodAccessorImpl.invoke(DelegatingMethodAccessorImpl.java:43)
</property>
  <property name="failed.exception.message">invalid session id: session deleted as the browser has closed the connection
from disconnected: unable to send message to renderer
  (Session info: chrome=133.0.6847.2)
Build info: version: &apos;3.141.59&apos;, revision: &apos;unknown&apos;, time: &apos;unknown&apos;
System info: host: &apos;LAPTOP-5GQHVTHK&apos;, ip: &apos;192.168.0.101&apos;, os.name: &apos;Windows 11&apos;, os.arch: &apos;amd64&apos;, os.version: &apos;10.0&apos;, java.version: &apos;17.0.7&apos;
Driver info: com.kms.katalon.selenium.driver.CRemoteWebDriver
Capabilities {acceptInsecureCerts: false, browserName: chrome, browserVersion: 133.0.6847.2, chrome: {chromedriverVersion: 133.0.6847.2 (7e95e23d2d1f8..., userDataDir: C:\Program Files\scoped_dir...}, fedcm:accounts: true, goog:chromeOptions: {debuggerAddress: localhost:9225}, javascriptEnabled: true, katalon:caps: {executionId: 3e0101c1-bb98-4fcb-b3a8-683..., executionSessionId: fbdf251e-d168-4277-967e-424...}, katalon:options: {executionId: 3e0101c1-bb98-4fcb-b3a8-683..., executionSessionId: fbdf251e-d168-4277-967e-424..., metadata: {accountUuid: fda32340-531c-49aa-a0b7-40d..., organizationId: 1906073, usingTunnel: false}, organizationId: 1906073, runFromTestCloud: true, userId: 1648280, username: innocent.beaver.duja@instan..., usingTunnel: false}, kt:requestId: fbdf251e-d168-4277-967e-424..., kt:rid: fbdf251e-d168-4277-967e-424..., networkConnectionEnabled: false, pageLoadStrategy: normal, platform: WINDOWS, platformName: WINDOWS, proxy: Proxy(), se:bidiEnabled: false, se:cdpEnabled: false, setWindowRect: true, strictFileInteractability: false, timeouts: {implicit: 0, pageLoad: 300000, script: 30000}, unhandledPromptBehavior: dismiss and notify, webauthn:extension:credBlob: true, webauthn:extension:largeBlob: true, webauthn:extension:minPinLength: true, webauthn:extension:prf: true, webauthn:virtualAuthenticators: true}
Session ID: c3deca65732d60888d5aefe11fdead7f</property>
</record>
<record>
  <date>2025-01-31T14:34:18.246069100Z</date>
  <millis>1738334058246</millis>
  <nanos>69100</nanos>
  <sequence>423</sequence>
  <level>FAILED</level>
  <class>com.kms.katalon.core.logging.XmlKeywordLogger</class>
  <method>logMessage</method>
  <thread>1</thread>
  <message>Unable to set text &amp;apos;locked_out_user&amp;apos; of object &amp;apos;Object Repository/Page_Swag Labs/input_Swag Labs_user-name&amp;apos;</message>
  <nestedLevel>1</nestedLevel>
  <escapedJava>false</escapedJava>
  <property name="failed.exception.class">org.openqa.selenium.NoSuchSessionException</property>
  <property name="failed.exception.stacktrace">org.openqa.selenium.NoSuchSessionException: invalid session id: session deleted as the browser has closed the connection
from disconnected: unable to send message to renderer
  (Session info: chrome=133.0.6847.2)
Build info: version: &apos;3.141.59&apos;, revision: &apos;unknown&apos;, time: &apos;unknown&apos;
System info: host: &apos;LAPTOP-5GQHVTHK&apos;, ip: &apos;192.168.0.101&apos;, os.name: &apos;Windows 11&apos;, os.arch: &apos;amd64&apos;, os.version: &apos;10.0&apos;, java.version: &apos;17.0.7&apos;
Driver info: com.kms.katalon.selenium.driver.CRemoteWebDriver
Capabilities {acceptInsecureCerts: false, browserName: chrome, browserVersion: 133.0.6847.2, chrome: {chromedriverVersion: 133.0.6847.2 (7e95e23d2d1f8..., userDataDir: C:\Program Files\scoped_dir...}, fedcm:accounts: true, goog:chromeOptions: {debuggerAddress: localhost:9225}, javascriptEnabled: true, katalon:caps: {executionId: 3e0101c1-bb98-4fcb-b3a8-683..., executionSessionId: fbdf251e-d168-4277-967e-424...}, katalon:options: {executionId: 3e0101c1-bb98-4fcb-b3a8-683..., executionSessionId: fbdf251e-d168-4277-967e-424..., metadata: {accountUuid: fda32340-531c-49aa-a0b7-40d..., organizationId: 1906073, usingTunnel: false}, organizationId: 1906073, runFromTestCloud: true, userId: 1648280, username: innocent.beaver.duja@instan..., usingTunnel: false}, kt:requestId: fbdf251e-d168-4277-967e-424..., kt:rid: fbdf251e-d168-4277-967e-424..., networkConnectionEnabled: false, pageLoadStrategy: normal, platform: WINDOWS, platformName: WINDOWS, proxy: Proxy(), se:bidiEnabled: false, se:cdpEnabled: false, setWindowRect: true, strictFileInteractability: false, timeouts: {implicit: 0, pageLoad: 300000, script: 30000}, unhandledPromptBehavior: dismiss and notify, webauthn:extension:credBlob: true, webauthn:extension:largeBlob: true, webauthn:extension:minPinLength: true, webauthn:extension:prf: true, webauthn:virtualAuthenticators: true}
Session ID: c3deca65732d60888d5aefe11fdead7f
	at jdk.internal.reflect.GeneratedConstructorAccessor22.newInstance(Unknown Source)
	at java.base/jdk.internal.reflect.DelegatingConstructorAccessorImpl.newInstance(DelegatingConstructorAccessorImpl.java:45)
	at org.openqa.selenium.remote.http.W3CHttpResponseCodec.createException(W3CHttpResponseCodec.java:187)
	at org.openqa.selenium.remote.http.W3CHttpResponseCodec.decode(W3CHttpResponseCodec.java:122)
	at org.openqa.selenium.remote.http.W3CHttpResponseCodec.decode(W3CHttpResponseCodec.java:49)
	at org.openqa.selenium.remote.HttpCommandExecutor.execute(HttpCommandExecutor.java:158)
	at org.openqa.selenium.remote.RemoteWebDriver.execute(RemoteWebDriver.java:552)
	at com.kms.katalon.selenium.driver.CRemoteWebDriver.execute(CRemoteWebDriver.java:30)
	at org.openqa.selenium.remote.RemoteWebElement.execute(RemoteWebElement.java:285)
	at org.openqa.selenium.remote.RemoteWebElement.sendKeys(RemoteWebElement.java:106)
	at java.base/jdk.internal.reflect.NativeMethodAccessorImpl.invoke0(Native Method)
	at java.base/jdk.internal.reflect.NativeMethodAccessorImpl.invoke(NativeMethodAccessorImpl.java:77)
	at java.base/jdk.internal.reflect.DelegatingMethodAccessorImpl.invoke(DelegatingMethodAccessorImpl.java:43)
	at org.openqa.selenium.support.events.EventFiringWebDriver$EventFiringWebElement.lambda$new$0(EventFiringWebDriver.java:404)
	at jdk.proxy2/jdk.proxy2.$Proxy24.sendKeys(Unknown Source)
	at org.openqa.selenium.support.events.EventFiringWebDriver$EventFiringWebElement.sendKeys(EventFiringWebDriver.java:429)
	at com.kms.katalon.core.webui.keyword.builtin.SetTextKeyword$_setText_closure1.doCall(SetTextKeyword.groovy:71)
	at com.kms.katalon.core.webui.keyword.builtin.SetTextKeyword$_setText_closure1.call(SetTextKeyword.groovy)
	at com.kms.katalon.core.webui.keyword.internal.WebUIKeywordMain.runKeyword(WebUIKeywordMain.groovy:35)
	at com.kms.katalon.core.webui.keyword.builtin.SetTextKeyword.setText(SetTextKeyword.groovy:85)
	at com.kms.katalon.core.webui.keyword.builtin.SetTextKeyword.execute(SetTextKeyword.groovy:39)
	at com.kms.katalon.core.keyword.internal.KeywordExecutor.executeKeywordForPlatform(KeywordExecutor.groovy:74)
	at com.kms.katalon.core.webui.keyword.WebUiBuiltInKeywords.setText(WebUiBuiltInKeywords.groovy:1019)
	at com.test.swaglabs.CustomLogin.WebLoginSecondAccount(CustomLogin.groovy:47)
	at java.base/jdk.internal.reflect.NativeMethodAccessorImpl.invoke0(Native Method)
	at java.base/jdk.internal.reflect.NativeMethodAccessorImpl.invoke(NativeMethodAccessorImpl.java:77)
	at java.base/jdk.internal.reflect.DelegatingMethodAccessorImpl.invoke(DelegatingMethodAccessorImpl.java:43)
	at com.kms.katalon.core.main.CustomKeywordDelegatingMetaClass.invokeStaticMethod(CustomKeywordDelegatingMetaClass.java:55)
	at Login by Second Account - locked_out_user.run(Login by Second Account - locked_out_user:24)
	at com.kms.katalon.core.main.ScriptEngine.run(ScriptEngine.java:194)
	at com.kms.katalon.core.main.ScriptEngine.runScriptAsRawText(ScriptEngine.java:119)
	at com.kms.katalon.core.main.TestCaseExecutor.runScript(TestCaseExecutor.java:448)
	at com.kms.katalon.core.main.TestCaseExecutor.doExecute(TestCaseExecutor.java:439)
	at com.kms.katalon.core.main.TestCaseExecutor.processExecutionPhase(TestCaseExecutor.java:418)
	at com.kms.katalon.core.main.TestCaseExecutor.accessMainPhase(TestCaseExecutor.java:410)
	at com.kms.katalon.core.main.TestCaseExecutor.execute(TestCaseExecutor.java:285)
	at com.kms.katalon.core.main.TestCaseExecutor.execute(TestCaseExecutor.java:369)
	at com.kms.katalon.core.common.CommonExecutor.accessTestCaseMainPhase(CommonExecutor.java:65)
	at com.kms.katalon.core.main.TestSuiteExecutor.accessTestSuiteMainPhase(TestSuiteExecutor.java:150)
	at com.kms.katalon.core.main.TestSuiteExecutor.execute(TestSuiteExecutor.java:106)
	at com.kms.katalon.core.main.TestCaseMain.startTestSuite(TestCaseMain.java:180)
	at TempTestSuite1738333839214.run(TempTestSuite1738333839214.groovy:35)
	at java.base/jdk.internal.reflect.NativeMethodAccessorImpl.invoke0(Native Method)
	at java.base/jdk.internal.reflect.NativeMethodAccessorImpl.invoke(NativeMethodAccessorImpl.java:77)
	at java.base/jdk.internal.reflect.DelegatingMethodAccessorImpl.invoke(DelegatingMethodAccessorImpl.java:43)
</property>
  <property name="failed.exception.message">invalid session id: session deleted as the browser has closed the connection
from disconnected: unable to send message to renderer
  (Session info: chrome=133.0.6847.2)
Build info: version: &apos;3.141.59&apos;, revision: &apos;unknown&apos;, time: &apos;unknown&apos;
System info: host: &apos;LAPTOP-5GQHVTHK&apos;, ip: &apos;192.168.0.101&apos;, os.name: &apos;Windows 11&apos;, os.arch: &apos;amd64&apos;, os.version: &apos;10.0&apos;, java.version: &apos;17.0.7&apos;
Driver info: com.kms.katalon.selenium.driver.CRemoteWebDriver
Capabilities {acceptInsecureCerts: false, browserName: chrome, browserVersion: 133.0.6847.2, chrome: {chromedriverVersion: 133.0.6847.2 (7e95e23d2d1f8..., userDataDir: C:\Program Files\scoped_dir...}, fedcm:accounts: true, goog:chromeOptions: {debuggerAddress: localhost:9225}, javascriptEnabled: true, katalon:caps: {executionId: 3e0101c1-bb98-4fcb-b3a8-683..., executionSessionId: fbdf251e-d168-4277-967e-424...}, katalon:options: {executionId: 3e0101c1-bb98-4fcb-b3a8-683..., executionSessionId: fbdf251e-d168-4277-967e-424..., metadata: {accountUuid: fda32340-531c-49aa-a0b7-40d..., organizationId: 1906073, usingTunnel: false}, organizationId: 1906073, runFromTestCloud: true, userId: 1648280, username: innocent.beaver.duja@instan..., usingTunnel: false}, kt:requestId: fbdf251e-d168-4277-967e-424..., kt:rid: fbdf251e-d168-4277-967e-424..., networkConnectionEnabled: false, pageLoadStrategy: normal, platform: WINDOWS, platformName: WINDOWS, proxy: Proxy(), se:bidiEnabled: false, se:cdpEnabled: false, setWindowRect: true, strictFileInteractability: false, timeouts: {implicit: 0, pageLoad: 300000, script: 30000}, unhandledPromptBehavior: dismiss and notify, webauthn:extension:credBlob: true, webauthn:extension:largeBlob: true, webauthn:extension:minPinLength: true, webauthn:extension:prf: true, webauthn:virtualAuthenticators: true}
Session ID: c3deca65732d60888d5aefe11fdead7f</property>
</record>
<record>
  <date>2025-01-31T14:34:18.247052100Z</date>
  <millis>1738334058247</millis>
  <nanos>52100</nanos>
  <sequence>426</sequence>
  <level>END</level>
  <class>com.kms.katalon.core.logging.XmlKeywordLogger</class>
  <method>endKeyword</method>
  <thread>1</thread>
  <message>End action : com.test.swaglabs.CustomLogin.WebLoginSecondAccount()</message>
  <nestedLevel>1</nestedLevel>
  <escapedJava>false</escapedJava>
</record>
<record>
  <date>2025-01-31T14:34:18.249052400Z</date>
  <millis>1738334058249</millis>
  <nanos>52400</nanos>
  <sequence>429</sequence>
  <level>FAILED</level>
  <class>com.kms.katalon.core.logging.XmlKeywordLogger</class>
  <method>logMessage</method>
  <thread>1</thread>
  <message>Test Cases/Login by Second Account - locked_out_user FAILED.
Reason:
com.kms.katalon.core.exception.StepFailedException: Unable to set text &amp;apos;locked_out_user&amp;apos; of object &amp;apos;Object Repository/Page_Swag Labs/input_Swag Labs_user-name&amp;apos;
	at com.kms.katalon.core.webui.keyword.internal.WebUIKeywordMain.stepFailed(WebUIKeywordMain.groovy:117)
	at com.kms.katalon.core.webui.keyword.internal.WebUIKeywordMain.runKeyword(WebUIKeywordMain.groovy:43)
	at com.kms.katalon.core.webui.keyword.builtin.SetTextKeyword.setText(SetTextKeyword.groovy:85)
	at com.kms.katalon.core.webui.keyword.builtin.SetTextKeyword.execute(SetTextKeyword.groovy:39)
	at com.kms.katalon.core.keyword.internal.KeywordExecutor.executeKeywordForPlatform(KeywordExecutor.groovy:74)
	at com.kms.katalon.core.webui.keyword.WebUiBuiltInKeywords.setText(WebUiBuiltInKeywords.groovy:1019)
	at com.test.swaglabs.CustomLogin.WebLoginSecondAccount(CustomLogin.groovy:47)
	at java.base/jdk.internal.reflect.NativeMethodAccessorImpl.invoke0(Native Method)
	at java.base/jdk.internal.reflect.NativeMethodAccessorImpl.invoke(NativeMethodAccessorImpl.java:77)
	at java.base/jdk.internal.reflect.DelegatingMethodAccessorImpl.invoke(DelegatingMethodAccessorImpl.java:43)
	at com.kms.katalon.core.main.CustomKeywordDelegatingMetaClass.invokeStaticMethod(CustomKeywordDelegatingMetaClass.java:55)
	at Login by Second Account - locked_out_user.run(Login by Second Account - locked_out_user:24)
	at com.kms.katalon.core.main.ScriptEngine.run(ScriptEngine.java:194)
	at com.kms.katalon.core.main.ScriptEngine.runScriptAsRawText(ScriptEngine.java:119)
	at com.kms.katalon.core.main.TestCaseExecutor.runScript(TestCaseExecutor.java:448)
	at com.kms.katalon.core.main.TestCaseExecutor.doExecute(TestCaseExecutor.java:439)
	at com.kms.katalon.core.main.TestCaseExecutor.processExecutionPhase(TestCaseExecutor.java:418)
	at com.kms.katalon.core.main.TestCaseExecutor.accessMainPhase(TestCaseExecutor.java:410)
	at com.kms.katalon.core.main.TestCaseExecutor.execute(TestCaseExecutor.java:285)
	at com.kms.katalon.core.main.TestCaseExecutor.execute(TestCaseExecutor.java:369)
	at com.kms.katalon.core.common.CommonExecutor.accessTestCaseMainPhase(CommonExecutor.java:65)
	at com.kms.katalon.core.main.TestSuiteExecutor.accessTestSuiteMainPhase(TestSuiteExecutor.java:150)
	at com.kms.katalon.core.main.TestSuiteExecutor.execute(TestSuiteExecutor.java:106)
	at com.kms.katalon.core.main.TestCaseMain.startTestSuite(TestCaseMain.java:180)
	at TempTestSuite1738333839214.run(TempTestSuite1738333839214.groovy:35)
	at java.base/jdk.internal.reflect.NativeMethodAccessorImpl.invoke0(Native Method)
	at java.base/jdk.internal.reflect.NativeMethodAccessorImpl.invoke(NativeMethodAccessorImpl.java:77)
	at java.base/jdk.internal.reflect.DelegatingMethodAccessorImpl.invoke(DelegatingMethodAccessorImpl.java:43)
Caused by: org.openqa.selenium.NoSuchSessionException: invalid session id: session deleted as the browser has closed the connection
from disconnected: unable to send message to renderer
  (Session info: chrome=133.0.6847.2)
Build info: version: &amp;apos;3.141.59&amp;apos;, revision: &amp;apos;unknown&amp;apos;, time: &amp;apos;unknown&amp;apos;
System info: host: &amp;apos;LAPTOP-5GQHVTHK&amp;apos;, ip: &amp;apos;192.168.0.101&amp;apos;, os.name: &amp;apos;Windows 11&amp;apos;, os.arch: &amp;apos;amd64&amp;apos;, os.version: &amp;apos;10.0&amp;apos;, java.version: &amp;apos;17.0.7&amp;apos;
Driver info: com.kms.katalon.selenium.driver.CRemoteWebDriver
Capabilities {acceptInsecureCerts: false, browserName: chrome, browserVersion: 133.0.6847.2, chrome: {chromedriverVersion: 133.0.6847.2 (7e95e23d2d1f8..., userDataDir: C:\Program Files\scoped_dir...}, fedcm:accounts: true, goog:chromeOptions: {debuggerAddress: localhost:9225}, javascriptEnabled: true, katalon:caps: {executionId: 3e0101c1-bb98-4fcb-b3a8-683..., executionSessionId: fbdf251e-d168-4277-967e-424...}, katalon:options: {executionId: 3e0101c1-bb98-4fcb-b3a8-683..., executionSessionId: fbdf251e-d168-4277-967e-424..., metadata: {accountUuid: fda32340-531c-49aa-a0b7-40d..., organizationId: 1906073, usingTunnel: false}, organizationId: 1906073, runFromTestCloud: true, userId: 1648280, username: innocent.beaver.duja@instan..., usingTunnel: false}, kt:requestId: fbdf251e-d168-4277-967e-424..., kt:rid: fbdf251e-d168-4277-967e-424..., networkConnectionEnabled: false, pageLoadStrategy: normal, platform: WINDOWS, platformName: WINDOWS, proxy: Proxy(), se:bidiEnabled: false, se:cdpEnabled: false, setWindowRect: true, strictFileInteractability: false, timeouts: {implicit: 0, pageLoad: 300000, script: 30000}, unhandledPromptBehavior: dismiss and notify, webauthn:extension:credBlob: true, webauthn:extension:largeBlob: true, webauthn:extension:minPinLength: true, webauthn:extension:prf: true, webauthn:virtualAuthenticators: true}
Session ID: c3deca65732d60888d5aefe11fdead7f
	at jdk.internal.reflect.GeneratedConstructorAccessor22.newInstance(Unknown Source)
	at java.base/jdk.internal.reflect.DelegatingConstructorAccessorImpl.newInstance(DelegatingConstructorAccessorImpl.java:45)
	at org.openqa.selenium.remote.http.W3CHttpResponseCodec.createException(W3CHttpResponseCodec.java:187)
	at org.openqa.selenium.remote.http.W3CHttpResponseCodec.decode(W3CHttpResponseCodec.java:122)
	at org.openqa.selenium.remote.http.W3CHttpResponseCodec.decode(W3CHttpResponseCodec.java:49)
	at org.openqa.selenium.remote.HttpCommandExecutor.execute(HttpCommandExecutor.java:158)
	at org.openqa.selenium.remote.RemoteWebDriver.execute(RemoteWebDriver.java:552)
	at com.kms.katalon.selenium.driver.CRemoteWebDriver.execute(CRemoteWebDriver.java:30)
	at org.openqa.selenium.remote.RemoteWebElement.execute(RemoteWebElement.java:285)
	at org.openqa.selenium.remote.RemoteWebElement.sendKeys(RemoteWebElement.java:106)
	at java.base/jdk.internal.reflect.NativeMethodAccessorImpl.invoke0(Native Method)
	at java.base/jdk.internal.reflect.NativeMethodAccessorImpl.invoke(NativeMethodAccessorImpl.java:77)
	at java.base/jdk.internal.reflect.DelegatingMethodAccessorImpl.invoke(DelegatingMethodAccessorImpl.java:43)
	at org.openqa.selenium.support.events.EventFiringWebDriver$EventFiringWebElement.lambda$new$0(EventFiringWebDriver.java:404)
	at jdk.proxy2/jdk.proxy2.$Proxy24.sendKeys(Unknown Source)
	at org.openqa.selenium.support.events.EventFiringWebDriver$EventFiringWebElement.sendKeys(EventFiringWebDriver.java:429)
	at com.kms.katalon.core.webui.keyword.builtin.SetTextKeyword$_setText_closure1.doCall(SetTextKeyword.groovy:71)
	at com.kms.katalon.core.webui.keyword.builtin.SetTextKeyword$_setText_closure1.call(SetTextKeyword.groovy)
	at com.kms.katalon.core.webui.keyword.internal.WebUIKeywordMain.runKeyword(WebUIKeywordMain.groovy:35)
	... 26 more
</message>
  <exception>
    <message>com.kms.katalon.core.exception.StepFailedException: Unable to set text 'locked_out_user' of object 'Object Repository/Page_Swag Labs/input_Swag Labs_user-name'</message>
    <frame>
      <class>com.kms.katalon.core.webui.keyword.internal.WebUIKeywordMain</class>
      <method>stepFailed</method>
      <line>117</line>
    </frame>
    <frame>
      <class>com.kms.katalon.core.webui.keyword.internal.WebUIKeywordMain</class>
      <method>runKeyword</method>
      <line>43</line>
    </frame>
    <frame>
      <class>com.kms.katalon.core.webui.keyword.builtin.SetTextKeyword</class>
      <method>setText</method>
      <line>85</line>
    </frame>
    <frame>
      <class>com.kms.katalon.core.webui.keyword.builtin.SetTextKeyword</class>
      <method>execute</method>
      <line>39</line>
    </frame>
    <frame>
      <class>com.kms.katalon.core.keyword.internal.KeywordExecutor</class>
      <method>executeKeywordForPlatform</method>
      <line>74</line>
    </frame>
    <frame>
      <class>com.kms.katalon.core.webui.keyword.WebUiBuiltInKeywords</class>
      <method>setText</method>
      <line>1019</line>
    </frame>
    <frame>
      <class>com.test.swaglabs.CustomLogin</class>
      <method>WebLoginSecondAccount</method>
      <line>47</line>
    </frame>
    <frame>
      <class>jdk.internal.reflect.NativeMethodAccessorImpl</class>
      <method>invoke0</method>
    </frame>
    <frame>
      <class>jdk.internal.reflect.NativeMethodAccessorImpl</class>
      <method>invoke</method>
      <line>77</line>
    </frame>
    <frame>
      <class>jdk.internal.reflect.DelegatingMethodAccessorImpl</class>
      <method>invoke</method>
      <line>43</line>
    </frame>
    <frame>
      <class>com.kms.katalon.core.main.CustomKeywordDelegatingMetaClass</class>
      <method>invokeStaticMethod</method>
      <line>55</line>
    </frame>
    <frame>
      <class>Login by Second Account - locked_out_user</class>
      <method>run</method>
      <line>24</line>
    </frame>
    <frame>
      <class>com.kms.katalon.core.main.ScriptEngine</class>
      <method>run</method>
      <line>194</line>
    </frame>
    <frame>
      <class>com.kms.katalon.core.main.ScriptEngine</class>
      <method>runScriptAsRawText</method>
      <line>119</line>
    </frame>
    <frame>
      <class>com.kms.katalon.core.main.TestCaseExecutor</class>
      <method>runScript</method>
      <line>448</line>
    </frame>
    <frame>
      <class>com.kms.katalon.core.main.TestCaseExecutor</class>
      <method>doExecute</method>
      <line>439</line>
    </frame>
    <frame>
      <class>com.kms.katalon.core.main.TestCaseExecutor</class>
      <method>processExecutionPhase</method>
      <line>418</line>
    </frame>
    <frame>
      <class>com.kms.katalon.core.main.TestCaseExecutor</class>
      <method>accessMainPhase</method>
      <line>410</line>
    </frame>
    <frame>
      <class>com.kms.katalon.core.main.TestCaseExecutor</class>
      <method>execute</method>
      <line>285</line>
    </frame>
    <frame>
      <class>com.kms.katalon.core.main.TestCaseExecutor</class>
      <method>execute</method>
      <line>369</line>
    </frame>
    <frame>
      <class>com.kms.katalon.core.common.CommonExecutor</class>
      <method>accessTestCaseMainPhase</method>
      <line>65</line>
    </frame>
    <frame>
      <class>com.kms.katalon.core.main.TestSuiteExecutor</class>
      <method>accessTestSuiteMainPhase</method>
      <line>150</line>
    </frame>
    <frame>
      <class>com.kms.katalon.core.main.TestSuiteExecutor</class>
      <method>execute</method>
      <line>106</line>
    </frame>
    <frame>
      <class>com.kms.katalon.core.main.TestCaseMain</class>
      <method>startTestSuite</method>
      <line>180</line>
    </frame>
    <frame>
      <class>TempTestSuite1738333839214</class>
      <method>run</method>
      <line>35</line>
    </frame>
    <frame>
      <class>jdk.internal.reflect.NativeMethodAccessorImpl</class>
      <method>invoke0</method>
    </frame>
    <frame>
      <class>jdk.internal.reflect.NativeMethodAccessorImpl</class>
      <method>invoke</method>
      <line>77</line>
    </frame>
    <frame>
      <class>jdk.internal.reflect.DelegatingMethodAccessorImpl</class>
      <method>invoke</method>
      <line>43</line>
    </frame>
  </exception>
  <nestedLevel>0</nestedLevel>
  <escapedJava>false</escapedJava>
  <property name="failed.exception.stacktrace">org.openqa.selenium.NoSuchSessionException: invalid session id: session deleted as the browser has closed the connection
from disconnected: unable to send message to renderer
  (Session info: chrome=133.0.6847.2)
Build info: version: &apos;3.141.59&apos;, revision: &apos;unknown&apos;, time: &apos;unknown&apos;
System info: host: &apos;LAPTOP-5GQHVTHK&apos;, ip: &apos;192.168.0.101&apos;, os.name: &apos;Windows 11&apos;, os.arch: &apos;amd64&apos;, os.version: &apos;10.0&apos;, java.version: &apos;17.0.7&apos;
Driver info: com.kms.katalon.selenium.driver.CRemoteWebDriver
Capabilities {acceptInsecureCerts: false, browserName: chrome, browserVersion: 133.0.6847.2, chrome: {chromedriverVersion: 133.0.6847.2 (7e95e23d2d1f8..., userDataDir: C:\Program Files\scoped_dir...}, fedcm:accounts: true, goog:chromeOptions: {debuggerAddress: localhost:9225}, javascriptEnabled: true, katalon:caps: {executionId: 3e0101c1-bb98-4fcb-b3a8-683..., executionSessionId: fbdf251e-d168-4277-967e-424...}, katalon:options: {executionId: 3e0101c1-bb98-4fcb-b3a8-683..., executionSessionId: fbdf251e-d168-4277-967e-424..., metadata: {accountUuid: fda32340-531c-49aa-a0b7-40d..., organizationId: 1906073, usingTunnel: false}, organizationId: 1906073, runFromTestCloud: true, userId: 1648280, username: innocent.beaver.duja@instan..., usingTunnel: false}, kt:requestId: fbdf251e-d168-4277-967e-424..., kt:rid: fbdf251e-d168-4277-967e-424..., networkConnectionEnabled: false, pageLoadStrategy: normal, platform: WINDOWS, platformName: WINDOWS, proxy: Proxy(), se:bidiEnabled: false, se:cdpEnabled: false, setWindowRect: true, strictFileInteractability: false, timeouts: {implicit: 0, pageLoad: 300000, script: 30000}, unhandledPromptBehavior: dismiss and notify, webauthn:extension:credBlob: true, webauthn:extension:largeBlob: true, webauthn:extension:minPinLength: true, webauthn:extension:prf: true, webauthn:virtualAuthenticators: true}
Session ID: c3deca65732d60888d5aefe11fdead7f
	at jdk.internal.reflect.GeneratedConstructorAccessor22.newInstance(Unknown Source)
	at java.base/jdk.internal.reflect.DelegatingConstructorAccessorImpl.newInstance(DelegatingConstructorAccessorImpl.java:45)
	at org.openqa.selenium.remote.http.W3CHttpResponseCodec.createException(W3CHttpResponseCodec.java:187)
	at org.openqa.selenium.remote.http.W3CHttpResponseCodec.decode(W3CHttpResponseCodec.java:122)
	at org.openqa.selenium.remote.http.W3CHttpResponseCodec.decode(W3CHttpResponseCodec.java:49)
	at org.openqa.selenium.remote.HttpCommandExecutor.execute(HttpCommandExecutor.java:158)
	at org.openqa.selenium.remote.RemoteWebDriver.execute(RemoteWebDriver.java:552)
	at com.kms.katalon.selenium.driver.CRemoteWebDriver.execute(CRemoteWebDriver.java:30)
	at org.openqa.selenium.remote.RemoteWebElement.execute(RemoteWebElement.java:285)
	at org.openqa.selenium.remote.RemoteWebElement.sendKeys(RemoteWebElement.java:106)
	at java.base/jdk.internal.reflect.NativeMethodAccessorImpl.invoke0(Native Method)
	at java.base/jdk.internal.reflect.NativeMethodAccessorImpl.invoke(NativeMethodAccessorImpl.java:77)
	at java.base/jdk.internal.reflect.DelegatingMethodAccessorImpl.invoke(DelegatingMethodAccessorImpl.java:43)
	at org.openqa.selenium.support.events.EventFiringWebDriver$EventFiringWebElement.lambda$new$0(EventFiringWebDriver.java:404)
	at jdk.proxy2/jdk.proxy2.$Proxy24.sendKeys(Unknown Source)
	at org.openqa.selenium.support.events.EventFiringWebDriver$EventFiringWebElement.sendKeys(EventFiringWebDriver.java:429)
	at com.kms.katalon.core.webui.keyword.builtin.SetTextKeyword$_setText_closure1.doCall(SetTextKeyword.groovy:71)
	at com.kms.katalon.core.webui.keyword.builtin.SetTextKeyword$_setText_closure1.call(SetTextKeyword.groovy)
	at com.kms.katalon.core.webui.keyword.internal.WebUIKeywordMain.runKeyword(WebUIKeywordMain.groovy:35)
	at com.kms.katalon.core.webui.keyword.builtin.SetTextKeyword.setText(SetTextKeyword.groovy:85)
	at com.kms.katalon.core.webui.keyword.builtin.SetTextKeyword.execute(SetTextKeyword.groovy:39)
	at com.kms.katalon.core.keyword.internal.KeywordExecutor.executeKeywordForPlatform(KeywordExecutor.groovy:74)
	at com.kms.katalon.core.webui.keyword.WebUiBuiltInKeywords.setText(WebUiBuiltInKeywords.groovy:1019)
	at com.test.swaglabs.CustomLogin.WebLoginSecondAccount(CustomLogin.groovy:47)
	at java.base/jdk.internal.reflect.NativeMethodAccessorImpl.invoke0(Native Method)
	at java.base/jdk.internal.reflect.NativeMethodAccessorImpl.invoke(NativeMethodAccessorImpl.java:77)
	at java.base/jdk.internal.reflect.DelegatingMethodAccessorImpl.invoke(DelegatingMethodAccessorImpl.java:43)
	at com.kms.katalon.core.main.CustomKeywordDelegatingMetaClass.invokeStaticMethod(CustomKeywordDelegatingMetaClass.java:55)
	at Login by Second Account - locked_out_user.run(Login by Second Account - locked_out_user:24)
	at com.kms.katalon.core.main.ScriptEngine.run(ScriptEngine.java:194)
	at com.kms.katalon.core.main.ScriptEngine.runScriptAsRawText(ScriptEngine.java:119)
	at com.kms.katalon.core.main.TestCaseExecutor.runScript(TestCaseExecutor.java:448)
	at com.kms.katalon.core.main.TestCaseExecutor.doExecute(TestCaseExecutor.java:439)
	at com.kms.katalon.core.main.TestCaseExecutor.processExecutionPhase(TestCaseExecutor.java:418)
	at com.kms.katalon.core.main.TestCaseExecutor.accessMainPhase(TestCaseExecutor.java:410)
	at com.kms.katalon.core.main.TestCaseExecutor.execute(TestCaseExecutor.java:285)
	at com.kms.katalon.core.main.TestCaseExecutor.execute(TestCaseExecutor.java:369)
	at com.kms.katalon.core.common.CommonExecutor.accessTestCaseMainPhase(CommonExecutor.java:65)
	at com.kms.katalon.core.main.TestSuiteExecutor.accessTestSuiteMainPhase(TestSuiteExecutor.java:150)
	at com.kms.katalon.core.main.TestSuiteExecutor.execute(TestSuiteExecutor.java:106)
	at com.kms.katalon.core.main.TestCaseMain.startTestSuite(TestCaseMain.java:180)
	at TempTestSuite1738333839214.run(TempTestSuite1738333839214.groovy:35)
	at java.base/jdk.internal.reflect.NativeMethodAccessorImpl.invoke0(Native Method)
	at java.base/jdk.internal.reflect.NativeMethodAccessorImpl.invoke(NativeMethodAccessorImpl.java:77)
	at java.base/jdk.internal.reflect.DelegatingMethodAccessorImpl.invoke(DelegatingMethodAccessorImpl.java:43)
</property>
  <property name="failed.exception.class">org.openqa.selenium.NoSuchSessionException</property>
  <property name="failed.exception.message">invalid session id: session deleted as the browser has closed the connection
from disconnected: unable to send message to renderer
  (Session info: chrome=133.0.6847.2)
Build info: version: &apos;3.141.59&apos;, revision: &apos;unknown&apos;, time: &apos;unknown&apos;
System info: host: &apos;LAPTOP-5GQHVTHK&apos;, ip: &apos;192.168.0.101&apos;, os.name: &apos;Windows 11&apos;, os.arch: &apos;amd64&apos;, os.version: &apos;10.0&apos;, java.version: &apos;17.0.7&apos;
Driver info: com.kms.katalon.selenium.driver.CRemoteWebDriver
Capabilities {acceptInsecureCerts: false, browserName: chrome, browserVersion: 133.0.6847.2, chrome: {chromedriverVersion: 133.0.6847.2 (7e95e23d2d1f8..., userDataDir: C:\Program Files\scoped_dir...}, fedcm:accounts: true, goog:chromeOptions: {debuggerAddress: localhost:9225}, javascriptEnabled: true, katalon:caps: {executionId: 3e0101c1-bb98-4fcb-b3a8-683..., executionSessionId: fbdf251e-d168-4277-967e-424...}, katalon:options: {executionId: 3e0101c1-bb98-4fcb-b3a8-683..., executionSessionId: fbdf251e-d168-4277-967e-424..., metadata: {accountUuid: fda32340-531c-49aa-a0b7-40d..., organizationId: 1906073, usingTunnel: false}, organizationId: 1906073, runFromTestCloud: true, userId: 1648280, username: innocent.beaver.duja@instan..., usingTunnel: false}, kt:requestId: fbdf251e-d168-4277-967e-424..., kt:rid: fbdf251e-d168-4277-967e-424..., networkConnectionEnabled: false, pageLoadStrategy: normal, platform: WINDOWS, platformName: WINDOWS, proxy: Proxy(), se:bidiEnabled: false, se:cdpEnabled: false, setWindowRect: true, strictFileInteractability: false, timeouts: {implicit: 0, pageLoad: 300000, script: 30000}, unhandledPromptBehavior: dismiss and notify, webauthn:extension:credBlob: true, webauthn:extension:largeBlob: true, webauthn:extension:minPinLength: true, webauthn:extension:prf: true, webauthn:virtualAuthenticators: true}
Session ID: c3deca65732d60888d5aefe11fdead7f</property>
</record>
<record>
  <date>2025-01-31T14:34:18.252053900Z</date>
  <millis>1738334058252</millis>
  <nanos>53900</nanos>
  <sequence>431</sequence>
  <level>END</level>
  <class>com.kms.katalon.core.logging.XmlKeywordLogger</class>
  <method>endTest</method>
  <thread>1</thread>
  <message>End Test Case : Test Cases/Login by Second Account - locked_out_user</message>
  <nestedLevel>0</nestedLevel>
  <escapedJava>false</escapedJava>
  <property name="executionBindingVariables">[]</property>
  <property name="applitools">false</property>
  <property name="remainingRetryCount">2</property>
  <property name="currentRetryCount">1</property>
  <property name="keywordsUsage">{
  &quot;web_ui&quot;: true,
  &quot;web_service&quot;: false,
  &quot;cucumber&quot;: false,
  &quot;builtin&quot;: false,
  &quot;mobile&quot;: false,
  &quot;windows&quot;: false,
  &quot;testng&quot;: false
}</property>
</record>
<record>
  <date>2025-01-31T14:34:18.254051Z</date>
  <millis>1738334058254</millis>
  <nanos>51000</nanos>
  <sequence>432</sequence>
  <level>START</level>
  <class>com.kms.katalon.core.logging.XmlKeywordLogger</class>
  <method>startTest</method>
  <thread>1</thread>
  <message>Start Test Case : Test Cases/Login by Second Account - locked_out_user</message>
  <nestedLevel>1</nestedLevel>
  <escapedJava>false</escapedJava>
  <property name="remainingRetryCount">1</property>
  <property name="name">Test Cases/Login by Second Account - locked_out_user</property>
  <property name="description"></property>
  <property name="iteration"></property>
  <property name="id">Test Cases/Login by Second Account - locked_out_user</property>
  <property name="source">C:\Users\ACER\git\KatalonGitSwagLabsNew\Test Cases\Login by Second Account - locked_out_user.tc</property>
  <property name="tag"></property>
  <property name="isOptional">false</property>
  <property name="currentRetryCount">2</property>
</record>
<record>
  <date>2025-01-31T14:34:18.266055900Z</date>
  <millis>1738334058266</millis>
  <nanos>55900</nanos>
  <sequence>434</sequence>
  <level>START</level>
  <class>com.kms.katalon.core.logging.XmlKeywordLogger</class>
  <method>startKeyword</method>
  <thread>1</thread>
  <message>Start action : openBrowser(&amp;quot;&amp;quot;)</message>
  <nestedLevel>1</nestedLevel>
  <escapedJava>false</escapedJava>
  <property name="startLine">20</property>
  <property name="stepIndex">1</property>
</record>
<record>
  <date>2025-01-31T14:34:18.272054300Z</date>
  <millis>1738334058272</millis>
  <nanos>54300</nanos>
  <sequence>436</sequence>
  <level>WARNING</level>
  <class>com.kms.katalon.core.logging.XmlKeywordLogger</class>
  <method>logMessage</method>
  <thread>1</thread>
  <message>A browser is already opened. Closing browser and opening a new one</message>
  <nestedLevel>1</nestedLevel>
  <escapedJava>false</escapedJava>
</record>
<record>
  <date>2025-01-31T14:34:19.129472900Z</date>
  <millis>1738334059129</millis>
  <nanos>472900</nanos>
  <sequence>437</sequence>
  <level>INFO</level>
  <class>com.kms.katalon.core.logging.XmlKeywordLogger</class>
  <method>logMessage</method>
  <thread>1</thread>
  <message>User set preference: [&amp;apos;os&amp;apos;, &amp;apos;windows&amp;apos;]</message>
  <nestedLevel>1</nestedLevel>
  <escapedJava>false</escapedJava>
</record>
<record>
  <date>2025-01-31T14:34:19.131451300Z</date>
  <millis>1738334059131</millis>
  <nanos>451300</nanos>
  <sequence>438</sequence>
  <level>INFO</level>
  <class>com.kms.katalon.core.logging.XmlKeywordLogger</class>
  <method>logMessage</method>
  <thread>1</thread>
  <message>User set preference: [&amp;apos;browserVersion&amp;apos;, &amp;apos;133&amp;apos;]</message>
  <nestedLevel>1</nestedLevel>
  <escapedJava>false</escapedJava>
</record>
<record>
  <date>2025-01-31T14:34:19.132452300Z</date>
  <millis>1738334059132</millis>
  <nanos>452300</nanos>
  <sequence>439</sequence>
  <level>INFO</level>
  <class>com.kms.katalon.core.logging.XmlKeywordLogger</class>
  <method>logMessage</method>
  <thread>1</thread>
  <message>User set preference: [&amp;apos;browserName&amp;apos;, &amp;apos;chrome&amp;apos;]</message>
  <nestedLevel>1</nestedLevel>
  <escapedJava>false</escapedJava>
</record>
<record>
  <date>2025-01-31T14:34:19.134449100Z</date>
  <millis>1738334059134</millis>
  <nanos>449100</nanos>
  <sequence>440</sequence>
  <level>INFO</level>
  <class>com.kms.katalon.core.logging.XmlKeywordLogger</class>
  <method>logMessage</method>
  <thread>1</thread>
  <message>User set preference: [&amp;apos;katalon:option&amp;apos;, &amp;apos;{organizationId=1906073, usingTunnel=false}&amp;apos;]</message>
  <nestedLevel>1</nestedLevel>
  <escapedJava>false</escapedJava>
</record>
<record>
  <date>2025-01-31T14:34:19.140449600Z</date>
  <millis>1738334059140</millis>
  <nanos>449600</nanos>
  <sequence>441</sequence>
  <level>INFO</level>
  <class>com.kms.katalon.core.logging.XmlKeywordLogger</class>
  <method>logMessage</method>
  <thread>1</thread>
  <message>Connecting to remote web server &amp;apos;testcloud.katalon.com/hub&amp;apos; with type &amp;apos;Selenium&amp;apos;</message>
  <nestedLevel>1</nestedLevel>
  <escapedJava>false</escapedJava>
</record>
<record>
  <date>2025-01-31T14:34:19.144602600Z</date>
  <millis>1738334059144</millis>
  <nanos>602600</nanos>
  <sequence>442</sequence>
  <level>INFO</level>
  <class>com.kms.katalon.core.logging.XmlKeywordLogger</class>
  <method>logMessage</method>
  <thread>1</thread>
  <message>Action delay is set to 0 milliseconds</message>
  <nestedLevel>1</nestedLevel>
  <escapedJava>false</escapedJava>
</record>
<record>
  <date>2025-01-31T14:34:43.779612600Z</date>
  <millis>1738334083779</millis>
  <nanos>612600</nanos>
  <sequence>444</sequence>
  <level>RUN_DATA</level>
  <class>com.kms.katalon.core.logging.XmlKeywordLogger</class>
  <method>logMessage</method>
  <thread>1</thread>
  <message>remoteDriverUrl = testcloud.katalon.com/hub</message>
  <nestedLevel>1</nestedLevel>
  <escapedJava>false</escapedJava>
  <property name="remoteDriverUrl">testcloud.katalon.com/hub</property>
</record>
<record>
  <date>2025-01-31T14:34:43.780613300Z</date>
  <millis>1738334083780</millis>
  <nanos>613300</nanos>
  <sequence>445</sequence>
  <level>RUN_DATA</level>
  <class>com.kms.katalon.core.logging.XmlKeywordLogger</class>
  <method>logMessage</method>
  <thread>1</thread>
  <message>remoteOS = Windows</message>
  <nestedLevel>1</nestedLevel>
  <escapedJava>false</escapedJava>
  <property name="remoteOS">Windows</property>
</record>
<record>
  <date>2025-01-31T14:34:43.781608100Z</date>
  <millis>1738334083781</millis>
  <nanos>608100</nanos>
  <sequence>446</sequence>
  <level>RUN_DATA</level>
  <class>com.kms.katalon.core.logging.XmlKeywordLogger</class>
  <method>logMessage</method>
  <thread>1</thread>
  <message>desiredCapabilities = {
  &amp;quot;timeouts&amp;quot;: {
    &amp;quot;implicit&amp;quot;: 0,
    &amp;quot;pageLoad&amp;quot;: 300000,
    &amp;quot;script&amp;quot;: 30000
  },
  &amp;quot;se:cdpEnabled&amp;quot;: false,
  &amp;quot;platform&amp;quot;: &amp;quot;WINDOWS&amp;quot;,
  &amp;quot;goog:chromeOptions&amp;quot;: {
    &amp;quot;debuggerAddress&amp;quot;: &amp;quot;localhost:9225&amp;quot;
  },
  &amp;quot;webauthn:extension:credBlob&amp;quot;: true,
  &amp;quot;acceptInsecureCerts&amp;quot;: false,
  &amp;quot;browserVersion&amp;quot;: &amp;quot;133.0.0.0&amp;quot;,
  &amp;quot;fedcm:accounts&amp;quot;: true,
  &amp;quot;kt:requestId&amp;quot;: &amp;quot;a1d1a998-72c1-41ea-8d50-2be25b69dfe3&amp;quot;,
  &amp;quot;browserName&amp;quot;: &amp;quot;chrome&amp;quot;,
  &amp;quot;javascriptEnabled&amp;quot;: true,
  &amp;quot;platformName&amp;quot;: &amp;quot;WINDOWS&amp;quot;,
  &amp;quot;setWindowRect&amp;quot;: true,
  &amp;quot;webauthn:extension:largeBlob&amp;quot;: true,
  &amp;quot;networkConnectionEnabled&amp;quot;: false,
  &amp;quot;chrome&amp;quot;: {
    &amp;quot;chromedriverVersion&amp;quot;: &amp;quot;133.0.6847.2 (7e95e23d2d1f87886163822aa701370c1187bfa1-refs/branch-heads/6847@{#6})&amp;quot;,
    &amp;quot;userDataDir&amp;quot;: &amp;quot;C:\\Program Files\\scoped_dir3720_1518619989&amp;quot;
  },
  &amp;quot;kt:rid&amp;quot;: &amp;quot;a1d1a998-72c1-41ea-8d50-2be25b69dfe3&amp;quot;,
  &amp;quot;pageLoadStrategy&amp;quot;: &amp;quot;normal&amp;quot;,
  &amp;quot;unhandledPromptBehavior&amp;quot;: &amp;quot;dismiss and notify&amp;quot;,
  &amp;quot;strictFileInteractability&amp;quot;: false,
  &amp;quot;se:bidiEnabled&amp;quot;: false,
  &amp;quot;proxy&amp;quot;: {
    &amp;quot;proxyType&amp;quot;: &amp;quot;UNSPECIFIED&amp;quot;,
    &amp;quot;autodetect&amp;quot;: false
  },
  &amp;quot;webauthn:extension:minPinLength&amp;quot;: true,
  &amp;quot;webauthn:extension:prf&amp;quot;: true,
  &amp;quot;katalon:caps&amp;quot;: {
    &amp;quot;executionId&amp;quot;: &amp;quot;d9977803-e885-42c1-a1a3-681aad9cf51c&amp;quot;,
    &amp;quot;executionSessionId&amp;quot;: &amp;quot;a1d1a998-72c1-41ea-8d50-2be25b69dfe3&amp;quot;
  },
  &amp;quot;katalon:options&amp;quot;: {
    &amp;quot;executionId&amp;quot;: &amp;quot;d9977803-e885-42c1-a1a3-681aad9cf51c&amp;quot;,
    &amp;quot;executionSessionId&amp;quot;: &amp;quot;a1d1a998-72c1-41ea-8d50-2be25b69dfe3&amp;quot;,
    &amp;quot;metadata&amp;quot;: {
      &amp;quot;usingTunnel&amp;quot;: false,
      &amp;quot;accountUuid&amp;quot;: &amp;quot;fda32340-531c-49aa-a0b7-40d478ba5457&amp;quot;,
      &amp;quot;organizationId&amp;quot;: &amp;quot;1906073&amp;quot;
    },
    &amp;quot;organizationId&amp;quot;: &amp;quot;1906073&amp;quot;,
    &amp;quot;runFromTestCloud&amp;quot;: true,
    &amp;quot;userId&amp;quot;: 1648280,
    &amp;quot;username&amp;quot;: &amp;quot;innocent.beaver.duja@instantletter.net&amp;quot;,
    &amp;quot;usingTunnel&amp;quot;: false
  },
  &amp;quot;webauthn:virtualAuthenticators&amp;quot;: true
}</message>
  <nestedLevel>1</nestedLevel>
  <escapedJava>false</escapedJava>
  <property name="desiredCapabilities">{
  &quot;timeouts&quot;: {
    &quot;implicit&quot;: 0,
    &quot;pageLoad&quot;: 300000,
    &quot;script&quot;: 30000
  },
  &quot;se:cdpEnabled&quot;: false,
  &quot;platform&quot;: &quot;WINDOWS&quot;,
  &quot;goog:chromeOptions&quot;: {
    &quot;debuggerAddress&quot;: &quot;localhost:9225&quot;
  },
  &quot;webauthn:extension:credBlob&quot;: true,
  &quot;acceptInsecureCerts&quot;: false,
  &quot;browserVersion&quot;: &quot;133.0.0.0&quot;,
  &quot;fedcm:accounts&quot;: true,
  &quot;kt:requestId&quot;: &quot;a1d1a998-72c1-41ea-8d50-2be25b69dfe3&quot;,
  &quot;browserName&quot;: &quot;chrome&quot;,
  &quot;javascriptEnabled&quot;: true,
  &quot;platformName&quot;: &quot;WINDOWS&quot;,
  &quot;setWindowRect&quot;: true,
  &quot;webauthn:extension:largeBlob&quot;: true,
  &quot;networkConnectionEnabled&quot;: false,
  &quot;chrome&quot;: {
    &quot;chromedriverVersion&quot;: &quot;133.0.6847.2 (7e95e23d2d1f87886163822aa701370c1187bfa1-refs/branch-heads/6847@{#6})&quot;,
    &quot;userDataDir&quot;: &quot;C:\\Program Files\\scoped_dir3720_1518619989&quot;
  },
  &quot;kt:rid&quot;: &quot;a1d1a998-72c1-41ea-8d50-2be25b69dfe3&quot;,
  &quot;pageLoadStrategy&quot;: &quot;normal&quot;,
  &quot;unhandledPromptBehavior&quot;: &quot;dismiss and notify&quot;,
  &quot;strictFileInteractability&quot;: false,
  &quot;se:bidiEnabled&quot;: false,
  &quot;proxy&quot;: {
    &quot;proxyType&quot;: &quot;UNSPECIFIED&quot;,
    &quot;autodetect&quot;: false
  },
  &quot;webauthn:extension:minPinLength&quot;: true,
  &quot;webauthn:extension:prf&quot;: true,
  &quot;katalon:caps&quot;: {
    &quot;executionId&quot;: &quot;d9977803-e885-42c1-a1a3-681aad9cf51c&quot;,
    &quot;executionSessionId&quot;: &quot;a1d1a998-72c1-41ea-8d50-2be25b69dfe3&quot;
  },
  &quot;katalon:options&quot;: {
    &quot;executionId&quot;: &quot;d9977803-e885-42c1-a1a3-681aad9cf51c&quot;,
    &quot;executionSessionId&quot;: &quot;a1d1a998-72c1-41ea-8d50-2be25b69dfe3&quot;,
    &quot;metadata&quot;: {
      &quot;usingTunnel&quot;: false,
      &quot;accountUuid&quot;: &quot;fda32340-531c-49aa-a0b7-40d478ba5457&quot;,
      &quot;organizationId&quot;: &quot;1906073&quot;
    },
    &quot;organizationId&quot;: &quot;1906073&quot;,
    &quot;runFromTestCloud&quot;: true,
    &quot;userId&quot;: 1648280,
    &quot;username&quot;: &quot;innocent.beaver.duja@instantletter.net&quot;,
    &quot;usingTunnel&quot;: false
  },
  &quot;webauthn:virtualAuthenticators&quot;: true
}</property>
</record>
<record>
  <date>2025-01-31T14:34:43.782606500Z</date>
  <millis>1738334083782</millis>
  <nanos>606500</nanos>
  <sequence>447</sequence>
  <level>RUN_DATA</level>
  <class>com.kms.katalon.core.logging.XmlKeywordLogger</class>
  <method>logMessage</method>
  <thread>1</thread>
  <message>sessionId = 85b76650b9810a95643b93446fccfbea</message>
  <nestedLevel>1</nestedLevel>
  <escapedJava>false</escapedJava>
  <property name="sessionId">85b76650b9810a95643b93446fccfbea</property>
</record>
<record>
  <date>2025-01-31T14:34:44.150579500Z</date>
  <millis>1738334084150</millis>
  <nanos>579500</nanos>
  <sequence>448</sequence>
  <level>RUN_DATA</level>
  <class>com.kms.katalon.core.logging.XmlKeywordLogger</class>
  <method>logMessage</method>
  <thread>1</thread>
  <message>browser = Chrome 133.0.0.0</message>
  <nestedLevel>1</nestedLevel>
  <escapedJava>false</escapedJava>
  <property name="browser">Chrome 133.0.0.0</property>
</record>
<record>
  <date>2025-01-31T14:34:44.151578800Z</date>
  <millis>1738334084151</millis>
  <nanos>578800</nanos>
  <sequence>449</sequence>
  <level>RUN_DATA</level>
  <class>com.kms.katalon.core.logging.XmlKeywordLogger</class>
  <method>logMessage</method>
  <thread>1</thread>
  <message>platform = Windows 11</message>
  <nestedLevel>1</nestedLevel>
  <escapedJava>false</escapedJava>
  <property name="platform">Windows 11</property>
</record>
<record>
  <date>2025-01-31T14:34:44.152578100Z</date>
  <millis>1738334084152</millis>
  <nanos>578100</nanos>
  <sequence>450</sequence>
  <level>RUN_DATA</level>
  <class>com.kms.katalon.core.logging.XmlKeywordLogger</class>
  <method>logMessage</method>
  <thread>1</thread>
  <message>seleniumVersion = 3.141.59</message>
  <nestedLevel>1</nestedLevel>
  <escapedJava>false</escapedJava>
  <property name="seleniumVersion">3.141.59</property>
</record>
<record>
  <date>2025-01-31T14:34:44.153575800Z</date>
  <millis>1738334084153</millis>
  <nanos>575800</nanos>
  <sequence>451</sequence>
  <level>RUN_DATA</level>
  <class>com.kms.katalon.core.logging.XmlKeywordLogger</class>
  <method>logMessage</method>
  <thread>1</thread>
  <message>proxyInformation = ProxyInformation { proxyOption=NO_PROXY, proxyServerType=HTTP, username=, password=********, proxyServerAddress=, proxyServerPort=0, executionList=&amp;quot;&amp;quot;, isApplyToDesiredCapabilities=true }</message>
  <nestedLevel>1</nestedLevel>
  <escapedJava>false</escapedJava>
  <property name="proxyInformation">ProxyInformation { proxyOption=NO_PROXY, proxyServerType=HTTP, username=, password=********, proxyServerAddress=, proxyServerPort=0, executionList=&quot;&quot;, isApplyToDesiredCapabilities=true }</property>
</record>
<record>
  <date>2025-01-31T14:34:44.865856100Z</date>
  <millis>1738334084865</millis>
  <nanos>856100</nanos>
  <sequence>452</sequence>
  <level>PASSED</level>
  <class>com.kms.katalon.core.logging.XmlKeywordLogger</class>
  <method>logMessage</method>
  <thread>1</thread>
  <message>Browser is opened with url: &amp;apos;&amp;apos;</message>
  <nestedLevel>1</nestedLevel>
  <escapedJava>false</escapedJava>
  <property name="testops-method-name">com.kms.katalon.core.webui.keyword.builtin.OpenBrowserKeyword.openBrowser</property>
  <property name="testops-execution-stacktrace"></property>
</record>
<record>
  <date>2025-01-31T14:34:44.866854400Z</date>
  <millis>1738334084866</millis>
  <nanos>854400</nanos>
  <sequence>453</sequence>
  <level>END</level>
  <class>com.kms.katalon.core.logging.XmlKeywordLogger</class>
  <method>endKeyword</method>
  <thread>1</thread>
  <message>End action : openBrowser(&amp;quot;&amp;quot;)</message>
  <nestedLevel>1</nestedLevel>
  <escapedJava>false</escapedJava>
</record>
<record>
  <date>2025-01-31T14:34:44.867850100Z</date>
  <millis>1738334084867</millis>
  <nanos>850100</nanos>
  <sequence>454</sequence>
  <level>START</level>
  <class>com.kms.katalon.core.logging.XmlKeywordLogger</class>
  <method>startKeyword</method>
  <thread>1</thread>
  <message>Start action : navigateToUrl(&amp;quot;https://www.saucedemo.com/&amp;quot;)</message>
  <nestedLevel>1</nestedLevel>
  <escapedJava>false</escapedJava>
  <property name="startLine">22</property>
  <property name="stepIndex">2</property>
</record>
<record>
  <date>2025-01-31T14:34:45.517947400Z</date>
  <millis>1738334085517</millis>
  <nanos>947400</nanos>
  <sequence>457</sequence>
  <level>PASSED</level>
  <class>com.kms.katalon.core.logging.XmlKeywordLogger</class>
  <method>logMessage</method>
  <thread>1</thread>
  <message>Navigate to &amp;apos;https://www.saucedemo.com/&amp;apos; successfully</message>
  <nestedLevel>1</nestedLevel>
  <escapedJava>false</escapedJava>
  <property name="testops-method-name">com.kms.katalon.core.webui.keyword.builtin.NavigateToUrlKeyword.navigateToUrl</property>
  <property name="testops-execution-stacktrace"></property>
</record>
<record>
  <date>2025-01-31T14:34:45.518949400Z</date>
  <millis>1738334085518</millis>
  <nanos>949400</nanos>
  <sequence>458</sequence>
  <level>END</level>
  <class>com.kms.katalon.core.logging.XmlKeywordLogger</class>
  <method>endKeyword</method>
  <thread>1</thread>
  <message>End action : navigateToUrl(&amp;quot;https://www.saucedemo.com/&amp;quot;)</message>
  <nestedLevel>1</nestedLevel>
  <escapedJava>false</escapedJava>
</record>
<record>
  <date>2025-01-31T14:34:45.519952600Z</date>
  <millis>1738334085519</millis>
  <nanos>952600</nanos>
  <sequence>459</sequence>
  <level>START</level>
  <class>com.kms.katalon.core.logging.XmlKeywordLogger</class>
  <method>startKeyword</method>
  <thread>1</thread>
  <message>Start action : com.test.swaglabs.CustomLogin.WebLoginSecondAccount()</message>
  <nestedLevel>1</nestedLevel>
  <escapedJava>false</escapedJava>
  <property name="startLine">24</property>
  <property name="stepIndex">3</property>
</record>
<record>
  <date>2025-01-31T14:34:48.188940Z</date>
  <millis>1738334088188</millis>
  <nanos>940000</nanos>
  <sequence>475</sequence>
  <level>PASSED</level>
  <class>com.kms.katalon.core.logging.XmlKeywordLogger</class>
  <method>logMessage</method>
  <thread>1</thread>
  <message>Text &amp;apos;locked_out_user&amp;apos; is set on object &amp;apos;Object Repository/Page_Swag Labs/input_Swag Labs_user-name&amp;apos;</message>
  <nestedLevel>1</nestedLevel>
  <escapedJava>false</escapedJava>
  <property name="testops-method-name">com.kms.katalon.core.webui.keyword.builtin.SetTextKeyword.setText</property>
  <property name="testops-execution-stacktrace"></property>
</record>
<record>
  <date>2025-01-31T14:34:48.954815900Z</date>
  <millis>1738334088954</millis>
  <nanos>815900</nanos>
  <sequence>483</sequence>
  <level>WARNING</level>
  <class>com.kms.katalon.core.logging.XmlKeywordLogger</class>
  <method>logMessage</method>
  <thread>1</thread>
  <message>[SELF-HEALING] Failed to find element with id &amp;apos;Object Repository/Page_Swag Labs/input_Swag Labs_password&amp;apos;. Try using Self-healing.</message>
  <nestedLevel>1</nestedLevel>
  <escapedJava>false</escapedJava>
</record>
<record>
  <date>2025-01-31T14:34:49.550111900Z</date>
  <millis>1738334089550</millis>
  <nanos>111900</nanos>
  <sequence>486</sequence>
  <level>WARNING</level>
  <class>com.kms.katalon.core.logging.XmlKeywordLogger</class>
  <method>logMessage</method>
  <thread>1</thread>
  <message>[SELF-HEALING] invalid session id
Build info: version: &amp;apos;3.141.59&amp;apos;, revision: &amp;apos;unknown&amp;apos;, time: &amp;apos;unknown&amp;apos;
System info: host: &amp;apos;LAPTOP-5GQHVTHK&amp;apos;, ip: &amp;apos;192.168.0.101&amp;apos;, os.name: &amp;apos;Windows 11&amp;apos;, os.arch: &amp;apos;amd64&amp;apos;, os.version: &amp;apos;10.0&amp;apos;, java.version: &amp;apos;17.0.7&amp;apos;
Driver info: com.kms.katalon.selenium.driver.CRemoteWebDriver
Capabilities {acceptInsecureCerts: false, browserName: chrome, browserVersion: 133.0.6847.2, chrome: {chromedriverVersion: 133.0.6847.2 (7e95e23d2d1f8..., userDataDir: C:\Program Files\scoped_dir...}, fedcm:accounts: true, goog:chromeOptions: {debuggerAddress: localhost:9225}, javascriptEnabled: true, katalon:caps: {executionId: d9977803-e885-42c1-a1a3-681..., executionSessionId: a1d1a998-72c1-41ea-8d50-2be...}, katalon:options: {executionId: d9977803-e885-42c1-a1a3-681..., executionSessionId: a1d1a998-72c1-41ea-8d50-2be..., metadata: {accountUuid: fda32340-531c-49aa-a0b7-40d..., organizationId: 1906073, usingTunnel: false}, organizationId: 1906073, runFromTestCloud: true, userId: 1648280, username: innocent.beaver.duja@instan..., usingTunnel: false}, kt:requestId: a1d1a998-72c1-41ea-8d50-2be..., kt:rid: a1d1a998-72c1-41ea-8d50-2be..., networkConnectionEnabled: false, pageLoadStrategy: normal, platform: WINDOWS, platformName: WINDOWS, proxy: Proxy(), se:bidiEnabled: false, se:cdpEnabled: false, setWindowRect: true, strictFileInteractability: false, timeouts: {implicit: 0, pageLoad: 300000, script: 30000}, unhandledPromptBehavior: dismiss and notify, webauthn:extension:credBlob: true, webauthn:extension:largeBlob: true, webauthn:extension:minPinLength: true, webauthn:extension:prf: true, webauthn:virtualAuthenticators: true}
Session ID: 85b76650b9810a95643b93446fccfbea
*** Element info: {Using=xpath, value=//input[@id=&amp;apos;password&amp;apos;]}</message>
  <nestedLevel>1</nestedLevel>
  <escapedJava>false</escapedJava>
  <property name="failed.exception.class">org.openqa.selenium.NoSuchSessionException</property>
  <property name="failed.exception.stacktrace">org.openqa.selenium.NoSuchSessionException: invalid session id
Build info: version: &apos;3.141.59&apos;, revision: &apos;unknown&apos;, time: &apos;unknown&apos;
System info: host: &apos;LAPTOP-5GQHVTHK&apos;, ip: &apos;192.168.0.101&apos;, os.name: &apos;Windows 11&apos;, os.arch: &apos;amd64&apos;, os.version: &apos;10.0&apos;, java.version: &apos;17.0.7&apos;
Driver info: com.kms.katalon.selenium.driver.CRemoteWebDriver
Capabilities {acceptInsecureCerts: false, browserName: chrome, browserVersion: 133.0.6847.2, chrome: {chromedriverVersion: 133.0.6847.2 (7e95e23d2d1f8..., userDataDir: C:\Program Files\scoped_dir...}, fedcm:accounts: true, goog:chromeOptions: {debuggerAddress: localhost:9225}, javascriptEnabled: true, katalon:caps: {executionId: d9977803-e885-42c1-a1a3-681..., executionSessionId: a1d1a998-72c1-41ea-8d50-2be...}, katalon:options: {executionId: d9977803-e885-42c1-a1a3-681..., executionSessionId: a1d1a998-72c1-41ea-8d50-2be..., metadata: {accountUuid: fda32340-531c-49aa-a0b7-40d..., organizationId: 1906073, usingTunnel: false}, organizationId: 1906073, runFromTestCloud: true, userId: 1648280, username: innocent.beaver.duja@instan..., usingTunnel: false}, kt:requestId: a1d1a998-72c1-41ea-8d50-2be..., kt:rid: a1d1a998-72c1-41ea-8d50-2be..., networkConnectionEnabled: false, pageLoadStrategy: normal, platform: WINDOWS, platformName: WINDOWS, proxy: Proxy(), se:bidiEnabled: false, se:cdpEnabled: false, setWindowRect: true, strictFileInteractability: false, timeouts: {implicit: 0, pageLoad: 300000, script: 30000}, unhandledPromptBehavior: dismiss and notify, webauthn:extension:credBlob: true, webauthn:extension:largeBlob: true, webauthn:extension:minPinLength: true, webauthn:extension:prf: true, webauthn:virtualAuthenticators: true}
Session ID: 85b76650b9810a95643b93446fccfbea
*** Element info: {Using=xpath, value=//input[@id=&apos;password&apos;]}
	at jdk.internal.reflect.GeneratedConstructorAccessor22.newInstance(Unknown Source)
	at java.base/jdk.internal.reflect.DelegatingConstructorAccessorImpl.newInstance(DelegatingConstructorAccessorImpl.java:45)
	at org.openqa.selenium.remote.http.W3CHttpResponseCodec.createException(W3CHttpResponseCodec.java:187)
	at org.openqa.selenium.remote.http.W3CHttpResponseCodec.decode(W3CHttpResponseCodec.java:122)
	at org.openqa.selenium.remote.http.W3CHttpResponseCodec.decode(W3CHttpResponseCodec.java:49)
	at org.openqa.selenium.remote.HttpCommandExecutor.execute(HttpCommandExecutor.java:158)
	at org.openqa.selenium.remote.RemoteWebDriver.execute(RemoteWebDriver.java:552)
	at com.kms.katalon.selenium.driver.CRemoteWebDriver.execute(CRemoteWebDriver.java:30)
	at org.openqa.selenium.remote.RemoteWebDriver.findElements(RemoteWebDriver.java:353)
	at org.openqa.selenium.remote.RemoteWebDriver.findElementsByXPath(RemoteWebDriver.java:432)
	at org.openqa.selenium.By$ByXPath.findElements(By.java:348)
	at org.openqa.selenium.remote.RemoteWebDriver.findElements(RemoteWebDriver.java:311)
	at jdk.internal.reflect.GeneratedMethodAccessor9.invoke(Unknown Source)
	at java.base/jdk.internal.reflect.DelegatingMethodAccessorImpl.invoke(DelegatingMethodAccessorImpl.java:43)
	at org.openqa.selenium.support.events.EventFiringWebDriver.lambda$new$1(EventFiringWebDriver.java:105)
	at jdk.proxy2/jdk.proxy2.$Proxy23.findElements(Unknown Source)
	at org.openqa.selenium.support.events.EventFiringWebDriver.findElements(EventFiringWebDriver.java:182)
	at com.kms.katalon.core.webui.common.WebUiCommonHelper.findWebElementsWithSmartXPath(WebUiCommonHelper.java:1110)
	at com.kms.katalon.core.webui.common.WebUiCommonHelper.findElementsBySelectedMethod(WebUiCommonHelper.java:923)
	at com.kms.katalon.core.webui.common.WebUiCommonHelper.findElementsWithSelfHealing(WebUiCommonHelper.java:815)
	at com.kms.katalon.core.webui.common.WebUiCommonHelper.findWebElements(WebUiCommonHelper.java:727)
	at com.kms.katalon.core.webui.common.WebUiCommonHelper.findWebElement(WebUiCommonHelper.java:1413)
	at com.kms.katalon.core.webui.keyword.internal.WebUIAbstractKeyword.findWebElement(WebUIAbstractKeyword.groovy:27)
	at com.kms.katalon.core.webui.keyword.internal.WebUIAbstractKeyword.findWebElement(WebUIAbstractKeyword.groovy:26)
	at com.kms.katalon.core.webui.keyword.builtin.SetTextKeyword$_setText_closure1.doCall(SetTextKeyword.groovy:53)
	at com.kms.katalon.core.webui.keyword.builtin.SetTextKeyword$_setText_closure1.call(SetTextKeyword.groovy)
	at com.kms.katalon.core.webui.keyword.internal.WebUIKeywordMain.runKeyword(WebUIKeywordMain.groovy:35)
	at com.kms.katalon.core.webui.keyword.builtin.SetTextKeyword.setText(SetTextKeyword.groovy:85)
	at com.kms.katalon.core.webui.keyword.builtin.SetTextKeyword.execute(SetTextKeyword.groovy:39)
	at com.kms.katalon.core.keyword.internal.KeywordExecutor.executeKeywordForPlatform(KeywordExecutor.groovy:74)
	at com.kms.katalon.core.webui.keyword.WebUiBuiltInKeywords.setText(WebUiBuiltInKeywords.groovy:1019)
	at com.test.swaglabs.CustomLogin.WebLoginSecondAccount(CustomLogin.groovy:48)
	at java.base/jdk.internal.reflect.NativeMethodAccessorImpl.invoke0(Native Method)
	at java.base/jdk.internal.reflect.NativeMethodAccessorImpl.invoke(NativeMethodAccessorImpl.java:77)
	at java.base/jdk.internal.reflect.DelegatingMethodAccessorImpl.invoke(DelegatingMethodAccessorImpl.java:43)
	at com.kms.katalon.core.main.CustomKeywordDelegatingMetaClass.invokeStaticMethod(CustomKeywordDelegatingMetaClass.java:55)
	at Login by Second Account - locked_out_user.run(Login by Second Account - locked_out_user:24)
	at com.kms.katalon.core.main.ScriptEngine.run(ScriptEngine.java:194)
	at com.kms.katalon.core.main.ScriptEngine.runScriptAsRawText(ScriptEngine.java:119)
	at com.kms.katalon.core.main.TestCaseExecutor.runScript(TestCaseExecutor.java:448)
	at com.kms.katalon.core.main.TestCaseExecutor.doExecute(TestCaseExecutor.java:439)
	at com.kms.katalon.core.main.TestCaseExecutor.processExecutionPhase(TestCaseExecutor.java:418)
	at com.kms.katalon.core.main.TestCaseExecutor.accessMainPhase(TestCaseExecutor.java:410)
	at com.kms.katalon.core.main.TestCaseExecutor.execute(TestCaseExecutor.java:285)
	at com.kms.katalon.core.main.TestCaseExecutor.execute(TestCaseExecutor.java:369)
	at com.kms.katalon.core.main.TestCaseExecutor.execute(TestCaseExecutor.java:369)
	at com.kms.katalon.core.common.CommonExecutor.accessTestCaseMainPhase(CommonExecutor.java:65)
	at com.kms.katalon.core.main.TestSuiteExecutor.accessTestSuiteMainPhase(TestSuiteExecutor.java:150)
	at com.kms.katalon.core.main.TestSuiteExecutor.execute(TestSuiteExecutor.java:106)
	at com.kms.katalon.core.main.TestCaseMain.startTestSuite(TestCaseMain.java:180)
	at TempTestSuite1738333839214.run(TempTestSuite1738333839214.groovy:35)
	at java.base/jdk.internal.reflect.NativeMethodAccessorImpl.invoke0(Native Method)
	at java.base/jdk.internal.reflect.NativeMethodAccessorImpl.invoke(NativeMethodAccessorImpl.java:77)
	at java.base/jdk.internal.reflect.DelegatingMethodAccessorImpl.invoke(DelegatingMethodAccessorImpl.java:43)
</property>
  <property name="failed.exception.message">invalid session id
Build info: version: &apos;3.141.59&apos;, revision: &apos;unknown&apos;, time: &apos;unknown&apos;
System info: host: &apos;LAPTOP-5GQHVTHK&apos;, ip: &apos;192.168.0.101&apos;, os.name: &apos;Windows 11&apos;, os.arch: &apos;amd64&apos;, os.version: &apos;10.0&apos;, java.version: &apos;17.0.7&apos;
Driver info: com.kms.katalon.selenium.driver.CRemoteWebDriver
Capabilities {acceptInsecureCerts: false, browserName: chrome, browserVersion: 133.0.6847.2, chrome: {chromedriverVersion: 133.0.6847.2 (7e95e23d2d1f8..., userDataDir: C:\Program Files\scoped_dir...}, fedcm:accounts: true, goog:chromeOptions: {debuggerAddress: localhost:9225}, javascriptEnabled: true, katalon:caps: {executionId: d9977803-e885-42c1-a1a3-681..., executionSessionId: a1d1a998-72c1-41ea-8d50-2be...}, katalon:options: {executionId: d9977803-e885-42c1-a1a3-681..., executionSessionId: a1d1a998-72c1-41ea-8d50-2be..., metadata: {accountUuid: fda32340-531c-49aa-a0b7-40d..., organizationId: 1906073, usingTunnel: false}, organizationId: 1906073, runFromTestCloud: true, userId: 1648280, username: innocent.beaver.duja@instan..., usingTunnel: false}, kt:requestId: a1d1a998-72c1-41ea-8d50-2be..., kt:rid: a1d1a998-72c1-41ea-8d50-2be..., networkConnectionEnabled: false, pageLoadStrategy: normal, platform: WINDOWS, platformName: WINDOWS, proxy: Proxy(), se:bidiEnabled: false, se:cdpEnabled: false, setWindowRect: true, strictFileInteractability: false, timeouts: {implicit: 0, pageLoad: 300000, script: 30000}, unhandledPromptBehavior: dismiss and notify, webauthn:extension:credBlob: true, webauthn:extension:largeBlob: true, webauthn:extension:minPinLength: true, webauthn:extension:prf: true, webauthn:virtualAuthenticators: true}
Session ID: 85b76650b9810a95643b93446fccfbea
*** Element info: {Using=xpath, value=//input[@id=&apos;password&apos;]}</property>
</record>
<record>
  <date>2025-01-31T14:34:51.518676Z</date>
  <millis>1738334091518</millis>
  <nanos>676000</nanos>
  <sequence>490</sequence>
  <level>WARNING</level>
  <class>com.kms.katalon.core.logging.XmlKeywordLogger</class>
  <method>logMessage</method>
  <thread>1</thread>
  <message>[SELF-HEALING] invalid session id
Build info: version: &amp;apos;3.141.59&amp;apos;, revision: &amp;apos;unknown&amp;apos;, time: &amp;apos;unknown&amp;apos;
System info: host: &amp;apos;LAPTOP-5GQHVTHK&amp;apos;, ip: &amp;apos;192.168.0.101&amp;apos;, os.name: &amp;apos;Windows 11&amp;apos;, os.arch: &amp;apos;amd64&amp;apos;, os.version: &amp;apos;10.0&amp;apos;, java.version: &amp;apos;17.0.7&amp;apos;
Driver info: com.kms.katalon.selenium.driver.CRemoteWebDriver
Capabilities {acceptInsecureCerts: false, browserName: chrome, browserVersion: 133.0.6847.2, chrome: {chromedriverVersion: 133.0.6847.2 (7e95e23d2d1f8..., userDataDir: C:\Program Files\scoped_dir...}, fedcm:accounts: true, goog:chromeOptions: {debuggerAddress: localhost:9225}, javascriptEnabled: true, katalon:caps: {executionId: d9977803-e885-42c1-a1a3-681..., executionSessionId: a1d1a998-72c1-41ea-8d50-2be...}, katalon:options: {executionId: d9977803-e885-42c1-a1a3-681..., executionSessionId: a1d1a998-72c1-41ea-8d50-2be..., metadata: {accountUuid: fda32340-531c-49aa-a0b7-40d..., organizationId: 1906073, usingTunnel: false}, organizationId: 1906073, runFromTestCloud: true, userId: 1648280, username: innocent.beaver.duja@instan..., usingTunnel: false}, kt:requestId: a1d1a998-72c1-41ea-8d50-2be..., kt:rid: a1d1a998-72c1-41ea-8d50-2be..., networkConnectionEnabled: false, pageLoadStrategy: normal, platform: WINDOWS, platformName: WINDOWS, proxy: Proxy(), se:bidiEnabled: false, se:cdpEnabled: false, setWindowRect: true, strictFileInteractability: false, timeouts: {implicit: 0, pageLoad: 300000, script: 30000}, unhandledPromptBehavior: dismiss and notify, webauthn:extension:credBlob: true, webauthn:extension:largeBlob: true, webauthn:extension:minPinLength: true, webauthn:extension:prf: true, webauthn:virtualAuthenticators: true}
Session ID: 85b76650b9810a95643b93446fccfbea
*** Element info: {Using=xpath, value=//*[@placeholder = &amp;apos;Password&amp;apos; and @type = &amp;apos;password&amp;apos; and @id = &amp;apos;password&amp;apos; and @name = &amp;apos;password&amp;apos;]}</message>
  <nestedLevel>1</nestedLevel>
  <escapedJava>false</escapedJava>
  <property name="failed.exception.class">org.openqa.selenium.NoSuchSessionException</property>
  <property name="failed.exception.stacktrace">org.openqa.selenium.NoSuchSessionException: invalid session id
Build info: version: &apos;3.141.59&apos;, revision: &apos;unknown&apos;, time: &apos;unknown&apos;
System info: host: &apos;LAPTOP-5GQHVTHK&apos;, ip: &apos;192.168.0.101&apos;, os.name: &apos;Windows 11&apos;, os.arch: &apos;amd64&apos;, os.version: &apos;10.0&apos;, java.version: &apos;17.0.7&apos;
Driver info: com.kms.katalon.selenium.driver.CRemoteWebDriver
Capabilities {acceptInsecureCerts: false, browserName: chrome, browserVersion: 133.0.6847.2, chrome: {chromedriverVersion: 133.0.6847.2 (7e95e23d2d1f8..., userDataDir: C:\Program Files\scoped_dir...}, fedcm:accounts: true, goog:chromeOptions: {debuggerAddress: localhost:9225}, javascriptEnabled: true, katalon:caps: {executionId: d9977803-e885-42c1-a1a3-681..., executionSessionId: a1d1a998-72c1-41ea-8d50-2be...}, katalon:options: {executionId: d9977803-e885-42c1-a1a3-681..., executionSessionId: a1d1a998-72c1-41ea-8d50-2be..., metadata: {accountUuid: fda32340-531c-49aa-a0b7-40d..., organizationId: 1906073, usingTunnel: false}, organizationId: 1906073, runFromTestCloud: true, userId: 1648280, username: innocent.beaver.duja@instan..., usingTunnel: false}, kt:requestId: a1d1a998-72c1-41ea-8d50-2be..., kt:rid: a1d1a998-72c1-41ea-8d50-2be..., networkConnectionEnabled: false, pageLoadStrategy: normal, platform: WINDOWS, platformName: WINDOWS, proxy: Proxy(), se:bidiEnabled: false, se:cdpEnabled: false, setWindowRect: true, strictFileInteractability: false, timeouts: {implicit: 0, pageLoad: 300000, script: 30000}, unhandledPromptBehavior: dismiss and notify, webauthn:extension:credBlob: true, webauthn:extension:largeBlob: true, webauthn:extension:minPinLength: true, webauthn:extension:prf: true, webauthn:virtualAuthenticators: true}
Session ID: 85b76650b9810a95643b93446fccfbea
*** Element info: {Using=xpath, value=//*[@placeholder = &apos;Password&apos; and @type = &apos;password&apos; and @id = &apos;password&apos; and @name = &apos;password&apos;]}
	at jdk.internal.reflect.GeneratedConstructorAccessor22.newInstance(Unknown Source)
	at java.base/jdk.internal.reflect.DelegatingConstructorAccessorImpl.newInstance(DelegatingConstructorAccessorImpl.java:45)
	at org.openqa.selenium.remote.http.W3CHttpResponseCodec.createException(W3CHttpResponseCodec.java:187)
	at org.openqa.selenium.remote.http.W3CHttpResponseCodec.decode(W3CHttpResponseCodec.java:122)
	at org.openqa.selenium.remote.http.W3CHttpResponseCodec.decode(W3CHttpResponseCodec.java:49)
	at org.openqa.selenium.remote.HttpCommandExecutor.execute(HttpCommandExecutor.java:158)
	at org.openqa.selenium.remote.RemoteWebDriver.execute(RemoteWebDriver.java:552)
	at com.kms.katalon.selenium.driver.CRemoteWebDriver.execute(CRemoteWebDriver.java:30)
	at org.openqa.selenium.remote.RemoteWebDriver.findElements(RemoteWebDriver.java:353)
	at org.openqa.selenium.remote.RemoteWebDriver.findElementsByXPath(RemoteWebDriver.java:432)
	at org.openqa.selenium.By$ByXPath.findElements(By.java:348)
	at org.openqa.selenium.remote.RemoteWebDriver.findElements(RemoteWebDriver.java:311)
	at jdk.internal.reflect.GeneratedMethodAccessor9.invoke(Unknown Source)
	at java.base/jdk.internal.reflect.DelegatingMethodAccessorImpl.invoke(DelegatingMethodAccessorImpl.java:43)
	at org.openqa.selenium.support.events.EventFiringWebDriver.lambda$new$1(EventFiringWebDriver.java:105)
	at jdk.proxy2/jdk.proxy2.$Proxy23.findElements(Unknown Source)
	at org.openqa.selenium.support.events.EventFiringWebDriver.findElements(EventFiringWebDriver.java:182)
	at com.kms.katalon.core.webui.common.WebUiCommonHelper.findElementByNormalMethods(WebUiCommonHelper.java:1033)
	at com.kms.katalon.core.webui.common.WebUiCommonHelper.findElementsBySelectedMethod(WebUiCommonHelper.java:918)
	at com.kms.katalon.core.webui.common.WebUiCommonHelper.findElementsWithSelfHealing(WebUiCommonHelper.java:815)
	at com.kms.katalon.core.webui.common.WebUiCommonHelper.findWebElements(WebUiCommonHelper.java:727)
	at com.kms.katalon.core.webui.common.WebUiCommonHelper.findWebElement(WebUiCommonHelper.java:1413)
	at com.kms.katalon.core.webui.keyword.internal.WebUIAbstractKeyword.findWebElement(WebUIAbstractKeyword.groovy:27)
	at com.kms.katalon.core.webui.keyword.internal.WebUIAbstractKeyword.findWebElement(WebUIAbstractKeyword.groovy:26)
	at com.kms.katalon.core.webui.keyword.builtin.SetTextKeyword$_setText_closure1.doCall(SetTextKeyword.groovy:53)
	at com.kms.katalon.core.webui.keyword.builtin.SetTextKeyword$_setText_closure1.call(SetTextKeyword.groovy)
	at com.kms.katalon.core.webui.keyword.internal.WebUIKeywordMain.runKeyword(WebUIKeywordMain.groovy:35)
	at com.kms.katalon.core.webui.keyword.builtin.SetTextKeyword.setText(SetTextKeyword.groovy:85)
	at com.kms.katalon.core.webui.keyword.builtin.SetTextKeyword.execute(SetTextKeyword.groovy:39)
	at com.kms.katalon.core.keyword.internal.KeywordExecutor.executeKeywordForPlatform(KeywordExecutor.groovy:74)
	at com.kms.katalon.core.webui.keyword.WebUiBuiltInKeywords.setText(WebUiBuiltInKeywords.groovy:1019)
	at com.test.swaglabs.CustomLogin.WebLoginSecondAccount(CustomLogin.groovy:48)
	at java.base/jdk.internal.reflect.NativeMethodAccessorImpl.invoke0(Native Method)
	at java.base/jdk.internal.reflect.NativeMethodAccessorImpl.invoke(NativeMethodAccessorImpl.java:77)
	at java.base/jdk.internal.reflect.DelegatingMethodAccessorImpl.invoke(DelegatingMethodAccessorImpl.java:43)
	at com.kms.katalon.core.main.CustomKeywordDelegatingMetaClass.invokeStaticMethod(CustomKeywordDelegatingMetaClass.java:55)
	at Login by Second Account - locked_out_user.run(Login by Second Account - locked_out_user:24)
	at com.kms.katalon.core.main.ScriptEngine.run(ScriptEngine.java:194)
	at com.kms.katalon.core.main.ScriptEngine.runScriptAsRawText(ScriptEngine.java:119)
	at com.kms.katalon.core.main.TestCaseExecutor.runScript(TestCaseExecutor.java:448)
	at com.kms.katalon.core.main.TestCaseExecutor.doExecute(TestCaseExecutor.java:439)
	at com.kms.katalon.core.main.TestCaseExecutor.processExecutionPhase(TestCaseExecutor.java:418)
	at com.kms.katalon.core.main.TestCaseExecutor.accessMainPhase(TestCaseExecutor.java:410)
	at com.kms.katalon.core.main.TestCaseExecutor.execute(TestCaseExecutor.java:285)
	at com.kms.katalon.core.main.TestCaseExecutor.execute(TestCaseExecutor.java:369)
	at com.kms.katalon.core.main.TestCaseExecutor.execute(TestCaseExecutor.java:369)
	at com.kms.katalon.core.common.CommonExecutor.accessTestCaseMainPhase(CommonExecutor.java:65)
	at com.kms.katalon.core.main.TestSuiteExecutor.accessTestSuiteMainPhase(TestSuiteExecutor.java:150)
	at com.kms.katalon.core.main.TestSuiteExecutor.execute(TestSuiteExecutor.java:106)
	at com.kms.katalon.core.main.TestCaseMain.startTestSuite(TestCaseMain.java:180)
	at TempTestSuite1738333839214.run(TempTestSuite1738333839214.groovy:35)
	at java.base/jdk.internal.reflect.NativeMethodAccessorImpl.invoke0(Native Method)
	at java.base/jdk.internal.reflect.NativeMethodAccessorImpl.invoke(NativeMethodAccessorImpl.java:77)
	at java.base/jdk.internal.reflect.DelegatingMethodAccessorImpl.invoke(DelegatingMethodAccessorImpl.java:43)
</property>
  <property name="failed.exception.message">invalid session id
Build info: version: &apos;3.141.59&apos;, revision: &apos;unknown&apos;, time: &apos;unknown&apos;
System info: host: &apos;LAPTOP-5GQHVTHK&apos;, ip: &apos;192.168.0.101&apos;, os.name: &apos;Windows 11&apos;, os.arch: &apos;amd64&apos;, os.version: &apos;10.0&apos;, java.version: &apos;17.0.7&apos;
Driver info: com.kms.katalon.selenium.driver.CRemoteWebDriver
Capabilities {acceptInsecureCerts: false, browserName: chrome, browserVersion: 133.0.6847.2, chrome: {chromedriverVersion: 133.0.6847.2 (7e95e23d2d1f8..., userDataDir: C:\Program Files\scoped_dir...}, fedcm:accounts: true, goog:chromeOptions: {debuggerAddress: localhost:9225}, javascriptEnabled: true, katalon:caps: {executionId: d9977803-e885-42c1-a1a3-681..., executionSessionId: a1d1a998-72c1-41ea-8d50-2be...}, katalon:options: {executionId: d9977803-e885-42c1-a1a3-681..., executionSessionId: a1d1a998-72c1-41ea-8d50-2be..., metadata: {accountUuid: fda32340-531c-49aa-a0b7-40d..., organizationId: 1906073, usingTunnel: false}, organizationId: 1906073, runFromTestCloud: true, userId: 1648280, username: innocent.beaver.duja@instan..., usingTunnel: false}, kt:requestId: a1d1a998-72c1-41ea-8d50-2be..., kt:rid: a1d1a998-72c1-41ea-8d50-2be..., networkConnectionEnabled: false, pageLoadStrategy: normal, platform: WINDOWS, platformName: WINDOWS, proxy: Proxy(), se:bidiEnabled: false, se:cdpEnabled: false, setWindowRect: true, strictFileInteractability: false, timeouts: {implicit: 0, pageLoad: 300000, script: 30000}, unhandledPromptBehavior: dismiss and notify, webauthn:extension:credBlob: true, webauthn:extension:largeBlob: true, webauthn:extension:minPinLength: true, webauthn:extension:prf: true, webauthn:virtualAuthenticators: true}
Session ID: 85b76650b9810a95643b93446fccfbea
*** Element info: {Using=xpath, value=//*[@placeholder = &apos;Password&apos; and @type = &apos;password&apos; and @id = &apos;password&apos; and @name = &apos;password&apos;]}</property>
</record>
<record>
  <date>2025-01-31T14:34:52.128420100Z</date>
  <millis>1738334092128</millis>
  <nanos>420100</nanos>
  <sequence>494</sequence>
  <level>WARNING</level>
  <class>com.kms.katalon.core.logging.XmlKeywordLogger</class>
  <method>logMessage</method>
  <thread>1</thread>
  <message>[SELF-HEALING] invalid session id
Build info: version: &amp;apos;3.141.59&amp;apos;, revision: &amp;apos;unknown&amp;apos;, time: &amp;apos;unknown&amp;apos;
System info: host: &amp;apos;LAPTOP-5GQHVTHK&amp;apos;, ip: &amp;apos;192.168.0.101&amp;apos;, os.name: &amp;apos;Windows 11&amp;apos;, os.arch: &amp;apos;amd64&amp;apos;, os.version: &amp;apos;10.0&amp;apos;, java.version: &amp;apos;17.0.7&amp;apos;
Driver info: com.kms.katalon.selenium.driver.CRemoteWebDriver
Capabilities {acceptInsecureCerts: false, browserName: chrome, browserVersion: 133.0.6847.2, chrome: {chromedriverVersion: 133.0.6847.2 (7e95e23d2d1f8..., userDataDir: C:\Program Files\scoped_dir...}, fedcm:accounts: true, goog:chromeOptions: {debuggerAddress: localhost:9225}, javascriptEnabled: true, katalon:caps: {executionId: d9977803-e885-42c1-a1a3-681..., executionSessionId: a1d1a998-72c1-41ea-8d50-2be...}, katalon:options: {executionId: d9977803-e885-42c1-a1a3-681..., executionSessionId: a1d1a998-72c1-41ea-8d50-2be..., metadata: {accountUuid: fda32340-531c-49aa-a0b7-40d..., organizationId: 1906073, usingTunnel: false}, organizationId: 1906073, runFromTestCloud: true, userId: 1648280, username: innocent.beaver.duja@instan..., usingTunnel: false}, kt:requestId: a1d1a998-72c1-41ea-8d50-2be..., kt:rid: a1d1a998-72c1-41ea-8d50-2be..., networkConnectionEnabled: false, pageLoadStrategy: normal, platform: WINDOWS, platformName: WINDOWS, proxy: Proxy(), se:bidiEnabled: false, se:cdpEnabled: false, setWindowRect: true, strictFileInteractability: false, timeouts: {implicit: 0, pageLoad: 300000, script: 30000}, unhandledPromptBehavior: dismiss and notify, webauthn:extension:credBlob: true, webauthn:extension:largeBlob: true, webauthn:extension:minPinLength: true, webauthn:extension:prf: true, webauthn:virtualAuthenticators: true}
Session ID: 85b76650b9810a95643b93446fccfbea
*** Element info: {Using=css selector, value=#password}</message>
  <nestedLevel>1</nestedLevel>
  <escapedJava>false</escapedJava>
  <property name="failed.exception.class">org.openqa.selenium.NoSuchSessionException</property>
  <property name="failed.exception.stacktrace">org.openqa.selenium.NoSuchSessionException: invalid session id
Build info: version: &apos;3.141.59&apos;, revision: &apos;unknown&apos;, time: &apos;unknown&apos;
System info: host: &apos;LAPTOP-5GQHVTHK&apos;, ip: &apos;192.168.0.101&apos;, os.name: &apos;Windows 11&apos;, os.arch: &apos;amd64&apos;, os.version: &apos;10.0&apos;, java.version: &apos;17.0.7&apos;
Driver info: com.kms.katalon.selenium.driver.CRemoteWebDriver
Capabilities {acceptInsecureCerts: false, browserName: chrome, browserVersion: 133.0.6847.2, chrome: {chromedriverVersion: 133.0.6847.2 (7e95e23d2d1f8..., userDataDir: C:\Program Files\scoped_dir...}, fedcm:accounts: true, goog:chromeOptions: {debuggerAddress: localhost:9225}, javascriptEnabled: true, katalon:caps: {executionId: d9977803-e885-42c1-a1a3-681..., executionSessionId: a1d1a998-72c1-41ea-8d50-2be...}, katalon:options: {executionId: d9977803-e885-42c1-a1a3-681..., executionSessionId: a1d1a998-72c1-41ea-8d50-2be..., metadata: {accountUuid: fda32340-531c-49aa-a0b7-40d..., organizationId: 1906073, usingTunnel: false}, organizationId: 1906073, runFromTestCloud: true, userId: 1648280, username: innocent.beaver.duja@instan..., usingTunnel: false}, kt:requestId: a1d1a998-72c1-41ea-8d50-2be..., kt:rid: a1d1a998-72c1-41ea-8d50-2be..., networkConnectionEnabled: false, pageLoadStrategy: normal, platform: WINDOWS, platformName: WINDOWS, proxy: Proxy(), se:bidiEnabled: false, se:cdpEnabled: false, setWindowRect: true, strictFileInteractability: false, timeouts: {implicit: 0, pageLoad: 300000, script: 30000}, unhandledPromptBehavior: dismiss and notify, webauthn:extension:credBlob: true, webauthn:extension:largeBlob: true, webauthn:extension:minPinLength: true, webauthn:extension:prf: true, webauthn:virtualAuthenticators: true}
Session ID: 85b76650b9810a95643b93446fccfbea
*** Element info: {Using=css selector, value=#password}
	at jdk.internal.reflect.GeneratedConstructorAccessor22.newInstance(Unknown Source)
	at java.base/jdk.internal.reflect.DelegatingConstructorAccessorImpl.newInstance(DelegatingConstructorAccessorImpl.java:45)
	at org.openqa.selenium.remote.http.W3CHttpResponseCodec.createException(W3CHttpResponseCodec.java:187)
	at org.openqa.selenium.remote.http.W3CHttpResponseCodec.decode(W3CHttpResponseCodec.java:122)
	at org.openqa.selenium.remote.http.W3CHttpResponseCodec.decode(W3CHttpResponseCodec.java:49)
	at org.openqa.selenium.remote.HttpCommandExecutor.execute(HttpCommandExecutor.java:158)
	at org.openqa.selenium.remote.RemoteWebDriver.execute(RemoteWebDriver.java:552)
	at com.kms.katalon.selenium.driver.CRemoteWebDriver.execute(CRemoteWebDriver.java:30)
	at org.openqa.selenium.remote.RemoteWebDriver.findElements(RemoteWebDriver.java:353)
	at org.openqa.selenium.remote.RemoteWebDriver.findElementsByCssSelector(RemoteWebDriver.java:424)
	at org.openqa.selenium.By$ByCssSelector.findElements(By.java:441)
	at org.openqa.selenium.remote.RemoteWebDriver.findElements(RemoteWebDriver.java:311)
	at jdk.internal.reflect.GeneratedMethodAccessor9.invoke(Unknown Source)
	at java.base/jdk.internal.reflect.DelegatingMethodAccessorImpl.invoke(DelegatingMethodAccessorImpl.java:43)
	at org.openqa.selenium.support.events.EventFiringWebDriver.lambda$new$1(EventFiringWebDriver.java:105)
	at jdk.proxy2/jdk.proxy2.$Proxy23.findElements(Unknown Source)
	at org.openqa.selenium.support.events.EventFiringWebDriver.findElements(EventFiringWebDriver.java:182)
	at com.kms.katalon.core.webui.common.WebUiCommonHelper.findElementByNormalMethods(WebUiCommonHelper.java:1033)
	at com.kms.katalon.core.webui.common.WebUiCommonHelper.findElementsBySelectedMethod(WebUiCommonHelper.java:920)
	at com.kms.katalon.core.webui.common.WebUiCommonHelper.findElementsWithSelfHealing(WebUiCommonHelper.java:815)
	at com.kms.katalon.core.webui.common.WebUiCommonHelper.findWebElements(WebUiCommonHelper.java:727)
	at com.kms.katalon.core.webui.common.WebUiCommonHelper.findWebElement(WebUiCommonHelper.java:1413)
	at com.kms.katalon.core.webui.keyword.internal.WebUIAbstractKeyword.findWebElement(WebUIAbstractKeyword.groovy:27)
	at com.kms.katalon.core.webui.keyword.internal.WebUIAbstractKeyword.findWebElement(WebUIAbstractKeyword.groovy:26)
	at com.kms.katalon.core.webui.keyword.builtin.SetTextKeyword$_setText_closure1.doCall(SetTextKeyword.groovy:53)
	at com.kms.katalon.core.webui.keyword.builtin.SetTextKeyword$_setText_closure1.call(SetTextKeyword.groovy)
	at com.kms.katalon.core.webui.keyword.internal.WebUIKeywordMain.runKeyword(WebUIKeywordMain.groovy:35)
	at com.kms.katalon.core.webui.keyword.builtin.SetTextKeyword.setText(SetTextKeyword.groovy:85)
	at com.kms.katalon.core.webui.keyword.builtin.SetTextKeyword.execute(SetTextKeyword.groovy:39)
	at com.kms.katalon.core.keyword.internal.KeywordExecutor.executeKeywordForPlatform(KeywordExecutor.groovy:74)
	at com.kms.katalon.core.webui.keyword.WebUiBuiltInKeywords.setText(WebUiBuiltInKeywords.groovy:1019)
	at com.test.swaglabs.CustomLogin.WebLoginSecondAccount(CustomLogin.groovy:48)
	at java.base/jdk.internal.reflect.NativeMethodAccessorImpl.invoke0(Native Method)
	at java.base/jdk.internal.reflect.NativeMethodAccessorImpl.invoke(NativeMethodAccessorImpl.java:77)
	at java.base/jdk.internal.reflect.DelegatingMethodAccessorImpl.invoke(DelegatingMethodAccessorImpl.java:43)
	at com.kms.katalon.core.main.CustomKeywordDelegatingMetaClass.invokeStaticMethod(CustomKeywordDelegatingMetaClass.java:55)
	at Login by Second Account - locked_out_user.run(Login by Second Account - locked_out_user:24)
	at com.kms.katalon.core.main.ScriptEngine.run(ScriptEngine.java:194)
	at com.kms.katalon.core.main.ScriptEngine.runScriptAsRawText(ScriptEngine.java:119)
	at com.kms.katalon.core.main.TestCaseExecutor.runScript(TestCaseExecutor.java:448)
	at com.kms.katalon.core.main.TestCaseExecutor.doExecute(TestCaseExecutor.java:439)
	at com.kms.katalon.core.main.TestCaseExecutor.processExecutionPhase(TestCaseExecutor.java:418)
	at com.kms.katalon.core.main.TestCaseExecutor.accessMainPhase(TestCaseExecutor.java:410)
	at com.kms.katalon.core.main.TestCaseExecutor.execute(TestCaseExecutor.java:285)
	at com.kms.katalon.core.main.TestCaseExecutor.execute(TestCaseExecutor.java:369)
	at com.kms.katalon.core.main.TestCaseExecutor.execute(TestCaseExecutor.java:369)
	at com.kms.katalon.core.common.CommonExecutor.accessTestCaseMainPhase(CommonExecutor.java:65)
	at com.kms.katalon.core.main.TestSuiteExecutor.accessTestSuiteMainPhase(TestSuiteExecutor.java:150)
	at com.kms.katalon.core.main.TestSuiteExecutor.execute(TestSuiteExecutor.java:106)
	at com.kms.katalon.core.main.TestCaseMain.startTestSuite(TestCaseMain.java:180)
	at TempTestSuite1738333839214.run(TempTestSuite1738333839214.groovy:35)
	at java.base/jdk.internal.reflect.NativeMethodAccessorImpl.invoke0(Native Method)
	at java.base/jdk.internal.reflect.NativeMethodAccessorImpl.invoke(NativeMethodAccessorImpl.java:77)
	at java.base/jdk.internal.reflect.DelegatingMethodAccessorImpl.invoke(DelegatingMethodAccessorImpl.java:43)
</property>
  <property name="failed.exception.message">invalid session id
Build info: version: &apos;3.141.59&apos;, revision: &apos;unknown&apos;, time: &apos;unknown&apos;
System info: host: &apos;LAPTOP-5GQHVTHK&apos;, ip: &apos;192.168.0.101&apos;, os.name: &apos;Windows 11&apos;, os.arch: &apos;amd64&apos;, os.version: &apos;10.0&apos;, java.version: &apos;17.0.7&apos;
Driver info: com.kms.katalon.selenium.driver.CRemoteWebDriver
Capabilities {acceptInsecureCerts: false, browserName: chrome, browserVersion: 133.0.6847.2, chrome: {chromedriverVersion: 133.0.6847.2 (7e95e23d2d1f8..., userDataDir: C:\Program Files\scoped_dir...}, fedcm:accounts: true, goog:chromeOptions: {debuggerAddress: localhost:9225}, javascriptEnabled: true, katalon:caps: {executionId: d9977803-e885-42c1-a1a3-681..., executionSessionId: a1d1a998-72c1-41ea-8d50-2be...}, katalon:options: {executionId: d9977803-e885-42c1-a1a3-681..., executionSessionId: a1d1a998-72c1-41ea-8d50-2be..., metadata: {accountUuid: fda32340-531c-49aa-a0b7-40d..., organizationId: 1906073, usingTunnel: false}, organizationId: 1906073, runFromTestCloud: true, userId: 1648280, username: innocent.beaver.duja@instan..., usingTunnel: false}, kt:requestId: a1d1a998-72c1-41ea-8d50-2be..., kt:rid: a1d1a998-72c1-41ea-8d50-2be..., networkConnectionEnabled: false, pageLoadStrategy: normal, platform: WINDOWS, platformName: WINDOWS, proxy: Proxy(), se:bidiEnabled: false, se:cdpEnabled: false, setWindowRect: true, strictFileInteractability: false, timeouts: {implicit: 0, pageLoad: 300000, script: 30000}, unhandledPromptBehavior: dismiss and notify, webauthn:extension:credBlob: true, webauthn:extension:largeBlob: true, webauthn:extension:minPinLength: true, webauthn:extension:prf: true, webauthn:virtualAuthenticators: true}
Session ID: 85b76650b9810a95643b93446fccfbea
*** Element info: {Using=css selector, value=#password}</property>
</record>
<record>
  <date>2025-01-31T14:34:52.544050900Z</date>
  <millis>1738334092544</millis>
  <nanos>50900</nanos>
  <sequence>496</sequence>
  <level>WARNING</level>
  <class>com.kms.katalon.core.logging.XmlKeywordLogger</class>
  <method>logMessage</method>
  <thread>1</thread>
  <message>Cannot take screenshot</message>
  <nestedLevel>1</nestedLevel>
  <escapedJava>false</escapedJava>
  <property name="failed.exception.class">org.openqa.selenium.WebDriverException</property>
  <property name="failed.exception.stacktrace">org.openqa.selenium.WebDriverException: An unknown error has occurred
Build info: version: &apos;3.141.59&apos;, revision: &apos;unknown&apos;, time: &apos;unknown&apos;
System info: host: &apos;LAPTOP-5GQHVTHK&apos;, ip: &apos;192.168.0.101&apos;, os.name: &apos;Windows 11&apos;, os.arch: &apos;amd64&apos;, os.version: &apos;10.0&apos;, java.version: &apos;17.0.7&apos;
Driver info: com.kms.katalon.selenium.driver.CRemoteWebDriver
Capabilities {acceptInsecureCerts: false, browserName: chrome, browserVersion: 133.0.6847.2, chrome: {chromedriverVersion: 133.0.6847.2 (7e95e23d2d1f8..., userDataDir: C:\Program Files\scoped_dir...}, fedcm:accounts: true, goog:chromeOptions: {debuggerAddress: localhost:9225}, javascriptEnabled: true, katalon:caps: {executionId: d9977803-e885-42c1-a1a3-681..., executionSessionId: a1d1a998-72c1-41ea-8d50-2be...}, katalon:options: {executionId: d9977803-e885-42c1-a1a3-681..., executionSessionId: a1d1a998-72c1-41ea-8d50-2be..., metadata: {accountUuid: fda32340-531c-49aa-a0b7-40d..., organizationId: 1906073, usingTunnel: false}, organizationId: 1906073, runFromTestCloud: true, userId: 1648280, username: innocent.beaver.duja@instan..., usingTunnel: false}, kt:requestId: a1d1a998-72c1-41ea-8d50-2be..., kt:rid: a1d1a998-72c1-41ea-8d50-2be..., networkConnectionEnabled: false, pageLoadStrategy: normal, platform: WINDOWS, platformName: WINDOWS, proxy: Proxy(), se:bidiEnabled: false, se:cdpEnabled: false, setWindowRect: true, strictFileInteractability: false, timeouts: {implicit: 0, pageLoad: 300000, script: 30000}, unhandledPromptBehavior: dismiss and notify, webauthn:extension:credBlob: true, webauthn:extension:largeBlob: true, webauthn:extension:minPinLength: true, webauthn:extension:prf: true, webauthn:virtualAuthenticators: true}
Session ID: 85b76650b9810a95643b93446fccfbea
	at java.base/jdk.internal.reflect.NativeConstructorAccessorImpl.newInstance0(Native Method)
	at java.base/jdk.internal.reflect.NativeConstructorAccessorImpl.newInstance(NativeConstructorAccessorImpl.java:77)
	at java.base/jdk.internal.reflect.DelegatingConstructorAccessorImpl.newInstance(DelegatingConstructorAccessorImpl.java:45)
	at org.openqa.selenium.remote.http.W3CHttpResponseCodec.createException(W3CHttpResponseCodec.java:187)
	at org.openqa.selenium.remote.http.W3CHttpResponseCodec.decode(W3CHttpResponseCodec.java:122)
	at org.openqa.selenium.remote.http.W3CHttpResponseCodec.decode(W3CHttpResponseCodec.java:49)
	at org.openqa.selenium.remote.HttpCommandExecutor.execute(HttpCommandExecutor.java:158)
	at org.openqa.selenium.remote.RemoteWebDriver.execute(RemoteWebDriver.java:552)
	at com.kms.katalon.selenium.driver.CRemoteWebDriver.execute(CRemoteWebDriver.java:30)
	at org.openqa.selenium.remote.RemoteWebDriver.execute(RemoteWebDriver.java:609)
	at org.openqa.selenium.remote.RemoteWebDriver.getScreenshotAs(RemoteWebDriver.java:295)
	at java.base/jdk.internal.reflect.NativeMethodAccessorImpl.invoke0(Native Method)
	at java.base/jdk.internal.reflect.NativeMethodAccessorImpl.invoke(NativeMethodAccessorImpl.java:77)
	at java.base/jdk.internal.reflect.DelegatingMethodAccessorImpl.invoke(DelegatingMethodAccessorImpl.java:43)
	at org.openqa.selenium.support.events.EventFiringWebDriver.lambda$new$1(EventFiringWebDriver.java:105)
	at jdk.proxy2/jdk.proxy2.$Proxy23.getScreenshotAs(Unknown Source)
	at org.openqa.selenium.support.events.EventFiringWebDriver.getScreenshotAs(EventFiringWebDriver.java:302)
	at com.kms.katalon.core.webui.helper.screenshot.WebUIScreenCaptor.take(WebUIScreenCaptor.java:26)
	at com.kms.katalon.core.helper.screenshot.ScreenCaptor.takeScreenshotAndGetAttributes(ScreenCaptor.java:38)
	at com.kms.katalon.core.webui.keyword.internal.WebUIKeywordMain.stepFailed(WebUIKeywordMain.groovy:117)
	at com.kms.katalon.core.webui.keyword.internal.WebUIKeywordMain.runKeyword(WebUIKeywordMain.groovy:43)
	at com.kms.katalon.core.webui.keyword.builtin.SetTextKeyword.setText(SetTextKeyword.groovy:85)
	at com.kms.katalon.core.webui.keyword.builtin.SetTextKeyword.execute(SetTextKeyword.groovy:39)
	at com.kms.katalon.core.keyword.internal.KeywordExecutor.executeKeywordForPlatform(KeywordExecutor.groovy:74)
	at com.kms.katalon.core.webui.keyword.WebUiBuiltInKeywords.setText(WebUiBuiltInKeywords.groovy:1019)
	at com.test.swaglabs.CustomLogin.WebLoginSecondAccount(CustomLogin.groovy:48)
	at java.base/jdk.internal.reflect.NativeMethodAccessorImpl.invoke0(Native Method)
	at java.base/jdk.internal.reflect.NativeMethodAccessorImpl.invoke(NativeMethodAccessorImpl.java:77)
	at java.base/jdk.internal.reflect.DelegatingMethodAccessorImpl.invoke(DelegatingMethodAccessorImpl.java:43)
	at com.kms.katalon.core.main.CustomKeywordDelegatingMetaClass.invokeStaticMethod(CustomKeywordDelegatingMetaClass.java:55)
	at Login by Second Account - locked_out_user.run(Login by Second Account - locked_out_user:24)
	at com.kms.katalon.core.main.ScriptEngine.run(ScriptEngine.java:194)
	at com.kms.katalon.core.main.ScriptEngine.runScriptAsRawText(ScriptEngine.java:119)
	at com.kms.katalon.core.main.TestCaseExecutor.runScript(TestCaseExecutor.java:448)
	at com.kms.katalon.core.main.TestCaseExecutor.doExecute(TestCaseExecutor.java:439)
	at com.kms.katalon.core.main.TestCaseExecutor.processExecutionPhase(TestCaseExecutor.java:418)
	at com.kms.katalon.core.main.TestCaseExecutor.accessMainPhase(TestCaseExecutor.java:410)
	at com.kms.katalon.core.main.TestCaseExecutor.execute(TestCaseExecutor.java:285)
	at com.kms.katalon.core.main.TestCaseExecutor.execute(TestCaseExecutor.java:369)
	at com.kms.katalon.core.main.TestCaseExecutor.execute(TestCaseExecutor.java:369)
	at com.kms.katalon.core.common.CommonExecutor.accessTestCaseMainPhase(CommonExecutor.java:65)
	at com.kms.katalon.core.main.TestSuiteExecutor.accessTestSuiteMainPhase(TestSuiteExecutor.java:150)
	at com.kms.katalon.core.main.TestSuiteExecutor.execute(TestSuiteExecutor.java:106)
	at com.kms.katalon.core.main.TestCaseMain.startTestSuite(TestCaseMain.java:180)
	at TempTestSuite1738333839214.run(TempTestSuite1738333839214.groovy:35)
	at java.base/jdk.internal.reflect.NativeMethodAccessorImpl.invoke0(Native Method)
	at java.base/jdk.internal.reflect.NativeMethodAccessorImpl.invoke(NativeMethodAccessorImpl.java:77)
	at java.base/jdk.internal.reflect.DelegatingMethodAccessorImpl.invoke(DelegatingMethodAccessorImpl.java:43)
</property>
  <property name="failed.exception.message">An unknown error has occurred
Build info: version: &apos;3.141.59&apos;, revision: &apos;unknown&apos;, time: &apos;unknown&apos;
System info: host: &apos;LAPTOP-5GQHVTHK&apos;, ip: &apos;192.168.0.101&apos;, os.name: &apos;Windows 11&apos;, os.arch: &apos;amd64&apos;, os.version: &apos;10.0&apos;, java.version: &apos;17.0.7&apos;
Driver info: com.kms.katalon.selenium.driver.CRemoteWebDriver
Capabilities {acceptInsecureCerts: false, browserName: chrome, browserVersion: 133.0.6847.2, chrome: {chromedriverVersion: 133.0.6847.2 (7e95e23d2d1f8..., userDataDir: C:\Program Files\scoped_dir...}, fedcm:accounts: true, goog:chromeOptions: {debuggerAddress: localhost:9225}, javascriptEnabled: true, katalon:caps: {executionId: d9977803-e885-42c1-a1a3-681..., executionSessionId: a1d1a998-72c1-41ea-8d50-2be...}, katalon:options: {executionId: d9977803-e885-42c1-a1a3-681..., executionSessionId: a1d1a998-72c1-41ea-8d50-2be..., metadata: {accountUuid: fda32340-531c-49aa-a0b7-40d..., organizationId: 1906073, usingTunnel: false}, organizationId: 1906073, runFromTestCloud: true, userId: 1648280, username: innocent.beaver.duja@instan..., usingTunnel: false}, kt:requestId: a1d1a998-72c1-41ea-8d50-2be..., kt:rid: a1d1a998-72c1-41ea-8d50-2be..., networkConnectionEnabled: false, pageLoadStrategy: normal, platform: WINDOWS, platformName: WINDOWS, proxy: Proxy(), se:bidiEnabled: false, se:cdpEnabled: false, setWindowRect: true, strictFileInteractability: false, timeouts: {implicit: 0, pageLoad: 300000, script: 30000}, unhandledPromptBehavior: dismiss and notify, webauthn:extension:credBlob: true, webauthn:extension:largeBlob: true, webauthn:extension:minPinLength: true, webauthn:extension:prf: true, webauthn:virtualAuthenticators: true}
Session ID: 85b76650b9810a95643b93446fccfbea</property>
</record>
<record>
  <date>2025-01-31T14:34:52.549039100Z</date>
  <millis>1738334092549</millis>
  <nanos>39100</nanos>
  <sequence>500</sequence>
  <level>FAILED</level>
  <class>com.kms.katalon.core.logging.XmlKeywordLogger</class>
  <method>logMessage</method>
  <thread>1</thread>
  <message>Unable to set text &amp;apos;secret_sauce&amp;apos; of object &amp;apos;Object Repository/Page_Swag Labs/input_Swag Labs_password&amp;apos; (Root cause: com.kms.katalon.core.exception.StepFailedException: Unable to set text &amp;apos;secret_sauce&amp;apos; of object &amp;apos;Object Repository/Page_Swag Labs/input_Swag Labs_password&amp;apos;
	at com.kms.katalon.core.webui.keyword.internal.WebUIKeywordMain.stepFailed(WebUIKeywordMain.groovy:117)
	at com.kms.katalon.core.webui.keyword.internal.WebUIKeywordMain.runKeyword(WebUIKeywordMain.groovy:43)
	at com.kms.katalon.core.webui.keyword.builtin.SetTextKeyword.setText(SetTextKeyword.groovy:85)
	at com.kms.katalon.core.webui.keyword.builtin.SetTextKeyword.execute(SetTextKeyword.groovy:39)
	at com.kms.katalon.core.keyword.internal.KeywordExecutor.executeKeywordForPlatform(KeywordExecutor.groovy:74)
	at com.kms.katalon.core.webui.keyword.WebUiBuiltInKeywords.setText(WebUiBuiltInKeywords.groovy:1019)
	at com.test.swaglabs.CustomLogin.WebLoginSecondAccount(CustomLogin.groovy:48)
	at java.base/jdk.internal.reflect.NativeMethodAccessorImpl.invoke0(Native Method)
	at java.base/jdk.internal.reflect.NativeMethodAccessorImpl.invoke(NativeMethodAccessorImpl.java:77)
	at java.base/jdk.internal.reflect.DelegatingMethodAccessorImpl.invoke(DelegatingMethodAccessorImpl.java:43)
	at com.kms.katalon.core.main.CustomKeywordDelegatingMetaClass.invokeStaticMethod(CustomKeywordDelegatingMetaClass.java:55)
	at Login by Second Account - locked_out_user.run(Login by Second Account - locked_out_user:24)
	at com.kms.katalon.core.main.ScriptEngine.run(ScriptEngine.java:194)
	at com.kms.katalon.core.main.ScriptEngine.runScriptAsRawText(ScriptEngine.java:119)
	at com.kms.katalon.core.main.TestCaseExecutor.runScript(TestCaseExecutor.java:448)
	at com.kms.katalon.core.main.TestCaseExecutor.doExecute(TestCaseExecutor.java:439)
	at com.kms.katalon.core.main.TestCaseExecutor.processExecutionPhase(TestCaseExecutor.java:418)
	at com.kms.katalon.core.main.TestCaseExecutor.accessMainPhase(TestCaseExecutor.java:410)
	at com.kms.katalon.core.main.TestCaseExecutor.execute(TestCaseExecutor.java:285)
	at com.kms.katalon.core.main.TestCaseExecutor.execute(TestCaseExecutor.java:369)
	at com.kms.katalon.core.main.TestCaseExecutor.execute(TestCaseExecutor.java:369)
	at com.kms.katalon.core.common.CommonExecutor.accessTestCaseMainPhase(CommonExecutor.java:65)
	at com.kms.katalon.core.main.TestSuiteExecutor.accessTestSuiteMainPhase(TestSuiteExecutor.java:150)
	at com.kms.katalon.core.main.TestSuiteExecutor.execute(TestSuiteExecutor.java:106)
	at com.kms.katalon.core.main.TestCaseMain.startTestSuite(TestCaseMain.java:180)
	at TempTestSuite1738333839214.run(TempTestSuite1738333839214.groovy:35)
	at java.base/jdk.internal.reflect.NativeMethodAccessorImpl.invoke0(Native Method)
	at java.base/jdk.internal.reflect.NativeMethodAccessorImpl.invoke(NativeMethodAccessorImpl.java:77)
	at java.base/jdk.internal.reflect.DelegatingMethodAccessorImpl.invoke(DelegatingMethodAccessorImpl.java:43)
Caused by: org.openqa.selenium.NoSuchSessionException: invalid session id: session deleted as the browser has closed the connection
from disconnected: Unable to receive message from renderer
  (Session info: chrome=133.0.6847.2)
Build info: version: &amp;apos;3.141.59&amp;apos;, revision: &amp;apos;unknown&amp;apos;, time: &amp;apos;unknown&amp;apos;
System info: host: &amp;apos;LAPTOP-5GQHVTHK&amp;apos;, ip: &amp;apos;192.168.0.101&amp;apos;, os.name: &amp;apos;Windows 11&amp;apos;, os.arch: &amp;apos;amd64&amp;apos;, os.version: &amp;apos;10.0&amp;apos;, java.version: &amp;apos;17.0.7&amp;apos;
Driver info: com.kms.katalon.selenium.driver.CRemoteWebDriver
Capabilities {acceptInsecureCerts: false, browserName: chrome, browserVersion: 133.0.6847.2, chrome: {chromedriverVersion: 133.0.6847.2 (7e95e23d2d1f8..., userDataDir: C:\Program Files\scoped_dir...}, fedcm:accounts: true, goog:chromeOptions: {debuggerAddress: localhost:9225}, javascriptEnabled: true, katalon:caps: {executionId: d9977803-e885-42c1-a1a3-681..., executionSessionId: a1d1a998-72c1-41ea-8d50-2be...}, katalon:options: {executionId: d9977803-e885-42c1-a1a3-681..., executionSessionId: a1d1a998-72c1-41ea-8d50-2be..., metadata: {accountUuid: fda32340-531c-49aa-a0b7-40d..., organizationId: 1906073, usingTunnel: false}, organizationId: 1906073, runFromTestCloud: true, userId: 1648280, username: innocent.beaver.duja@instan..., usingTunnel: false}, kt:requestId: a1d1a998-72c1-41ea-8d50-2be..., kt:rid: a1d1a998-72c1-41ea-8d50-2be..., networkConnectionEnabled: false, pageLoadStrategy: normal, platform: WINDOWS, platformName: WINDOWS, proxy: Proxy(), se:bidiEnabled: false, se:cdpEnabled: false, setWindowRect: true, strictFileInteractability: false, timeouts: {implicit: 0, pageLoad: 300000, script: 30000}, unhandledPromptBehavior: dismiss and notify, webauthn:extension:credBlob: true, webauthn:extension:largeBlob: true, webauthn:extension:minPinLength: true, webauthn:extension:prf: true, webauthn:virtualAuthenticators: true}
Session ID: 85b76650b9810a95643b93446fccfbea
*** Element info: {Using=xpath, value=//input[@id=&amp;apos;password&amp;apos;]}
	at jdk.internal.reflect.GeneratedConstructorAccessor22.newInstance(Unknown Source)
	at java.base/jdk.internal.reflect.DelegatingConstructorAccessorImpl.newInstance(DelegatingConstructorAccessorImpl.java:45)
	at org.openqa.selenium.remote.http.W3CHttpResponseCodec.createException(W3CHttpResponseCodec.java:187)
	at org.openqa.selenium.remote.http.W3CHttpResponseCodec.decode(W3CHttpResponseCodec.java:122)
	at org.openqa.selenium.remote.http.W3CHttpResponseCodec.decode(W3CHttpResponseCodec.java:49)
	at org.openqa.selenium.remote.HttpCommandExecutor.execute(HttpCommandExecutor.java:158)
	at org.openqa.selenium.remote.RemoteWebDriver.execute(RemoteWebDriver.java:552)
	at com.kms.katalon.selenium.driver.CRemoteWebDriver.execute(CRemoteWebDriver.java:30)
	at org.openqa.selenium.remote.RemoteWebDriver.findElements(RemoteWebDriver.java:353)
	at org.openqa.selenium.remote.RemoteWebDriver.findElementsByXPath(RemoteWebDriver.java:432)
	at org.openqa.selenium.By$ByXPath.findElements(By.java:348)
	at org.openqa.selenium.remote.RemoteWebDriver.findElements(RemoteWebDriver.java:311)
	at jdk.internal.reflect.GeneratedMethodAccessor9.invoke(Unknown Source)
	at java.base/jdk.internal.reflect.DelegatingMethodAccessorImpl.invoke(DelegatingMethodAccessorImpl.java:43)
	at org.openqa.selenium.support.events.EventFiringWebDriver.lambda$new$1(EventFiringWebDriver.java:105)
	at jdk.proxy2/jdk.proxy2.$Proxy23.findElements(Unknown Source)
	at org.openqa.selenium.support.events.EventFiringWebDriver.findElements(EventFiringWebDriver.java:182)
	at com.kms.katalon.core.webui.common.WebUiCommonHelper.findElementByNormalMethods(WebUiCommonHelper.java:1033)
	at com.kms.katalon.core.webui.common.WebUiCommonHelper.findElementsBySelectedMethod(WebUiCommonHelper.java:924)
	at com.kms.katalon.core.webui.common.WebUiCommonHelper.findElementsBySelectedMethod(WebUiCommonHelper.java:906)
	at com.kms.katalon.core.webui.common.WebUiCommonHelper.findElementsBySelectedMethod(WebUiCommonHelper.java:901)
	at com.kms.katalon.core.webui.common.WebUiCommonHelper.findElementsByDefault(WebUiCommonHelper.java:897)
	at com.kms.katalon.core.webui.common.WebUiCommonHelper.findElementsWithSelfHealing(WebUiCommonHelper.java:743)
	at com.kms.katalon.core.webui.common.WebUiCommonHelper.findWebElements(WebUiCommonHelper.java:727)
	at com.kms.katalon.core.webui.common.WebUiCommonHelper.findWebElement(WebUiCommonHelper.java:1413)
	at com.kms.katalon.core.webui.keyword.internal.WebUIAbstractKeyword.findWebElement(WebUIAbstractKeyword.groovy:27)
	at com.kms.katalon.core.webui.keyword.internal.WebUIAbstractKeyword.findWebElement(WebUIAbstractKeyword.groovy:26)
	at com.kms.katalon.core.webui.keyword.builtin.SetTextKeyword$_setText_closure1.doCall(SetTextKeyword.groovy:53)
	at com.kms.katalon.core.webui.keyword.builtin.SetTextKeyword$_setText_closure1.call(SetTextKeyword.groovy)
	at com.kms.katalon.core.webui.keyword.internal.WebUIKeywordMain.runKeyword(WebUIKeywordMain.groovy:35)
	at com.kms.katalon.core.webui.keyword.builtin.SetTextKeyword.setText(SetTextKeyword.groovy:85)
	at com.kms.katalon.core.webui.keyword.builtin.SetTextKeyword.execute(SetTextKeyword.groovy:39)
	at com.kms.katalon.core.keyword.internal.KeywordExecutor.executeKeywordForPlatform(KeywordExecutor.groovy:74)
	at com.kms.katalon.core.webui.keyword.WebUiBuiltInKeywords.setText(WebUiBuiltInKeywords.groovy:1019)
	at com.test.swaglabs.CustomLogin.WebLoginSecondAccount(CustomLogin.groovy:48)
	at java.base/jdk.internal.reflect.NativeMethodAccessorImpl.invoke0(Native Method)
	at java.base/jdk.internal.reflect.NativeMethodAccessorImpl.invoke(NativeMethodAccessorImpl.java:77)
	at java.base/jdk.internal.reflect.DelegatingMethodAccessorImpl.invoke(DelegatingMethodAccessorImpl.java:43)
	at com.kms.katalon.core.main.CustomKeywordDelegatingMetaClass.invokeStaticMethod(CustomKeywordDelegatingMetaClass.java:55)
	at Script1738220673484.run(Script1738220673484.groovy:24)
	... 17 more
)</message>
  <nestedLevel>1</nestedLevel>
  <escapedJava>false</escapedJava>
  <property name="failed.exception.class">org.openqa.selenium.NoSuchSessionException</property>
  <property name="failed.exception.stacktrace">org.openqa.selenium.NoSuchSessionException: invalid session id: session deleted as the browser has closed the connection
from disconnected: Unable to receive message from renderer
  (Session info: chrome=133.0.6847.2)
Build info: version: &apos;3.141.59&apos;, revision: &apos;unknown&apos;, time: &apos;unknown&apos;
System info: host: &apos;LAPTOP-5GQHVTHK&apos;, ip: &apos;192.168.0.101&apos;, os.name: &apos;Windows 11&apos;, os.arch: &apos;amd64&apos;, os.version: &apos;10.0&apos;, java.version: &apos;17.0.7&apos;
Driver info: com.kms.katalon.selenium.driver.CRemoteWebDriver
Capabilities {acceptInsecureCerts: false, browserName: chrome, browserVersion: 133.0.6847.2, chrome: {chromedriverVersion: 133.0.6847.2 (7e95e23d2d1f8..., userDataDir: C:\Program Files\scoped_dir...}, fedcm:accounts: true, goog:chromeOptions: {debuggerAddress: localhost:9225}, javascriptEnabled: true, katalon:caps: {executionId: d9977803-e885-42c1-a1a3-681..., executionSessionId: a1d1a998-72c1-41ea-8d50-2be...}, katalon:options: {executionId: d9977803-e885-42c1-a1a3-681..., executionSessionId: a1d1a998-72c1-41ea-8d50-2be..., metadata: {accountUuid: fda32340-531c-49aa-a0b7-40d..., organizationId: 1906073, usingTunnel: false}, organizationId: 1906073, runFromTestCloud: true, userId: 1648280, username: innocent.beaver.duja@instan..., usingTunnel: false}, kt:requestId: a1d1a998-72c1-41ea-8d50-2be..., kt:rid: a1d1a998-72c1-41ea-8d50-2be..., networkConnectionEnabled: false, pageLoadStrategy: normal, platform: WINDOWS, platformName: WINDOWS, proxy: Proxy(), se:bidiEnabled: false, se:cdpEnabled: false, setWindowRect: true, strictFileInteractability: false, timeouts: {implicit: 0, pageLoad: 300000, script: 30000}, unhandledPromptBehavior: dismiss and notify, webauthn:extension:credBlob: true, webauthn:extension:largeBlob: true, webauthn:extension:minPinLength: true, webauthn:extension:prf: true, webauthn:virtualAuthenticators: true}
Session ID: 85b76650b9810a95643b93446fccfbea
*** Element info: {Using=xpath, value=//input[@id=&apos;password&apos;]}
	at jdk.internal.reflect.GeneratedConstructorAccessor22.newInstance(Unknown Source)
	at java.base/jdk.internal.reflect.DelegatingConstructorAccessorImpl.newInstance(DelegatingConstructorAccessorImpl.java:45)
	at org.openqa.selenium.remote.http.W3CHttpResponseCodec.createException(W3CHttpResponseCodec.java:187)
	at org.openqa.selenium.remote.http.W3CHttpResponseCodec.decode(W3CHttpResponseCodec.java:122)
	at org.openqa.selenium.remote.http.W3CHttpResponseCodec.decode(W3CHttpResponseCodec.java:49)
	at org.openqa.selenium.remote.HttpCommandExecutor.execute(HttpCommandExecutor.java:158)
	at org.openqa.selenium.remote.RemoteWebDriver.execute(RemoteWebDriver.java:552)
	at com.kms.katalon.selenium.driver.CRemoteWebDriver.execute(CRemoteWebDriver.java:30)
	at org.openqa.selenium.remote.RemoteWebDriver.findElements(RemoteWebDriver.java:353)
	at org.openqa.selenium.remote.RemoteWebDriver.findElementsByXPath(RemoteWebDriver.java:432)
	at org.openqa.selenium.By$ByXPath.findElements(By.java:348)
	at org.openqa.selenium.remote.RemoteWebDriver.findElements(RemoteWebDriver.java:311)
	at jdk.internal.reflect.GeneratedMethodAccessor9.invoke(Unknown Source)
	at java.base/jdk.internal.reflect.DelegatingMethodAccessorImpl.invoke(DelegatingMethodAccessorImpl.java:43)
	at org.openqa.selenium.support.events.EventFiringWebDriver.lambda$new$1(EventFiringWebDriver.java:105)
	at jdk.proxy2/jdk.proxy2.$Proxy23.findElements(Unknown Source)
	at org.openqa.selenium.support.events.EventFiringWebDriver.findElements(EventFiringWebDriver.java:182)
	at com.kms.katalon.core.webui.common.WebUiCommonHelper.findElementByNormalMethods(WebUiCommonHelper.java:1033)
	at com.kms.katalon.core.webui.common.WebUiCommonHelper.findElementsBySelectedMethod(WebUiCommonHelper.java:924)
	at com.kms.katalon.core.webui.common.WebUiCommonHelper.findElementsBySelectedMethod(WebUiCommonHelper.java:906)
	at com.kms.katalon.core.webui.common.WebUiCommonHelper.findElementsBySelectedMethod(WebUiCommonHelper.java:901)
	at com.kms.katalon.core.webui.common.WebUiCommonHelper.findElementsByDefault(WebUiCommonHelper.java:897)
	at com.kms.katalon.core.webui.common.WebUiCommonHelper.findElementsWithSelfHealing(WebUiCommonHelper.java:743)
	at com.kms.katalon.core.webui.common.WebUiCommonHelper.findWebElements(WebUiCommonHelper.java:727)
	at com.kms.katalon.core.webui.common.WebUiCommonHelper.findWebElement(WebUiCommonHelper.java:1413)
	at com.kms.katalon.core.webui.keyword.internal.WebUIAbstractKeyword.findWebElement(WebUIAbstractKeyword.groovy:27)
	at com.kms.katalon.core.webui.keyword.internal.WebUIAbstractKeyword.findWebElement(WebUIAbstractKeyword.groovy:26)
	at com.kms.katalon.core.webui.keyword.builtin.SetTextKeyword$_setText_closure1.doCall(SetTextKeyword.groovy:53)
	at com.kms.katalon.core.webui.keyword.builtin.SetTextKeyword$_setText_closure1.call(SetTextKeyword.groovy)
	at com.kms.katalon.core.webui.keyword.internal.WebUIKeywordMain.runKeyword(WebUIKeywordMain.groovy:35)
	at com.kms.katalon.core.webui.keyword.builtin.SetTextKeyword.setText(SetTextKeyword.groovy:85)
	at com.kms.katalon.core.webui.keyword.builtin.SetTextKeyword.execute(SetTextKeyword.groovy:39)
	at com.kms.katalon.core.keyword.internal.KeywordExecutor.executeKeywordForPlatform(KeywordExecutor.groovy:74)
	at com.kms.katalon.core.webui.keyword.WebUiBuiltInKeywords.setText(WebUiBuiltInKeywords.groovy:1019)
	at com.test.swaglabs.CustomLogin.WebLoginSecondAccount(CustomLogin.groovy:48)
	at java.base/jdk.internal.reflect.NativeMethodAccessorImpl.invoke0(Native Method)
	at java.base/jdk.internal.reflect.NativeMethodAccessorImpl.invoke(NativeMethodAccessorImpl.java:77)
	at java.base/jdk.internal.reflect.DelegatingMethodAccessorImpl.invoke(DelegatingMethodAccessorImpl.java:43)
	at com.kms.katalon.core.main.CustomKeywordDelegatingMetaClass.invokeStaticMethod(CustomKeywordDelegatingMetaClass.java:55)
	at Login by Second Account - locked_out_user.run(Login by Second Account - locked_out_user:24)
	at com.kms.katalon.core.main.ScriptEngine.run(ScriptEngine.java:194)
	at com.kms.katalon.core.main.ScriptEngine.runScriptAsRawText(ScriptEngine.java:119)
	at com.kms.katalon.core.main.TestCaseExecutor.runScript(TestCaseExecutor.java:448)
	at com.kms.katalon.core.main.TestCaseExecutor.doExecute(TestCaseExecutor.java:439)
	at com.kms.katalon.core.main.TestCaseExecutor.processExecutionPhase(TestCaseExecutor.java:418)
	at com.kms.katalon.core.main.TestCaseExecutor.accessMainPhase(TestCaseExecutor.java:410)
	at com.kms.katalon.core.main.TestCaseExecutor.execute(TestCaseExecutor.java:285)
	at com.kms.katalon.core.main.TestCaseExecutor.execute(TestCaseExecutor.java:369)
	at com.kms.katalon.core.main.TestCaseExecutor.execute(TestCaseExecutor.java:369)
	at com.kms.katalon.core.common.CommonExecutor.accessTestCaseMainPhase(CommonExecutor.java:65)
	at com.kms.katalon.core.main.TestSuiteExecutor.accessTestSuiteMainPhase(TestSuiteExecutor.java:150)
	at com.kms.katalon.core.main.TestSuiteExecutor.execute(TestSuiteExecutor.java:106)
	at com.kms.katalon.core.main.TestCaseMain.startTestSuite(TestCaseMain.java:180)
	at TempTestSuite1738333839214.run(TempTestSuite1738333839214.groovy:35)
	at java.base/jdk.internal.reflect.NativeMethodAccessorImpl.invoke0(Native Method)
	at java.base/jdk.internal.reflect.NativeMethodAccessorImpl.invoke(NativeMethodAccessorImpl.java:77)
	at java.base/jdk.internal.reflect.DelegatingMethodAccessorImpl.invoke(DelegatingMethodAccessorImpl.java:43)
</property>
  <property name="failed.exception.message">invalid session id: session deleted as the browser has closed the connection
from disconnected: Unable to receive message from renderer
  (Session info: chrome=133.0.6847.2)
Build info: version: &apos;3.141.59&apos;, revision: &apos;unknown&apos;, time: &apos;unknown&apos;
System info: host: &apos;LAPTOP-5GQHVTHK&apos;, ip: &apos;192.168.0.101&apos;, os.name: &apos;Windows 11&apos;, os.arch: &apos;amd64&apos;, os.version: &apos;10.0&apos;, java.version: &apos;17.0.7&apos;
Driver info: com.kms.katalon.selenium.driver.CRemoteWebDriver
Capabilities {acceptInsecureCerts: false, browserName: chrome, browserVersion: 133.0.6847.2, chrome: {chromedriverVersion: 133.0.6847.2 (7e95e23d2d1f8..., userDataDir: C:\Program Files\scoped_dir...}, fedcm:accounts: true, goog:chromeOptions: {debuggerAddress: localhost:9225}, javascriptEnabled: true, katalon:caps: {executionId: d9977803-e885-42c1-a1a3-681..., executionSessionId: a1d1a998-72c1-41ea-8d50-2be...}, katalon:options: {executionId: d9977803-e885-42c1-a1a3-681..., executionSessionId: a1d1a998-72c1-41ea-8d50-2be..., metadata: {accountUuid: fda32340-531c-49aa-a0b7-40d..., organizationId: 1906073, usingTunnel: false}, organizationId: 1906073, runFromTestCloud: true, userId: 1648280, username: innocent.beaver.duja@instan..., usingTunnel: false}, kt:requestId: a1d1a998-72c1-41ea-8d50-2be..., kt:rid: a1d1a998-72c1-41ea-8d50-2be..., networkConnectionEnabled: false, pageLoadStrategy: normal, platform: WINDOWS, platformName: WINDOWS, proxy: Proxy(), se:bidiEnabled: false, se:cdpEnabled: false, setWindowRect: true, strictFileInteractability: false, timeouts: {implicit: 0, pageLoad: 300000, script: 30000}, unhandledPromptBehavior: dismiss and notify, webauthn:extension:credBlob: true, webauthn:extension:largeBlob: true, webauthn:extension:minPinLength: true, webauthn:extension:prf: true, webauthn:virtualAuthenticators: true}
Session ID: 85b76650b9810a95643b93446fccfbea
*** Element info: {Using=xpath, value=//input[@id=&apos;password&apos;]}</property>
</record>
<record>
  <date>2025-01-31T14:34:52.555042500Z</date>
  <millis>1738334092555</millis>
  <nanos>42500</nanos>
  <sequence>502</sequence>
  <level>FAILED</level>
  <class>com.kms.katalon.core.logging.XmlKeywordLogger</class>
  <method>logMessage</method>
  <thread>1</thread>
  <message>Unable to set text &amp;apos;secret_sauce&amp;apos; of object &amp;apos;Object Repository/Page_Swag Labs/input_Swag Labs_password&amp;apos;</message>
  <nestedLevel>1</nestedLevel>
  <escapedJava>false</escapedJava>
  <property name="failed.exception.class">org.openqa.selenium.NoSuchSessionException</property>
  <property name="failed.exception.stacktrace">org.openqa.selenium.NoSuchSessionException: invalid session id: session deleted as the browser has closed the connection
from disconnected: Unable to receive message from renderer
  (Session info: chrome=133.0.6847.2)
Build info: version: &apos;3.141.59&apos;, revision: &apos;unknown&apos;, time: &apos;unknown&apos;
System info: host: &apos;LAPTOP-5GQHVTHK&apos;, ip: &apos;192.168.0.101&apos;, os.name: &apos;Windows 11&apos;, os.arch: &apos;amd64&apos;, os.version: &apos;10.0&apos;, java.version: &apos;17.0.7&apos;
Driver info: com.kms.katalon.selenium.driver.CRemoteWebDriver
Capabilities {acceptInsecureCerts: false, browserName: chrome, browserVersion: 133.0.6847.2, chrome: {chromedriverVersion: 133.0.6847.2 (7e95e23d2d1f8..., userDataDir: C:\Program Files\scoped_dir...}, fedcm:accounts: true, goog:chromeOptions: {debuggerAddress: localhost:9225}, javascriptEnabled: true, katalon:caps: {executionId: d9977803-e885-42c1-a1a3-681..., executionSessionId: a1d1a998-72c1-41ea-8d50-2be...}, katalon:options: {executionId: d9977803-e885-42c1-a1a3-681..., executionSessionId: a1d1a998-72c1-41ea-8d50-2be..., metadata: {accountUuid: fda32340-531c-49aa-a0b7-40d..., organizationId: 1906073, usingTunnel: false}, organizationId: 1906073, runFromTestCloud: true, userId: 1648280, username: innocent.beaver.duja@instan..., usingTunnel: false}, kt:requestId: a1d1a998-72c1-41ea-8d50-2be..., kt:rid: a1d1a998-72c1-41ea-8d50-2be..., networkConnectionEnabled: false, pageLoadStrategy: normal, platform: WINDOWS, platformName: WINDOWS, proxy: Proxy(), se:bidiEnabled: false, se:cdpEnabled: false, setWindowRect: true, strictFileInteractability: false, timeouts: {implicit: 0, pageLoad: 300000, script: 30000}, unhandledPromptBehavior: dismiss and notify, webauthn:extension:credBlob: true, webauthn:extension:largeBlob: true, webauthn:extension:minPinLength: true, webauthn:extension:prf: true, webauthn:virtualAuthenticators: true}
Session ID: 85b76650b9810a95643b93446fccfbea
*** Element info: {Using=xpath, value=//input[@id=&apos;password&apos;]}
	at jdk.internal.reflect.GeneratedConstructorAccessor22.newInstance(Unknown Source)
	at java.base/jdk.internal.reflect.DelegatingConstructorAccessorImpl.newInstance(DelegatingConstructorAccessorImpl.java:45)
	at org.openqa.selenium.remote.http.W3CHttpResponseCodec.createException(W3CHttpResponseCodec.java:187)
	at org.openqa.selenium.remote.http.W3CHttpResponseCodec.decode(W3CHttpResponseCodec.java:122)
	at org.openqa.selenium.remote.http.W3CHttpResponseCodec.decode(W3CHttpResponseCodec.java:49)
	at org.openqa.selenium.remote.HttpCommandExecutor.execute(HttpCommandExecutor.java:158)
	at org.openqa.selenium.remote.RemoteWebDriver.execute(RemoteWebDriver.java:552)
	at com.kms.katalon.selenium.driver.CRemoteWebDriver.execute(CRemoteWebDriver.java:30)
	at org.openqa.selenium.remote.RemoteWebDriver.findElements(RemoteWebDriver.java:353)
	at org.openqa.selenium.remote.RemoteWebDriver.findElementsByXPath(RemoteWebDriver.java:432)
	at org.openqa.selenium.By$ByXPath.findElements(By.java:348)
	at org.openqa.selenium.remote.RemoteWebDriver.findElements(RemoteWebDriver.java:311)
	at jdk.internal.reflect.GeneratedMethodAccessor9.invoke(Unknown Source)
	at java.base/jdk.internal.reflect.DelegatingMethodAccessorImpl.invoke(DelegatingMethodAccessorImpl.java:43)
	at org.openqa.selenium.support.events.EventFiringWebDriver.lambda$new$1(EventFiringWebDriver.java:105)
	at jdk.proxy2/jdk.proxy2.$Proxy23.findElements(Unknown Source)
	at org.openqa.selenium.support.events.EventFiringWebDriver.findElements(EventFiringWebDriver.java:182)
	at com.kms.katalon.core.webui.common.WebUiCommonHelper.findElementByNormalMethods(WebUiCommonHelper.java:1033)
	at com.kms.katalon.core.webui.common.WebUiCommonHelper.findElementsBySelectedMethod(WebUiCommonHelper.java:924)
	at com.kms.katalon.core.webui.common.WebUiCommonHelper.findElementsBySelectedMethod(WebUiCommonHelper.java:906)
	at com.kms.katalon.core.webui.common.WebUiCommonHelper.findElementsBySelectedMethod(WebUiCommonHelper.java:901)
	at com.kms.katalon.core.webui.common.WebUiCommonHelper.findElementsByDefault(WebUiCommonHelper.java:897)
	at com.kms.katalon.core.webui.common.WebUiCommonHelper.findElementsWithSelfHealing(WebUiCommonHelper.java:743)
	at com.kms.katalon.core.webui.common.WebUiCommonHelper.findWebElements(WebUiCommonHelper.java:727)
	at com.kms.katalon.core.webui.common.WebUiCommonHelper.findWebElement(WebUiCommonHelper.java:1413)
	at com.kms.katalon.core.webui.keyword.internal.WebUIAbstractKeyword.findWebElement(WebUIAbstractKeyword.groovy:27)
	at com.kms.katalon.core.webui.keyword.internal.WebUIAbstractKeyword.findWebElement(WebUIAbstractKeyword.groovy:26)
	at com.kms.katalon.core.webui.keyword.builtin.SetTextKeyword$_setText_closure1.doCall(SetTextKeyword.groovy:53)
	at com.kms.katalon.core.webui.keyword.builtin.SetTextKeyword$_setText_closure1.call(SetTextKeyword.groovy)
	at com.kms.katalon.core.webui.keyword.internal.WebUIKeywordMain.runKeyword(WebUIKeywordMain.groovy:35)
	at com.kms.katalon.core.webui.keyword.builtin.SetTextKeyword.setText(SetTextKeyword.groovy:85)
	at com.kms.katalon.core.webui.keyword.builtin.SetTextKeyword.execute(SetTextKeyword.groovy:39)
	at com.kms.katalon.core.keyword.internal.KeywordExecutor.executeKeywordForPlatform(KeywordExecutor.groovy:74)
	at com.kms.katalon.core.webui.keyword.WebUiBuiltInKeywords.setText(WebUiBuiltInKeywords.groovy:1019)
	at com.test.swaglabs.CustomLogin.WebLoginSecondAccount(CustomLogin.groovy:48)
	at java.base/jdk.internal.reflect.NativeMethodAccessorImpl.invoke0(Native Method)
	at java.base/jdk.internal.reflect.NativeMethodAccessorImpl.invoke(NativeMethodAccessorImpl.java:77)
	at java.base/jdk.internal.reflect.DelegatingMethodAccessorImpl.invoke(DelegatingMethodAccessorImpl.java:43)
	at com.kms.katalon.core.main.CustomKeywordDelegatingMetaClass.invokeStaticMethod(CustomKeywordDelegatingMetaClass.java:55)
	at Login by Second Account - locked_out_user.run(Login by Second Account - locked_out_user:24)
	at com.kms.katalon.core.main.ScriptEngine.run(ScriptEngine.java:194)
	at com.kms.katalon.core.main.ScriptEngine.runScriptAsRawText(ScriptEngine.java:119)
	at com.kms.katalon.core.main.TestCaseExecutor.runScript(TestCaseExecutor.java:448)
	at com.kms.katalon.core.main.TestCaseExecutor.doExecute(TestCaseExecutor.java:439)
	at com.kms.katalon.core.main.TestCaseExecutor.processExecutionPhase(TestCaseExecutor.java:418)
	at com.kms.katalon.core.main.TestCaseExecutor.accessMainPhase(TestCaseExecutor.java:410)
	at com.kms.katalon.core.main.TestCaseExecutor.execute(TestCaseExecutor.java:285)
	at com.kms.katalon.core.main.TestCaseExecutor.execute(TestCaseExecutor.java:369)
	at com.kms.katalon.core.main.TestCaseExecutor.execute(TestCaseExecutor.java:369)
	at com.kms.katalon.core.common.CommonExecutor.accessTestCaseMainPhase(CommonExecutor.java:65)
	at com.kms.katalon.core.main.TestSuiteExecutor.accessTestSuiteMainPhase(TestSuiteExecutor.java:150)
	at com.kms.katalon.core.main.TestSuiteExecutor.execute(TestSuiteExecutor.java:106)
	at com.kms.katalon.core.main.TestCaseMain.startTestSuite(TestCaseMain.java:180)
	at TempTestSuite1738333839214.run(TempTestSuite1738333839214.groovy:35)
	at java.base/jdk.internal.reflect.NativeMethodAccessorImpl.invoke0(Native Method)
	at java.base/jdk.internal.reflect.NativeMethodAccessorImpl.invoke(NativeMethodAccessorImpl.java:77)
	at java.base/jdk.internal.reflect.DelegatingMethodAccessorImpl.invoke(DelegatingMethodAccessorImpl.java:43)
</property>
  <property name="failed.exception.message">invalid session id: session deleted as the browser has closed the connection
from disconnected: Unable to receive message from renderer
  (Session info: chrome=133.0.6847.2)
Build info: version: &apos;3.141.59&apos;, revision: &apos;unknown&apos;, time: &apos;unknown&apos;
System info: host: &apos;LAPTOP-5GQHVTHK&apos;, ip: &apos;192.168.0.101&apos;, os.name: &apos;Windows 11&apos;, os.arch: &apos;amd64&apos;, os.version: &apos;10.0&apos;, java.version: &apos;17.0.7&apos;
Driver info: com.kms.katalon.selenium.driver.CRemoteWebDriver
Capabilities {acceptInsecureCerts: false, browserName: chrome, browserVersion: 133.0.6847.2, chrome: {chromedriverVersion: 133.0.6847.2 (7e95e23d2d1f8..., userDataDir: C:\Program Files\scoped_dir...}, fedcm:accounts: true, goog:chromeOptions: {debuggerAddress: localhost:9225}, javascriptEnabled: true, katalon:caps: {executionId: d9977803-e885-42c1-a1a3-681..., executionSessionId: a1d1a998-72c1-41ea-8d50-2be...}, katalon:options: {executionId: d9977803-e885-42c1-a1a3-681..., executionSessionId: a1d1a998-72c1-41ea-8d50-2be..., metadata: {accountUuid: fda32340-531c-49aa-a0b7-40d..., organizationId: 1906073, usingTunnel: false}, organizationId: 1906073, runFromTestCloud: true, userId: 1648280, username: innocent.beaver.duja@instan..., usingTunnel: false}, kt:requestId: a1d1a998-72c1-41ea-8d50-2be..., kt:rid: a1d1a998-72c1-41ea-8d50-2be..., networkConnectionEnabled: false, pageLoadStrategy: normal, platform: WINDOWS, platformName: WINDOWS, proxy: Proxy(), se:bidiEnabled: false, se:cdpEnabled: false, setWindowRect: true, strictFileInteractability: false, timeouts: {implicit: 0, pageLoad: 300000, script: 30000}, unhandledPromptBehavior: dismiss and notify, webauthn:extension:credBlob: true, webauthn:extension:largeBlob: true, webauthn:extension:minPinLength: true, webauthn:extension:prf: true, webauthn:virtualAuthenticators: true}
Session ID: 85b76650b9810a95643b93446fccfbea
*** Element info: {Using=xpath, value=//input[@id=&apos;password&apos;]}</property>
</record>
<record>
  <date>2025-01-31T14:34:52.557041200Z</date>
  <millis>1738334092557</millis>
  <nanos>41200</nanos>
  <sequence>505</sequence>
  <level>END</level>
  <class>com.kms.katalon.core.logging.XmlKeywordLogger</class>
  <method>endKeyword</method>
  <thread>1</thread>
  <message>End action : com.test.swaglabs.CustomLogin.WebLoginSecondAccount()</message>
  <nestedLevel>1</nestedLevel>
  <escapedJava>false</escapedJava>
</record>
<record>
  <date>2025-01-31T14:34:52.560040300Z</date>
  <millis>1738334092560</millis>
  <nanos>40300</nanos>
  <sequence>508</sequence>
  <level>FAILED</level>
  <class>com.kms.katalon.core.logging.XmlKeywordLogger</class>
  <method>logMessage</method>
  <thread>1</thread>
  <message>Test Cases/Login by Second Account - locked_out_user FAILED.
Reason:
com.kms.katalon.core.exception.StepFailedException: Unable to set text &amp;apos;secret_sauce&amp;apos; of object &amp;apos;Object Repository/Page_Swag Labs/input_Swag Labs_password&amp;apos;
	at com.kms.katalon.core.webui.keyword.internal.WebUIKeywordMain.stepFailed(WebUIKeywordMain.groovy:117)
	at com.kms.katalon.core.webui.keyword.internal.WebUIKeywordMain.runKeyword(WebUIKeywordMain.groovy:43)
	at com.kms.katalon.core.webui.keyword.builtin.SetTextKeyword.setText(SetTextKeyword.groovy:85)
	at com.kms.katalon.core.webui.keyword.builtin.SetTextKeyword.execute(SetTextKeyword.groovy:39)
	at com.kms.katalon.core.keyword.internal.KeywordExecutor.executeKeywordForPlatform(KeywordExecutor.groovy:74)
	at com.kms.katalon.core.webui.keyword.WebUiBuiltInKeywords.setText(WebUiBuiltInKeywords.groovy:1019)
	at com.test.swaglabs.CustomLogin.WebLoginSecondAccount(CustomLogin.groovy:48)
	at java.base/jdk.internal.reflect.NativeMethodAccessorImpl.invoke0(Native Method)
	at java.base/jdk.internal.reflect.NativeMethodAccessorImpl.invoke(NativeMethodAccessorImpl.java:77)
	at java.base/jdk.internal.reflect.DelegatingMethodAccessorImpl.invoke(DelegatingMethodAccessorImpl.java:43)
	at com.kms.katalon.core.main.CustomKeywordDelegatingMetaClass.invokeStaticMethod(CustomKeywordDelegatingMetaClass.java:55)
	at Login by Second Account - locked_out_user.run(Login by Second Account - locked_out_user:24)
	at com.kms.katalon.core.main.ScriptEngine.run(ScriptEngine.java:194)
	at com.kms.katalon.core.main.ScriptEngine.runScriptAsRawText(ScriptEngine.java:119)
	at com.kms.katalon.core.main.TestCaseExecutor.runScript(TestCaseExecutor.java:448)
	at com.kms.katalon.core.main.TestCaseExecutor.doExecute(TestCaseExecutor.java:439)
	at com.kms.katalon.core.main.TestCaseExecutor.processExecutionPhase(TestCaseExecutor.java:418)
	at com.kms.katalon.core.main.TestCaseExecutor.accessMainPhase(TestCaseExecutor.java:410)
	at com.kms.katalon.core.main.TestCaseExecutor.execute(TestCaseExecutor.java:285)
	at com.kms.katalon.core.main.TestCaseExecutor.execute(TestCaseExecutor.java:369)
	at com.kms.katalon.core.main.TestCaseExecutor.execute(TestCaseExecutor.java:369)
	at com.kms.katalon.core.common.CommonExecutor.accessTestCaseMainPhase(CommonExecutor.java:65)
	at com.kms.katalon.core.main.TestSuiteExecutor.accessTestSuiteMainPhase(TestSuiteExecutor.java:150)
	at com.kms.katalon.core.main.TestSuiteExecutor.execute(TestSuiteExecutor.java:106)
	at com.kms.katalon.core.main.TestCaseMain.startTestSuite(TestCaseMain.java:180)
	at TempTestSuite1738333839214.run(TempTestSuite1738333839214.groovy:35)
	at java.base/jdk.internal.reflect.NativeMethodAccessorImpl.invoke0(Native Method)
	at java.base/jdk.internal.reflect.NativeMethodAccessorImpl.invoke(NativeMethodAccessorImpl.java:77)
	at java.base/jdk.internal.reflect.DelegatingMethodAccessorImpl.invoke(DelegatingMethodAccessorImpl.java:43)
Caused by: org.openqa.selenium.NoSuchSessionException: invalid session id: session deleted as the browser has closed the connection
from disconnected: Unable to receive message from renderer
  (Session info: chrome=133.0.6847.2)
Build info: version: &amp;apos;3.141.59&amp;apos;, revision: &amp;apos;unknown&amp;apos;, time: &amp;apos;unknown&amp;apos;
System info: host: &amp;apos;LAPTOP-5GQHVTHK&amp;apos;, ip: &amp;apos;192.168.0.101&amp;apos;, os.name: &amp;apos;Windows 11&amp;apos;, os.arch: &amp;apos;amd64&amp;apos;, os.version: &amp;apos;10.0&amp;apos;, java.version: &amp;apos;17.0.7&amp;apos;
Driver info: com.kms.katalon.selenium.driver.CRemoteWebDriver
Capabilities {acceptInsecureCerts: false, browserName: chrome, browserVersion: 133.0.6847.2, chrome: {chromedriverVersion: 133.0.6847.2 (7e95e23d2d1f8..., userDataDir: C:\Program Files\scoped_dir...}, fedcm:accounts: true, goog:chromeOptions: {debuggerAddress: localhost:9225}, javascriptEnabled: true, katalon:caps: {executionId: d9977803-e885-42c1-a1a3-681..., executionSessionId: a1d1a998-72c1-41ea-8d50-2be...}, katalon:options: {executionId: d9977803-e885-42c1-a1a3-681..., executionSessionId: a1d1a998-72c1-41ea-8d50-2be..., metadata: {accountUuid: fda32340-531c-49aa-a0b7-40d..., organizationId: 1906073, usingTunnel: false}, organizationId: 1906073, runFromTestCloud: true, userId: 1648280, username: innocent.beaver.duja@instan..., usingTunnel: false}, kt:requestId: a1d1a998-72c1-41ea-8d50-2be..., kt:rid: a1d1a998-72c1-41ea-8d50-2be..., networkConnectionEnabled: false, pageLoadStrategy: normal, platform: WINDOWS, platformName: WINDOWS, proxy: Proxy(), se:bidiEnabled: false, se:cdpEnabled: false, setWindowRect: true, strictFileInteractability: false, timeouts: {implicit: 0, pageLoad: 300000, script: 30000}, unhandledPromptBehavior: dismiss and notify, webauthn:extension:credBlob: true, webauthn:extension:largeBlob: true, webauthn:extension:minPinLength: true, webauthn:extension:prf: true, webauthn:virtualAuthenticators: true}
Session ID: 85b76650b9810a95643b93446fccfbea
*** Element info: {Using=xpath, value=//input[@id=&amp;apos;password&amp;apos;]}
	at jdk.internal.reflect.GeneratedConstructorAccessor22.newInstance(Unknown Source)
	at java.base/jdk.internal.reflect.DelegatingConstructorAccessorImpl.newInstance(DelegatingConstructorAccessorImpl.java:45)
	at org.openqa.selenium.remote.http.W3CHttpResponseCodec.createException(W3CHttpResponseCodec.java:187)
	at org.openqa.selenium.remote.http.W3CHttpResponseCodec.decode(W3CHttpResponseCodec.java:122)
	at org.openqa.selenium.remote.http.W3CHttpResponseCodec.decode(W3CHttpResponseCodec.java:49)
	at org.openqa.selenium.remote.HttpCommandExecutor.execute(HttpCommandExecutor.java:158)
	at org.openqa.selenium.remote.RemoteWebDriver.execute(RemoteWebDriver.java:552)
	at com.kms.katalon.selenium.driver.CRemoteWebDriver.execute(CRemoteWebDriver.java:30)
	at org.openqa.selenium.remote.RemoteWebDriver.findElements(RemoteWebDriver.java:353)
	at org.openqa.selenium.remote.RemoteWebDriver.findElementsByXPath(RemoteWebDriver.java:432)
	at org.openqa.selenium.By$ByXPath.findElements(By.java:348)
	at org.openqa.selenium.remote.RemoteWebDriver.findElements(RemoteWebDriver.java:311)
	at jdk.internal.reflect.GeneratedMethodAccessor9.invoke(Unknown Source)
	at java.base/jdk.internal.reflect.DelegatingMethodAccessorImpl.invoke(DelegatingMethodAccessorImpl.java:43)
	at org.openqa.selenium.support.events.EventFiringWebDriver.lambda$new$1(EventFiringWebDriver.java:105)
	at jdk.proxy2/jdk.proxy2.$Proxy23.findElements(Unknown Source)
	at org.openqa.selenium.support.events.EventFiringWebDriver.findElements(EventFiringWebDriver.java:182)
	at com.kms.katalon.core.webui.common.WebUiCommonHelper.findElementByNormalMethods(WebUiCommonHelper.java:1033)
	at com.kms.katalon.core.webui.common.WebUiCommonHelper.findElementsBySelectedMethod(WebUiCommonHelper.java:924)
	at com.kms.katalon.core.webui.common.WebUiCommonHelper.findElementsBySelectedMethod(WebUiCommonHelper.java:906)
	at com.kms.katalon.core.webui.common.WebUiCommonHelper.findElementsBySelectedMethod(WebUiCommonHelper.java:901)
	at com.kms.katalon.core.webui.common.WebUiCommonHelper.findElementsByDefault(WebUiCommonHelper.java:897)
	at com.kms.katalon.core.webui.common.WebUiCommonHelper.findElementsWithSelfHealing(WebUiCommonHelper.java:743)
	at com.kms.katalon.core.webui.common.WebUiCommonHelper.findWebElements(WebUiCommonHelper.java:727)
	at com.kms.katalon.core.webui.common.WebUiCommonHelper.findWebElement(WebUiCommonHelper.java:1413)
	at com.kms.katalon.core.webui.keyword.internal.WebUIAbstractKeyword.findWebElement(WebUIAbstractKeyword.groovy:27)
	at com.kms.katalon.core.webui.keyword.internal.WebUIAbstractKeyword.findWebElement(WebUIAbstractKeyword.groovy:26)
	at com.kms.katalon.core.webui.keyword.builtin.SetTextKeyword$_setText_closure1.doCall(SetTextKeyword.groovy:53)
	at com.kms.katalon.core.webui.keyword.builtin.SetTextKeyword$_setText_closure1.call(SetTextKeyword.groovy)
	at com.kms.katalon.core.webui.keyword.internal.WebUIKeywordMain.runKeyword(WebUIKeywordMain.groovy:35)
	... 27 more
</message>
  <exception>
    <message>com.kms.katalon.core.exception.StepFailedException: Unable to set text 'secret_sauce' of object 'Object Repository/Page_Swag Labs/input_Swag Labs_password'</message>
    <frame>
      <class>com.kms.katalon.core.webui.keyword.internal.WebUIKeywordMain</class>
      <method>stepFailed</method>
      <line>117</line>
    </frame>
    <frame>
      <class>com.kms.katalon.core.webui.keyword.internal.WebUIKeywordMain</class>
      <method>runKeyword</method>
      <line>43</line>
    </frame>
    <frame>
      <class>com.kms.katalon.core.webui.keyword.builtin.SetTextKeyword</class>
      <method>setText</method>
      <line>85</line>
    </frame>
    <frame>
      <class>com.kms.katalon.core.webui.keyword.builtin.SetTextKeyword</class>
      <method>execute</method>
      <line>39</line>
    </frame>
    <frame>
      <class>com.kms.katalon.core.keyword.internal.KeywordExecutor</class>
      <method>executeKeywordForPlatform</method>
      <line>74</line>
    </frame>
    <frame>
      <class>com.kms.katalon.core.webui.keyword.WebUiBuiltInKeywords</class>
      <method>setText</method>
      <line>1019</line>
    </frame>
    <frame>
      <class>com.test.swaglabs.CustomLogin</class>
      <method>WebLoginSecondAccount</method>
      <line>48</line>
    </frame>
    <frame>
      <class>jdk.internal.reflect.NativeMethodAccessorImpl</class>
      <method>invoke0</method>
    </frame>
    <frame>
      <class>jdk.internal.reflect.NativeMethodAccessorImpl</class>
      <method>invoke</method>
      <line>77</line>
    </frame>
    <frame>
      <class>jdk.internal.reflect.DelegatingMethodAccessorImpl</class>
      <method>invoke</method>
      <line>43</line>
    </frame>
    <frame>
      <class>com.kms.katalon.core.main.CustomKeywordDelegatingMetaClass</class>
      <method>invokeStaticMethod</method>
      <line>55</line>
    </frame>
    <frame>
      <class>Login by Second Account - locked_out_user</class>
      <method>run</method>
      <line>24</line>
    </frame>
    <frame>
      <class>com.kms.katalon.core.main.ScriptEngine</class>
      <method>run</method>
      <line>194</line>
    </frame>
    <frame>
      <class>com.kms.katalon.core.main.ScriptEngine</class>
      <method>runScriptAsRawText</method>
      <line>119</line>
    </frame>
    <frame>
      <class>com.kms.katalon.core.main.TestCaseExecutor</class>
      <method>runScript</method>
      <line>448</line>
    </frame>
    <frame>
      <class>com.kms.katalon.core.main.TestCaseExecutor</class>
      <method>doExecute</method>
      <line>439</line>
    </frame>
    <frame>
      <class>com.kms.katalon.core.main.TestCaseExecutor</class>
      <method>processExecutionPhase</method>
      <line>418</line>
    </frame>
    <frame>
      <class>com.kms.katalon.core.main.TestCaseExecutor</class>
      <method>accessMainPhase</method>
      <line>410</line>
    </frame>
    <frame>
      <class>com.kms.katalon.core.main.TestCaseExecutor</class>
      <method>execute</method>
      <line>285</line>
    </frame>
    <frame>
      <class>com.kms.katalon.core.main.TestCaseExecutor</class>
      <method>execute</method>
      <line>369</line>
    </frame>
    <frame>
      <class>com.kms.katalon.core.main.TestCaseExecutor</class>
      <method>execute</method>
      <line>369</line>
    </frame>
    <frame>
      <class>com.kms.katalon.core.common.CommonExecutor</class>
      <method>accessTestCaseMainPhase</method>
      <line>65</line>
    </frame>
    <frame>
      <class>com.kms.katalon.core.main.TestSuiteExecutor</class>
      <method>accessTestSuiteMainPhase</method>
      <line>150</line>
    </frame>
    <frame>
      <class>com.kms.katalon.core.main.TestSuiteExecutor</class>
      <method>execute</method>
      <line>106</line>
    </frame>
    <frame>
      <class>com.kms.katalon.core.main.TestCaseMain</class>
      <method>startTestSuite</method>
      <line>180</line>
    </frame>
    <frame>
      <class>TempTestSuite1738333839214</class>
      <method>run</method>
      <line>35</line>
    </frame>
    <frame>
      <class>jdk.internal.reflect.NativeMethodAccessorImpl</class>
      <method>invoke0</method>
    </frame>
    <frame>
      <class>jdk.internal.reflect.NativeMethodAccessorImpl</class>
      <method>invoke</method>
      <line>77</line>
    </frame>
    <frame>
      <class>jdk.internal.reflect.DelegatingMethodAccessorImpl</class>
      <method>invoke</method>
      <line>43</line>
    </frame>
  </exception>
  <nestedLevel>0</nestedLevel>
  <escapedJava>false</escapedJava>
  <property name="failed.exception.stacktrace">org.openqa.selenium.NoSuchSessionException: invalid session id: session deleted as the browser has closed the connection
from disconnected: Unable to receive message from renderer
  (Session info: chrome=133.0.6847.2)
Build info: version: &apos;3.141.59&apos;, revision: &apos;unknown&apos;, time: &apos;unknown&apos;
System info: host: &apos;LAPTOP-5GQHVTHK&apos;, ip: &apos;192.168.0.101&apos;, os.name: &apos;Windows 11&apos;, os.arch: &apos;amd64&apos;, os.version: &apos;10.0&apos;, java.version: &apos;17.0.7&apos;
Driver info: com.kms.katalon.selenium.driver.CRemoteWebDriver
Capabilities {acceptInsecureCerts: false, browserName: chrome, browserVersion: 133.0.6847.2, chrome: {chromedriverVersion: 133.0.6847.2 (7e95e23d2d1f8..., userDataDir: C:\Program Files\scoped_dir...}, fedcm:accounts: true, goog:chromeOptions: {debuggerAddress: localhost:9225}, javascriptEnabled: true, katalon:caps: {executionId: d9977803-e885-42c1-a1a3-681..., executionSessionId: a1d1a998-72c1-41ea-8d50-2be...}, katalon:options: {executionId: d9977803-e885-42c1-a1a3-681..., executionSessionId: a1d1a998-72c1-41ea-8d50-2be..., metadata: {accountUuid: fda32340-531c-49aa-a0b7-40d..., organizationId: 1906073, usingTunnel: false}, organizationId: 1906073, runFromTestCloud: true, userId: 1648280, username: innocent.beaver.duja@instan..., usingTunnel: false}, kt:requestId: a1d1a998-72c1-41ea-8d50-2be..., kt:rid: a1d1a998-72c1-41ea-8d50-2be..., networkConnectionEnabled: false, pageLoadStrategy: normal, platform: WINDOWS, platformName: WINDOWS, proxy: Proxy(), se:bidiEnabled: false, se:cdpEnabled: false, setWindowRect: true, strictFileInteractability: false, timeouts: {implicit: 0, pageLoad: 300000, script: 30000}, unhandledPromptBehavior: dismiss and notify, webauthn:extension:credBlob: true, webauthn:extension:largeBlob: true, webauthn:extension:minPinLength: true, webauthn:extension:prf: true, webauthn:virtualAuthenticators: true}
Session ID: 85b76650b9810a95643b93446fccfbea
*** Element info: {Using=xpath, value=//input[@id=&apos;password&apos;]}
	at jdk.internal.reflect.GeneratedConstructorAccessor22.newInstance(Unknown Source)
	at java.base/jdk.internal.reflect.DelegatingConstructorAccessorImpl.newInstance(DelegatingConstructorAccessorImpl.java:45)
	at org.openqa.selenium.remote.http.W3CHttpResponseCodec.createException(W3CHttpResponseCodec.java:187)
	at org.openqa.selenium.remote.http.W3CHttpResponseCodec.decode(W3CHttpResponseCodec.java:122)
	at org.openqa.selenium.remote.http.W3CHttpResponseCodec.decode(W3CHttpResponseCodec.java:49)
	at org.openqa.selenium.remote.HttpCommandExecutor.execute(HttpCommandExecutor.java:158)
	at org.openqa.selenium.remote.RemoteWebDriver.execute(RemoteWebDriver.java:552)
	at com.kms.katalon.selenium.driver.CRemoteWebDriver.execute(CRemoteWebDriver.java:30)
	at org.openqa.selenium.remote.RemoteWebDriver.findElements(RemoteWebDriver.java:353)
	at org.openqa.selenium.remote.RemoteWebDriver.findElementsByXPath(RemoteWebDriver.java:432)
	at org.openqa.selenium.By$ByXPath.findElements(By.java:348)
	at org.openqa.selenium.remote.RemoteWebDriver.findElements(RemoteWebDriver.java:311)
	at jdk.internal.reflect.GeneratedMethodAccessor9.invoke(Unknown Source)
	at java.base/jdk.internal.reflect.DelegatingMethodAccessorImpl.invoke(DelegatingMethodAccessorImpl.java:43)
	at org.openqa.selenium.support.events.EventFiringWebDriver.lambda$new$1(EventFiringWebDriver.java:105)
	at jdk.proxy2/jdk.proxy2.$Proxy23.findElements(Unknown Source)
	at org.openqa.selenium.support.events.EventFiringWebDriver.findElements(EventFiringWebDriver.java:182)
	at com.kms.katalon.core.webui.common.WebUiCommonHelper.findElementByNormalMethods(WebUiCommonHelper.java:1033)
	at com.kms.katalon.core.webui.common.WebUiCommonHelper.findElementsBySelectedMethod(WebUiCommonHelper.java:924)
	at com.kms.katalon.core.webui.common.WebUiCommonHelper.findElementsBySelectedMethod(WebUiCommonHelper.java:906)
	at com.kms.katalon.core.webui.common.WebUiCommonHelper.findElementsBySelectedMethod(WebUiCommonHelper.java:901)
	at com.kms.katalon.core.webui.common.WebUiCommonHelper.findElementsByDefault(WebUiCommonHelper.java:897)
	at com.kms.katalon.core.webui.common.WebUiCommonHelper.findElementsWithSelfHealing(WebUiCommonHelper.java:743)
	at com.kms.katalon.core.webui.common.WebUiCommonHelper.findWebElements(WebUiCommonHelper.java:727)
	at com.kms.katalon.core.webui.common.WebUiCommonHelper.findWebElement(WebUiCommonHelper.java:1413)
	at com.kms.katalon.core.webui.keyword.internal.WebUIAbstractKeyword.findWebElement(WebUIAbstractKeyword.groovy:27)
	at com.kms.katalon.core.webui.keyword.internal.WebUIAbstractKeyword.findWebElement(WebUIAbstractKeyword.groovy:26)
	at com.kms.katalon.core.webui.keyword.builtin.SetTextKeyword$_setText_closure1.doCall(SetTextKeyword.groovy:53)
	at com.kms.katalon.core.webui.keyword.builtin.SetTextKeyword$_setText_closure1.call(SetTextKeyword.groovy)
	at com.kms.katalon.core.webui.keyword.internal.WebUIKeywordMain.runKeyword(WebUIKeywordMain.groovy:35)
	at com.kms.katalon.core.webui.keyword.builtin.SetTextKeyword.setText(SetTextKeyword.groovy:85)
	at com.kms.katalon.core.webui.keyword.builtin.SetTextKeyword.execute(SetTextKeyword.groovy:39)
	at com.kms.katalon.core.keyword.internal.KeywordExecutor.executeKeywordForPlatform(KeywordExecutor.groovy:74)
	at com.kms.katalon.core.webui.keyword.WebUiBuiltInKeywords.setText(WebUiBuiltInKeywords.groovy:1019)
	at com.test.swaglabs.CustomLogin.WebLoginSecondAccount(CustomLogin.groovy:48)
	at java.base/jdk.internal.reflect.NativeMethodAccessorImpl.invoke0(Native Method)
	at java.base/jdk.internal.reflect.NativeMethodAccessorImpl.invoke(NativeMethodAccessorImpl.java:77)
	at java.base/jdk.internal.reflect.DelegatingMethodAccessorImpl.invoke(DelegatingMethodAccessorImpl.java:43)
	at com.kms.katalon.core.main.CustomKeywordDelegatingMetaClass.invokeStaticMethod(CustomKeywordDelegatingMetaClass.java:55)
	at Login by Second Account - locked_out_user.run(Login by Second Account - locked_out_user:24)
	at com.kms.katalon.core.main.ScriptEngine.run(ScriptEngine.java:194)
	at com.kms.katalon.core.main.ScriptEngine.runScriptAsRawText(ScriptEngine.java:119)
	at com.kms.katalon.core.main.TestCaseExecutor.runScript(TestCaseExecutor.java:448)
	at com.kms.katalon.core.main.TestCaseExecutor.doExecute(TestCaseExecutor.java:439)
	at com.kms.katalon.core.main.TestCaseExecutor.processExecutionPhase(TestCaseExecutor.java:418)
	at com.kms.katalon.core.main.TestCaseExecutor.accessMainPhase(TestCaseExecutor.java:410)
	at com.kms.katalon.core.main.TestCaseExecutor.execute(TestCaseExecutor.java:285)
	at com.kms.katalon.core.main.TestCaseExecutor.execute(TestCaseExecutor.java:369)
	at com.kms.katalon.core.main.TestCaseExecutor.execute(TestCaseExecutor.java:369)
	at com.kms.katalon.core.common.CommonExecutor.accessTestCaseMainPhase(CommonExecutor.java:65)
	at com.kms.katalon.core.main.TestSuiteExecutor.accessTestSuiteMainPhase(TestSuiteExecutor.java:150)
	at com.kms.katalon.core.main.TestSuiteExecutor.execute(TestSuiteExecutor.java:106)
	at com.kms.katalon.core.main.TestCaseMain.startTestSuite(TestCaseMain.java:180)
	at TempTestSuite1738333839214.run(TempTestSuite1738333839214.groovy:35)
	at java.base/jdk.internal.reflect.NativeMethodAccessorImpl.invoke0(Native Method)
	at java.base/jdk.internal.reflect.NativeMethodAccessorImpl.invoke(NativeMethodAccessorImpl.java:77)
	at java.base/jdk.internal.reflect.DelegatingMethodAccessorImpl.invoke(DelegatingMethodAccessorImpl.java:43)
</property>
  <property name="failed.exception.class">org.openqa.selenium.NoSuchSessionException</property>
  <property name="failed.exception.message">invalid session id: session deleted as the browser has closed the connection
from disconnected: Unable to receive message from renderer
  (Session info: chrome=133.0.6847.2)
Build info: version: &apos;3.141.59&apos;, revision: &apos;unknown&apos;, time: &apos;unknown&apos;
System info: host: &apos;LAPTOP-5GQHVTHK&apos;, ip: &apos;192.168.0.101&apos;, os.name: &apos;Windows 11&apos;, os.arch: &apos;amd64&apos;, os.version: &apos;10.0&apos;, java.version: &apos;17.0.7&apos;
Driver info: com.kms.katalon.selenium.driver.CRemoteWebDriver
Capabilities {acceptInsecureCerts: false, browserName: chrome, browserVersion: 133.0.6847.2, chrome: {chromedriverVersion: 133.0.6847.2 (7e95e23d2d1f8..., userDataDir: C:\Program Files\scoped_dir...}, fedcm:accounts: true, goog:chromeOptions: {debuggerAddress: localhost:9225}, javascriptEnabled: true, katalon:caps: {executionId: d9977803-e885-42c1-a1a3-681..., executionSessionId: a1d1a998-72c1-41ea-8d50-2be...}, katalon:options: {executionId: d9977803-e885-42c1-a1a3-681..., executionSessionId: a1d1a998-72c1-41ea-8d50-2be..., metadata: {accountUuid: fda32340-531c-49aa-a0b7-40d..., organizationId: 1906073, usingTunnel: false}, organizationId: 1906073, runFromTestCloud: true, userId: 1648280, username: innocent.beaver.duja@instan..., usingTunnel: false}, kt:requestId: a1d1a998-72c1-41ea-8d50-2be..., kt:rid: a1d1a998-72c1-41ea-8d50-2be..., networkConnectionEnabled: false, pageLoadStrategy: normal, platform: WINDOWS, platformName: WINDOWS, proxy: Proxy(), se:bidiEnabled: false, se:cdpEnabled: false, setWindowRect: true, strictFileInteractability: false, timeouts: {implicit: 0, pageLoad: 300000, script: 30000}, unhandledPromptBehavior: dismiss and notify, webauthn:extension:credBlob: true, webauthn:extension:largeBlob: true, webauthn:extension:minPinLength: true, webauthn:extension:prf: true, webauthn:virtualAuthenticators: true}
Session ID: 85b76650b9810a95643b93446fccfbea
*** Element info: {Using=xpath, value=//input[@id=&apos;password&apos;]}</property>
</record>
<record>
  <date>2025-01-31T14:34:52.565034800Z</date>
  <millis>1738334092565</millis>
  <nanos>34800</nanos>
  <sequence>510</sequence>
  <level>END</level>
  <class>com.kms.katalon.core.logging.XmlKeywordLogger</class>
  <method>endTest</method>
  <thread>1</thread>
  <message>End Test Case : Test Cases/Login by Second Account - locked_out_user</message>
  <nestedLevel>0</nestedLevel>
  <escapedJava>false</escapedJava>
  <property name="executionBindingVariables">[]</property>
  <property name="applitools">false</property>
  <property name="remainingRetryCount">1</property>
  <property name="currentRetryCount">2</property>
  <property name="keywordsUsage">{
  &quot;web_ui&quot;: true,
  &quot;web_service&quot;: false,
  &quot;cucumber&quot;: false,
  &quot;builtin&quot;: false,
  &quot;mobile&quot;: false,
  &quot;windows&quot;: false,
  &quot;testng&quot;: false
}</property>
</record>
<record>
  <date>2025-01-31T14:34:52.568034100Z</date>
  <millis>1738334092568</millis>
  <nanos>34100</nanos>
  <sequence>511</sequence>
  <level>START</level>
  <class>com.kms.katalon.core.logging.XmlKeywordLogger</class>
  <method>startTest</method>
  <thread>1</thread>
  <message>Start Test Case : Test Cases/Login by Second Account - locked_out_user</message>
  <nestedLevel>1</nestedLevel>
  <escapedJava>false</escapedJava>
  <property name="remainingRetryCount">0</property>
  <property name="name">Test Cases/Login by Second Account - locked_out_user</property>
  <property name="description"></property>
  <property name="iteration"></property>
  <property name="id">Test Cases/Login by Second Account - locked_out_user</property>
  <property name="source">C:\Users\ACER\git\KatalonGitSwagLabsNew\Test Cases\Login by Second Account - locked_out_user.tc</property>
  <property name="tag"></property>
  <property name="isOptional">false</property>
  <property name="currentRetryCount">3</property>
</record>
<record>
  <date>2025-01-31T14:34:52.582039400Z</date>
  <millis>1738334092582</millis>
  <nanos>39400</nanos>
  <sequence>513</sequence>
  <level>START</level>
  <class>com.kms.katalon.core.logging.XmlKeywordLogger</class>
  <method>startKeyword</method>
  <thread>1</thread>
  <message>Start action : openBrowser(&amp;quot;&amp;quot;)</message>
  <nestedLevel>1</nestedLevel>
  <escapedJava>false</escapedJava>
  <property name="startLine">20</property>
  <property name="stepIndex">1</property>
</record>
<record>
  <date>2025-01-31T14:34:52.590036300Z</date>
  <millis>1738334092590</millis>
  <nanos>36300</nanos>
  <sequence>515</sequence>
  <level>WARNING</level>
  <class>com.kms.katalon.core.logging.XmlKeywordLogger</class>
  <method>logMessage</method>
  <thread>1</thread>
  <message>A browser is already opened. Closing browser and opening a new one</message>
  <nestedLevel>1</nestedLevel>
  <escapedJava>false</escapedJava>
</record>
<record>
  <date>2025-01-31T14:34:53.461237200Z</date>
  <millis>1738334093461</millis>
  <nanos>237200</nanos>
  <sequence>516</sequence>
  <level>INFO</level>
  <class>com.kms.katalon.core.logging.XmlKeywordLogger</class>
  <method>logMessage</method>
  <thread>1</thread>
  <message>User set preference: [&amp;apos;os&amp;apos;, &amp;apos;windows&amp;apos;]</message>
  <nestedLevel>1</nestedLevel>
  <escapedJava>false</escapedJava>
</record>
<record>
  <date>2025-01-31T14:34:53.462239Z</date>
  <millis>1738334093462</millis>
  <nanos>239000</nanos>
  <sequence>517</sequence>
  <level>INFO</level>
  <class>com.kms.katalon.core.logging.XmlKeywordLogger</class>
  <method>logMessage</method>
  <thread>1</thread>
  <message>User set preference: [&amp;apos;browserVersion&amp;apos;, &amp;apos;133&amp;apos;]</message>
  <nestedLevel>1</nestedLevel>
  <escapedJava>false</escapedJava>
</record>
<record>
  <date>2025-01-31T14:34:53.463237300Z</date>
  <millis>1738334093463</millis>
  <nanos>237300</nanos>
  <sequence>518</sequence>
  <level>INFO</level>
  <class>com.kms.katalon.core.logging.XmlKeywordLogger</class>
  <method>logMessage</method>
  <thread>1</thread>
  <message>User set preference: [&amp;apos;browserName&amp;apos;, &amp;apos;chrome&amp;apos;]</message>
  <nestedLevel>1</nestedLevel>
  <escapedJava>false</escapedJava>
</record>
<record>
  <date>2025-01-31T14:34:53.464237100Z</date>
  <millis>1738334093464</millis>
  <nanos>237100</nanos>
  <sequence>519</sequence>
  <level>INFO</level>
  <class>com.kms.katalon.core.logging.XmlKeywordLogger</class>
  <method>logMessage</method>
  <thread>1</thread>
  <message>User set preference: [&amp;apos;katalon:option&amp;apos;, &amp;apos;{organizationId=1906073, usingTunnel=false}&amp;apos;]</message>
  <nestedLevel>1</nestedLevel>
  <escapedJava>false</escapedJava>
</record>
<record>
  <date>2025-01-31T14:34:53.467235400Z</date>
  <millis>1738334093467</millis>
  <nanos>235400</nanos>
  <sequence>520</sequence>
  <level>INFO</level>
  <class>com.kms.katalon.core.logging.XmlKeywordLogger</class>
  <method>logMessage</method>
  <thread>1</thread>
  <message>Connecting to remote web server &amp;apos;testcloud.katalon.com/hub&amp;apos; with type &amp;apos;Selenium&amp;apos;</message>
  <nestedLevel>1</nestedLevel>
  <escapedJava>false</escapedJava>
</record>
<record>
  <date>2025-01-31T14:34:53.469238500Z</date>
  <millis>1738334093469</millis>
  <nanos>238500</nanos>
  <sequence>521</sequence>
  <level>INFO</level>
  <class>com.kms.katalon.core.logging.XmlKeywordLogger</class>
  <method>logMessage</method>
  <thread>1</thread>
  <message>Action delay is set to 0 milliseconds</message>
  <nestedLevel>1</nestedLevel>
  <escapedJava>false</escapedJava>
</record>
<record>
  <date>2025-01-31T14:35:18.150849300Z</date>
  <millis>1738334118150</millis>
  <nanos>849300</nanos>
  <sequence>523</sequence>
  <level>RUN_DATA</level>
  <class>com.kms.katalon.core.logging.XmlKeywordLogger</class>
  <method>logMessage</method>
  <thread>1</thread>
  <message>remoteDriverUrl = testcloud.katalon.com/hub</message>
  <nestedLevel>1</nestedLevel>
  <escapedJava>false</escapedJava>
  <property name="remoteDriverUrl">testcloud.katalon.com/hub</property>
</record>
<record>
  <date>2025-01-31T14:35:18.151848600Z</date>
  <millis>1738334118151</millis>
  <nanos>848600</nanos>
  <sequence>524</sequence>
  <level>RUN_DATA</level>
  <class>com.kms.katalon.core.logging.XmlKeywordLogger</class>
  <method>logMessage</method>
  <thread>1</thread>
  <message>remoteOS = Windows</message>
  <nestedLevel>1</nestedLevel>
  <escapedJava>false</escapedJava>
  <property name="remoteOS">Windows</property>
</record>
<record>
  <date>2025-01-31T14:35:18.155234100Z</date>
  <millis>1738334118155</millis>
  <nanos>234100</nanos>
  <sequence>525</sequence>
  <level>RUN_DATA</level>
  <class>com.kms.katalon.core.logging.XmlKeywordLogger</class>
  <method>logMessage</method>
  <thread>1</thread>
  <message>desiredCapabilities = {
  &amp;quot;timeouts&amp;quot;: {
    &amp;quot;implicit&amp;quot;: 0,
    &amp;quot;pageLoad&amp;quot;: 300000,
    &amp;quot;script&amp;quot;: 30000
  },
  &amp;quot;se:cdpEnabled&amp;quot;: false,
  &amp;quot;platform&amp;quot;: &amp;quot;WINDOWS&amp;quot;,
  &amp;quot;goog:chromeOptions&amp;quot;: {
    &amp;quot;debuggerAddress&amp;quot;: &amp;quot;localhost:9225&amp;quot;
  },
  &amp;quot;webauthn:extension:credBlob&amp;quot;: true,
  &amp;quot;acceptInsecureCerts&amp;quot;: false,
  &amp;quot;browserVersion&amp;quot;: &amp;quot;133.0.0.0&amp;quot;,
  &amp;quot;fedcm:accounts&amp;quot;: true,
  &amp;quot;kt:requestId&amp;quot;: &amp;quot;d6a62b49-1c01-490e-beea-14303c401ccc&amp;quot;,
  &amp;quot;browserName&amp;quot;: &amp;quot;chrome&amp;quot;,
  &amp;quot;javascriptEnabled&amp;quot;: true,
  &amp;quot;platformName&amp;quot;: &amp;quot;WINDOWS&amp;quot;,
  &amp;quot;setWindowRect&amp;quot;: true,
  &amp;quot;webauthn:extension:largeBlob&amp;quot;: true,
  &amp;quot;networkConnectionEnabled&amp;quot;: false,
  &amp;quot;chrome&amp;quot;: {
    &amp;quot;chromedriverVersion&amp;quot;: &amp;quot;133.0.6847.2 (7e95e23d2d1f87886163822aa701370c1187bfa1-refs/branch-heads/6847@{#6})&amp;quot;,
    &amp;quot;userDataDir&amp;quot;: &amp;quot;C:\\Program Files\\scoped_dir664_1574715117&amp;quot;
  },
  &amp;quot;kt:rid&amp;quot;: &amp;quot;d6a62b49-1c01-490e-beea-14303c401ccc&amp;quot;,
  &amp;quot;pageLoadStrategy&amp;quot;: &amp;quot;normal&amp;quot;,
  &amp;quot;unhandledPromptBehavior&amp;quot;: &amp;quot;dismiss and notify&amp;quot;,
  &amp;quot;strictFileInteractability&amp;quot;: false,
  &amp;quot;se:bidiEnabled&amp;quot;: false,
  &amp;quot;proxy&amp;quot;: {
    &amp;quot;proxyType&amp;quot;: &amp;quot;UNSPECIFIED&amp;quot;,
    &amp;quot;autodetect&amp;quot;: false
  },
  &amp;quot;webauthn:extension:minPinLength&amp;quot;: true,
  &amp;quot;webauthn:extension:prf&amp;quot;: true,
  &amp;quot;katalon:caps&amp;quot;: {
    &amp;quot;executionId&amp;quot;: &amp;quot;7f97f6dd-530f-490d-8e0e-0e3d839eca6f&amp;quot;,
    &amp;quot;executionSessionId&amp;quot;: &amp;quot;d6a62b49-1c01-490e-beea-14303c401ccc&amp;quot;
  },
  &amp;quot;katalon:options&amp;quot;: {
    &amp;quot;executionId&amp;quot;: &amp;quot;7f97f6dd-530f-490d-8e0e-0e3d839eca6f&amp;quot;,
    &amp;quot;executionSessionId&amp;quot;: &amp;quot;d6a62b49-1c01-490e-beea-14303c401ccc&amp;quot;,
    &amp;quot;metadata&amp;quot;: {
      &amp;quot;usingTunnel&amp;quot;: false,
      &amp;quot;accountUuid&amp;quot;: &amp;quot;fda32340-531c-49aa-a0b7-40d478ba5457&amp;quot;,
      &amp;quot;organizationId&amp;quot;: &amp;quot;1906073&amp;quot;
    },
    &amp;quot;organizationId&amp;quot;: &amp;quot;1906073&amp;quot;,
    &amp;quot;runFromTestCloud&amp;quot;: true,
    &amp;quot;userId&amp;quot;: 1648280,
    &amp;quot;username&amp;quot;: &amp;quot;innocent.beaver.duja@instantletter.net&amp;quot;,
    &amp;quot;usingTunnel&amp;quot;: false
  },
  &amp;quot;webauthn:virtualAuthenticators&amp;quot;: true
}</message>
  <nestedLevel>1</nestedLevel>
  <escapedJava>false</escapedJava>
  <property name="desiredCapabilities">{
  &quot;timeouts&quot;: {
    &quot;implicit&quot;: 0,
    &quot;pageLoad&quot;: 300000,
    &quot;script&quot;: 30000
  },
  &quot;se:cdpEnabled&quot;: false,
  &quot;platform&quot;: &quot;WINDOWS&quot;,
  &quot;goog:chromeOptions&quot;: {
    &quot;debuggerAddress&quot;: &quot;localhost:9225&quot;
  },
  &quot;webauthn:extension:credBlob&quot;: true,
  &quot;acceptInsecureCerts&quot;: false,
  &quot;browserVersion&quot;: &quot;133.0.0.0&quot;,
  &quot;fedcm:accounts&quot;: true,
  &quot;kt:requestId&quot;: &quot;d6a62b49-1c01-490e-beea-14303c401ccc&quot;,
  &quot;browserName&quot;: &quot;chrome&quot;,
  &quot;javascriptEnabled&quot;: true,
  &quot;platformName&quot;: &quot;WINDOWS&quot;,
  &quot;setWindowRect&quot;: true,
  &quot;webauthn:extension:largeBlob&quot;: true,
  &quot;networkConnectionEnabled&quot;: false,
  &quot;chrome&quot;: {
    &quot;chromedriverVersion&quot;: &quot;133.0.6847.2 (7e95e23d2d1f87886163822aa701370c1187bfa1-refs/branch-heads/6847@{#6})&quot;,
    &quot;userDataDir&quot;: &quot;C:\\Program Files\\scoped_dir664_1574715117&quot;
  },
  &quot;kt:rid&quot;: &quot;d6a62b49-1c01-490e-beea-14303c401ccc&quot;,
  &quot;pageLoadStrategy&quot;: &quot;normal&quot;,
  &quot;unhandledPromptBehavior&quot;: &quot;dismiss and notify&quot;,
  &quot;strictFileInteractability&quot;: false,
  &quot;se:bidiEnabled&quot;: false,
  &quot;proxy&quot;: {
    &quot;proxyType&quot;: &quot;UNSPECIFIED&quot;,
    &quot;autodetect&quot;: false
  },
  &quot;webauthn:extension:minPinLength&quot;: true,
  &quot;webauthn:extension:prf&quot;: true,
  &quot;katalon:caps&quot;: {
    &quot;executionId&quot;: &quot;7f97f6dd-530f-490d-8e0e-0e3d839eca6f&quot;,
    &quot;executionSessionId&quot;: &quot;d6a62b49-1c01-490e-beea-14303c401ccc&quot;
  },
  &quot;katalon:options&quot;: {
    &quot;executionId&quot;: &quot;7f97f6dd-530f-490d-8e0e-0e3d839eca6f&quot;,
    &quot;executionSessionId&quot;: &quot;d6a62b49-1c01-490e-beea-14303c401ccc&quot;,
    &quot;metadata&quot;: {
      &quot;usingTunnel&quot;: false,
      &quot;accountUuid&quot;: &quot;fda32340-531c-49aa-a0b7-40d478ba5457&quot;,
      &quot;organizationId&quot;: &quot;1906073&quot;
    },
    &quot;organizationId&quot;: &quot;1906073&quot;,
    &quot;runFromTestCloud&quot;: true,
    &quot;userId&quot;: 1648280,
    &quot;username&quot;: &quot;innocent.beaver.duja@instantletter.net&quot;,
    &quot;usingTunnel&quot;: false
  },
  &quot;webauthn:virtualAuthenticators&quot;: true
}</property>
</record>
<record>
  <date>2025-01-31T14:35:18.157238700Z</date>
  <millis>1738334118157</millis>
  <nanos>238700</nanos>
  <sequence>526</sequence>
  <level>RUN_DATA</level>
  <class>com.kms.katalon.core.logging.XmlKeywordLogger</class>
  <method>logMessage</method>
  <thread>1</thread>
  <message>sessionId = 1497aa1438d594793fe5627017a75055</message>
  <nestedLevel>1</nestedLevel>
  <escapedJava>false</escapedJava>
  <property name="sessionId">1497aa1438d594793fe5627017a75055</property>
</record>
<record>
  <date>2025-01-31T14:35:18.449723700Z</date>
  <millis>1738334118449</millis>
  <nanos>723700</nanos>
  <sequence>527</sequence>
  <level>RUN_DATA</level>
  <class>com.kms.katalon.core.logging.XmlKeywordLogger</class>
  <method>logMessage</method>
  <thread>1</thread>
  <message>browser = Chrome 133.0.0.0</message>
  <nestedLevel>1</nestedLevel>
  <escapedJava>false</escapedJava>
  <property name="browser">Chrome 133.0.0.0</property>
</record>
<record>
  <date>2025-01-31T14:35:18.450673700Z</date>
  <millis>1738334118450</millis>
  <nanos>673700</nanos>
  <sequence>528</sequence>
  <level>RUN_DATA</level>
  <class>com.kms.katalon.core.logging.XmlKeywordLogger</class>
  <method>logMessage</method>
  <thread>1</thread>
  <message>platform = Windows 11</message>
  <nestedLevel>1</nestedLevel>
  <escapedJava>false</escapedJava>
  <property name="platform">Windows 11</property>
</record>
<record>
  <date>2025-01-31T14:35:18.452672100Z</date>
  <millis>1738334118452</millis>
  <nanos>672100</nanos>
  <sequence>529</sequence>
  <level>RUN_DATA</level>
  <class>com.kms.katalon.core.logging.XmlKeywordLogger</class>
  <method>logMessage</method>
  <thread>1</thread>
  <message>seleniumVersion = 3.141.59</message>
  <nestedLevel>1</nestedLevel>
  <escapedJava>false</escapedJava>
  <property name="seleniumVersion">3.141.59</property>
</record>
<record>
  <date>2025-01-31T14:35:18.453684700Z</date>
  <millis>1738334118453</millis>
  <nanos>684700</nanos>
  <sequence>530</sequence>
  <level>RUN_DATA</level>
  <class>com.kms.katalon.core.logging.XmlKeywordLogger</class>
  <method>logMessage</method>
  <thread>1</thread>
  <message>proxyInformation = ProxyInformation { proxyOption=NO_PROXY, proxyServerType=HTTP, username=, password=********, proxyServerAddress=, proxyServerPort=0, executionList=&amp;quot;&amp;quot;, isApplyToDesiredCapabilities=true }</message>
  <nestedLevel>1</nestedLevel>
  <escapedJava>false</escapedJava>
  <property name="proxyInformation">ProxyInformation { proxyOption=NO_PROXY, proxyServerType=HTTP, username=, password=********, proxyServerAddress=, proxyServerPort=0, executionList=&quot;&quot;, isApplyToDesiredCapabilities=true }</property>
</record>
<record>
  <date>2025-01-31T14:35:19.053380400Z</date>
  <millis>1738334119053</millis>
  <nanos>380400</nanos>
  <sequence>531</sequence>
  <level>PASSED</level>
  <class>com.kms.katalon.core.logging.XmlKeywordLogger</class>
  <method>logMessage</method>
  <thread>1</thread>
  <message>Browser is opened with url: &amp;apos;&amp;apos;</message>
  <nestedLevel>1</nestedLevel>
  <escapedJava>false</escapedJava>
  <property name="testops-method-name">com.kms.katalon.core.webui.keyword.builtin.OpenBrowserKeyword.openBrowser</property>
  <property name="testops-execution-stacktrace"></property>
</record>
<record>
  <date>2025-01-31T14:35:19.055384300Z</date>
  <millis>1738334119055</millis>
  <nanos>384300</nanos>
  <sequence>532</sequence>
  <level>END</level>
  <class>com.kms.katalon.core.logging.XmlKeywordLogger</class>
  <method>endKeyword</method>
  <thread>1</thread>
  <message>End action : openBrowser(&amp;quot;&amp;quot;)</message>
  <nestedLevel>1</nestedLevel>
  <escapedJava>false</escapedJava>
</record>
<record>
  <date>2025-01-31T14:35:19.056386300Z</date>
  <millis>1738334119056</millis>
  <nanos>386300</nanos>
  <sequence>533</sequence>
  <level>START</level>
  <class>com.kms.katalon.core.logging.XmlKeywordLogger</class>
  <method>startKeyword</method>
  <thread>1</thread>
  <message>Start action : navigateToUrl(&amp;quot;https://www.saucedemo.com/&amp;quot;)</message>
  <nestedLevel>1</nestedLevel>
  <escapedJava>false</escapedJava>
  <property name="startLine">22</property>
  <property name="stepIndex">2</property>
</record>
<record>
  <date>2025-01-31T14:35:19.713651300Z</date>
  <millis>1738334119713</millis>
  <nanos>651300</nanos>
  <sequence>536</sequence>
  <level>PASSED</level>
  <class>com.kms.katalon.core.logging.XmlKeywordLogger</class>
  <method>logMessage</method>
  <thread>1</thread>
  <message>Navigate to &amp;apos;https://www.saucedemo.com/&amp;apos; successfully</message>
  <nestedLevel>1</nestedLevel>
  <escapedJava>false</escapedJava>
  <property name="testops-method-name">com.kms.katalon.core.webui.keyword.builtin.NavigateToUrlKeyword.navigateToUrl</property>
  <property name="testops-execution-stacktrace"></property>
</record>
<record>
  <date>2025-01-31T14:35:19.716646900Z</date>
  <millis>1738334119716</millis>
  <nanos>646900</nanos>
  <sequence>537</sequence>
  <level>END</level>
  <class>com.kms.katalon.core.logging.XmlKeywordLogger</class>
  <method>endKeyword</method>
  <thread>1</thread>
  <message>End action : navigateToUrl(&amp;quot;https://www.saucedemo.com/&amp;quot;)</message>
  <nestedLevel>1</nestedLevel>
  <escapedJava>false</escapedJava>
</record>
<record>
  <date>2025-01-31T14:35:19.716646900Z</date>
  <millis>1738334119716</millis>
  <nanos>646900</nanos>
  <sequence>538</sequence>
  <level>START</level>
  <class>com.kms.katalon.core.logging.XmlKeywordLogger</class>
  <method>startKeyword</method>
  <thread>1</thread>
  <message>Start action : com.test.swaglabs.CustomLogin.WebLoginSecondAccount()</message>
  <nestedLevel>1</nestedLevel>
  <escapedJava>false</escapedJava>
  <property name="startLine">24</property>
  <property name="stepIndex">3</property>
</record>
<record>
  <date>2025-01-31T14:35:22.012182900Z</date>
  <millis>1738334122012</millis>
  <nanos>182900</nanos>
  <sequence>554</sequence>
  <level>PASSED</level>
  <class>com.kms.katalon.core.logging.XmlKeywordLogger</class>
  <method>logMessage</method>
  <thread>1</thread>
  <message>Text &amp;apos;locked_out_user&amp;apos; is set on object &amp;apos;Object Repository/Page_Swag Labs/input_Swag Labs_user-name&amp;apos;</message>
  <nestedLevel>1</nestedLevel>
  <escapedJava>false</escapedJava>
  <property name="testops-method-name">com.kms.katalon.core.webui.keyword.builtin.SetTextKeyword.setText</property>
  <property name="testops-execution-stacktrace"></property>
</record>
<record>
  <date>2025-01-31T14:35:24.428162600Z</date>
  <millis>1738334124428</millis>
  <nanos>162600</nanos>
  <sequence>570</sequence>
  <level>PASSED</level>
  <class>com.kms.katalon.core.logging.XmlKeywordLogger</class>
  <method>logMessage</method>
  <thread>1</thread>
  <message>Text &amp;apos;secret_sauce&amp;apos; is set on object &amp;apos;Object Repository/Page_Swag Labs/input_Swag Labs_password&amp;apos;</message>
  <nestedLevel>1</nestedLevel>
  <escapedJava>false</escapedJava>
  <property name="testops-method-name">com.kms.katalon.core.webui.keyword.builtin.SetTextKeyword.setText</property>
  <property name="testops-execution-stacktrace"></property>
</record>
<record>
  <date>2025-01-31T14:35:25.627991600Z</date>
  <millis>1738334125627</millis>
  <nanos>991600</nanos>
  <sequence>580</sequence>
  <level>PASSED</level>
  <class>com.kms.katalon.core.logging.XmlKeywordLogger</class>
  <method>logMessage</method>
  <thread>1</thread>
  <message>Object: &amp;apos;Object Repository/Page_Swag Labs/input_Swag Labs_login-button&amp;apos; is clicked on</message>
  <nestedLevel>1</nestedLevel>
  <escapedJava>false</escapedJava>
  <property name="testops-method-name">com.kms.katalon.core.webui.keyword.builtin.ClickKeyword.click</property>
  <property name="testops-execution-stacktrace"></property>
</record>
<record>
  <date>2025-01-31T14:35:25.628981400Z</date>
  <millis>1738334125628</millis>
  <nanos>981400</nanos>
  <sequence>581</sequence>
  <level>PASSED</level>
  <class>com.kms.katalon.core.logging.XmlKeywordLogger</class>
  <method>logMessage</method>
  <thread>1</thread>
  <message>com.test.swaglabs.CustomLogin.WebLoginSecondAccount is PASSED</message>
  <nestedLevel>1</nestedLevel>
  <escapedJava>false</escapedJava>
</record>
<record>
  <date>2025-01-31T14:35:25.631982100Z</date>
  <millis>1738334125631</millis>
  <nanos>982100</nanos>
  <sequence>582</sequence>
  <level>END</level>
  <class>com.kms.katalon.core.logging.XmlKeywordLogger</class>
  <method>endKeyword</method>
  <thread>1</thread>
  <message>End action : com.test.swaglabs.CustomLogin.WebLoginSecondAccount()</message>
  <nestedLevel>1</nestedLevel>
  <escapedJava>false</escapedJava>
</record>
<record>
  <date>2025-01-31T14:35:25.632982500Z</date>
  <millis>1738334125632</millis>
  <nanos>982500</nanos>
  <sequence>583</sequence>
  <level>START</level>
  <class>com.kms.katalon.core.logging.XmlKeywordLogger</class>
  <method>startKeyword</method>
  <thread>1</thread>
  <message>Start action : verifyTextPresent(&amp;quot;Epic sadface: Sorry, this user has been locked out.&amp;quot;, false)</message>
  <nestedLevel>1</nestedLevel>
  <escapedJava>false</escapedJava>
  <property name="startLine">26</property>
  <property name="stepIndex">4</property>
</record>
<record>
  <date>2025-01-31T14:35:26.548335500Z</date>
  <millis>1738334126548</millis>
  <nanos>335500</nanos>
  <sequence>587</sequence>
  <level>PASSED</level>
  <class>com.kms.katalon.core.logging.XmlKeywordLogger</class>
  <method>logMessage</method>
  <thread>1</thread>
  <message>Text &amp;apos;Epic sadface: Sorry, this user has been locked out.&amp;apos; is present on page </message>
  <nestedLevel>1</nestedLevel>
  <escapedJava>false</escapedJava>
  <property name="testops-is-assertion">true</property>
  <property name="testops-method-name">com.kms.katalon.core.webui.keyword.builtin.VerifyTextPresentKeyword.verifyTextPresent</property>
  <property name="testops-execution-stacktrace"></property>
</record>
<record>
  <date>2025-01-31T14:35:26.551334600Z</date>
  <millis>1738334126551</millis>
  <nanos>334600</nanos>
  <sequence>588</sequence>
  <level>END</level>
  <class>com.kms.katalon.core.logging.XmlKeywordLogger</class>
  <method>endKeyword</method>
  <thread>1</thread>
  <message>End action : verifyTextPresent(&amp;quot;Epic sadface: Sorry, this user has been locked out.&amp;quot;, false)</message>
  <nestedLevel>1</nestedLevel>
  <escapedJava>false</escapedJava>
</record>
<record>
  <date>2025-01-31T14:35:26.552336100Z</date>
  <millis>1738334126552</millis>
  <nanos>336100</nanos>
  <sequence>589</sequence>
  <level>START</level>
  <class>com.kms.katalon.core.logging.XmlKeywordLogger</class>
  <method>startKeyword</method>
  <thread>1</thread>
  <message>Start action : closeBrowser()</message>
  <nestedLevel>1</nestedLevel>
  <escapedJava>false</escapedJava>
  <property name="startLine">28</property>
  <property name="stepIndex">5</property>
</record>
<record>
  <date>2025-01-31T14:35:27.561414300Z</date>
  <millis>1738334127561</millis>
  <nanos>414300</nanos>
  <sequence>591</sequence>
  <level>PASSED</level>
  <class>com.kms.katalon.core.logging.XmlKeywordLogger</class>
  <method>logMessage</method>
  <thread>1</thread>
  <message>Browser is closed</message>
  <nestedLevel>1</nestedLevel>
  <escapedJava>false</escapedJava>
  <property name="testops-method-name">com.kms.katalon.core.webui.keyword.builtin.CloseBrowserKeyword.closeBrowser</property>
  <property name="testops-execution-stacktrace"></property>
</record>
<record>
  <date>2025-01-31T14:35:27.563416700Z</date>
  <millis>1738334127563</millis>
  <nanos>416700</nanos>
  <sequence>592</sequence>
  <level>END</level>
  <class>com.kms.katalon.core.logging.XmlKeywordLogger</class>
  <method>endKeyword</method>
  <thread>1</thread>
  <message>End action : closeBrowser()</message>
  <nestedLevel>1</nestedLevel>
  <escapedJava>false</escapedJava>
</record>
<record>
  <date>2025-01-31T14:35:27.563416700Z</date>
  <millis>1738334127563</millis>
  <nanos>416700</nanos>
  <sequence>593</sequence>
  <level>PASSED</level>
  <class>com.kms.katalon.core.logging.XmlKeywordLogger</class>
  <method>logMessage</method>
  <thread>1</thread>
  <message>Test Cases/Login by Second Account - locked_out_user</message>
  <nestedLevel>1</nestedLevel>
  <escapedJava>false</escapedJava>
</record>
<record>
  <date>2025-01-31T14:35:27.565420200Z</date>
  <millis>1738334127565</millis>
  <nanos>420200</nanos>
  <sequence>594</sequence>
  <level>END</level>
  <class>com.kms.katalon.core.logging.XmlKeywordLogger</class>
  <method>endTest</method>
  <thread>1</thread>
  <message>End Test Case : Test Cases/Login by Second Account - locked_out_user</message>
  <nestedLevel>0</nestedLevel>
  <escapedJava>false</escapedJava>
  <property name="executionBindingVariables">[]</property>
  <property name="applitools">false</property>
  <property name="remainingRetryCount">0</property>
  <property name="currentRetryCount">3</property>
  <property name="keywordsUsage">{
  &quot;web_ui&quot;: true,
  &quot;web_service&quot;: false,
  &quot;cucumber&quot;: false,
  &quot;builtin&quot;: false,
  &quot;mobile&quot;: false,
  &quot;windows&quot;: false,
  &quot;testng&quot;: false
}</property>
</record>
<record>
  <date>2025-01-31T14:35:27.573416Z</date>
  <millis>1738334127573</millis>
  <nanos>416000</nanos>
  <sequence>595</sequence>
  <level>START</level>
  <class>com.kms.katalon.core.logging.XmlKeywordLogger</class>
  <method>startTest</method>
  <thread>1</thread>
  <message>Start Test Case : Test Cases/Login by Sixth Account - visual_user</message>
  <nestedLevel>1</nestedLevel>
  <escapedJava>false</escapedJava>
  <property name="remainingRetryCount">3</property>
  <property name="name">Test Cases/Login by Sixth Account - visual_user</property>
  <property name="description"></property>
  <property name="iteration"></property>
  <property name="id">Test Cases/Login by Sixth Account - visual_user</property>
  <property name="source">C:\Users\ACER\git\KatalonGitSwagLabsNew\Test Cases\Login by Sixth Account - visual_user.tc</property>
  <property name="tag"></property>
  <property name="isOptional">false</property>
  <property name="currentRetryCount">0</property>
</record>
<record>
  <date>2025-01-31T14:35:27.672970400Z</date>
  <millis>1738334127672</millis>
  <nanos>970400</nanos>
  <sequence>597</sequence>
  <level>START</level>
  <class>com.kms.katalon.core.logging.XmlKeywordLogger</class>
  <method>startKeyword</method>
  <thread>1</thread>
  <message>Start action : openBrowser(&amp;quot;&amp;quot;)</message>
  <nestedLevel>1</nestedLevel>
  <escapedJava>false</escapedJava>
  <property name="startLine">20</property>
  <property name="stepIndex">1</property>
</record>
<record>
  <date>2025-01-31T14:35:27.678058800Z</date>
  <millis>1738334127678</millis>
  <nanos>58800</nanos>
  <sequence>599</sequence>
  <level>INFO</level>
  <class>com.kms.katalon.core.logging.XmlKeywordLogger</class>
  <method>logMessage</method>
  <thread>1</thread>
  <message>User set preference: [&amp;apos;os&amp;apos;, &amp;apos;windows&amp;apos;]</message>
  <nestedLevel>1</nestedLevel>
  <escapedJava>false</escapedJava>
</record>
<record>
  <date>2025-01-31T14:35:27.679993500Z</date>
  <millis>1738334127679</millis>
  <nanos>993500</nanos>
  <sequence>600</sequence>
  <level>INFO</level>
  <class>com.kms.katalon.core.logging.XmlKeywordLogger</class>
  <method>logMessage</method>
  <thread>1</thread>
  <message>User set preference: [&amp;apos;browserVersion&amp;apos;, &amp;apos;133&amp;apos;]</message>
  <nestedLevel>1</nestedLevel>
  <escapedJava>false</escapedJava>
</record>
<record>
  <date>2025-01-31T14:35:27.679993500Z</date>
  <millis>1738334127679</millis>
  <nanos>993500</nanos>
  <sequence>601</sequence>
  <level>INFO</level>
  <class>com.kms.katalon.core.logging.XmlKeywordLogger</class>
  <method>logMessage</method>
  <thread>1</thread>
  <message>User set preference: [&amp;apos;browserName&amp;apos;, &amp;apos;chrome&amp;apos;]</message>
  <nestedLevel>1</nestedLevel>
  <escapedJava>false</escapedJava>
</record>
<record>
  <date>2025-01-31T14:35:27.679993500Z</date>
  <millis>1738334127679</millis>
  <nanos>993500</nanos>
  <sequence>602</sequence>
  <level>INFO</level>
  <class>com.kms.katalon.core.logging.XmlKeywordLogger</class>
  <method>logMessage</method>
  <thread>1</thread>
  <message>User set preference: [&amp;apos;katalon:option&amp;apos;, &amp;apos;{organizationId=1906073, usingTunnel=false}&amp;apos;]</message>
  <nestedLevel>1</nestedLevel>
  <escapedJava>false</escapedJava>
</record>
<record>
  <date>2025-01-31T14:35:27.680968Z</date>
  <millis>1738334127680</millis>
  <nanos>968000</nanos>
  <sequence>603</sequence>
  <level>INFO</level>
  <class>com.kms.katalon.core.logging.XmlKeywordLogger</class>
  <method>logMessage</method>
  <thread>1</thread>
  <message>Connecting to remote web server &amp;apos;testcloud.katalon.com/hub&amp;apos; with type &amp;apos;Selenium&amp;apos;</message>
  <nestedLevel>1</nestedLevel>
  <escapedJava>false</escapedJava>
</record>
<record>
  <date>2025-01-31T14:35:27.683050600Z</date>
  <millis>1738334127683</millis>
  <nanos>50600</nanos>
  <sequence>604</sequence>
  <level>INFO</level>
  <class>com.kms.katalon.core.logging.XmlKeywordLogger</class>
  <method>logMessage</method>
  <thread>1</thread>
  <message>Action delay is set to 0 milliseconds</message>
  <nestedLevel>1</nestedLevel>
  <escapedJava>false</escapedJava>
</record>
<record>
  <date>2025-01-31T14:35:53.436842Z</date>
  <millis>1738334153436</millis>
  <nanos>842000</nanos>
  <sequence>606</sequence>
  <level>RUN_DATA</level>
  <class>com.kms.katalon.core.logging.XmlKeywordLogger</class>
  <method>logMessage</method>
  <thread>1</thread>
  <message>remoteDriverUrl = testcloud.katalon.com/hub</message>
  <nestedLevel>1</nestedLevel>
  <escapedJava>false</escapedJava>
  <property name="remoteDriverUrl">testcloud.katalon.com/hub</property>
</record>
<record>
  <date>2025-01-31T14:35:53.438204Z</date>
  <millis>1738334153438</millis>
  <nanos>204000</nanos>
  <sequence>607</sequence>
  <level>RUN_DATA</level>
  <class>com.kms.katalon.core.logging.XmlKeywordLogger</class>
  <method>logMessage</method>
  <thread>1</thread>
  <message>remoteOS = Windows</message>
  <nestedLevel>1</nestedLevel>
  <escapedJava>false</escapedJava>
  <property name="remoteOS">Windows</property>
</record>
<record>
  <date>2025-01-31T14:35:53.439214500Z</date>
  <millis>1738334153439</millis>
  <nanos>214500</nanos>
  <sequence>608</sequence>
  <level>RUN_DATA</level>
  <class>com.kms.katalon.core.logging.XmlKeywordLogger</class>
  <method>logMessage</method>
  <thread>1</thread>
  <message>desiredCapabilities = {
  &amp;quot;timeouts&amp;quot;: {
    &amp;quot;implicit&amp;quot;: 0,
    &amp;quot;pageLoad&amp;quot;: 300000,
    &amp;quot;script&amp;quot;: 30000
  },
  &amp;quot;se:cdpEnabled&amp;quot;: false,
  &amp;quot;platform&amp;quot;: &amp;quot;WINDOWS&amp;quot;,
  &amp;quot;goog:chromeOptions&amp;quot;: {
    &amp;quot;debuggerAddress&amp;quot;: &amp;quot;localhost:9225&amp;quot;
  },
  &amp;quot;webauthn:extension:credBlob&amp;quot;: true,
  &amp;quot;acceptInsecureCerts&amp;quot;: false,
  &amp;quot;browserVersion&amp;quot;: &amp;quot;133.0.0.0&amp;quot;,
  &amp;quot;fedcm:accounts&amp;quot;: true,
  &amp;quot;kt:requestId&amp;quot;: &amp;quot;389cbcb9-1561-4444-835b-b92817edda26&amp;quot;,
  &amp;quot;browserName&amp;quot;: &amp;quot;chrome&amp;quot;,
  &amp;quot;javascriptEnabled&amp;quot;: true,
  &amp;quot;platformName&amp;quot;: &amp;quot;WINDOWS&amp;quot;,
  &amp;quot;setWindowRect&amp;quot;: true,
  &amp;quot;webauthn:extension:largeBlob&amp;quot;: true,
  &amp;quot;networkConnectionEnabled&amp;quot;: false,
  &amp;quot;chrome&amp;quot;: {
    &amp;quot;chromedriverVersion&amp;quot;: &amp;quot;133.0.6847.2 (7e95e23d2d1f87886163822aa701370c1187bfa1-refs/branch-heads/6847@{#6})&amp;quot;,
    &amp;quot;userDataDir&amp;quot;: &amp;quot;C:\\Program Files\\scoped_dir3276_1444349606&amp;quot;
  },
  &amp;quot;kt:rid&amp;quot;: &amp;quot;389cbcb9-1561-4444-835b-b92817edda26&amp;quot;,
  &amp;quot;pageLoadStrategy&amp;quot;: &amp;quot;normal&amp;quot;,
  &amp;quot;unhandledPromptBehavior&amp;quot;: &amp;quot;dismiss and notify&amp;quot;,
  &amp;quot;strictFileInteractability&amp;quot;: false,
  &amp;quot;se:bidiEnabled&amp;quot;: false,
  &amp;quot;proxy&amp;quot;: {
    &amp;quot;proxyType&amp;quot;: &amp;quot;UNSPECIFIED&amp;quot;,
    &amp;quot;autodetect&amp;quot;: false
  },
  &amp;quot;webauthn:extension:minPinLength&amp;quot;: true,
  &amp;quot;webauthn:extension:prf&amp;quot;: true,
  &amp;quot;katalon:caps&amp;quot;: {
    &amp;quot;executionId&amp;quot;: &amp;quot;80586707-6680-45a3-9415-aef8d608a78b&amp;quot;,
    &amp;quot;executionSessionId&amp;quot;: &amp;quot;389cbcb9-1561-4444-835b-b92817edda26&amp;quot;
  },
  &amp;quot;katalon:options&amp;quot;: {
    &amp;quot;executionId&amp;quot;: &amp;quot;80586707-6680-45a3-9415-aef8d608a78b&amp;quot;,
    &amp;quot;executionSessionId&amp;quot;: &amp;quot;389cbcb9-1561-4444-835b-b92817edda26&amp;quot;,
    &amp;quot;metadata&amp;quot;: {
      &amp;quot;usingTunnel&amp;quot;: false,
      &amp;quot;accountUuid&amp;quot;: &amp;quot;fda32340-531c-49aa-a0b7-40d478ba5457&amp;quot;,
      &amp;quot;organizationId&amp;quot;: &amp;quot;1906073&amp;quot;
    },
    &amp;quot;organizationId&amp;quot;: &amp;quot;1906073&amp;quot;,
    &amp;quot;runFromTestCloud&amp;quot;: true,
    &amp;quot;userId&amp;quot;: 1648280,
    &amp;quot;username&amp;quot;: &amp;quot;innocent.beaver.duja@instantletter.net&amp;quot;,
    &amp;quot;usingTunnel&amp;quot;: false
  },
  &amp;quot;webauthn:virtualAuthenticators&amp;quot;: true
}</message>
  <nestedLevel>1</nestedLevel>
  <escapedJava>false</escapedJava>
  <property name="desiredCapabilities">{
  &quot;timeouts&quot;: {
    &quot;implicit&quot;: 0,
    &quot;pageLoad&quot;: 300000,
    &quot;script&quot;: 30000
  },
  &quot;se:cdpEnabled&quot;: false,
  &quot;platform&quot;: &quot;WINDOWS&quot;,
  &quot;goog:chromeOptions&quot;: {
    &quot;debuggerAddress&quot;: &quot;localhost:9225&quot;
  },
  &quot;webauthn:extension:credBlob&quot;: true,
  &quot;acceptInsecureCerts&quot;: false,
  &quot;browserVersion&quot;: &quot;133.0.0.0&quot;,
  &quot;fedcm:accounts&quot;: true,
  &quot;kt:requestId&quot;: &quot;389cbcb9-1561-4444-835b-b92817edda26&quot;,
  &quot;browserName&quot;: &quot;chrome&quot;,
  &quot;javascriptEnabled&quot;: true,
  &quot;platformName&quot;: &quot;WINDOWS&quot;,
  &quot;setWindowRect&quot;: true,
  &quot;webauthn:extension:largeBlob&quot;: true,
  &quot;networkConnectionEnabled&quot;: false,
  &quot;chrome&quot;: {
    &quot;chromedriverVersion&quot;: &quot;133.0.6847.2 (7e95e23d2d1f87886163822aa701370c1187bfa1-refs/branch-heads/6847@{#6})&quot;,
    &quot;userDataDir&quot;: &quot;C:\\Program Files\\scoped_dir3276_1444349606&quot;
  },
  &quot;kt:rid&quot;: &quot;389cbcb9-1561-4444-835b-b92817edda26&quot;,
  &quot;pageLoadStrategy&quot;: &quot;normal&quot;,
  &quot;unhandledPromptBehavior&quot;: &quot;dismiss and notify&quot;,
  &quot;strictFileInteractability&quot;: false,
  &quot;se:bidiEnabled&quot;: false,
  &quot;proxy&quot;: {
    &quot;proxyType&quot;: &quot;UNSPECIFIED&quot;,
    &quot;autodetect&quot;: false
  },
  &quot;webauthn:extension:minPinLength&quot;: true,
  &quot;webauthn:extension:prf&quot;: true,
  &quot;katalon:caps&quot;: {
    &quot;executionId&quot;: &quot;80586707-6680-45a3-9415-aef8d608a78b&quot;,
    &quot;executionSessionId&quot;: &quot;389cbcb9-1561-4444-835b-b92817edda26&quot;
  },
  &quot;katalon:options&quot;: {
    &quot;executionId&quot;: &quot;80586707-6680-45a3-9415-aef8d608a78b&quot;,
    &quot;executionSessionId&quot;: &quot;389cbcb9-1561-4444-835b-b92817edda26&quot;,
    &quot;metadata&quot;: {
      &quot;usingTunnel&quot;: false,
      &quot;accountUuid&quot;: &quot;fda32340-531c-49aa-a0b7-40d478ba5457&quot;,
      &quot;organizationId&quot;: &quot;1906073&quot;
    },
    &quot;organizationId&quot;: &quot;1906073&quot;,
    &quot;runFromTestCloud&quot;: true,
    &quot;userId&quot;: 1648280,
    &quot;username&quot;: &quot;innocent.beaver.duja@instantletter.net&quot;,
    &quot;usingTunnel&quot;: false
  },
  &quot;webauthn:virtualAuthenticators&quot;: true
}</property>
</record>
<record>
  <date>2025-01-31T14:35:53.440221Z</date>
  <millis>1738334153440</millis>
  <nanos>221000</nanos>
  <sequence>609</sequence>
  <level>RUN_DATA</level>
  <class>com.kms.katalon.core.logging.XmlKeywordLogger</class>
  <method>logMessage</method>
  <thread>1</thread>
  <message>sessionId = 6ea429fadc56545c9ffbb6f903e95a2a</message>
  <nestedLevel>1</nestedLevel>
  <escapedJava>false</escapedJava>
  <property name="sessionId">6ea429fadc56545c9ffbb6f903e95a2a</property>
</record>
<record>
  <date>2025-01-31T14:35:53.734883100Z</date>
  <millis>1738334153734</millis>
  <nanos>883100</nanos>
  <sequence>610</sequence>
  <level>RUN_DATA</level>
  <class>com.kms.katalon.core.logging.XmlKeywordLogger</class>
  <method>logMessage</method>
  <thread>1</thread>
  <message>browser = Chrome 133.0.0.0</message>
  <nestedLevel>1</nestedLevel>
  <escapedJava>false</escapedJava>
  <property name="browser">Chrome 133.0.0.0</property>
</record>
<record>
  <date>2025-01-31T14:35:53.734883100Z</date>
  <millis>1738334153734</millis>
  <nanos>883100</nanos>
  <sequence>611</sequence>
  <level>RUN_DATA</level>
  <class>com.kms.katalon.core.logging.XmlKeywordLogger</class>
  <method>logMessage</method>
  <thread>1</thread>
  <message>platform = Windows 11</message>
  <nestedLevel>1</nestedLevel>
  <escapedJava>false</escapedJava>
  <property name="platform">Windows 11</property>
</record>
<record>
  <date>2025-01-31T14:35:53.735888400Z</date>
  <millis>1738334153735</millis>
  <nanos>888400</nanos>
  <sequence>612</sequence>
  <level>RUN_DATA</level>
  <class>com.kms.katalon.core.logging.XmlKeywordLogger</class>
  <method>logMessage</method>
  <thread>1</thread>
  <message>seleniumVersion = 3.141.59</message>
  <nestedLevel>1</nestedLevel>
  <escapedJava>false</escapedJava>
  <property name="seleniumVersion">3.141.59</property>
</record>
<record>
  <date>2025-01-31T14:35:53.738884600Z</date>
  <millis>1738334153738</millis>
  <nanos>884600</nanos>
  <sequence>613</sequence>
  <level>RUN_DATA</level>
  <class>com.kms.katalon.core.logging.XmlKeywordLogger</class>
  <method>logMessage</method>
  <thread>1</thread>
  <message>proxyInformation = ProxyInformation { proxyOption=NO_PROXY, proxyServerType=HTTP, username=, password=********, proxyServerAddress=, proxyServerPort=0, executionList=&amp;quot;&amp;quot;, isApplyToDesiredCapabilities=true }</message>
  <nestedLevel>1</nestedLevel>
  <escapedJava>false</escapedJava>
  <property name="proxyInformation">ProxyInformation { proxyOption=NO_PROXY, proxyServerType=HTTP, username=, password=********, proxyServerAddress=, proxyServerPort=0, executionList=&quot;&quot;, isApplyToDesiredCapabilities=true }</property>
</record>
<record>
  <date>2025-01-31T14:35:54.314470200Z</date>
  <millis>1738334154314</millis>
  <nanos>470200</nanos>
  <sequence>614</sequence>
  <level>PASSED</level>
  <class>com.kms.katalon.core.logging.XmlKeywordLogger</class>
  <method>logMessage</method>
  <thread>1</thread>
  <message>Browser is opened with url: &amp;apos;&amp;apos;</message>
  <nestedLevel>1</nestedLevel>
  <escapedJava>false</escapedJava>
  <property name="testops-method-name">com.kms.katalon.core.webui.keyword.builtin.OpenBrowserKeyword.openBrowser</property>
  <property name="testops-execution-stacktrace"></property>
</record>
<record>
  <date>2025-01-31T14:35:54.316389800Z</date>
  <millis>1738334154316</millis>
  <nanos>389800</nanos>
  <sequence>615</sequence>
  <level>END</level>
  <class>com.kms.katalon.core.logging.XmlKeywordLogger</class>
  <method>endKeyword</method>
  <thread>1</thread>
  <message>End action : openBrowser(&amp;quot;&amp;quot;)</message>
  <nestedLevel>1</nestedLevel>
  <escapedJava>false</escapedJava>
</record>
<record>
  <date>2025-01-31T14:35:54.317391800Z</date>
  <millis>1738334154317</millis>
  <nanos>391800</nanos>
  <sequence>616</sequence>
  <level>START</level>
  <class>com.kms.katalon.core.logging.XmlKeywordLogger</class>
  <method>startKeyword</method>
  <thread>1</thread>
  <message>Start action : navigateToUrl(&amp;quot;https://www.saucedemo.com/&amp;quot;)</message>
  <nestedLevel>1</nestedLevel>
  <escapedJava>false</escapedJava>
  <property name="startLine">22</property>
  <property name="stepIndex">2</property>
</record>
<record>
  <date>2025-01-31T14:35:55.044018200Z</date>
  <millis>1738334155044</millis>
  <nanos>18200</nanos>
  <sequence>619</sequence>
  <level>PASSED</level>
  <class>com.kms.katalon.core.logging.XmlKeywordLogger</class>
  <method>logMessage</method>
  <thread>1</thread>
  <message>Navigate to &amp;apos;https://www.saucedemo.com/&amp;apos; successfully</message>
  <nestedLevel>1</nestedLevel>
  <escapedJava>false</escapedJava>
  <property name="testops-method-name">com.kms.katalon.core.webui.keyword.builtin.NavigateToUrlKeyword.navigateToUrl</property>
  <property name="testops-execution-stacktrace"></property>
</record>
<record>
  <date>2025-01-31T14:35:55.047007800Z</date>
  <millis>1738334155047</millis>
  <nanos>7800</nanos>
  <sequence>620</sequence>
  <level>END</level>
  <class>com.kms.katalon.core.logging.XmlKeywordLogger</class>
  <method>endKeyword</method>
  <thread>1</thread>
  <message>End action : navigateToUrl(&amp;quot;https://www.saucedemo.com/&amp;quot;)</message>
  <nestedLevel>1</nestedLevel>
  <escapedJava>false</escapedJava>
</record>
<record>
  <date>2025-01-31T14:35:55.047007800Z</date>
  <millis>1738334155047</millis>
  <nanos>7800</nanos>
  <sequence>621</sequence>
  <level>START</level>
  <class>com.kms.katalon.core.logging.XmlKeywordLogger</class>
  <method>startKeyword</method>
  <thread>1</thread>
  <message>Start action : com.test.swaglabs.CustomLogin.WebLoginSixthAccount()</message>
  <nestedLevel>1</nestedLevel>
  <escapedJava>false</escapedJava>
  <property name="startLine">24</property>
  <property name="stepIndex">3</property>
</record>
<record>
  <date>2025-01-31T14:35:57.600065100Z</date>
  <millis>1738334157600</millis>
  <nanos>65100</nanos>
  <sequence>638</sequence>
  <level>WARNING</level>
  <class>com.kms.katalon.core.logging.XmlKeywordLogger</class>
  <method>logMessage</method>
  <thread>1</thread>
  <message>Cannot take screenshot</message>
  <nestedLevel>1</nestedLevel>
  <escapedJava>false</escapedJava>
  <property name="failed.exception.class">org.openqa.selenium.WebDriverException</property>
  <property name="failed.exception.stacktrace">org.openqa.selenium.WebDriverException: An unknown error has occurred
Build info: version: &apos;3.141.59&apos;, revision: &apos;unknown&apos;, time: &apos;unknown&apos;
System info: host: &apos;LAPTOP-5GQHVTHK&apos;, ip: &apos;192.168.0.101&apos;, os.name: &apos;Windows 11&apos;, os.arch: &apos;amd64&apos;, os.version: &apos;10.0&apos;, java.version: &apos;17.0.7&apos;
Driver info: com.kms.katalon.selenium.driver.CRemoteWebDriver
Capabilities {acceptInsecureCerts: false, browserName: chrome, browserVersion: 133.0.6847.2, chrome: {chromedriverVersion: 133.0.6847.2 (7e95e23d2d1f8..., userDataDir: C:\Program Files\scoped_dir...}, fedcm:accounts: true, goog:chromeOptions: {debuggerAddress: localhost:9225}, javascriptEnabled: true, katalon:caps: {executionId: 80586707-6680-45a3-9415-aef..., executionSessionId: 389cbcb9-1561-4444-835b-b92...}, katalon:options: {executionId: 80586707-6680-45a3-9415-aef..., executionSessionId: 389cbcb9-1561-4444-835b-b92..., metadata: {accountUuid: fda32340-531c-49aa-a0b7-40d..., organizationId: 1906073, usingTunnel: false}, organizationId: 1906073, runFromTestCloud: true, userId: 1648280, username: innocent.beaver.duja@instan..., usingTunnel: false}, kt:requestId: 389cbcb9-1561-4444-835b-b92..., kt:rid: 389cbcb9-1561-4444-835b-b92..., networkConnectionEnabled: false, pageLoadStrategy: normal, platform: WINDOWS, platformName: WINDOWS, proxy: Proxy(), se:bidiEnabled: false, se:cdpEnabled: false, setWindowRect: true, strictFileInteractability: false, timeouts: {implicit: 0, pageLoad: 300000, script: 30000}, unhandledPromptBehavior: dismiss and notify, webauthn:extension:credBlob: true, webauthn:extension:largeBlob: true, webauthn:extension:minPinLength: true, webauthn:extension:prf: true, webauthn:virtualAuthenticators: true}
Session ID: 6ea429fadc56545c9ffbb6f903e95a2a
	at java.base/jdk.internal.reflect.NativeConstructorAccessorImpl.newInstance0(Native Method)
	at java.base/jdk.internal.reflect.NativeConstructorAccessorImpl.newInstance(NativeConstructorAccessorImpl.java:77)
	at java.base/jdk.internal.reflect.DelegatingConstructorAccessorImpl.newInstance(DelegatingConstructorAccessorImpl.java:45)
	at org.openqa.selenium.remote.http.W3CHttpResponseCodec.createException(W3CHttpResponseCodec.java:187)
	at org.openqa.selenium.remote.http.W3CHttpResponseCodec.decode(W3CHttpResponseCodec.java:122)
	at org.openqa.selenium.remote.http.W3CHttpResponseCodec.decode(W3CHttpResponseCodec.java:49)
	at org.openqa.selenium.remote.HttpCommandExecutor.execute(HttpCommandExecutor.java:158)
	at org.openqa.selenium.remote.RemoteWebDriver.execute(RemoteWebDriver.java:552)
	at com.kms.katalon.selenium.driver.CRemoteWebDriver.execute(CRemoteWebDriver.java:30)
	at org.openqa.selenium.remote.RemoteWebDriver.execute(RemoteWebDriver.java:609)
	at org.openqa.selenium.remote.RemoteWebDriver.getScreenshotAs(RemoteWebDriver.java:295)
	at java.base/jdk.internal.reflect.NativeMethodAccessorImpl.invoke0(Native Method)
	at java.base/jdk.internal.reflect.NativeMethodAccessorImpl.invoke(NativeMethodAccessorImpl.java:77)
	at java.base/jdk.internal.reflect.DelegatingMethodAccessorImpl.invoke(DelegatingMethodAccessorImpl.java:43)
	at org.openqa.selenium.support.events.EventFiringWebDriver.lambda$new$1(EventFiringWebDriver.java:105)
	at jdk.proxy2/jdk.proxy2.$Proxy23.getScreenshotAs(Unknown Source)
	at org.openqa.selenium.support.events.EventFiringWebDriver.getScreenshotAs(EventFiringWebDriver.java:302)
	at com.kms.katalon.core.webui.helper.screenshot.WebUIScreenCaptor.take(WebUIScreenCaptor.java:26)
	at com.kms.katalon.core.helper.screenshot.ScreenCaptor.takeScreenshotAndGetAttributes(ScreenCaptor.java:38)
	at com.kms.katalon.core.webui.keyword.internal.WebUIKeywordMain.stepFailed(WebUIKeywordMain.groovy:117)
	at com.kms.katalon.core.webui.keyword.internal.WebUIKeywordMain.runKeyword(WebUIKeywordMain.groovy:43)
	at com.kms.katalon.core.webui.keyword.builtin.SetTextKeyword.setText(SetTextKeyword.groovy:85)
	at com.kms.katalon.core.webui.keyword.builtin.SetTextKeyword.execute(SetTextKeyword.groovy:39)
	at com.kms.katalon.core.keyword.internal.KeywordExecutor.executeKeywordForPlatform(KeywordExecutor.groovy:74)
	at com.kms.katalon.core.webui.keyword.WebUiBuiltInKeywords.setText(WebUiBuiltInKeywords.groovy:1019)
	at com.test.swaglabs.CustomLogin.WebLoginSixthAccount(CustomLogin.groovy:79)
	at java.base/jdk.internal.reflect.NativeMethodAccessorImpl.invoke0(Native Method)
	at java.base/jdk.internal.reflect.NativeMethodAccessorImpl.invoke(NativeMethodAccessorImpl.java:77)
	at java.base/jdk.internal.reflect.DelegatingMethodAccessorImpl.invoke(DelegatingMethodAccessorImpl.java:43)
	at com.kms.katalon.core.main.CustomKeywordDelegatingMetaClass.invokeStaticMethod(CustomKeywordDelegatingMetaClass.java:55)
	at Login by Sixth Account - visual_user.run(Login by Sixth Account - visual_user:24)
	at com.kms.katalon.core.main.ScriptEngine.run(ScriptEngine.java:194)
	at com.kms.katalon.core.main.ScriptEngine.runScriptAsRawText(ScriptEngine.java:119)
	at com.kms.katalon.core.main.TestCaseExecutor.runScript(TestCaseExecutor.java:448)
	at com.kms.katalon.core.main.TestCaseExecutor.doExecute(TestCaseExecutor.java:439)
	at com.kms.katalon.core.main.TestCaseExecutor.processExecutionPhase(TestCaseExecutor.java:418)
	at com.kms.katalon.core.main.TestCaseExecutor.accessMainPhase(TestCaseExecutor.java:410)
	at com.kms.katalon.core.main.TestCaseExecutor.execute(TestCaseExecutor.java:285)
	at com.kms.katalon.core.common.CommonExecutor.accessTestCaseMainPhase(CommonExecutor.java:65)
	at com.kms.katalon.core.main.TestSuiteExecutor.accessTestSuiteMainPhase(TestSuiteExecutor.java:150)
	at com.kms.katalon.core.main.TestSuiteExecutor.execute(TestSuiteExecutor.java:106)
	at com.kms.katalon.core.main.TestCaseMain.startTestSuite(TestCaseMain.java:180)
	at TempTestSuite1738333839214.run(TempTestSuite1738333839214.groovy:35)
	at java.base/jdk.internal.reflect.NativeMethodAccessorImpl.invoke0(Native Method)
	at java.base/jdk.internal.reflect.NativeMethodAccessorImpl.invoke(NativeMethodAccessorImpl.java:77)
	at java.base/jdk.internal.reflect.DelegatingMethodAccessorImpl.invoke(DelegatingMethodAccessorImpl.java:43)
</property>
  <property name="failed.exception.message">An unknown error has occurred
Build info: version: &apos;3.141.59&apos;, revision: &apos;unknown&apos;, time: &apos;unknown&apos;
System info: host: &apos;LAPTOP-5GQHVTHK&apos;, ip: &apos;192.168.0.101&apos;, os.name: &apos;Windows 11&apos;, os.arch: &apos;amd64&apos;, os.version: &apos;10.0&apos;, java.version: &apos;17.0.7&apos;
Driver info: com.kms.katalon.selenium.driver.CRemoteWebDriver
Capabilities {acceptInsecureCerts: false, browserName: chrome, browserVersion: 133.0.6847.2, chrome: {chromedriverVersion: 133.0.6847.2 (7e95e23d2d1f8..., userDataDir: C:\Program Files\scoped_dir...}, fedcm:accounts: true, goog:chromeOptions: {debuggerAddress: localhost:9225}, javascriptEnabled: true, katalon:caps: {executionId: 80586707-6680-45a3-9415-aef..., executionSessionId: 389cbcb9-1561-4444-835b-b92...}, katalon:options: {executionId: 80586707-6680-45a3-9415-aef..., executionSessionId: 389cbcb9-1561-4444-835b-b92..., metadata: {accountUuid: fda32340-531c-49aa-a0b7-40d..., organizationId: 1906073, usingTunnel: false}, organizationId: 1906073, runFromTestCloud: true, userId: 1648280, username: innocent.beaver.duja@instan..., usingTunnel: false}, kt:requestId: 389cbcb9-1561-4444-835b-b92..., kt:rid: 389cbcb9-1561-4444-835b-b92..., networkConnectionEnabled: false, pageLoadStrategy: normal, platform: WINDOWS, platformName: WINDOWS, proxy: Proxy(), se:bidiEnabled: false, se:cdpEnabled: false, setWindowRect: true, strictFileInteractability: false, timeouts: {implicit: 0, pageLoad: 300000, script: 30000}, unhandledPromptBehavior: dismiss and notify, webauthn:extension:credBlob: true, webauthn:extension:largeBlob: true, webauthn:extension:minPinLength: true, webauthn:extension:prf: true, webauthn:virtualAuthenticators: true}
Session ID: 6ea429fadc56545c9ffbb6f903e95a2a</property>
</record>
<record>
  <date>2025-01-31T14:35:57.604060800Z</date>
  <millis>1738334157604</millis>
  <nanos>60800</nanos>
  <sequence>642</sequence>
  <level>FAILED</level>
  <class>com.kms.katalon.core.logging.XmlKeywordLogger</class>
  <method>logMessage</method>
  <thread>1</thread>
  <message>Unable to set text &amp;apos;visual_user&amp;apos; of object &amp;apos;Object Repository/Page_Swag Labs/input_Swag Labs_user-name&amp;apos; (Root cause: com.kms.katalon.core.exception.StepFailedException: Unable to set text &amp;apos;visual_user&amp;apos; of object &amp;apos;Object Repository/Page_Swag Labs/input_Swag Labs_user-name&amp;apos;
	at com.kms.katalon.core.webui.keyword.internal.WebUIKeywordMain.stepFailed(WebUIKeywordMain.groovy:117)
	at com.kms.katalon.core.webui.keyword.internal.WebUIKeywordMain.runKeyword(WebUIKeywordMain.groovy:43)
	at com.kms.katalon.core.webui.keyword.builtin.SetTextKeyword.setText(SetTextKeyword.groovy:85)
	at com.kms.katalon.core.webui.keyword.builtin.SetTextKeyword.execute(SetTextKeyword.groovy:39)
	at com.kms.katalon.core.keyword.internal.KeywordExecutor.executeKeywordForPlatform(KeywordExecutor.groovy:74)
	at com.kms.katalon.core.webui.keyword.WebUiBuiltInKeywords.setText(WebUiBuiltInKeywords.groovy:1019)
	at com.test.swaglabs.CustomLogin.WebLoginSixthAccount(CustomLogin.groovy:79)
	at java.base/jdk.internal.reflect.NativeMethodAccessorImpl.invoke0(Native Method)
	at java.base/jdk.internal.reflect.NativeMethodAccessorImpl.invoke(NativeMethodAccessorImpl.java:77)
	at java.base/jdk.internal.reflect.DelegatingMethodAccessorImpl.invoke(DelegatingMethodAccessorImpl.java:43)
	at com.kms.katalon.core.main.CustomKeywordDelegatingMetaClass.invokeStaticMethod(CustomKeywordDelegatingMetaClass.java:55)
	at Login by Sixth Account - visual_user.run(Login by Sixth Account - visual_user:24)
	at com.kms.katalon.core.main.ScriptEngine.run(ScriptEngine.java:194)
	at com.kms.katalon.core.main.ScriptEngine.runScriptAsRawText(ScriptEngine.java:119)
	at com.kms.katalon.core.main.TestCaseExecutor.runScript(TestCaseExecutor.java:448)
	at com.kms.katalon.core.main.TestCaseExecutor.doExecute(TestCaseExecutor.java:439)
	at com.kms.katalon.core.main.TestCaseExecutor.processExecutionPhase(TestCaseExecutor.java:418)
	at com.kms.katalon.core.main.TestCaseExecutor.accessMainPhase(TestCaseExecutor.java:410)
	at com.kms.katalon.core.main.TestCaseExecutor.execute(TestCaseExecutor.java:285)
	at com.kms.katalon.core.common.CommonExecutor.accessTestCaseMainPhase(CommonExecutor.java:65)
	at com.kms.katalon.core.main.TestSuiteExecutor.accessTestSuiteMainPhase(TestSuiteExecutor.java:150)
	at com.kms.katalon.core.main.TestSuiteExecutor.execute(TestSuiteExecutor.java:106)
	at com.kms.katalon.core.main.TestCaseMain.startTestSuite(TestCaseMain.java:180)
	at TempTestSuite1738333839214.run(TempTestSuite1738333839214.groovy:35)
	at java.base/jdk.internal.reflect.NativeMethodAccessorImpl.invoke0(Native Method)
	at java.base/jdk.internal.reflect.NativeMethodAccessorImpl.invoke(NativeMethodAccessorImpl.java:77)
	at java.base/jdk.internal.reflect.DelegatingMethodAccessorImpl.invoke(DelegatingMethodAccessorImpl.java:43)
Caused by: org.openqa.selenium.NoSuchSessionException: invalid session id: session deleted as the browser has closed the connection
from disconnected: Unable to receive message from renderer
  (Session info: chrome=133.0.6847.2)
Build info: version: &amp;apos;3.141.59&amp;apos;, revision: &amp;apos;unknown&amp;apos;, time: &amp;apos;unknown&amp;apos;
System info: host: &amp;apos;LAPTOP-5GQHVTHK&amp;apos;, ip: &amp;apos;192.168.0.101&amp;apos;, os.name: &amp;apos;Windows 11&amp;apos;, os.arch: &amp;apos;amd64&amp;apos;, os.version: &amp;apos;10.0&amp;apos;, java.version: &amp;apos;17.0.7&amp;apos;
Driver info: com.kms.katalon.selenium.driver.CRemoteWebDriver
Capabilities {acceptInsecureCerts: false, browserName: chrome, browserVersion: 133.0.6847.2, chrome: {chromedriverVersion: 133.0.6847.2 (7e95e23d2d1f8..., userDataDir: C:\Program Files\scoped_dir...}, fedcm:accounts: true, goog:chromeOptions: {debuggerAddress: localhost:9225}, javascriptEnabled: true, katalon:caps: {executionId: 80586707-6680-45a3-9415-aef..., executionSessionId: 389cbcb9-1561-4444-835b-b92...}, katalon:options: {executionId: 80586707-6680-45a3-9415-aef..., executionSessionId: 389cbcb9-1561-4444-835b-b92..., metadata: {accountUuid: fda32340-531c-49aa-a0b7-40d..., organizationId: 1906073, usingTunnel: false}, organizationId: 1906073, runFromTestCloud: true, userId: 1648280, username: innocent.beaver.duja@instan..., usingTunnel: false}, kt:requestId: 389cbcb9-1561-4444-835b-b92..., kt:rid: 389cbcb9-1561-4444-835b-b92..., networkConnectionEnabled: false, pageLoadStrategy: normal, platform: WINDOWS, platformName: WINDOWS, proxy: Proxy(), se:bidiEnabled: false, se:cdpEnabled: false, setWindowRect: true, strictFileInteractability: false, timeouts: {implicit: 0, pageLoad: 300000, script: 30000}, unhandledPromptBehavior: dismiss and notify, webauthn:extension:credBlob: true, webauthn:extension:largeBlob: true, webauthn:extension:minPinLength: true, webauthn:extension:prf: true, webauthn:virtualAuthenticators: true}
Session ID: 6ea429fadc56545c9ffbb6f903e95a2a
	at jdk.internal.reflect.GeneratedConstructorAccessor22.newInstance(Unknown Source)
	at java.base/jdk.internal.reflect.DelegatingConstructorAccessorImpl.newInstance(DelegatingConstructorAccessorImpl.java:45)
	at org.openqa.selenium.remote.http.W3CHttpResponseCodec.createException(W3CHttpResponseCodec.java:187)
	at org.openqa.selenium.remote.http.W3CHttpResponseCodec.decode(W3CHttpResponseCodec.java:122)
	at org.openqa.selenium.remote.http.W3CHttpResponseCodec.decode(W3CHttpResponseCodec.java:49)
	at org.openqa.selenium.remote.HttpCommandExecutor.execute(HttpCommandExecutor.java:158)
	at org.openqa.selenium.remote.RemoteWebDriver.execute(RemoteWebDriver.java:552)
	at com.kms.katalon.selenium.driver.CRemoteWebDriver.execute(CRemoteWebDriver.java:30)
	at org.openqa.selenium.remote.RemoteWebElement.execute(RemoteWebElement.java:285)
	at org.openqa.selenium.remote.RemoteWebElement.sendKeys(RemoteWebElement.java:106)
	at java.base/jdk.internal.reflect.NativeMethodAccessorImpl.invoke0(Native Method)
	at java.base/jdk.internal.reflect.NativeMethodAccessorImpl.invoke(NativeMethodAccessorImpl.java:77)
	at java.base/jdk.internal.reflect.DelegatingMethodAccessorImpl.invoke(DelegatingMethodAccessorImpl.java:43)
	at org.openqa.selenium.support.events.EventFiringWebDriver$EventFiringWebElement.lambda$new$0(EventFiringWebDriver.java:404)
	at jdk.proxy2/jdk.proxy2.$Proxy24.sendKeys(Unknown Source)
	at org.openqa.selenium.support.events.EventFiringWebDriver$EventFiringWebElement.sendKeys(EventFiringWebDriver.java:429)
	at com.kms.katalon.core.webui.keyword.builtin.SetTextKeyword$_setText_closure1.doCall(SetTextKeyword.groovy:71)
	at com.kms.katalon.core.webui.keyword.builtin.SetTextKeyword$_setText_closure1.call(SetTextKeyword.groovy)
	at com.kms.katalon.core.webui.keyword.internal.WebUIKeywordMain.runKeyword(WebUIKeywordMain.groovy:35)
	at com.kms.katalon.core.webui.keyword.builtin.SetTextKeyword.setText(SetTextKeyword.groovy:85)
	at com.kms.katalon.core.webui.keyword.builtin.SetTextKeyword.execute(SetTextKeyword.groovy:39)
	at com.kms.katalon.core.keyword.internal.KeywordExecutor.executeKeywordForPlatform(KeywordExecutor.groovy:74)
	at com.kms.katalon.core.webui.keyword.WebUiBuiltInKeywords.setText(WebUiBuiltInKeywords.groovy:1019)
	at com.test.swaglabs.CustomLogin.WebLoginSixthAccount(CustomLogin.groovy:79)
	at java.base/jdk.internal.reflect.NativeMethodAccessorImpl.invoke0(Native Method)
	at java.base/jdk.internal.reflect.NativeMethodAccessorImpl.invoke(NativeMethodAccessorImpl.java:77)
	at java.base/jdk.internal.reflect.DelegatingMethodAccessorImpl.invoke(DelegatingMethodAccessorImpl.java:43)
	at com.kms.katalon.core.main.CustomKeywordDelegatingMetaClass.invokeStaticMethod(CustomKeywordDelegatingMetaClass.java:55)
	at Script1738220917712.run(Script1738220917712.groovy:24)
	... 15 more
)</message>
  <nestedLevel>1</nestedLevel>
  <escapedJava>false</escapedJava>
  <property name="failed.exception.class">org.openqa.selenium.NoSuchSessionException</property>
  <property name="failed.exception.stacktrace">org.openqa.selenium.NoSuchSessionException: invalid session id: session deleted as the browser has closed the connection
from disconnected: Unable to receive message from renderer
  (Session info: chrome=133.0.6847.2)
Build info: version: &apos;3.141.59&apos;, revision: &apos;unknown&apos;, time: &apos;unknown&apos;
System info: host: &apos;LAPTOP-5GQHVTHK&apos;, ip: &apos;192.168.0.101&apos;, os.name: &apos;Windows 11&apos;, os.arch: &apos;amd64&apos;, os.version: &apos;10.0&apos;, java.version: &apos;17.0.7&apos;
Driver info: com.kms.katalon.selenium.driver.CRemoteWebDriver
Capabilities {acceptInsecureCerts: false, browserName: chrome, browserVersion: 133.0.6847.2, chrome: {chromedriverVersion: 133.0.6847.2 (7e95e23d2d1f8..., userDataDir: C:\Program Files\scoped_dir...}, fedcm:accounts: true, goog:chromeOptions: {debuggerAddress: localhost:9225}, javascriptEnabled: true, katalon:caps: {executionId: 80586707-6680-45a3-9415-aef..., executionSessionId: 389cbcb9-1561-4444-835b-b92...}, katalon:options: {executionId: 80586707-6680-45a3-9415-aef..., executionSessionId: 389cbcb9-1561-4444-835b-b92..., metadata: {accountUuid: fda32340-531c-49aa-a0b7-40d..., organizationId: 1906073, usingTunnel: false}, organizationId: 1906073, runFromTestCloud: true, userId: 1648280, username: innocent.beaver.duja@instan..., usingTunnel: false}, kt:requestId: 389cbcb9-1561-4444-835b-b92..., kt:rid: 389cbcb9-1561-4444-835b-b92..., networkConnectionEnabled: false, pageLoadStrategy: normal, platform: WINDOWS, platformName: WINDOWS, proxy: Proxy(), se:bidiEnabled: false, se:cdpEnabled: false, setWindowRect: true, strictFileInteractability: false, timeouts: {implicit: 0, pageLoad: 300000, script: 30000}, unhandledPromptBehavior: dismiss and notify, webauthn:extension:credBlob: true, webauthn:extension:largeBlob: true, webauthn:extension:minPinLength: true, webauthn:extension:prf: true, webauthn:virtualAuthenticators: true}
Session ID: 6ea429fadc56545c9ffbb6f903e95a2a
	at jdk.internal.reflect.GeneratedConstructorAccessor22.newInstance(Unknown Source)
	at java.base/jdk.internal.reflect.DelegatingConstructorAccessorImpl.newInstance(DelegatingConstructorAccessorImpl.java:45)
	at org.openqa.selenium.remote.http.W3CHttpResponseCodec.createException(W3CHttpResponseCodec.java:187)
	at org.openqa.selenium.remote.http.W3CHttpResponseCodec.decode(W3CHttpResponseCodec.java:122)
	at org.openqa.selenium.remote.http.W3CHttpResponseCodec.decode(W3CHttpResponseCodec.java:49)
	at org.openqa.selenium.remote.HttpCommandExecutor.execute(HttpCommandExecutor.java:158)
	at org.openqa.selenium.remote.RemoteWebDriver.execute(RemoteWebDriver.java:552)
	at com.kms.katalon.selenium.driver.CRemoteWebDriver.execute(CRemoteWebDriver.java:30)
	at org.openqa.selenium.remote.RemoteWebElement.execute(RemoteWebElement.java:285)
	at org.openqa.selenium.remote.RemoteWebElement.sendKeys(RemoteWebElement.java:106)
	at java.base/jdk.internal.reflect.NativeMethodAccessorImpl.invoke0(Native Method)
	at java.base/jdk.internal.reflect.NativeMethodAccessorImpl.invoke(NativeMethodAccessorImpl.java:77)
	at java.base/jdk.internal.reflect.DelegatingMethodAccessorImpl.invoke(DelegatingMethodAccessorImpl.java:43)
	at org.openqa.selenium.support.events.EventFiringWebDriver$EventFiringWebElement.lambda$new$0(EventFiringWebDriver.java:404)
	at jdk.proxy2/jdk.proxy2.$Proxy24.sendKeys(Unknown Source)
	at org.openqa.selenium.support.events.EventFiringWebDriver$EventFiringWebElement.sendKeys(EventFiringWebDriver.java:429)
	at com.kms.katalon.core.webui.keyword.builtin.SetTextKeyword$_setText_closure1.doCall(SetTextKeyword.groovy:71)
	at com.kms.katalon.core.webui.keyword.builtin.SetTextKeyword$_setText_closure1.call(SetTextKeyword.groovy)
	at com.kms.katalon.core.webui.keyword.internal.WebUIKeywordMain.runKeyword(WebUIKeywordMain.groovy:35)
	at com.kms.katalon.core.webui.keyword.builtin.SetTextKeyword.setText(SetTextKeyword.groovy:85)
	at com.kms.katalon.core.webui.keyword.builtin.SetTextKeyword.execute(SetTextKeyword.groovy:39)
	at com.kms.katalon.core.keyword.internal.KeywordExecutor.executeKeywordForPlatform(KeywordExecutor.groovy:74)
	at com.kms.katalon.core.webui.keyword.WebUiBuiltInKeywords.setText(WebUiBuiltInKeywords.groovy:1019)
	at com.test.swaglabs.CustomLogin.WebLoginSixthAccount(CustomLogin.groovy:79)
	at java.base/jdk.internal.reflect.NativeMethodAccessorImpl.invoke0(Native Method)
	at java.base/jdk.internal.reflect.NativeMethodAccessorImpl.invoke(NativeMethodAccessorImpl.java:77)
	at java.base/jdk.internal.reflect.DelegatingMethodAccessorImpl.invoke(DelegatingMethodAccessorImpl.java:43)
	at com.kms.katalon.core.main.CustomKeywordDelegatingMetaClass.invokeStaticMethod(CustomKeywordDelegatingMetaClass.java:55)
	at Login by Sixth Account - visual_user.run(Login by Sixth Account - visual_user:24)
	at com.kms.katalon.core.main.ScriptEngine.run(ScriptEngine.java:194)
	at com.kms.katalon.core.main.ScriptEngine.runScriptAsRawText(ScriptEngine.java:119)
	at com.kms.katalon.core.main.TestCaseExecutor.runScript(TestCaseExecutor.java:448)
	at com.kms.katalon.core.main.TestCaseExecutor.doExecute(TestCaseExecutor.java:439)
	at com.kms.katalon.core.main.TestCaseExecutor.processExecutionPhase(TestCaseExecutor.java:418)
	at com.kms.katalon.core.main.TestCaseExecutor.accessMainPhase(TestCaseExecutor.java:410)
	at com.kms.katalon.core.main.TestCaseExecutor.execute(TestCaseExecutor.java:285)
	at com.kms.katalon.core.common.CommonExecutor.accessTestCaseMainPhase(CommonExecutor.java:65)
	at com.kms.katalon.core.main.TestSuiteExecutor.accessTestSuiteMainPhase(TestSuiteExecutor.java:150)
	at com.kms.katalon.core.main.TestSuiteExecutor.execute(TestSuiteExecutor.java:106)
	at com.kms.katalon.core.main.TestCaseMain.startTestSuite(TestCaseMain.java:180)
	at TempTestSuite1738333839214.run(TempTestSuite1738333839214.groovy:35)
	at java.base/jdk.internal.reflect.NativeMethodAccessorImpl.invoke0(Native Method)
	at java.base/jdk.internal.reflect.NativeMethodAccessorImpl.invoke(NativeMethodAccessorImpl.java:77)
	at java.base/jdk.internal.reflect.DelegatingMethodAccessorImpl.invoke(DelegatingMethodAccessorImpl.java:43)
</property>
  <property name="failed.exception.message">invalid session id: session deleted as the browser has closed the connection
from disconnected: Unable to receive message from renderer
  (Session info: chrome=133.0.6847.2)
Build info: version: &apos;3.141.59&apos;, revision: &apos;unknown&apos;, time: &apos;unknown&apos;
System info: host: &apos;LAPTOP-5GQHVTHK&apos;, ip: &apos;192.168.0.101&apos;, os.name: &apos;Windows 11&apos;, os.arch: &apos;amd64&apos;, os.version: &apos;10.0&apos;, java.version: &apos;17.0.7&apos;
Driver info: com.kms.katalon.selenium.driver.CRemoteWebDriver
Capabilities {acceptInsecureCerts: false, browserName: chrome, browserVersion: 133.0.6847.2, chrome: {chromedriverVersion: 133.0.6847.2 (7e95e23d2d1f8..., userDataDir: C:\Program Files\scoped_dir...}, fedcm:accounts: true, goog:chromeOptions: {debuggerAddress: localhost:9225}, javascriptEnabled: true, katalon:caps: {executionId: 80586707-6680-45a3-9415-aef..., executionSessionId: 389cbcb9-1561-4444-835b-b92...}, katalon:options: {executionId: 80586707-6680-45a3-9415-aef..., executionSessionId: 389cbcb9-1561-4444-835b-b92..., metadata: {accountUuid: fda32340-531c-49aa-a0b7-40d..., organizationId: 1906073, usingTunnel: false}, organizationId: 1906073, runFromTestCloud: true, userId: 1648280, username: innocent.beaver.duja@instan..., usingTunnel: false}, kt:requestId: 389cbcb9-1561-4444-835b-b92..., kt:rid: 389cbcb9-1561-4444-835b-b92..., networkConnectionEnabled: false, pageLoadStrategy: normal, platform: WINDOWS, platformName: WINDOWS, proxy: Proxy(), se:bidiEnabled: false, se:cdpEnabled: false, setWindowRect: true, strictFileInteractability: false, timeouts: {implicit: 0, pageLoad: 300000, script: 30000}, unhandledPromptBehavior: dismiss and notify, webauthn:extension:credBlob: true, webauthn:extension:largeBlob: true, webauthn:extension:minPinLength: true, webauthn:extension:prf: true, webauthn:virtualAuthenticators: true}
Session ID: 6ea429fadc56545c9ffbb6f903e95a2a</property>
</record>
<record>
  <date>2025-01-31T14:35:57.608060900Z</date>
  <millis>1738334157608</millis>
  <nanos>60900</nanos>
  <sequence>644</sequence>
  <level>FAILED</level>
  <class>com.kms.katalon.core.logging.XmlKeywordLogger</class>
  <method>logMessage</method>
  <thread>1</thread>
  <message>Unable to set text &amp;apos;visual_user&amp;apos; of object &amp;apos;Object Repository/Page_Swag Labs/input_Swag Labs_user-name&amp;apos;</message>
  <nestedLevel>1</nestedLevel>
  <escapedJava>false</escapedJava>
  <property name="failed.exception.class">org.openqa.selenium.NoSuchSessionException</property>
  <property name="failed.exception.stacktrace">org.openqa.selenium.NoSuchSessionException: invalid session id: session deleted as the browser has closed the connection
from disconnected: Unable to receive message from renderer
  (Session info: chrome=133.0.6847.2)
Build info: version: &apos;3.141.59&apos;, revision: &apos;unknown&apos;, time: &apos;unknown&apos;
System info: host: &apos;LAPTOP-5GQHVTHK&apos;, ip: &apos;192.168.0.101&apos;, os.name: &apos;Windows 11&apos;, os.arch: &apos;amd64&apos;, os.version: &apos;10.0&apos;, java.version: &apos;17.0.7&apos;
Driver info: com.kms.katalon.selenium.driver.CRemoteWebDriver
Capabilities {acceptInsecureCerts: false, browserName: chrome, browserVersion: 133.0.6847.2, chrome: {chromedriverVersion: 133.0.6847.2 (7e95e23d2d1f8..., userDataDir: C:\Program Files\scoped_dir...}, fedcm:accounts: true, goog:chromeOptions: {debuggerAddress: localhost:9225}, javascriptEnabled: true, katalon:caps: {executionId: 80586707-6680-45a3-9415-aef..., executionSessionId: 389cbcb9-1561-4444-835b-b92...}, katalon:options: {executionId: 80586707-6680-45a3-9415-aef..., executionSessionId: 389cbcb9-1561-4444-835b-b92..., metadata: {accountUuid: fda32340-531c-49aa-a0b7-40d..., organizationId: 1906073, usingTunnel: false}, organizationId: 1906073, runFromTestCloud: true, userId: 1648280, username: innocent.beaver.duja@instan..., usingTunnel: false}, kt:requestId: 389cbcb9-1561-4444-835b-b92..., kt:rid: 389cbcb9-1561-4444-835b-b92..., networkConnectionEnabled: false, pageLoadStrategy: normal, platform: WINDOWS, platformName: WINDOWS, proxy: Proxy(), se:bidiEnabled: false, se:cdpEnabled: false, setWindowRect: true, strictFileInteractability: false, timeouts: {implicit: 0, pageLoad: 300000, script: 30000}, unhandledPromptBehavior: dismiss and notify, webauthn:extension:credBlob: true, webauthn:extension:largeBlob: true, webauthn:extension:minPinLength: true, webauthn:extension:prf: true, webauthn:virtualAuthenticators: true}
Session ID: 6ea429fadc56545c9ffbb6f903e95a2a
	at jdk.internal.reflect.GeneratedConstructorAccessor22.newInstance(Unknown Source)
	at java.base/jdk.internal.reflect.DelegatingConstructorAccessorImpl.newInstance(DelegatingConstructorAccessorImpl.java:45)
	at org.openqa.selenium.remote.http.W3CHttpResponseCodec.createException(W3CHttpResponseCodec.java:187)
	at org.openqa.selenium.remote.http.W3CHttpResponseCodec.decode(W3CHttpResponseCodec.java:122)
	at org.openqa.selenium.remote.http.W3CHttpResponseCodec.decode(W3CHttpResponseCodec.java:49)
	at org.openqa.selenium.remote.HttpCommandExecutor.execute(HttpCommandExecutor.java:158)
	at org.openqa.selenium.remote.RemoteWebDriver.execute(RemoteWebDriver.java:552)
	at com.kms.katalon.selenium.driver.CRemoteWebDriver.execute(CRemoteWebDriver.java:30)
	at org.openqa.selenium.remote.RemoteWebElement.execute(RemoteWebElement.java:285)
	at org.openqa.selenium.remote.RemoteWebElement.sendKeys(RemoteWebElement.java:106)
	at java.base/jdk.internal.reflect.NativeMethodAccessorImpl.invoke0(Native Method)
	at java.base/jdk.internal.reflect.NativeMethodAccessorImpl.invoke(NativeMethodAccessorImpl.java:77)
	at java.base/jdk.internal.reflect.DelegatingMethodAccessorImpl.invoke(DelegatingMethodAccessorImpl.java:43)
	at org.openqa.selenium.support.events.EventFiringWebDriver$EventFiringWebElement.lambda$new$0(EventFiringWebDriver.java:404)
	at jdk.proxy2/jdk.proxy2.$Proxy24.sendKeys(Unknown Source)
	at org.openqa.selenium.support.events.EventFiringWebDriver$EventFiringWebElement.sendKeys(EventFiringWebDriver.java:429)
	at com.kms.katalon.core.webui.keyword.builtin.SetTextKeyword$_setText_closure1.doCall(SetTextKeyword.groovy:71)
	at com.kms.katalon.core.webui.keyword.builtin.SetTextKeyword$_setText_closure1.call(SetTextKeyword.groovy)
	at com.kms.katalon.core.webui.keyword.internal.WebUIKeywordMain.runKeyword(WebUIKeywordMain.groovy:35)
	at com.kms.katalon.core.webui.keyword.builtin.SetTextKeyword.setText(SetTextKeyword.groovy:85)
	at com.kms.katalon.core.webui.keyword.builtin.SetTextKeyword.execute(SetTextKeyword.groovy:39)
	at com.kms.katalon.core.keyword.internal.KeywordExecutor.executeKeywordForPlatform(KeywordExecutor.groovy:74)
	at com.kms.katalon.core.webui.keyword.WebUiBuiltInKeywords.setText(WebUiBuiltInKeywords.groovy:1019)
	at com.test.swaglabs.CustomLogin.WebLoginSixthAccount(CustomLogin.groovy:79)
	at java.base/jdk.internal.reflect.NativeMethodAccessorImpl.invoke0(Native Method)
	at java.base/jdk.internal.reflect.NativeMethodAccessorImpl.invoke(NativeMethodAccessorImpl.java:77)
	at java.base/jdk.internal.reflect.DelegatingMethodAccessorImpl.invoke(DelegatingMethodAccessorImpl.java:43)
	at com.kms.katalon.core.main.CustomKeywordDelegatingMetaClass.invokeStaticMethod(CustomKeywordDelegatingMetaClass.java:55)
	at Login by Sixth Account - visual_user.run(Login by Sixth Account - visual_user:24)
	at com.kms.katalon.core.main.ScriptEngine.run(ScriptEngine.java:194)
	at com.kms.katalon.core.main.ScriptEngine.runScriptAsRawText(ScriptEngine.java:119)
	at com.kms.katalon.core.main.TestCaseExecutor.runScript(TestCaseExecutor.java:448)
	at com.kms.katalon.core.main.TestCaseExecutor.doExecute(TestCaseExecutor.java:439)
	at com.kms.katalon.core.main.TestCaseExecutor.processExecutionPhase(TestCaseExecutor.java:418)
	at com.kms.katalon.core.main.TestCaseExecutor.accessMainPhase(TestCaseExecutor.java:410)
	at com.kms.katalon.core.main.TestCaseExecutor.execute(TestCaseExecutor.java:285)
	at com.kms.katalon.core.common.CommonExecutor.accessTestCaseMainPhase(CommonExecutor.java:65)
	at com.kms.katalon.core.main.TestSuiteExecutor.accessTestSuiteMainPhase(TestSuiteExecutor.java:150)
	at com.kms.katalon.core.main.TestSuiteExecutor.execute(TestSuiteExecutor.java:106)
	at com.kms.katalon.core.main.TestCaseMain.startTestSuite(TestCaseMain.java:180)
	at TempTestSuite1738333839214.run(TempTestSuite1738333839214.groovy:35)
	at java.base/jdk.internal.reflect.NativeMethodAccessorImpl.invoke0(Native Method)
	at java.base/jdk.internal.reflect.NativeMethodAccessorImpl.invoke(NativeMethodAccessorImpl.java:77)
	at java.base/jdk.internal.reflect.DelegatingMethodAccessorImpl.invoke(DelegatingMethodAccessorImpl.java:43)
</property>
  <property name="failed.exception.message">invalid session id: session deleted as the browser has closed the connection
from disconnected: Unable to receive message from renderer
  (Session info: chrome=133.0.6847.2)
Build info: version: &apos;3.141.59&apos;, revision: &apos;unknown&apos;, time: &apos;unknown&apos;
System info: host: &apos;LAPTOP-5GQHVTHK&apos;, ip: &apos;192.168.0.101&apos;, os.name: &apos;Windows 11&apos;, os.arch: &apos;amd64&apos;, os.version: &apos;10.0&apos;, java.version: &apos;17.0.7&apos;
Driver info: com.kms.katalon.selenium.driver.CRemoteWebDriver
Capabilities {acceptInsecureCerts: false, browserName: chrome, browserVersion: 133.0.6847.2, chrome: {chromedriverVersion: 133.0.6847.2 (7e95e23d2d1f8..., userDataDir: C:\Program Files\scoped_dir...}, fedcm:accounts: true, goog:chromeOptions: {debuggerAddress: localhost:9225}, javascriptEnabled: true, katalon:caps: {executionId: 80586707-6680-45a3-9415-aef..., executionSessionId: 389cbcb9-1561-4444-835b-b92...}, katalon:options: {executionId: 80586707-6680-45a3-9415-aef..., executionSessionId: 389cbcb9-1561-4444-835b-b92..., metadata: {accountUuid: fda32340-531c-49aa-a0b7-40d..., organizationId: 1906073, usingTunnel: false}, organizationId: 1906073, runFromTestCloud: true, userId: 1648280, username: innocent.beaver.duja@instan..., usingTunnel: false}, kt:requestId: 389cbcb9-1561-4444-835b-b92..., kt:rid: 389cbcb9-1561-4444-835b-b92..., networkConnectionEnabled: false, pageLoadStrategy: normal, platform: WINDOWS, platformName: WINDOWS, proxy: Proxy(), se:bidiEnabled: false, se:cdpEnabled: false, setWindowRect: true, strictFileInteractability: false, timeouts: {implicit: 0, pageLoad: 300000, script: 30000}, unhandledPromptBehavior: dismiss and notify, webauthn:extension:credBlob: true, webauthn:extension:largeBlob: true, webauthn:extension:minPinLength: true, webauthn:extension:prf: true, webauthn:virtualAuthenticators: true}
Session ID: 6ea429fadc56545c9ffbb6f903e95a2a</property>
</record>
<record>
  <date>2025-01-31T14:35:57.610059900Z</date>
  <millis>1738334157610</millis>
  <nanos>59900</nanos>
  <sequence>647</sequence>
  <level>END</level>
  <class>com.kms.katalon.core.logging.XmlKeywordLogger</class>
  <method>endKeyword</method>
  <thread>1</thread>
  <message>End action : com.test.swaglabs.CustomLogin.WebLoginSixthAccount()</message>
  <nestedLevel>1</nestedLevel>
  <escapedJava>false</escapedJava>
</record>
<record>
  <date>2025-01-31T14:35:57.612058500Z</date>
  <millis>1738334157612</millis>
  <nanos>58500</nanos>
  <sequence>650</sequence>
  <level>FAILED</level>
  <class>com.kms.katalon.core.logging.XmlKeywordLogger</class>
  <method>logMessage</method>
  <thread>1</thread>
  <message>Test Cases/Login by Sixth Account - visual_user FAILED.
Reason:
com.kms.katalon.core.exception.StepFailedException: Unable to set text &amp;apos;visual_user&amp;apos; of object &amp;apos;Object Repository/Page_Swag Labs/input_Swag Labs_user-name&amp;apos;
	at com.kms.katalon.core.webui.keyword.internal.WebUIKeywordMain.stepFailed(WebUIKeywordMain.groovy:117)
	at com.kms.katalon.core.webui.keyword.internal.WebUIKeywordMain.runKeyword(WebUIKeywordMain.groovy:43)
	at com.kms.katalon.core.webui.keyword.builtin.SetTextKeyword.setText(SetTextKeyword.groovy:85)
	at com.kms.katalon.core.webui.keyword.builtin.SetTextKeyword.execute(SetTextKeyword.groovy:39)
	at com.kms.katalon.core.keyword.internal.KeywordExecutor.executeKeywordForPlatform(KeywordExecutor.groovy:74)
	at com.kms.katalon.core.webui.keyword.WebUiBuiltInKeywords.setText(WebUiBuiltInKeywords.groovy:1019)
	at com.test.swaglabs.CustomLogin.WebLoginSixthAccount(CustomLogin.groovy:79)
	at java.base/jdk.internal.reflect.NativeMethodAccessorImpl.invoke0(Native Method)
	at java.base/jdk.internal.reflect.NativeMethodAccessorImpl.invoke(NativeMethodAccessorImpl.java:77)
	at java.base/jdk.internal.reflect.DelegatingMethodAccessorImpl.invoke(DelegatingMethodAccessorImpl.java:43)
	at com.kms.katalon.core.main.CustomKeywordDelegatingMetaClass.invokeStaticMethod(CustomKeywordDelegatingMetaClass.java:55)
	at Login by Sixth Account - visual_user.run(Login by Sixth Account - visual_user:24)
	at com.kms.katalon.core.main.ScriptEngine.run(ScriptEngine.java:194)
	at com.kms.katalon.core.main.ScriptEngine.runScriptAsRawText(ScriptEngine.java:119)
	at com.kms.katalon.core.main.TestCaseExecutor.runScript(TestCaseExecutor.java:448)
	at com.kms.katalon.core.main.TestCaseExecutor.doExecute(TestCaseExecutor.java:439)
	at com.kms.katalon.core.main.TestCaseExecutor.processExecutionPhase(TestCaseExecutor.java:418)
	at com.kms.katalon.core.main.TestCaseExecutor.accessMainPhase(TestCaseExecutor.java:410)
	at com.kms.katalon.core.main.TestCaseExecutor.execute(TestCaseExecutor.java:285)
	at com.kms.katalon.core.common.CommonExecutor.accessTestCaseMainPhase(CommonExecutor.java:65)
	at com.kms.katalon.core.main.TestSuiteExecutor.accessTestSuiteMainPhase(TestSuiteExecutor.java:150)
	at com.kms.katalon.core.main.TestSuiteExecutor.execute(TestSuiteExecutor.java:106)
	at com.kms.katalon.core.main.TestCaseMain.startTestSuite(TestCaseMain.java:180)
	at TempTestSuite1738333839214.run(TempTestSuite1738333839214.groovy:35)
	at java.base/jdk.internal.reflect.NativeMethodAccessorImpl.invoke0(Native Method)
	at java.base/jdk.internal.reflect.NativeMethodAccessorImpl.invoke(NativeMethodAccessorImpl.java:77)
	at java.base/jdk.internal.reflect.DelegatingMethodAccessorImpl.invoke(DelegatingMethodAccessorImpl.java:43)
Caused by: org.openqa.selenium.NoSuchSessionException: invalid session id: session deleted as the browser has closed the connection
from disconnected: Unable to receive message from renderer
  (Session info: chrome=133.0.6847.2)
Build info: version: &amp;apos;3.141.59&amp;apos;, revision: &amp;apos;unknown&amp;apos;, time: &amp;apos;unknown&amp;apos;
System info: host: &amp;apos;LAPTOP-5GQHVTHK&amp;apos;, ip: &amp;apos;192.168.0.101&amp;apos;, os.name: &amp;apos;Windows 11&amp;apos;, os.arch: &amp;apos;amd64&amp;apos;, os.version: &amp;apos;10.0&amp;apos;, java.version: &amp;apos;17.0.7&amp;apos;
Driver info: com.kms.katalon.selenium.driver.CRemoteWebDriver
Capabilities {acceptInsecureCerts: false, browserName: chrome, browserVersion: 133.0.6847.2, chrome: {chromedriverVersion: 133.0.6847.2 (7e95e23d2d1f8..., userDataDir: C:\Program Files\scoped_dir...}, fedcm:accounts: true, goog:chromeOptions: {debuggerAddress: localhost:9225}, javascriptEnabled: true, katalon:caps: {executionId: 80586707-6680-45a3-9415-aef..., executionSessionId: 389cbcb9-1561-4444-835b-b92...}, katalon:options: {executionId: 80586707-6680-45a3-9415-aef..., executionSessionId: 389cbcb9-1561-4444-835b-b92..., metadata: {accountUuid: fda32340-531c-49aa-a0b7-40d..., organizationId: 1906073, usingTunnel: false}, organizationId: 1906073, runFromTestCloud: true, userId: 1648280, username: innocent.beaver.duja@instan..., usingTunnel: false}, kt:requestId: 389cbcb9-1561-4444-835b-b92..., kt:rid: 389cbcb9-1561-4444-835b-b92..., networkConnectionEnabled: false, pageLoadStrategy: normal, platform: WINDOWS, platformName: WINDOWS, proxy: Proxy(), se:bidiEnabled: false, se:cdpEnabled: false, setWindowRect: true, strictFileInteractability: false, timeouts: {implicit: 0, pageLoad: 300000, script: 30000}, unhandledPromptBehavior: dismiss and notify, webauthn:extension:credBlob: true, webauthn:extension:largeBlob: true, webauthn:extension:minPinLength: true, webauthn:extension:prf: true, webauthn:virtualAuthenticators: true}
Session ID: 6ea429fadc56545c9ffbb6f903e95a2a
	at jdk.internal.reflect.GeneratedConstructorAccessor22.newInstance(Unknown Source)
	at java.base/jdk.internal.reflect.DelegatingConstructorAccessorImpl.newInstance(DelegatingConstructorAccessorImpl.java:45)
	at org.openqa.selenium.remote.http.W3CHttpResponseCodec.createException(W3CHttpResponseCodec.java:187)
	at org.openqa.selenium.remote.http.W3CHttpResponseCodec.decode(W3CHttpResponseCodec.java:122)
	at org.openqa.selenium.remote.http.W3CHttpResponseCodec.decode(W3CHttpResponseCodec.java:49)
	at org.openqa.selenium.remote.HttpCommandExecutor.execute(HttpCommandExecutor.java:158)
	at org.openqa.selenium.remote.RemoteWebDriver.execute(RemoteWebDriver.java:552)
	at com.kms.katalon.selenium.driver.CRemoteWebDriver.execute(CRemoteWebDriver.java:30)
	at org.openqa.selenium.remote.RemoteWebElement.execute(RemoteWebElement.java:285)
	at org.openqa.selenium.remote.RemoteWebElement.sendKeys(RemoteWebElement.java:106)
	at java.base/jdk.internal.reflect.NativeMethodAccessorImpl.invoke0(Native Method)
	at java.base/jdk.internal.reflect.NativeMethodAccessorImpl.invoke(NativeMethodAccessorImpl.java:77)
	at java.base/jdk.internal.reflect.DelegatingMethodAccessorImpl.invoke(DelegatingMethodAccessorImpl.java:43)
	at org.openqa.selenium.support.events.EventFiringWebDriver$EventFiringWebElement.lambda$new$0(EventFiringWebDriver.java:404)
	at jdk.proxy2/jdk.proxy2.$Proxy24.sendKeys(Unknown Source)
	at org.openqa.selenium.support.events.EventFiringWebDriver$EventFiringWebElement.sendKeys(EventFiringWebDriver.java:429)
	at com.kms.katalon.core.webui.keyword.builtin.SetTextKeyword$_setText_closure1.doCall(SetTextKeyword.groovy:71)
	at com.kms.katalon.core.webui.keyword.builtin.SetTextKeyword$_setText_closure1.call(SetTextKeyword.groovy)
	at com.kms.katalon.core.webui.keyword.internal.WebUIKeywordMain.runKeyword(WebUIKeywordMain.groovy:35)
	... 25 more
</message>
  <exception>
    <message>com.kms.katalon.core.exception.StepFailedException: Unable to set text 'visual_user' of object 'Object Repository/Page_Swag Labs/input_Swag Labs_user-name'</message>
    <frame>
      <class>com.kms.katalon.core.webui.keyword.internal.WebUIKeywordMain</class>
      <method>stepFailed</method>
      <line>117</line>
    </frame>
    <frame>
      <class>com.kms.katalon.core.webui.keyword.internal.WebUIKeywordMain</class>
      <method>runKeyword</method>
      <line>43</line>
    </frame>
    <frame>
      <class>com.kms.katalon.core.webui.keyword.builtin.SetTextKeyword</class>
      <method>setText</method>
      <line>85</line>
    </frame>
    <frame>
      <class>com.kms.katalon.core.webui.keyword.builtin.SetTextKeyword</class>
      <method>execute</method>
      <line>39</line>
    </frame>
    <frame>
      <class>com.kms.katalon.core.keyword.internal.KeywordExecutor</class>
      <method>executeKeywordForPlatform</method>
      <line>74</line>
    </frame>
    <frame>
      <class>com.kms.katalon.core.webui.keyword.WebUiBuiltInKeywords</class>
      <method>setText</method>
      <line>1019</line>
    </frame>
    <frame>
      <class>com.test.swaglabs.CustomLogin</class>
      <method>WebLoginSixthAccount</method>
      <line>79</line>
    </frame>
    <frame>
      <class>jdk.internal.reflect.NativeMethodAccessorImpl</class>
      <method>invoke0</method>
    </frame>
    <frame>
      <class>jdk.internal.reflect.NativeMethodAccessorImpl</class>
      <method>invoke</method>
      <line>77</line>
    </frame>
    <frame>
      <class>jdk.internal.reflect.DelegatingMethodAccessorImpl</class>
      <method>invoke</method>
      <line>43</line>
    </frame>
    <frame>
      <class>com.kms.katalon.core.main.CustomKeywordDelegatingMetaClass</class>
      <method>invokeStaticMethod</method>
      <line>55</line>
    </frame>
    <frame>
      <class>Login by Sixth Account - visual_user</class>
      <method>run</method>
      <line>24</line>
    </frame>
    <frame>
      <class>com.kms.katalon.core.main.ScriptEngine</class>
      <method>run</method>
      <line>194</line>
    </frame>
    <frame>
      <class>com.kms.katalon.core.main.ScriptEngine</class>
      <method>runScriptAsRawText</method>
      <line>119</line>
    </frame>
    <frame>
      <class>com.kms.katalon.core.main.TestCaseExecutor</class>
      <method>runScript</method>
      <line>448</line>
    </frame>
    <frame>
      <class>com.kms.katalon.core.main.TestCaseExecutor</class>
      <method>doExecute</method>
      <line>439</line>
    </frame>
    <frame>
      <class>com.kms.katalon.core.main.TestCaseExecutor</class>
      <method>processExecutionPhase</method>
      <line>418</line>
    </frame>
    <frame>
      <class>com.kms.katalon.core.main.TestCaseExecutor</class>
      <method>accessMainPhase</method>
      <line>410</line>
    </frame>
    <frame>
      <class>com.kms.katalon.core.main.TestCaseExecutor</class>
      <method>execute</method>
      <line>285</line>
    </frame>
    <frame>
      <class>com.kms.katalon.core.common.CommonExecutor</class>
      <method>accessTestCaseMainPhase</method>
      <line>65</line>
    </frame>
    <frame>
      <class>com.kms.katalon.core.main.TestSuiteExecutor</class>
      <method>accessTestSuiteMainPhase</method>
      <line>150</line>
    </frame>
    <frame>
      <class>com.kms.katalon.core.main.TestSuiteExecutor</class>
      <method>execute</method>
      <line>106</line>
    </frame>
    <frame>
      <class>com.kms.katalon.core.main.TestCaseMain</class>
      <method>startTestSuite</method>
      <line>180</line>
    </frame>
    <frame>
      <class>TempTestSuite1738333839214</class>
      <method>run</method>
      <line>35</line>
    </frame>
    <frame>
      <class>jdk.internal.reflect.NativeMethodAccessorImpl</class>
      <method>invoke0</method>
    </frame>
    <frame>
      <class>jdk.internal.reflect.NativeMethodAccessorImpl</class>
      <method>invoke</method>
      <line>77</line>
    </frame>
    <frame>
      <class>jdk.internal.reflect.DelegatingMethodAccessorImpl</class>
      <method>invoke</method>
      <line>43</line>
    </frame>
  </exception>
  <nestedLevel>0</nestedLevel>
  <escapedJava>false</escapedJava>
  <property name="failed.exception.stacktrace">org.openqa.selenium.NoSuchSessionException: invalid session id: session deleted as the browser has closed the connection
from disconnected: Unable to receive message from renderer
  (Session info: chrome=133.0.6847.2)
Build info: version: &apos;3.141.59&apos;, revision: &apos;unknown&apos;, time: &apos;unknown&apos;
System info: host: &apos;LAPTOP-5GQHVTHK&apos;, ip: &apos;192.168.0.101&apos;, os.name: &apos;Windows 11&apos;, os.arch: &apos;amd64&apos;, os.version: &apos;10.0&apos;, java.version: &apos;17.0.7&apos;
Driver info: com.kms.katalon.selenium.driver.CRemoteWebDriver
Capabilities {acceptInsecureCerts: false, browserName: chrome, browserVersion: 133.0.6847.2, chrome: {chromedriverVersion: 133.0.6847.2 (7e95e23d2d1f8..., userDataDir: C:\Program Files\scoped_dir...}, fedcm:accounts: true, goog:chromeOptions: {debuggerAddress: localhost:9225}, javascriptEnabled: true, katalon:caps: {executionId: 80586707-6680-45a3-9415-aef..., executionSessionId: 389cbcb9-1561-4444-835b-b92...}, katalon:options: {executionId: 80586707-6680-45a3-9415-aef..., executionSessionId: 389cbcb9-1561-4444-835b-b92..., metadata: {accountUuid: fda32340-531c-49aa-a0b7-40d..., organizationId: 1906073, usingTunnel: false}, organizationId: 1906073, runFromTestCloud: true, userId: 1648280, username: innocent.beaver.duja@instan..., usingTunnel: false}, kt:requestId: 389cbcb9-1561-4444-835b-b92..., kt:rid: 389cbcb9-1561-4444-835b-b92..., networkConnectionEnabled: false, pageLoadStrategy: normal, platform: WINDOWS, platformName: WINDOWS, proxy: Proxy(), se:bidiEnabled: false, se:cdpEnabled: false, setWindowRect: true, strictFileInteractability: false, timeouts: {implicit: 0, pageLoad: 300000, script: 30000}, unhandledPromptBehavior: dismiss and notify, webauthn:extension:credBlob: true, webauthn:extension:largeBlob: true, webauthn:extension:minPinLength: true, webauthn:extension:prf: true, webauthn:virtualAuthenticators: true}
Session ID: 6ea429fadc56545c9ffbb6f903e95a2a
	at jdk.internal.reflect.GeneratedConstructorAccessor22.newInstance(Unknown Source)
	at java.base/jdk.internal.reflect.DelegatingConstructorAccessorImpl.newInstance(DelegatingConstructorAccessorImpl.java:45)
	at org.openqa.selenium.remote.http.W3CHttpResponseCodec.createException(W3CHttpResponseCodec.java:187)
	at org.openqa.selenium.remote.http.W3CHttpResponseCodec.decode(W3CHttpResponseCodec.java:122)
	at org.openqa.selenium.remote.http.W3CHttpResponseCodec.decode(W3CHttpResponseCodec.java:49)
	at org.openqa.selenium.remote.HttpCommandExecutor.execute(HttpCommandExecutor.java:158)
	at org.openqa.selenium.remote.RemoteWebDriver.execute(RemoteWebDriver.java:552)
	at com.kms.katalon.selenium.driver.CRemoteWebDriver.execute(CRemoteWebDriver.java:30)
	at org.openqa.selenium.remote.RemoteWebElement.execute(RemoteWebElement.java:285)
	at org.openqa.selenium.remote.RemoteWebElement.sendKeys(RemoteWebElement.java:106)
	at java.base/jdk.internal.reflect.NativeMethodAccessorImpl.invoke0(Native Method)
	at java.base/jdk.internal.reflect.NativeMethodAccessorImpl.invoke(NativeMethodAccessorImpl.java:77)
	at java.base/jdk.internal.reflect.DelegatingMethodAccessorImpl.invoke(DelegatingMethodAccessorImpl.java:43)
	at org.openqa.selenium.support.events.EventFiringWebDriver$EventFiringWebElement.lambda$new$0(EventFiringWebDriver.java:404)
	at jdk.proxy2/jdk.proxy2.$Proxy24.sendKeys(Unknown Source)
	at org.openqa.selenium.support.events.EventFiringWebDriver$EventFiringWebElement.sendKeys(EventFiringWebDriver.java:429)
	at com.kms.katalon.core.webui.keyword.builtin.SetTextKeyword$_setText_closure1.doCall(SetTextKeyword.groovy:71)
	at com.kms.katalon.core.webui.keyword.builtin.SetTextKeyword$_setText_closure1.call(SetTextKeyword.groovy)
	at com.kms.katalon.core.webui.keyword.internal.WebUIKeywordMain.runKeyword(WebUIKeywordMain.groovy:35)
	at com.kms.katalon.core.webui.keyword.builtin.SetTextKeyword.setText(SetTextKeyword.groovy:85)
	at com.kms.katalon.core.webui.keyword.builtin.SetTextKeyword.execute(SetTextKeyword.groovy:39)
	at com.kms.katalon.core.keyword.internal.KeywordExecutor.executeKeywordForPlatform(KeywordExecutor.groovy:74)
	at com.kms.katalon.core.webui.keyword.WebUiBuiltInKeywords.setText(WebUiBuiltInKeywords.groovy:1019)
	at com.test.swaglabs.CustomLogin.WebLoginSixthAccount(CustomLogin.groovy:79)
	at java.base/jdk.internal.reflect.NativeMethodAccessorImpl.invoke0(Native Method)
	at java.base/jdk.internal.reflect.NativeMethodAccessorImpl.invoke(NativeMethodAccessorImpl.java:77)
	at java.base/jdk.internal.reflect.DelegatingMethodAccessorImpl.invoke(DelegatingMethodAccessorImpl.java:43)
	at com.kms.katalon.core.main.CustomKeywordDelegatingMetaClass.invokeStaticMethod(CustomKeywordDelegatingMetaClass.java:55)
	at Login by Sixth Account - visual_user.run(Login by Sixth Account - visual_user:24)
	at com.kms.katalon.core.main.ScriptEngine.run(ScriptEngine.java:194)
	at com.kms.katalon.core.main.ScriptEngine.runScriptAsRawText(ScriptEngine.java:119)
	at com.kms.katalon.core.main.TestCaseExecutor.runScript(TestCaseExecutor.java:448)
	at com.kms.katalon.core.main.TestCaseExecutor.doExecute(TestCaseExecutor.java:439)
	at com.kms.katalon.core.main.TestCaseExecutor.processExecutionPhase(TestCaseExecutor.java:418)
	at com.kms.katalon.core.main.TestCaseExecutor.accessMainPhase(TestCaseExecutor.java:410)
	at com.kms.katalon.core.main.TestCaseExecutor.execute(TestCaseExecutor.java:285)
	at com.kms.katalon.core.common.CommonExecutor.accessTestCaseMainPhase(CommonExecutor.java:65)
	at com.kms.katalon.core.main.TestSuiteExecutor.accessTestSuiteMainPhase(TestSuiteExecutor.java:150)
	at com.kms.katalon.core.main.TestSuiteExecutor.execute(TestSuiteExecutor.java:106)
	at com.kms.katalon.core.main.TestCaseMain.startTestSuite(TestCaseMain.java:180)
	at TempTestSuite1738333839214.run(TempTestSuite1738333839214.groovy:35)
	at java.base/jdk.internal.reflect.NativeMethodAccessorImpl.invoke0(Native Method)
	at java.base/jdk.internal.reflect.NativeMethodAccessorImpl.invoke(NativeMethodAccessorImpl.java:77)
	at java.base/jdk.internal.reflect.DelegatingMethodAccessorImpl.invoke(DelegatingMethodAccessorImpl.java:43)
</property>
  <property name="failed.exception.class">org.openqa.selenium.NoSuchSessionException</property>
  <property name="failed.exception.message">invalid session id: session deleted as the browser has closed the connection
from disconnected: Unable to receive message from renderer
  (Session info: chrome=133.0.6847.2)
Build info: version: &apos;3.141.59&apos;, revision: &apos;unknown&apos;, time: &apos;unknown&apos;
System info: host: &apos;LAPTOP-5GQHVTHK&apos;, ip: &apos;192.168.0.101&apos;, os.name: &apos;Windows 11&apos;, os.arch: &apos;amd64&apos;, os.version: &apos;10.0&apos;, java.version: &apos;17.0.7&apos;
Driver info: com.kms.katalon.selenium.driver.CRemoteWebDriver
Capabilities {acceptInsecureCerts: false, browserName: chrome, browserVersion: 133.0.6847.2, chrome: {chromedriverVersion: 133.0.6847.2 (7e95e23d2d1f8..., userDataDir: C:\Program Files\scoped_dir...}, fedcm:accounts: true, goog:chromeOptions: {debuggerAddress: localhost:9225}, javascriptEnabled: true, katalon:caps: {executionId: 80586707-6680-45a3-9415-aef..., executionSessionId: 389cbcb9-1561-4444-835b-b92...}, katalon:options: {executionId: 80586707-6680-45a3-9415-aef..., executionSessionId: 389cbcb9-1561-4444-835b-b92..., metadata: {accountUuid: fda32340-531c-49aa-a0b7-40d..., organizationId: 1906073, usingTunnel: false}, organizationId: 1906073, runFromTestCloud: true, userId: 1648280, username: innocent.beaver.duja@instan..., usingTunnel: false}, kt:requestId: 389cbcb9-1561-4444-835b-b92..., kt:rid: 389cbcb9-1561-4444-835b-b92..., networkConnectionEnabled: false, pageLoadStrategy: normal, platform: WINDOWS, platformName: WINDOWS, proxy: Proxy(), se:bidiEnabled: false, se:cdpEnabled: false, setWindowRect: true, strictFileInteractability: false, timeouts: {implicit: 0, pageLoad: 300000, script: 30000}, unhandledPromptBehavior: dismiss and notify, webauthn:extension:credBlob: true, webauthn:extension:largeBlob: true, webauthn:extension:minPinLength: true, webauthn:extension:prf: true, webauthn:virtualAuthenticators: true}
Session ID: 6ea429fadc56545c9ffbb6f903e95a2a</property>
</record>
<record>
  <date>2025-01-31T14:35:57.615056900Z</date>
  <millis>1738334157615</millis>
  <nanos>56900</nanos>
  <sequence>652</sequence>
  <level>END</level>
  <class>com.kms.katalon.core.logging.XmlKeywordLogger</class>
  <method>endTest</method>
  <thread>1</thread>
  <message>End Test Case : Test Cases/Login by Sixth Account - visual_user</message>
  <nestedLevel>0</nestedLevel>
  <escapedJava>false</escapedJava>
  <property name="executionBindingVariables">[]</property>
  <property name="applitools">false</property>
  <property name="remainingRetryCount">3</property>
  <property name="currentRetryCount">0</property>
  <property name="keywordsUsage">{
  &quot;web_ui&quot;: true,
  &quot;web_service&quot;: false,
  &quot;cucumber&quot;: false,
  &quot;builtin&quot;: false,
  &quot;mobile&quot;: false,
  &quot;windows&quot;: false,
  &quot;testng&quot;: false
}</property>
</record>
<record>
  <date>2025-01-31T14:35:57.617057500Z</date>
  <millis>1738334157617</millis>
  <nanos>57500</nanos>
  <sequence>653</sequence>
  <level>START</level>
  <class>com.kms.katalon.core.logging.XmlKeywordLogger</class>
  <method>startTest</method>
  <thread>1</thread>
  <message>Start Test Case : Test Cases/Login by Sixth Account - visual_user</message>
  <nestedLevel>1</nestedLevel>
  <escapedJava>false</escapedJava>
  <property name="remainingRetryCount">2</property>
  <property name="name">Test Cases/Login by Sixth Account - visual_user</property>
  <property name="description"></property>
  <property name="iteration"></property>
  <property name="id">Test Cases/Login by Sixth Account - visual_user</property>
  <property name="source">C:\Users\ACER\git\KatalonGitSwagLabsNew\Test Cases\Login by Sixth Account - visual_user.tc</property>
  <property name="tag"></property>
  <property name="isOptional">false</property>
  <property name="currentRetryCount">1</property>
</record>
<record>
  <date>2025-01-31T14:35:57.627055600Z</date>
  <millis>1738334157627</millis>
  <nanos>55600</nanos>
  <sequence>655</sequence>
  <level>START</level>
  <class>com.kms.katalon.core.logging.XmlKeywordLogger</class>
  <method>startKeyword</method>
  <thread>1</thread>
  <message>Start action : openBrowser(&amp;quot;&amp;quot;)</message>
  <nestedLevel>1</nestedLevel>
  <escapedJava>false</escapedJava>
  <property name="startLine">20</property>
  <property name="stepIndex">1</property>
</record>
<record>
  <date>2025-01-31T14:35:57.633058900Z</date>
  <millis>1738334157633</millis>
  <nanos>58900</nanos>
  <sequence>657</sequence>
  <level>WARNING</level>
  <class>com.kms.katalon.core.logging.XmlKeywordLogger</class>
  <method>logMessage</method>
  <thread>1</thread>
  <message>A browser is already opened. Closing browser and opening a new one</message>
  <nestedLevel>1</nestedLevel>
  <escapedJava>false</escapedJava>
</record>
<record>
  <date>2025-01-31T14:35:58.422558500Z</date>
  <millis>1738334158422</millis>
  <nanos>558500</nanos>
  <sequence>658</sequence>
  <level>INFO</level>
  <class>com.kms.katalon.core.logging.XmlKeywordLogger</class>
  <method>logMessage</method>
  <thread>1</thread>
  <message>User set preference: [&amp;apos;os&amp;apos;, &amp;apos;windows&amp;apos;]</message>
  <nestedLevel>1</nestedLevel>
  <escapedJava>false</escapedJava>
</record>
<record>
  <date>2025-01-31T14:35:58.423557200Z</date>
  <millis>1738334158423</millis>
  <nanos>557200</nanos>
  <sequence>659</sequence>
  <level>INFO</level>
  <class>com.kms.katalon.core.logging.XmlKeywordLogger</class>
  <method>logMessage</method>
  <thread>1</thread>
  <message>User set preference: [&amp;apos;browserVersion&amp;apos;, &amp;apos;133&amp;apos;]</message>
  <nestedLevel>1</nestedLevel>
  <escapedJava>false</escapedJava>
</record>
<record>
  <date>2025-01-31T14:35:58.424907100Z</date>
  <millis>1738334158424</millis>
  <nanos>907100</nanos>
  <sequence>660</sequence>
  <level>INFO</level>
  <class>com.kms.katalon.core.logging.XmlKeywordLogger</class>
  <method>logMessage</method>
  <thread>1</thread>
  <message>User set preference: [&amp;apos;browserName&amp;apos;, &amp;apos;chrome&amp;apos;]</message>
  <nestedLevel>1</nestedLevel>
  <escapedJava>false</escapedJava>
</record>
<record>
  <date>2025-01-31T14:35:58.424907100Z</date>
  <millis>1738334158424</millis>
  <nanos>907100</nanos>
  <sequence>661</sequence>
  <level>INFO</level>
  <class>com.kms.katalon.core.logging.XmlKeywordLogger</class>
  <method>logMessage</method>
  <thread>1</thread>
  <message>User set preference: [&amp;apos;katalon:option&amp;apos;, &amp;apos;{organizationId=1906073, usingTunnel=false}&amp;apos;]</message>
  <nestedLevel>1</nestedLevel>
  <escapedJava>false</escapedJava>
</record>
<record>
  <date>2025-01-31T14:35:58.427939600Z</date>
  <millis>1738334158427</millis>
  <nanos>939600</nanos>
  <sequence>662</sequence>
  <level>INFO</level>
  <class>com.kms.katalon.core.logging.XmlKeywordLogger</class>
  <method>logMessage</method>
  <thread>1</thread>
  <message>Connecting to remote web server &amp;apos;testcloud.katalon.com/hub&amp;apos; with type &amp;apos;Selenium&amp;apos;</message>
  <nestedLevel>1</nestedLevel>
  <escapedJava>false</escapedJava>
</record>
<record>
  <date>2025-01-31T14:35:58.429029500Z</date>
  <millis>1738334158429</millis>
  <nanos>29500</nanos>
  <sequence>663</sequence>
  <level>INFO</level>
  <class>com.kms.katalon.core.logging.XmlKeywordLogger</class>
  <method>logMessage</method>
  <thread>1</thread>
  <message>Action delay is set to 0 milliseconds</message>
  <nestedLevel>1</nestedLevel>
  <escapedJava>false</escapedJava>
</record>
<record>
  <date>2025-01-31T14:36:23.348352900Z</date>
  <millis>1738334183348</millis>
  <nanos>352900</nanos>
  <sequence>665</sequence>
  <level>RUN_DATA</level>
  <class>com.kms.katalon.core.logging.XmlKeywordLogger</class>
  <method>logMessage</method>
  <thread>1</thread>
  <message>remoteDriverUrl = testcloud.katalon.com/hub</message>
  <nestedLevel>1</nestedLevel>
  <escapedJava>false</escapedJava>
  <property name="remoteDriverUrl">testcloud.katalon.com/hub</property>
</record>
<record>
  <date>2025-01-31T14:36:23.349349700Z</date>
  <millis>1738334183349</millis>
  <nanos>349700</nanos>
  <sequence>666</sequence>
  <level>RUN_DATA</level>
  <class>com.kms.katalon.core.logging.XmlKeywordLogger</class>
  <method>logMessage</method>
  <thread>1</thread>
  <message>remoteOS = Windows</message>
  <nestedLevel>1</nestedLevel>
  <escapedJava>false</escapedJava>
  <property name="remoteOS">Windows</property>
</record>
<record>
  <date>2025-01-31T14:36:23.352347500Z</date>
  <millis>1738334183352</millis>
  <nanos>347500</nanos>
  <sequence>667</sequence>
  <level>RUN_DATA</level>
  <class>com.kms.katalon.core.logging.XmlKeywordLogger</class>
  <method>logMessage</method>
  <thread>1</thread>
  <message>desiredCapabilities = {
  &amp;quot;timeouts&amp;quot;: {
    &amp;quot;implicit&amp;quot;: 0,
    &amp;quot;pageLoad&amp;quot;: 300000,
    &amp;quot;script&amp;quot;: 30000
  },
  &amp;quot;se:cdpEnabled&amp;quot;: false,
  &amp;quot;platform&amp;quot;: &amp;quot;WINDOWS&amp;quot;,
  &amp;quot;goog:chromeOptions&amp;quot;: {
    &amp;quot;debuggerAddress&amp;quot;: &amp;quot;localhost:9225&amp;quot;
  },
  &amp;quot;webauthn:extension:credBlob&amp;quot;: true,
  &amp;quot;acceptInsecureCerts&amp;quot;: false,
  &amp;quot;browserVersion&amp;quot;: &amp;quot;133.0.0.0&amp;quot;,
  &amp;quot;fedcm:accounts&amp;quot;: true,
  &amp;quot;kt:requestId&amp;quot;: &amp;quot;fbbc086f-113c-4fef-aa46-70ed39c14900&amp;quot;,
  &amp;quot;browserName&amp;quot;: &amp;quot;chrome&amp;quot;,
  &amp;quot;javascriptEnabled&amp;quot;: true,
  &amp;quot;platformName&amp;quot;: &amp;quot;WINDOWS&amp;quot;,
  &amp;quot;setWindowRect&amp;quot;: true,
  &amp;quot;webauthn:extension:largeBlob&amp;quot;: true,
  &amp;quot;networkConnectionEnabled&amp;quot;: false,
  &amp;quot;chrome&amp;quot;: {
    &amp;quot;chromedriverVersion&amp;quot;: &amp;quot;133.0.6847.2 (7e95e23d2d1f87886163822aa701370c1187bfa1-refs/branch-heads/6847@{#6})&amp;quot;,
    &amp;quot;userDataDir&amp;quot;: &amp;quot;C:\\Program Files\\scoped_dir1504_1674521844&amp;quot;
  },
  &amp;quot;kt:rid&amp;quot;: &amp;quot;fbbc086f-113c-4fef-aa46-70ed39c14900&amp;quot;,
  &amp;quot;pageLoadStrategy&amp;quot;: &amp;quot;normal&amp;quot;,
  &amp;quot;unhandledPromptBehavior&amp;quot;: &amp;quot;dismiss and notify&amp;quot;,
  &amp;quot;strictFileInteractability&amp;quot;: false,
  &amp;quot;se:bidiEnabled&amp;quot;: false,
  &amp;quot;proxy&amp;quot;: {
    &amp;quot;proxyType&amp;quot;: &amp;quot;UNSPECIFIED&amp;quot;,
    &amp;quot;autodetect&amp;quot;: false
  },
  &amp;quot;webauthn:extension:minPinLength&amp;quot;: true,
  &amp;quot;webauthn:extension:prf&amp;quot;: true,
  &amp;quot;katalon:caps&amp;quot;: {
    &amp;quot;executionId&amp;quot;: &amp;quot;f2816e11-4aca-474d-8f53-064635d1f000&amp;quot;,
    &amp;quot;executionSessionId&amp;quot;: &amp;quot;fbbc086f-113c-4fef-aa46-70ed39c14900&amp;quot;
  },
  &amp;quot;katalon:options&amp;quot;: {
    &amp;quot;executionId&amp;quot;: &amp;quot;f2816e11-4aca-474d-8f53-064635d1f000&amp;quot;,
    &amp;quot;executionSessionId&amp;quot;: &amp;quot;fbbc086f-113c-4fef-aa46-70ed39c14900&amp;quot;,
    &amp;quot;metadata&amp;quot;: {
      &amp;quot;usingTunnel&amp;quot;: false,
      &amp;quot;accountUuid&amp;quot;: &amp;quot;fda32340-531c-49aa-a0b7-40d478ba5457&amp;quot;,
      &amp;quot;organizationId&amp;quot;: &amp;quot;1906073&amp;quot;
    },
    &amp;quot;organizationId&amp;quot;: &amp;quot;1906073&amp;quot;,
    &amp;quot;runFromTestCloud&amp;quot;: true,
    &amp;quot;userId&amp;quot;: 1648280,
    &amp;quot;username&amp;quot;: &amp;quot;innocent.beaver.duja@instantletter.net&amp;quot;,
    &amp;quot;usingTunnel&amp;quot;: false
  },
  &amp;quot;webauthn:virtualAuthenticators&amp;quot;: true
}</message>
  <nestedLevel>1</nestedLevel>
  <escapedJava>false</escapedJava>
  <property name="desiredCapabilities">{
  &quot;timeouts&quot;: {
    &quot;implicit&quot;: 0,
    &quot;pageLoad&quot;: 300000,
    &quot;script&quot;: 30000
  },
  &quot;se:cdpEnabled&quot;: false,
  &quot;platform&quot;: &quot;WINDOWS&quot;,
  &quot;goog:chromeOptions&quot;: {
    &quot;debuggerAddress&quot;: &quot;localhost:9225&quot;
  },
  &quot;webauthn:extension:credBlob&quot;: true,
  &quot;acceptInsecureCerts&quot;: false,
  &quot;browserVersion&quot;: &quot;133.0.0.0&quot;,
  &quot;fedcm:accounts&quot;: true,
  &quot;kt:requestId&quot;: &quot;fbbc086f-113c-4fef-aa46-70ed39c14900&quot;,
  &quot;browserName&quot;: &quot;chrome&quot;,
  &quot;javascriptEnabled&quot;: true,
  &quot;platformName&quot;: &quot;WINDOWS&quot;,
  &quot;setWindowRect&quot;: true,
  &quot;webauthn:extension:largeBlob&quot;: true,
  &quot;networkConnectionEnabled&quot;: false,
  &quot;chrome&quot;: {
    &quot;chromedriverVersion&quot;: &quot;133.0.6847.2 (7e95e23d2d1f87886163822aa701370c1187bfa1-refs/branch-heads/6847@{#6})&quot;,
    &quot;userDataDir&quot;: &quot;C:\\Program Files\\scoped_dir1504_1674521844&quot;
  },
  &quot;kt:rid&quot;: &quot;fbbc086f-113c-4fef-aa46-70ed39c14900&quot;,
  &quot;pageLoadStrategy&quot;: &quot;normal&quot;,
  &quot;unhandledPromptBehavior&quot;: &quot;dismiss and notify&quot;,
  &quot;strictFileInteractability&quot;: false,
  &quot;se:bidiEnabled&quot;: false,
  &quot;proxy&quot;: {
    &quot;proxyType&quot;: &quot;UNSPECIFIED&quot;,
    &quot;autodetect&quot;: false
  },
  &quot;webauthn:extension:minPinLength&quot;: true,
  &quot;webauthn:extension:prf&quot;: true,
  &quot;katalon:caps&quot;: {
    &quot;executionId&quot;: &quot;f2816e11-4aca-474d-8f53-064635d1f000&quot;,
    &quot;executionSessionId&quot;: &quot;fbbc086f-113c-4fef-aa46-70ed39c14900&quot;
  },
  &quot;katalon:options&quot;: {
    &quot;executionId&quot;: &quot;f2816e11-4aca-474d-8f53-064635d1f000&quot;,
    &quot;executionSessionId&quot;: &quot;fbbc086f-113c-4fef-aa46-70ed39c14900&quot;,
    &quot;metadata&quot;: {
      &quot;usingTunnel&quot;: false,
      &quot;accountUuid&quot;: &quot;fda32340-531c-49aa-a0b7-40d478ba5457&quot;,
      &quot;organizationId&quot;: &quot;1906073&quot;
    },
    &quot;organizationId&quot;: &quot;1906073&quot;,
    &quot;runFromTestCloud&quot;: true,
    &quot;userId&quot;: 1648280,
    &quot;username&quot;: &quot;innocent.beaver.duja@instantletter.net&quot;,
    &quot;usingTunnel&quot;: false
  },
  &quot;webauthn:virtualAuthenticators&quot;: true
}</property>
</record>
<record>
  <date>2025-01-31T14:36:23.354349100Z</date>
  <millis>1738334183354</millis>
  <nanos>349100</nanos>
  <sequence>668</sequence>
  <level>RUN_DATA</level>
  <class>com.kms.katalon.core.logging.XmlKeywordLogger</class>
  <method>logMessage</method>
  <thread>1</thread>
  <message>sessionId = d6ef9d25607626706e60fe14d26d2d33</message>
  <nestedLevel>1</nestedLevel>
  <escapedJava>false</escapedJava>
  <property name="sessionId">d6ef9d25607626706e60fe14d26d2d33</property>
</record>
<record>
  <date>2025-01-31T14:36:23.642417800Z</date>
  <millis>1738334183642</millis>
  <nanos>417800</nanos>
  <sequence>669</sequence>
  <level>RUN_DATA</level>
  <class>com.kms.katalon.core.logging.XmlKeywordLogger</class>
  <method>logMessage</method>
  <thread>1</thread>
  <message>browser = Chrome 133.0.0.0</message>
  <nestedLevel>1</nestedLevel>
  <escapedJava>false</escapedJava>
  <property name="browser">Chrome 133.0.0.0</property>
</record>
<record>
  <date>2025-01-31T14:36:23.643333500Z</date>
  <millis>1738334183643</millis>
  <nanos>333500</nanos>
  <sequence>670</sequence>
  <level>RUN_DATA</level>
  <class>com.kms.katalon.core.logging.XmlKeywordLogger</class>
  <method>logMessage</method>
  <thread>1</thread>
  <message>platform = Windows 11</message>
  <nestedLevel>1</nestedLevel>
  <escapedJava>false</escapedJava>
  <property name="platform">Windows 11</property>
</record>
<record>
  <date>2025-01-31T14:36:23.644333500Z</date>
  <millis>1738334183644</millis>
  <nanos>333500</nanos>
  <sequence>671</sequence>
  <level>RUN_DATA</level>
  <class>com.kms.katalon.core.logging.XmlKeywordLogger</class>
  <method>logMessage</method>
  <thread>1</thread>
  <message>seleniumVersion = 3.141.59</message>
  <nestedLevel>1</nestedLevel>
  <escapedJava>false</escapedJava>
  <property name="seleniumVersion">3.141.59</property>
</record>
<record>
  <date>2025-01-31T14:36:23.644333500Z</date>
  <millis>1738334183644</millis>
  <nanos>333500</nanos>
  <sequence>672</sequence>
  <level>RUN_DATA</level>
  <class>com.kms.katalon.core.logging.XmlKeywordLogger</class>
  <method>logMessage</method>
  <thread>1</thread>
  <message>proxyInformation = ProxyInformation { proxyOption=NO_PROXY, proxyServerType=HTTP, username=, password=********, proxyServerAddress=, proxyServerPort=0, executionList=&amp;quot;&amp;quot;, isApplyToDesiredCapabilities=true }</message>
  <nestedLevel>1</nestedLevel>
  <escapedJava>false</escapedJava>
  <property name="proxyInformation">ProxyInformation { proxyOption=NO_PROXY, proxyServerType=HTTP, username=, password=********, proxyServerAddress=, proxyServerPort=0, executionList=&quot;&quot;, isApplyToDesiredCapabilities=true }</property>
</record>
<record>
  <date>2025-01-31T14:36:24.222938500Z</date>
  <millis>1738334184222</millis>
  <nanos>938500</nanos>
  <sequence>673</sequence>
  <level>PASSED</level>
  <class>com.kms.katalon.core.logging.XmlKeywordLogger</class>
  <method>logMessage</method>
  <thread>1</thread>
  <message>Browser is opened with url: &amp;apos;&amp;apos;</message>
  <nestedLevel>1</nestedLevel>
  <escapedJava>false</escapedJava>
  <property name="testops-method-name">com.kms.katalon.core.webui.keyword.builtin.OpenBrowserKeyword.openBrowser</property>
  <property name="testops-execution-stacktrace"></property>
</record>
<record>
  <date>2025-01-31T14:36:24.224938800Z</date>
  <millis>1738334184224</millis>
  <nanos>938800</nanos>
  <sequence>674</sequence>
  <level>END</level>
  <class>com.kms.katalon.core.logging.XmlKeywordLogger</class>
  <method>endKeyword</method>
  <thread>1</thread>
  <message>End action : openBrowser(&amp;quot;&amp;quot;)</message>
  <nestedLevel>1</nestedLevel>
  <escapedJava>false</escapedJava>
</record>
<record>
  <date>2025-01-31T14:36:24.224938800Z</date>
  <millis>1738334184224</millis>
  <nanos>938800</nanos>
  <sequence>675</sequence>
  <level>START</level>
  <class>com.kms.katalon.core.logging.XmlKeywordLogger</class>
  <method>startKeyword</method>
  <thread>1</thread>
  <message>Start action : navigateToUrl(&amp;quot;https://www.saucedemo.com/&amp;quot;)</message>
  <nestedLevel>1</nestedLevel>
  <escapedJava>false</escapedJava>
  <property name="startLine">22</property>
  <property name="stepIndex">2</property>
</record>
<record>
  <date>2025-01-31T14:36:24.896541200Z</date>
  <millis>1738334184896</millis>
  <nanos>541200</nanos>
  <sequence>678</sequence>
  <level>PASSED</level>
  <class>com.kms.katalon.core.logging.XmlKeywordLogger</class>
  <method>logMessage</method>
  <thread>1</thread>
  <message>Navigate to &amp;apos;https://www.saucedemo.com/&amp;apos; successfully</message>
  <nestedLevel>1</nestedLevel>
  <escapedJava>false</escapedJava>
  <property name="testops-method-name">com.kms.katalon.core.webui.keyword.builtin.NavigateToUrlKeyword.navigateToUrl</property>
  <property name="testops-execution-stacktrace"></property>
</record>
<record>
  <date>2025-01-31T14:36:24.897538500Z</date>
  <millis>1738334184897</millis>
  <nanos>538500</nanos>
  <sequence>679</sequence>
  <level>END</level>
  <class>com.kms.katalon.core.logging.XmlKeywordLogger</class>
  <method>endKeyword</method>
  <thread>1</thread>
  <message>End action : navigateToUrl(&amp;quot;https://www.saucedemo.com/&amp;quot;)</message>
  <nestedLevel>1</nestedLevel>
  <escapedJava>false</escapedJava>
</record>
<record>
  <date>2025-01-31T14:36:24.898537300Z</date>
  <millis>1738334184898</millis>
  <nanos>537300</nanos>
  <sequence>680</sequence>
  <level>START</level>
  <class>com.kms.katalon.core.logging.XmlKeywordLogger</class>
  <method>startKeyword</method>
  <thread>1</thread>
  <message>Start action : com.test.swaglabs.CustomLogin.WebLoginSixthAccount()</message>
  <nestedLevel>1</nestedLevel>
  <escapedJava>false</escapedJava>
  <property name="startLine">24</property>
  <property name="stepIndex">3</property>
</record>
<record>
  <date>2025-01-31T14:36:27.581166900Z</date>
  <millis>1738334187581</millis>
  <nanos>166900</nanos>
  <sequence>697</sequence>
  <level>WARNING</level>
  <class>com.kms.katalon.core.logging.XmlKeywordLogger</class>
  <method>logMessage</method>
  <thread>1</thread>
  <message>Cannot take screenshot</message>
  <nestedLevel>1</nestedLevel>
  <escapedJava>false</escapedJava>
  <property name="failed.exception.class">org.openqa.selenium.WebDriverException</property>
  <property name="failed.exception.stacktrace">org.openqa.selenium.WebDriverException: An unknown error has occurred
Build info: version: &apos;3.141.59&apos;, revision: &apos;unknown&apos;, time: &apos;unknown&apos;
System info: host: &apos;LAPTOP-5GQHVTHK&apos;, ip: &apos;192.168.0.101&apos;, os.name: &apos;Windows 11&apos;, os.arch: &apos;amd64&apos;, os.version: &apos;10.0&apos;, java.version: &apos;17.0.7&apos;
Driver info: com.kms.katalon.selenium.driver.CRemoteWebDriver
Capabilities {acceptInsecureCerts: false, browserName: chrome, browserVersion: 133.0.6847.2, chrome: {chromedriverVersion: 133.0.6847.2 (7e95e23d2d1f8..., userDataDir: C:\Program Files\scoped_dir...}, fedcm:accounts: true, goog:chromeOptions: {debuggerAddress: localhost:9225}, javascriptEnabled: true, katalon:caps: {executionId: f2816e11-4aca-474d-8f53-064..., executionSessionId: fbbc086f-113c-4fef-aa46-70e...}, katalon:options: {executionId: f2816e11-4aca-474d-8f53-064..., executionSessionId: fbbc086f-113c-4fef-aa46-70e..., metadata: {accountUuid: fda32340-531c-49aa-a0b7-40d..., organizationId: 1906073, usingTunnel: false}, organizationId: 1906073, runFromTestCloud: true, userId: 1648280, username: innocent.beaver.duja@instan..., usingTunnel: false}, kt:requestId: fbbc086f-113c-4fef-aa46-70e..., kt:rid: fbbc086f-113c-4fef-aa46-70e..., networkConnectionEnabled: false, pageLoadStrategy: normal, platform: WINDOWS, platformName: WINDOWS, proxy: Proxy(), se:bidiEnabled: false, se:cdpEnabled: false, setWindowRect: true, strictFileInteractability: false, timeouts: {implicit: 0, pageLoad: 300000, script: 30000}, unhandledPromptBehavior: dismiss and notify, webauthn:extension:credBlob: true, webauthn:extension:largeBlob: true, webauthn:extension:minPinLength: true, webauthn:extension:prf: true, webauthn:virtualAuthenticators: true}
Session ID: d6ef9d25607626706e60fe14d26d2d33
	at java.base/jdk.internal.reflect.NativeConstructorAccessorImpl.newInstance0(Native Method)
	at java.base/jdk.internal.reflect.NativeConstructorAccessorImpl.newInstance(NativeConstructorAccessorImpl.java:77)
	at java.base/jdk.internal.reflect.DelegatingConstructorAccessorImpl.newInstance(DelegatingConstructorAccessorImpl.java:45)
	at org.openqa.selenium.remote.http.W3CHttpResponseCodec.createException(W3CHttpResponseCodec.java:187)
	at org.openqa.selenium.remote.http.W3CHttpResponseCodec.decode(W3CHttpResponseCodec.java:122)
	at org.openqa.selenium.remote.http.W3CHttpResponseCodec.decode(W3CHttpResponseCodec.java:49)
	at org.openqa.selenium.remote.HttpCommandExecutor.execute(HttpCommandExecutor.java:158)
	at org.openqa.selenium.remote.RemoteWebDriver.execute(RemoteWebDriver.java:552)
	at com.kms.katalon.selenium.driver.CRemoteWebDriver.execute(CRemoteWebDriver.java:30)
	at org.openqa.selenium.remote.RemoteWebDriver.execute(RemoteWebDriver.java:609)
	at org.openqa.selenium.remote.RemoteWebDriver.getScreenshotAs(RemoteWebDriver.java:295)
	at java.base/jdk.internal.reflect.NativeMethodAccessorImpl.invoke0(Native Method)
	at java.base/jdk.internal.reflect.NativeMethodAccessorImpl.invoke(NativeMethodAccessorImpl.java:77)
	at java.base/jdk.internal.reflect.DelegatingMethodAccessorImpl.invoke(DelegatingMethodAccessorImpl.java:43)
	at org.openqa.selenium.support.events.EventFiringWebDriver.lambda$new$1(EventFiringWebDriver.java:105)
	at jdk.proxy2/jdk.proxy2.$Proxy23.getScreenshotAs(Unknown Source)
	at org.openqa.selenium.support.events.EventFiringWebDriver.getScreenshotAs(EventFiringWebDriver.java:302)
	at com.kms.katalon.core.webui.helper.screenshot.WebUIScreenCaptor.take(WebUIScreenCaptor.java:26)
	at com.kms.katalon.core.helper.screenshot.ScreenCaptor.takeScreenshotAndGetAttributes(ScreenCaptor.java:38)
	at com.kms.katalon.core.webui.keyword.internal.WebUIKeywordMain.stepFailed(WebUIKeywordMain.groovy:117)
	at com.kms.katalon.core.webui.keyword.internal.WebUIKeywordMain.runKeyword(WebUIKeywordMain.groovy:43)
	at com.kms.katalon.core.webui.keyword.builtin.SetTextKeyword.setText(SetTextKeyword.groovy:85)
	at com.kms.katalon.core.webui.keyword.builtin.SetTextKeyword.execute(SetTextKeyword.groovy:39)
	at com.kms.katalon.core.keyword.internal.KeywordExecutor.executeKeywordForPlatform(KeywordExecutor.groovy:74)
	at com.kms.katalon.core.webui.keyword.WebUiBuiltInKeywords.setText(WebUiBuiltInKeywords.groovy:1019)
	at com.test.swaglabs.CustomLogin.WebLoginSixthAccount(CustomLogin.groovy:79)
	at java.base/jdk.internal.reflect.NativeMethodAccessorImpl.invoke0(Native Method)
	at java.base/jdk.internal.reflect.NativeMethodAccessorImpl.invoke(NativeMethodAccessorImpl.java:77)
	at java.base/jdk.internal.reflect.DelegatingMethodAccessorImpl.invoke(DelegatingMethodAccessorImpl.java:43)
	at com.kms.katalon.core.main.CustomKeywordDelegatingMetaClass.invokeStaticMethod(CustomKeywordDelegatingMetaClass.java:55)
	at Login by Sixth Account - visual_user.run(Login by Sixth Account - visual_user:24)
	at com.kms.katalon.core.main.ScriptEngine.run(ScriptEngine.java:194)
	at com.kms.katalon.core.main.ScriptEngine.runScriptAsRawText(ScriptEngine.java:119)
	at com.kms.katalon.core.main.TestCaseExecutor.runScript(TestCaseExecutor.java:448)
	at com.kms.katalon.core.main.TestCaseExecutor.doExecute(TestCaseExecutor.java:439)
	at com.kms.katalon.core.main.TestCaseExecutor.processExecutionPhase(TestCaseExecutor.java:418)
	at com.kms.katalon.core.main.TestCaseExecutor.accessMainPhase(TestCaseExecutor.java:410)
	at com.kms.katalon.core.main.TestCaseExecutor.execute(TestCaseExecutor.java:285)
	at com.kms.katalon.core.main.TestCaseExecutor.execute(TestCaseExecutor.java:369)
	at com.kms.katalon.core.common.CommonExecutor.accessTestCaseMainPhase(CommonExecutor.java:65)
	at com.kms.katalon.core.main.TestSuiteExecutor.accessTestSuiteMainPhase(TestSuiteExecutor.java:150)
	at com.kms.katalon.core.main.TestSuiteExecutor.execute(TestSuiteExecutor.java:106)
	at com.kms.katalon.core.main.TestCaseMain.startTestSuite(TestCaseMain.java:180)
	at TempTestSuite1738333839214.run(TempTestSuite1738333839214.groovy:35)
	at java.base/jdk.internal.reflect.NativeMethodAccessorImpl.invoke0(Native Method)
	at java.base/jdk.internal.reflect.NativeMethodAccessorImpl.invoke(NativeMethodAccessorImpl.java:77)
	at java.base/jdk.internal.reflect.DelegatingMethodAccessorImpl.invoke(DelegatingMethodAccessorImpl.java:43)
</property>
  <property name="failed.exception.message">An unknown error has occurred
Build info: version: &apos;3.141.59&apos;, revision: &apos;unknown&apos;, time: &apos;unknown&apos;
System info: host: &apos;LAPTOP-5GQHVTHK&apos;, ip: &apos;192.168.0.101&apos;, os.name: &apos;Windows 11&apos;, os.arch: &apos;amd64&apos;, os.version: &apos;10.0&apos;, java.version: &apos;17.0.7&apos;
Driver info: com.kms.katalon.selenium.driver.CRemoteWebDriver
Capabilities {acceptInsecureCerts: false, browserName: chrome, browserVersion: 133.0.6847.2, chrome: {chromedriverVersion: 133.0.6847.2 (7e95e23d2d1f8..., userDataDir: C:\Program Files\scoped_dir...}, fedcm:accounts: true, goog:chromeOptions: {debuggerAddress: localhost:9225}, javascriptEnabled: true, katalon:caps: {executionId: f2816e11-4aca-474d-8f53-064..., executionSessionId: fbbc086f-113c-4fef-aa46-70e...}, katalon:options: {executionId: f2816e11-4aca-474d-8f53-064..., executionSessionId: fbbc086f-113c-4fef-aa46-70e..., metadata: {accountUuid: fda32340-531c-49aa-a0b7-40d..., organizationId: 1906073, usingTunnel: false}, organizationId: 1906073, runFromTestCloud: true, userId: 1648280, username: innocent.beaver.duja@instan..., usingTunnel: false}, kt:requestId: fbbc086f-113c-4fef-aa46-70e..., kt:rid: fbbc086f-113c-4fef-aa46-70e..., networkConnectionEnabled: false, pageLoadStrategy: normal, platform: WINDOWS, platformName: WINDOWS, proxy: Proxy(), se:bidiEnabled: false, se:cdpEnabled: false, setWindowRect: true, strictFileInteractability: false, timeouts: {implicit: 0, pageLoad: 300000, script: 30000}, unhandledPromptBehavior: dismiss and notify, webauthn:extension:credBlob: true, webauthn:extension:largeBlob: true, webauthn:extension:minPinLength: true, webauthn:extension:prf: true, webauthn:virtualAuthenticators: true}
Session ID: d6ef9d25607626706e60fe14d26d2d33</property>
</record>
<record>
  <date>2025-01-31T14:36:27.585254900Z</date>
  <millis>1738334187585</millis>
  <nanos>254900</nanos>
  <sequence>701</sequence>
  <level>FAILED</level>
  <class>com.kms.katalon.core.logging.XmlKeywordLogger</class>
  <method>logMessage</method>
  <thread>1</thread>
  <message>Unable to set text &amp;apos;visual_user&amp;apos; of object &amp;apos;Object Repository/Page_Swag Labs/input_Swag Labs_user-name&amp;apos; (Root cause: com.kms.katalon.core.exception.StepFailedException: Unable to set text &amp;apos;visual_user&amp;apos; of object &amp;apos;Object Repository/Page_Swag Labs/input_Swag Labs_user-name&amp;apos;
	at com.kms.katalon.core.webui.keyword.internal.WebUIKeywordMain.stepFailed(WebUIKeywordMain.groovy:117)
	at com.kms.katalon.core.webui.keyword.internal.WebUIKeywordMain.runKeyword(WebUIKeywordMain.groovy:43)
	at com.kms.katalon.core.webui.keyword.builtin.SetTextKeyword.setText(SetTextKeyword.groovy:85)
	at com.kms.katalon.core.webui.keyword.builtin.SetTextKeyword.execute(SetTextKeyword.groovy:39)
	at com.kms.katalon.core.keyword.internal.KeywordExecutor.executeKeywordForPlatform(KeywordExecutor.groovy:74)
	at com.kms.katalon.core.webui.keyword.WebUiBuiltInKeywords.setText(WebUiBuiltInKeywords.groovy:1019)
	at com.test.swaglabs.CustomLogin.WebLoginSixthAccount(CustomLogin.groovy:79)
	at java.base/jdk.internal.reflect.NativeMethodAccessorImpl.invoke0(Native Method)
	at java.base/jdk.internal.reflect.NativeMethodAccessorImpl.invoke(NativeMethodAccessorImpl.java:77)
	at java.base/jdk.internal.reflect.DelegatingMethodAccessorImpl.invoke(DelegatingMethodAccessorImpl.java:43)
	at com.kms.katalon.core.main.CustomKeywordDelegatingMetaClass.invokeStaticMethod(CustomKeywordDelegatingMetaClass.java:55)
	at Login by Sixth Account - visual_user.run(Login by Sixth Account - visual_user:24)
	at com.kms.katalon.core.main.ScriptEngine.run(ScriptEngine.java:194)
	at com.kms.katalon.core.main.ScriptEngine.runScriptAsRawText(ScriptEngine.java:119)
	at com.kms.katalon.core.main.TestCaseExecutor.runScript(TestCaseExecutor.java:448)
	at com.kms.katalon.core.main.TestCaseExecutor.doExecute(TestCaseExecutor.java:439)
	at com.kms.katalon.core.main.TestCaseExecutor.processExecutionPhase(TestCaseExecutor.java:418)
	at com.kms.katalon.core.main.TestCaseExecutor.accessMainPhase(TestCaseExecutor.java:410)
	at com.kms.katalon.core.main.TestCaseExecutor.execute(TestCaseExecutor.java:285)
	at com.kms.katalon.core.main.TestCaseExecutor.execute(TestCaseExecutor.java:369)
	at com.kms.katalon.core.common.CommonExecutor.accessTestCaseMainPhase(CommonExecutor.java:65)
	at com.kms.katalon.core.main.TestSuiteExecutor.accessTestSuiteMainPhase(TestSuiteExecutor.java:150)
	at com.kms.katalon.core.main.TestSuiteExecutor.execute(TestSuiteExecutor.java:106)
	at com.kms.katalon.core.main.TestCaseMain.startTestSuite(TestCaseMain.java:180)
	at TempTestSuite1738333839214.run(TempTestSuite1738333839214.groovy:35)
	at java.base/jdk.internal.reflect.NativeMethodAccessorImpl.invoke0(Native Method)
	at java.base/jdk.internal.reflect.NativeMethodAccessorImpl.invoke(NativeMethodAccessorImpl.java:77)
	at java.base/jdk.internal.reflect.DelegatingMethodAccessorImpl.invoke(DelegatingMethodAccessorImpl.java:43)
Caused by: org.openqa.selenium.NoSuchSessionException: invalid session id: session deleted as the browser has closed the connection
from disconnected: unable to send message to renderer
  (Session info: chrome=133.0.6847.2)
Build info: version: &amp;apos;3.141.59&amp;apos;, revision: &amp;apos;unknown&amp;apos;, time: &amp;apos;unknown&amp;apos;
System info: host: &amp;apos;LAPTOP-5GQHVTHK&amp;apos;, ip: &amp;apos;192.168.0.101&amp;apos;, os.name: &amp;apos;Windows 11&amp;apos;, os.arch: &amp;apos;amd64&amp;apos;, os.version: &amp;apos;10.0&amp;apos;, java.version: &amp;apos;17.0.7&amp;apos;
Driver info: com.kms.katalon.selenium.driver.CRemoteWebDriver
Capabilities {acceptInsecureCerts: false, browserName: chrome, browserVersion: 133.0.6847.2, chrome: {chromedriverVersion: 133.0.6847.2 (7e95e23d2d1f8..., userDataDir: C:\Program Files\scoped_dir...}, fedcm:accounts: true, goog:chromeOptions: {debuggerAddress: localhost:9225}, javascriptEnabled: true, katalon:caps: {executionId: f2816e11-4aca-474d-8f53-064..., executionSessionId: fbbc086f-113c-4fef-aa46-70e...}, katalon:options: {executionId: f2816e11-4aca-474d-8f53-064..., executionSessionId: fbbc086f-113c-4fef-aa46-70e..., metadata: {accountUuid: fda32340-531c-49aa-a0b7-40d..., organizationId: 1906073, usingTunnel: false}, organizationId: 1906073, runFromTestCloud: true, userId: 1648280, username: innocent.beaver.duja@instan..., usingTunnel: false}, kt:requestId: fbbc086f-113c-4fef-aa46-70e..., kt:rid: fbbc086f-113c-4fef-aa46-70e..., networkConnectionEnabled: false, pageLoadStrategy: normal, platform: WINDOWS, platformName: WINDOWS, proxy: Proxy(), se:bidiEnabled: false, se:cdpEnabled: false, setWindowRect: true, strictFileInteractability: false, timeouts: {implicit: 0, pageLoad: 300000, script: 30000}, unhandledPromptBehavior: dismiss and notify, webauthn:extension:credBlob: true, webauthn:extension:largeBlob: true, webauthn:extension:minPinLength: true, webauthn:extension:prf: true, webauthn:virtualAuthenticators: true}
Session ID: d6ef9d25607626706e60fe14d26d2d33
	at jdk.internal.reflect.GeneratedConstructorAccessor22.newInstance(Unknown Source)
	at java.base/jdk.internal.reflect.DelegatingConstructorAccessorImpl.newInstance(DelegatingConstructorAccessorImpl.java:45)
	at org.openqa.selenium.remote.http.W3CHttpResponseCodec.createException(W3CHttpResponseCodec.java:187)
	at org.openqa.selenium.remote.http.W3CHttpResponseCodec.decode(W3CHttpResponseCodec.java:122)
	at org.openqa.selenium.remote.http.W3CHttpResponseCodec.decode(W3CHttpResponseCodec.java:49)
	at org.openqa.selenium.remote.HttpCommandExecutor.execute(HttpCommandExecutor.java:158)
	at org.openqa.selenium.remote.RemoteWebDriver.execute(RemoteWebDriver.java:552)
	at com.kms.katalon.selenium.driver.CRemoteWebDriver.execute(CRemoteWebDriver.java:30)
	at org.openqa.selenium.remote.RemoteWebElement.execute(RemoteWebElement.java:285)
	at org.openqa.selenium.remote.RemoteWebElement.sendKeys(RemoteWebElement.java:106)
	at java.base/jdk.internal.reflect.NativeMethodAccessorImpl.invoke0(Native Method)
	at java.base/jdk.internal.reflect.NativeMethodAccessorImpl.invoke(NativeMethodAccessorImpl.java:77)
	at java.base/jdk.internal.reflect.DelegatingMethodAccessorImpl.invoke(DelegatingMethodAccessorImpl.java:43)
	at org.openqa.selenium.support.events.EventFiringWebDriver$EventFiringWebElement.lambda$new$0(EventFiringWebDriver.java:404)
	at jdk.proxy2/jdk.proxy2.$Proxy24.sendKeys(Unknown Source)
	at org.openqa.selenium.support.events.EventFiringWebDriver$EventFiringWebElement.sendKeys(EventFiringWebDriver.java:429)
	at com.kms.katalon.core.webui.keyword.builtin.SetTextKeyword$_setText_closure1.doCall(SetTextKeyword.groovy:71)
	at com.kms.katalon.core.webui.keyword.builtin.SetTextKeyword$_setText_closure1.call(SetTextKeyword.groovy)
	at com.kms.katalon.core.webui.keyword.internal.WebUIKeywordMain.runKeyword(WebUIKeywordMain.groovy:35)
	at com.kms.katalon.core.webui.keyword.builtin.SetTextKeyword.setText(SetTextKeyword.groovy:85)
	at com.kms.katalon.core.webui.keyword.builtin.SetTextKeyword.execute(SetTextKeyword.groovy:39)
	at com.kms.katalon.core.keyword.internal.KeywordExecutor.executeKeywordForPlatform(KeywordExecutor.groovy:74)
	at com.kms.katalon.core.webui.keyword.WebUiBuiltInKeywords.setText(WebUiBuiltInKeywords.groovy:1019)
	at com.test.swaglabs.CustomLogin.WebLoginSixthAccount(CustomLogin.groovy:79)
	at java.base/jdk.internal.reflect.NativeMethodAccessorImpl.invoke0(Native Method)
	at java.base/jdk.internal.reflect.NativeMethodAccessorImpl.invoke(NativeMethodAccessorImpl.java:77)
	at java.base/jdk.internal.reflect.DelegatingMethodAccessorImpl.invoke(DelegatingMethodAccessorImpl.java:43)
	at com.kms.katalon.core.main.CustomKeywordDelegatingMetaClass.invokeStaticMethod(CustomKeywordDelegatingMetaClass.java:55)
	at Script1738220917712.run(Script1738220917712.groovy:24)
	... 16 more
)</message>
  <nestedLevel>1</nestedLevel>
  <escapedJava>false</escapedJava>
  <property name="failed.exception.class">org.openqa.selenium.NoSuchSessionException</property>
  <property name="failed.exception.stacktrace">org.openqa.selenium.NoSuchSessionException: invalid session id: session deleted as the browser has closed the connection
from disconnected: unable to send message to renderer
  (Session info: chrome=133.0.6847.2)
Build info: version: &apos;3.141.59&apos;, revision: &apos;unknown&apos;, time: &apos;unknown&apos;
System info: host: &apos;LAPTOP-5GQHVTHK&apos;, ip: &apos;192.168.0.101&apos;, os.name: &apos;Windows 11&apos;, os.arch: &apos;amd64&apos;, os.version: &apos;10.0&apos;, java.version: &apos;17.0.7&apos;
Driver info: com.kms.katalon.selenium.driver.CRemoteWebDriver
Capabilities {acceptInsecureCerts: false, browserName: chrome, browserVersion: 133.0.6847.2, chrome: {chromedriverVersion: 133.0.6847.2 (7e95e23d2d1f8..., userDataDir: C:\Program Files\scoped_dir...}, fedcm:accounts: true, goog:chromeOptions: {debuggerAddress: localhost:9225}, javascriptEnabled: true, katalon:caps: {executionId: f2816e11-4aca-474d-8f53-064..., executionSessionId: fbbc086f-113c-4fef-aa46-70e...}, katalon:options: {executionId: f2816e11-4aca-474d-8f53-064..., executionSessionId: fbbc086f-113c-4fef-aa46-70e..., metadata: {accountUuid: fda32340-531c-49aa-a0b7-40d..., organizationId: 1906073, usingTunnel: false}, organizationId: 1906073, runFromTestCloud: true, userId: 1648280, username: innocent.beaver.duja@instan..., usingTunnel: false}, kt:requestId: fbbc086f-113c-4fef-aa46-70e..., kt:rid: fbbc086f-113c-4fef-aa46-70e..., networkConnectionEnabled: false, pageLoadStrategy: normal, platform: WINDOWS, platformName: WINDOWS, proxy: Proxy(), se:bidiEnabled: false, se:cdpEnabled: false, setWindowRect: true, strictFileInteractability: false, timeouts: {implicit: 0, pageLoad: 300000, script: 30000}, unhandledPromptBehavior: dismiss and notify, webauthn:extension:credBlob: true, webauthn:extension:largeBlob: true, webauthn:extension:minPinLength: true, webauthn:extension:prf: true, webauthn:virtualAuthenticators: true}
Session ID: d6ef9d25607626706e60fe14d26d2d33
	at jdk.internal.reflect.GeneratedConstructorAccessor22.newInstance(Unknown Source)
	at java.base/jdk.internal.reflect.DelegatingConstructorAccessorImpl.newInstance(DelegatingConstructorAccessorImpl.java:45)
	at org.openqa.selenium.remote.http.W3CHttpResponseCodec.createException(W3CHttpResponseCodec.java:187)
	at org.openqa.selenium.remote.http.W3CHttpResponseCodec.decode(W3CHttpResponseCodec.java:122)
	at org.openqa.selenium.remote.http.W3CHttpResponseCodec.decode(W3CHttpResponseCodec.java:49)
	at org.openqa.selenium.remote.HttpCommandExecutor.execute(HttpCommandExecutor.java:158)
	at org.openqa.selenium.remote.RemoteWebDriver.execute(RemoteWebDriver.java:552)
	at com.kms.katalon.selenium.driver.CRemoteWebDriver.execute(CRemoteWebDriver.java:30)
	at org.openqa.selenium.remote.RemoteWebElement.execute(RemoteWebElement.java:285)
	at org.openqa.selenium.remote.RemoteWebElement.sendKeys(RemoteWebElement.java:106)
	at java.base/jdk.internal.reflect.NativeMethodAccessorImpl.invoke0(Native Method)
	at java.base/jdk.internal.reflect.NativeMethodAccessorImpl.invoke(NativeMethodAccessorImpl.java:77)
	at java.base/jdk.internal.reflect.DelegatingMethodAccessorImpl.invoke(DelegatingMethodAccessorImpl.java:43)
	at org.openqa.selenium.support.events.EventFiringWebDriver$EventFiringWebElement.lambda$new$0(EventFiringWebDriver.java:404)
	at jdk.proxy2/jdk.proxy2.$Proxy24.sendKeys(Unknown Source)
	at org.openqa.selenium.support.events.EventFiringWebDriver$EventFiringWebElement.sendKeys(EventFiringWebDriver.java:429)
	at com.kms.katalon.core.webui.keyword.builtin.SetTextKeyword$_setText_closure1.doCall(SetTextKeyword.groovy:71)
	at com.kms.katalon.core.webui.keyword.builtin.SetTextKeyword$_setText_closure1.call(SetTextKeyword.groovy)
	at com.kms.katalon.core.webui.keyword.internal.WebUIKeywordMain.runKeyword(WebUIKeywordMain.groovy:35)
	at com.kms.katalon.core.webui.keyword.builtin.SetTextKeyword.setText(SetTextKeyword.groovy:85)
	at com.kms.katalon.core.webui.keyword.builtin.SetTextKeyword.execute(SetTextKeyword.groovy:39)
	at com.kms.katalon.core.keyword.internal.KeywordExecutor.executeKeywordForPlatform(KeywordExecutor.groovy:74)
	at com.kms.katalon.core.webui.keyword.WebUiBuiltInKeywords.setText(WebUiBuiltInKeywords.groovy:1019)
	at com.test.swaglabs.CustomLogin.WebLoginSixthAccount(CustomLogin.groovy:79)
	at java.base/jdk.internal.reflect.NativeMethodAccessorImpl.invoke0(Native Method)
	at java.base/jdk.internal.reflect.NativeMethodAccessorImpl.invoke(NativeMethodAccessorImpl.java:77)
	at java.base/jdk.internal.reflect.DelegatingMethodAccessorImpl.invoke(DelegatingMethodAccessorImpl.java:43)
	at com.kms.katalon.core.main.CustomKeywordDelegatingMetaClass.invokeStaticMethod(CustomKeywordDelegatingMetaClass.java:55)
	at Login by Sixth Account - visual_user.run(Login by Sixth Account - visual_user:24)
	at com.kms.katalon.core.main.ScriptEngine.run(ScriptEngine.java:194)
	at com.kms.katalon.core.main.ScriptEngine.runScriptAsRawText(ScriptEngine.java:119)
	at com.kms.katalon.core.main.TestCaseExecutor.runScript(TestCaseExecutor.java:448)
	at com.kms.katalon.core.main.TestCaseExecutor.doExecute(TestCaseExecutor.java:439)
	at com.kms.katalon.core.main.TestCaseExecutor.processExecutionPhase(TestCaseExecutor.java:418)
	at com.kms.katalon.core.main.TestCaseExecutor.accessMainPhase(TestCaseExecutor.java:410)
	at com.kms.katalon.core.main.TestCaseExecutor.execute(TestCaseExecutor.java:285)
	at com.kms.katalon.core.main.TestCaseExecutor.execute(TestCaseExecutor.java:369)
	at com.kms.katalon.core.common.CommonExecutor.accessTestCaseMainPhase(CommonExecutor.java:65)
	at com.kms.katalon.core.main.TestSuiteExecutor.accessTestSuiteMainPhase(TestSuiteExecutor.java:150)
	at com.kms.katalon.core.main.TestSuiteExecutor.execute(TestSuiteExecutor.java:106)
	at com.kms.katalon.core.main.TestCaseMain.startTestSuite(TestCaseMain.java:180)
	at TempTestSuite1738333839214.run(TempTestSuite1738333839214.groovy:35)
	at java.base/jdk.internal.reflect.NativeMethodAccessorImpl.invoke0(Native Method)
	at java.base/jdk.internal.reflect.NativeMethodAccessorImpl.invoke(NativeMethodAccessorImpl.java:77)
	at java.base/jdk.internal.reflect.DelegatingMethodAccessorImpl.invoke(DelegatingMethodAccessorImpl.java:43)
</property>
  <property name="failed.exception.message">invalid session id: session deleted as the browser has closed the connection
from disconnected: unable to send message to renderer
  (Session info: chrome=133.0.6847.2)
Build info: version: &apos;3.141.59&apos;, revision: &apos;unknown&apos;, time: &apos;unknown&apos;
System info: host: &apos;LAPTOP-5GQHVTHK&apos;, ip: &apos;192.168.0.101&apos;, os.name: &apos;Windows 11&apos;, os.arch: &apos;amd64&apos;, os.version: &apos;10.0&apos;, java.version: &apos;17.0.7&apos;
Driver info: com.kms.katalon.selenium.driver.CRemoteWebDriver
Capabilities {acceptInsecureCerts: false, browserName: chrome, browserVersion: 133.0.6847.2, chrome: {chromedriverVersion: 133.0.6847.2 (7e95e23d2d1f8..., userDataDir: C:\Program Files\scoped_dir...}, fedcm:accounts: true, goog:chromeOptions: {debuggerAddress: localhost:9225}, javascriptEnabled: true, katalon:caps: {executionId: f2816e11-4aca-474d-8f53-064..., executionSessionId: fbbc086f-113c-4fef-aa46-70e...}, katalon:options: {executionId: f2816e11-4aca-474d-8f53-064..., executionSessionId: fbbc086f-113c-4fef-aa46-70e..., metadata: {accountUuid: fda32340-531c-49aa-a0b7-40d..., organizationId: 1906073, usingTunnel: false}, organizationId: 1906073, runFromTestCloud: true, userId: 1648280, username: innocent.beaver.duja@instan..., usingTunnel: false}, kt:requestId: fbbc086f-113c-4fef-aa46-70e..., kt:rid: fbbc086f-113c-4fef-aa46-70e..., networkConnectionEnabled: false, pageLoadStrategy: normal, platform: WINDOWS, platformName: WINDOWS, proxy: Proxy(), se:bidiEnabled: false, se:cdpEnabled: false, setWindowRect: true, strictFileInteractability: false, timeouts: {implicit: 0, pageLoad: 300000, script: 30000}, unhandledPromptBehavior: dismiss and notify, webauthn:extension:credBlob: true, webauthn:extension:largeBlob: true, webauthn:extension:minPinLength: true, webauthn:extension:prf: true, webauthn:virtualAuthenticators: true}
Session ID: d6ef9d25607626706e60fe14d26d2d33</property>
</record>
<record>
  <date>2025-01-31T14:36:27.590177200Z</date>
  <millis>1738334187590</millis>
  <nanos>177200</nanos>
  <sequence>703</sequence>
  <level>FAILED</level>
  <class>com.kms.katalon.core.logging.XmlKeywordLogger</class>
  <method>logMessage</method>
  <thread>1</thread>
  <message>Unable to set text &amp;apos;visual_user&amp;apos; of object &amp;apos;Object Repository/Page_Swag Labs/input_Swag Labs_user-name&amp;apos;</message>
  <nestedLevel>1</nestedLevel>
  <escapedJava>false</escapedJava>
  <property name="failed.exception.class">org.openqa.selenium.NoSuchSessionException</property>
  <property name="failed.exception.stacktrace">org.openqa.selenium.NoSuchSessionException: invalid session id: session deleted as the browser has closed the connection
from disconnected: unable to send message to renderer
  (Session info: chrome=133.0.6847.2)
Build info: version: &apos;3.141.59&apos;, revision: &apos;unknown&apos;, time: &apos;unknown&apos;
System info: host: &apos;LAPTOP-5GQHVTHK&apos;, ip: &apos;192.168.0.101&apos;, os.name: &apos;Windows 11&apos;, os.arch: &apos;amd64&apos;, os.version: &apos;10.0&apos;, java.version: &apos;17.0.7&apos;
Driver info: com.kms.katalon.selenium.driver.CRemoteWebDriver
Capabilities {acceptInsecureCerts: false, browserName: chrome, browserVersion: 133.0.6847.2, chrome: {chromedriverVersion: 133.0.6847.2 (7e95e23d2d1f8..., userDataDir: C:\Program Files\scoped_dir...}, fedcm:accounts: true, goog:chromeOptions: {debuggerAddress: localhost:9225}, javascriptEnabled: true, katalon:caps: {executionId: f2816e11-4aca-474d-8f53-064..., executionSessionId: fbbc086f-113c-4fef-aa46-70e...}, katalon:options: {executionId: f2816e11-4aca-474d-8f53-064..., executionSessionId: fbbc086f-113c-4fef-aa46-70e..., metadata: {accountUuid: fda32340-531c-49aa-a0b7-40d..., organizationId: 1906073, usingTunnel: false}, organizationId: 1906073, runFromTestCloud: true, userId: 1648280, username: innocent.beaver.duja@instan..., usingTunnel: false}, kt:requestId: fbbc086f-113c-4fef-aa46-70e..., kt:rid: fbbc086f-113c-4fef-aa46-70e..., networkConnectionEnabled: false, pageLoadStrategy: normal, platform: WINDOWS, platformName: WINDOWS, proxy: Proxy(), se:bidiEnabled: false, se:cdpEnabled: false, setWindowRect: true, strictFileInteractability: false, timeouts: {implicit: 0, pageLoad: 300000, script: 30000}, unhandledPromptBehavior: dismiss and notify, webauthn:extension:credBlob: true, webauthn:extension:largeBlob: true, webauthn:extension:minPinLength: true, webauthn:extension:prf: true, webauthn:virtualAuthenticators: true}
Session ID: d6ef9d25607626706e60fe14d26d2d33
	at jdk.internal.reflect.GeneratedConstructorAccessor22.newInstance(Unknown Source)
	at java.base/jdk.internal.reflect.DelegatingConstructorAccessorImpl.newInstance(DelegatingConstructorAccessorImpl.java:45)
	at org.openqa.selenium.remote.http.W3CHttpResponseCodec.createException(W3CHttpResponseCodec.java:187)
	at org.openqa.selenium.remote.http.W3CHttpResponseCodec.decode(W3CHttpResponseCodec.java:122)
	at org.openqa.selenium.remote.http.W3CHttpResponseCodec.decode(W3CHttpResponseCodec.java:49)
	at org.openqa.selenium.remote.HttpCommandExecutor.execute(HttpCommandExecutor.java:158)
	at org.openqa.selenium.remote.RemoteWebDriver.execute(RemoteWebDriver.java:552)
	at com.kms.katalon.selenium.driver.CRemoteWebDriver.execute(CRemoteWebDriver.java:30)
	at org.openqa.selenium.remote.RemoteWebElement.execute(RemoteWebElement.java:285)
	at org.openqa.selenium.remote.RemoteWebElement.sendKeys(RemoteWebElement.java:106)
	at java.base/jdk.internal.reflect.NativeMethodAccessorImpl.invoke0(Native Method)
	at java.base/jdk.internal.reflect.NativeMethodAccessorImpl.invoke(NativeMethodAccessorImpl.java:77)
	at java.base/jdk.internal.reflect.DelegatingMethodAccessorImpl.invoke(DelegatingMethodAccessorImpl.java:43)
	at org.openqa.selenium.support.events.EventFiringWebDriver$EventFiringWebElement.lambda$new$0(EventFiringWebDriver.java:404)
	at jdk.proxy2/jdk.proxy2.$Proxy24.sendKeys(Unknown Source)
	at org.openqa.selenium.support.events.EventFiringWebDriver$EventFiringWebElement.sendKeys(EventFiringWebDriver.java:429)
	at com.kms.katalon.core.webui.keyword.builtin.SetTextKeyword$_setText_closure1.doCall(SetTextKeyword.groovy:71)
	at com.kms.katalon.core.webui.keyword.builtin.SetTextKeyword$_setText_closure1.call(SetTextKeyword.groovy)
	at com.kms.katalon.core.webui.keyword.internal.WebUIKeywordMain.runKeyword(WebUIKeywordMain.groovy:35)
	at com.kms.katalon.core.webui.keyword.builtin.SetTextKeyword.setText(SetTextKeyword.groovy:85)
	at com.kms.katalon.core.webui.keyword.builtin.SetTextKeyword.execute(SetTextKeyword.groovy:39)
	at com.kms.katalon.core.keyword.internal.KeywordExecutor.executeKeywordForPlatform(KeywordExecutor.groovy:74)
	at com.kms.katalon.core.webui.keyword.WebUiBuiltInKeywords.setText(WebUiBuiltInKeywords.groovy:1019)
	at com.test.swaglabs.CustomLogin.WebLoginSixthAccount(CustomLogin.groovy:79)
	at java.base/jdk.internal.reflect.NativeMethodAccessorImpl.invoke0(Native Method)
	at java.base/jdk.internal.reflect.NativeMethodAccessorImpl.invoke(NativeMethodAccessorImpl.java:77)
	at java.base/jdk.internal.reflect.DelegatingMethodAccessorImpl.invoke(DelegatingMethodAccessorImpl.java:43)
	at com.kms.katalon.core.main.CustomKeywordDelegatingMetaClass.invokeStaticMethod(CustomKeywordDelegatingMetaClass.java:55)
	at Login by Sixth Account - visual_user.run(Login by Sixth Account - visual_user:24)
	at com.kms.katalon.core.main.ScriptEngine.run(ScriptEngine.java:194)
	at com.kms.katalon.core.main.ScriptEngine.runScriptAsRawText(ScriptEngine.java:119)
	at com.kms.katalon.core.main.TestCaseExecutor.runScript(TestCaseExecutor.java:448)
	at com.kms.katalon.core.main.TestCaseExecutor.doExecute(TestCaseExecutor.java:439)
	at com.kms.katalon.core.main.TestCaseExecutor.processExecutionPhase(TestCaseExecutor.java:418)
	at com.kms.katalon.core.main.TestCaseExecutor.accessMainPhase(TestCaseExecutor.java:410)
	at com.kms.katalon.core.main.TestCaseExecutor.execute(TestCaseExecutor.java:285)
	at com.kms.katalon.core.main.TestCaseExecutor.execute(TestCaseExecutor.java:369)
	at com.kms.katalon.core.common.CommonExecutor.accessTestCaseMainPhase(CommonExecutor.java:65)
	at com.kms.katalon.core.main.TestSuiteExecutor.accessTestSuiteMainPhase(TestSuiteExecutor.java:150)
	at com.kms.katalon.core.main.TestSuiteExecutor.execute(TestSuiteExecutor.java:106)
	at com.kms.katalon.core.main.TestCaseMain.startTestSuite(TestCaseMain.java:180)
	at TempTestSuite1738333839214.run(TempTestSuite1738333839214.groovy:35)
	at java.base/jdk.internal.reflect.NativeMethodAccessorImpl.invoke0(Native Method)
	at java.base/jdk.internal.reflect.NativeMethodAccessorImpl.invoke(NativeMethodAccessorImpl.java:77)
	at java.base/jdk.internal.reflect.DelegatingMethodAccessorImpl.invoke(DelegatingMethodAccessorImpl.java:43)
</property>
  <property name="failed.exception.message">invalid session id: session deleted as the browser has closed the connection
from disconnected: unable to send message to renderer
  (Session info: chrome=133.0.6847.2)
Build info: version: &apos;3.141.59&apos;, revision: &apos;unknown&apos;, time: &apos;unknown&apos;
System info: host: &apos;LAPTOP-5GQHVTHK&apos;, ip: &apos;192.168.0.101&apos;, os.name: &apos;Windows 11&apos;, os.arch: &apos;amd64&apos;, os.version: &apos;10.0&apos;, java.version: &apos;17.0.7&apos;
Driver info: com.kms.katalon.selenium.driver.CRemoteWebDriver
Capabilities {acceptInsecureCerts: false, browserName: chrome, browserVersion: 133.0.6847.2, chrome: {chromedriverVersion: 133.0.6847.2 (7e95e23d2d1f8..., userDataDir: C:\Program Files\scoped_dir...}, fedcm:accounts: true, goog:chromeOptions: {debuggerAddress: localhost:9225}, javascriptEnabled: true, katalon:caps: {executionId: f2816e11-4aca-474d-8f53-064..., executionSessionId: fbbc086f-113c-4fef-aa46-70e...}, katalon:options: {executionId: f2816e11-4aca-474d-8f53-064..., executionSessionId: fbbc086f-113c-4fef-aa46-70e..., metadata: {accountUuid: fda32340-531c-49aa-a0b7-40d..., organizationId: 1906073, usingTunnel: false}, organizationId: 1906073, runFromTestCloud: true, userId: 1648280, username: innocent.beaver.duja@instan..., usingTunnel: false}, kt:requestId: fbbc086f-113c-4fef-aa46-70e..., kt:rid: fbbc086f-113c-4fef-aa46-70e..., networkConnectionEnabled: false, pageLoadStrategy: normal, platform: WINDOWS, platformName: WINDOWS, proxy: Proxy(), se:bidiEnabled: false, se:cdpEnabled: false, setWindowRect: true, strictFileInteractability: false, timeouts: {implicit: 0, pageLoad: 300000, script: 30000}, unhandledPromptBehavior: dismiss and notify, webauthn:extension:credBlob: true, webauthn:extension:largeBlob: true, webauthn:extension:minPinLength: true, webauthn:extension:prf: true, webauthn:virtualAuthenticators: true}
Session ID: d6ef9d25607626706e60fe14d26d2d33</property>
</record>
<record>
  <date>2025-01-31T14:36:27.591168400Z</date>
  <millis>1738334187591</millis>
  <nanos>168400</nanos>
  <sequence>706</sequence>
  <level>END</level>
  <class>com.kms.katalon.core.logging.XmlKeywordLogger</class>
  <method>endKeyword</method>
  <thread>1</thread>
  <message>End action : com.test.swaglabs.CustomLogin.WebLoginSixthAccount()</message>
  <nestedLevel>1</nestedLevel>
  <escapedJava>false</escapedJava>
</record>
<record>
  <date>2025-01-31T14:36:27.593180800Z</date>
  <millis>1738334187593</millis>
  <nanos>180800</nanos>
  <sequence>709</sequence>
  <level>FAILED</level>
  <class>com.kms.katalon.core.logging.XmlKeywordLogger</class>
  <method>logMessage</method>
  <thread>1</thread>
  <message>Test Cases/Login by Sixth Account - visual_user FAILED.
Reason:
com.kms.katalon.core.exception.StepFailedException: Unable to set text &amp;apos;visual_user&amp;apos; of object &amp;apos;Object Repository/Page_Swag Labs/input_Swag Labs_user-name&amp;apos;
	at com.kms.katalon.core.webui.keyword.internal.WebUIKeywordMain.stepFailed(WebUIKeywordMain.groovy:117)
	at com.kms.katalon.core.webui.keyword.internal.WebUIKeywordMain.runKeyword(WebUIKeywordMain.groovy:43)
	at com.kms.katalon.core.webui.keyword.builtin.SetTextKeyword.setText(SetTextKeyword.groovy:85)
	at com.kms.katalon.core.webui.keyword.builtin.SetTextKeyword.execute(SetTextKeyword.groovy:39)
	at com.kms.katalon.core.keyword.internal.KeywordExecutor.executeKeywordForPlatform(KeywordExecutor.groovy:74)
	at com.kms.katalon.core.webui.keyword.WebUiBuiltInKeywords.setText(WebUiBuiltInKeywords.groovy:1019)
	at com.test.swaglabs.CustomLogin.WebLoginSixthAccount(CustomLogin.groovy:79)
	at java.base/jdk.internal.reflect.NativeMethodAccessorImpl.invoke0(Native Method)
	at java.base/jdk.internal.reflect.NativeMethodAccessorImpl.invoke(NativeMethodAccessorImpl.java:77)
	at java.base/jdk.internal.reflect.DelegatingMethodAccessorImpl.invoke(DelegatingMethodAccessorImpl.java:43)
	at com.kms.katalon.core.main.CustomKeywordDelegatingMetaClass.invokeStaticMethod(CustomKeywordDelegatingMetaClass.java:55)
	at Login by Sixth Account - visual_user.run(Login by Sixth Account - visual_user:24)
	at com.kms.katalon.core.main.ScriptEngine.run(ScriptEngine.java:194)
	at com.kms.katalon.core.main.ScriptEngine.runScriptAsRawText(ScriptEngine.java:119)
	at com.kms.katalon.core.main.TestCaseExecutor.runScript(TestCaseExecutor.java:448)
	at com.kms.katalon.core.main.TestCaseExecutor.doExecute(TestCaseExecutor.java:439)
	at com.kms.katalon.core.main.TestCaseExecutor.processExecutionPhase(TestCaseExecutor.java:418)
	at com.kms.katalon.core.main.TestCaseExecutor.accessMainPhase(TestCaseExecutor.java:410)
	at com.kms.katalon.core.main.TestCaseExecutor.execute(TestCaseExecutor.java:285)
	at com.kms.katalon.core.main.TestCaseExecutor.execute(TestCaseExecutor.java:369)
	at com.kms.katalon.core.common.CommonExecutor.accessTestCaseMainPhase(CommonExecutor.java:65)
	at com.kms.katalon.core.main.TestSuiteExecutor.accessTestSuiteMainPhase(TestSuiteExecutor.java:150)
	at com.kms.katalon.core.main.TestSuiteExecutor.execute(TestSuiteExecutor.java:106)
	at com.kms.katalon.core.main.TestCaseMain.startTestSuite(TestCaseMain.java:180)
	at TempTestSuite1738333839214.run(TempTestSuite1738333839214.groovy:35)
	at java.base/jdk.internal.reflect.NativeMethodAccessorImpl.invoke0(Native Method)
	at java.base/jdk.internal.reflect.NativeMethodAccessorImpl.invoke(NativeMethodAccessorImpl.java:77)
	at java.base/jdk.internal.reflect.DelegatingMethodAccessorImpl.invoke(DelegatingMethodAccessorImpl.java:43)
Caused by: org.openqa.selenium.NoSuchSessionException: invalid session id: session deleted as the browser has closed the connection
from disconnected: unable to send message to renderer
  (Session info: chrome=133.0.6847.2)
Build info: version: &amp;apos;3.141.59&amp;apos;, revision: &amp;apos;unknown&amp;apos;, time: &amp;apos;unknown&amp;apos;
System info: host: &amp;apos;LAPTOP-5GQHVTHK&amp;apos;, ip: &amp;apos;192.168.0.101&amp;apos;, os.name: &amp;apos;Windows 11&amp;apos;, os.arch: &amp;apos;amd64&amp;apos;, os.version: &amp;apos;10.0&amp;apos;, java.version: &amp;apos;17.0.7&amp;apos;
Driver info: com.kms.katalon.selenium.driver.CRemoteWebDriver
Capabilities {acceptInsecureCerts: false, browserName: chrome, browserVersion: 133.0.6847.2, chrome: {chromedriverVersion: 133.0.6847.2 (7e95e23d2d1f8..., userDataDir: C:\Program Files\scoped_dir...}, fedcm:accounts: true, goog:chromeOptions: {debuggerAddress: localhost:9225}, javascriptEnabled: true, katalon:caps: {executionId: f2816e11-4aca-474d-8f53-064..., executionSessionId: fbbc086f-113c-4fef-aa46-70e...}, katalon:options: {executionId: f2816e11-4aca-474d-8f53-064..., executionSessionId: fbbc086f-113c-4fef-aa46-70e..., metadata: {accountUuid: fda32340-531c-49aa-a0b7-40d..., organizationId: 1906073, usingTunnel: false}, organizationId: 1906073, runFromTestCloud: true, userId: 1648280, username: innocent.beaver.duja@instan..., usingTunnel: false}, kt:requestId: fbbc086f-113c-4fef-aa46-70e..., kt:rid: fbbc086f-113c-4fef-aa46-70e..., networkConnectionEnabled: false, pageLoadStrategy: normal, platform: WINDOWS, platformName: WINDOWS, proxy: Proxy(), se:bidiEnabled: false, se:cdpEnabled: false, setWindowRect: true, strictFileInteractability: false, timeouts: {implicit: 0, pageLoad: 300000, script: 30000}, unhandledPromptBehavior: dismiss and notify, webauthn:extension:credBlob: true, webauthn:extension:largeBlob: true, webauthn:extension:minPinLength: true, webauthn:extension:prf: true, webauthn:virtualAuthenticators: true}
Session ID: d6ef9d25607626706e60fe14d26d2d33
	at jdk.internal.reflect.GeneratedConstructorAccessor22.newInstance(Unknown Source)
	at java.base/jdk.internal.reflect.DelegatingConstructorAccessorImpl.newInstance(DelegatingConstructorAccessorImpl.java:45)
	at org.openqa.selenium.remote.http.W3CHttpResponseCodec.createException(W3CHttpResponseCodec.java:187)
	at org.openqa.selenium.remote.http.W3CHttpResponseCodec.decode(W3CHttpResponseCodec.java:122)
	at org.openqa.selenium.remote.http.W3CHttpResponseCodec.decode(W3CHttpResponseCodec.java:49)
	at org.openqa.selenium.remote.HttpCommandExecutor.execute(HttpCommandExecutor.java:158)
	at org.openqa.selenium.remote.RemoteWebDriver.execute(RemoteWebDriver.java:552)
	at com.kms.katalon.selenium.driver.CRemoteWebDriver.execute(CRemoteWebDriver.java:30)
	at org.openqa.selenium.remote.RemoteWebElement.execute(RemoteWebElement.java:285)
	at org.openqa.selenium.remote.RemoteWebElement.sendKeys(RemoteWebElement.java:106)
	at java.base/jdk.internal.reflect.NativeMethodAccessorImpl.invoke0(Native Method)
	at java.base/jdk.internal.reflect.NativeMethodAccessorImpl.invoke(NativeMethodAccessorImpl.java:77)
	at java.base/jdk.internal.reflect.DelegatingMethodAccessorImpl.invoke(DelegatingMethodAccessorImpl.java:43)
	at org.openqa.selenium.support.events.EventFiringWebDriver$EventFiringWebElement.lambda$new$0(EventFiringWebDriver.java:404)
	at jdk.proxy2/jdk.proxy2.$Proxy24.sendKeys(Unknown Source)
	at org.openqa.selenium.support.events.EventFiringWebDriver$EventFiringWebElement.sendKeys(EventFiringWebDriver.java:429)
	at com.kms.katalon.core.webui.keyword.builtin.SetTextKeyword$_setText_closure1.doCall(SetTextKeyword.groovy:71)
	at com.kms.katalon.core.webui.keyword.builtin.SetTextKeyword$_setText_closure1.call(SetTextKeyword.groovy)
	at com.kms.katalon.core.webui.keyword.internal.WebUIKeywordMain.runKeyword(WebUIKeywordMain.groovy:35)
	... 26 more
</message>
  <exception>
    <message>com.kms.katalon.core.exception.StepFailedException: Unable to set text 'visual_user' of object 'Object Repository/Page_Swag Labs/input_Swag Labs_user-name'</message>
    <frame>
      <class>com.kms.katalon.core.webui.keyword.internal.WebUIKeywordMain</class>
      <method>stepFailed</method>
      <line>117</line>
    </frame>
    <frame>
      <class>com.kms.katalon.core.webui.keyword.internal.WebUIKeywordMain</class>
      <method>runKeyword</method>
      <line>43</line>
    </frame>
    <frame>
      <class>com.kms.katalon.core.webui.keyword.builtin.SetTextKeyword</class>
      <method>setText</method>
      <line>85</line>
    </frame>
    <frame>
      <class>com.kms.katalon.core.webui.keyword.builtin.SetTextKeyword</class>
      <method>execute</method>
      <line>39</line>
    </frame>
    <frame>
      <class>com.kms.katalon.core.keyword.internal.KeywordExecutor</class>
      <method>executeKeywordForPlatform</method>
      <line>74</line>
    </frame>
    <frame>
      <class>com.kms.katalon.core.webui.keyword.WebUiBuiltInKeywords</class>
      <method>setText</method>
      <line>1019</line>
    </frame>
    <frame>
      <class>com.test.swaglabs.CustomLogin</class>
      <method>WebLoginSixthAccount</method>
      <line>79</line>
    </frame>
    <frame>
      <class>jdk.internal.reflect.NativeMethodAccessorImpl</class>
      <method>invoke0</method>
    </frame>
    <frame>
      <class>jdk.internal.reflect.NativeMethodAccessorImpl</class>
      <method>invoke</method>
      <line>77</line>
    </frame>
    <frame>
      <class>jdk.internal.reflect.DelegatingMethodAccessorImpl</class>
      <method>invoke</method>
      <line>43</line>
    </frame>
    <frame>
      <class>com.kms.katalon.core.main.CustomKeywordDelegatingMetaClass</class>
      <method>invokeStaticMethod</method>
      <line>55</line>
    </frame>
    <frame>
      <class>Login by Sixth Account - visual_user</class>
      <method>run</method>
      <line>24</line>
    </frame>
    <frame>
      <class>com.kms.katalon.core.main.ScriptEngine</class>
      <method>run</method>
      <line>194</line>
    </frame>
    <frame>
      <class>com.kms.katalon.core.main.ScriptEngine</class>
      <method>runScriptAsRawText</method>
      <line>119</line>
    </frame>
    <frame>
      <class>com.kms.katalon.core.main.TestCaseExecutor</class>
      <method>runScript</method>
      <line>448</line>
    </frame>
    <frame>
      <class>com.kms.katalon.core.main.TestCaseExecutor</class>
      <method>doExecute</method>
      <line>439</line>
    </frame>
    <frame>
      <class>com.kms.katalon.core.main.TestCaseExecutor</class>
      <method>processExecutionPhase</method>
      <line>418</line>
    </frame>
    <frame>
      <class>com.kms.katalon.core.main.TestCaseExecutor</class>
      <method>accessMainPhase</method>
      <line>410</line>
    </frame>
    <frame>
      <class>com.kms.katalon.core.main.TestCaseExecutor</class>
      <method>execute</method>
      <line>285</line>
    </frame>
    <frame>
      <class>com.kms.katalon.core.main.TestCaseExecutor</class>
      <method>execute</method>
      <line>369</line>
    </frame>
    <frame>
      <class>com.kms.katalon.core.common.CommonExecutor</class>
      <method>accessTestCaseMainPhase</method>
      <line>65</line>
    </frame>
    <frame>
      <class>com.kms.katalon.core.main.TestSuiteExecutor</class>
      <method>accessTestSuiteMainPhase</method>
      <line>150</line>
    </frame>
    <frame>
      <class>com.kms.katalon.core.main.TestSuiteExecutor</class>
      <method>execute</method>
      <line>106</line>
    </frame>
    <frame>
      <class>com.kms.katalon.core.main.TestCaseMain</class>
      <method>startTestSuite</method>
      <line>180</line>
    </frame>
    <frame>
      <class>TempTestSuite1738333839214</class>
      <method>run</method>
      <line>35</line>
    </frame>
    <frame>
      <class>jdk.internal.reflect.NativeMethodAccessorImpl</class>
      <method>invoke0</method>
    </frame>
    <frame>
      <class>jdk.internal.reflect.NativeMethodAccessorImpl</class>
      <method>invoke</method>
      <line>77</line>
    </frame>
    <frame>
      <class>jdk.internal.reflect.DelegatingMethodAccessorImpl</class>
      <method>invoke</method>
      <line>43</line>
    </frame>
  </exception>
  <nestedLevel>0</nestedLevel>
  <escapedJava>false</escapedJava>
  <property name="failed.exception.stacktrace">org.openqa.selenium.NoSuchSessionException: invalid session id: session deleted as the browser has closed the connection
from disconnected: unable to send message to renderer
  (Session info: chrome=133.0.6847.2)
Build info: version: &apos;3.141.59&apos;, revision: &apos;unknown&apos;, time: &apos;unknown&apos;
System info: host: &apos;LAPTOP-5GQHVTHK&apos;, ip: &apos;192.168.0.101&apos;, os.name: &apos;Windows 11&apos;, os.arch: &apos;amd64&apos;, os.version: &apos;10.0&apos;, java.version: &apos;17.0.7&apos;
Driver info: com.kms.katalon.selenium.driver.CRemoteWebDriver
Capabilities {acceptInsecureCerts: false, browserName: chrome, browserVersion: 133.0.6847.2, chrome: {chromedriverVersion: 133.0.6847.2 (7e95e23d2d1f8..., userDataDir: C:\Program Files\scoped_dir...}, fedcm:accounts: true, goog:chromeOptions: {debuggerAddress: localhost:9225}, javascriptEnabled: true, katalon:caps: {executionId: f2816e11-4aca-474d-8f53-064..., executionSessionId: fbbc086f-113c-4fef-aa46-70e...}, katalon:options: {executionId: f2816e11-4aca-474d-8f53-064..., executionSessionId: fbbc086f-113c-4fef-aa46-70e..., metadata: {accountUuid: fda32340-531c-49aa-a0b7-40d..., organizationId: 1906073, usingTunnel: false}, organizationId: 1906073, runFromTestCloud: true, userId: 1648280, username: innocent.beaver.duja@instan..., usingTunnel: false}, kt:requestId: fbbc086f-113c-4fef-aa46-70e..., kt:rid: fbbc086f-113c-4fef-aa46-70e..., networkConnectionEnabled: false, pageLoadStrategy: normal, platform: WINDOWS, platformName: WINDOWS, proxy: Proxy(), se:bidiEnabled: false, se:cdpEnabled: false, setWindowRect: true, strictFileInteractability: false, timeouts: {implicit: 0, pageLoad: 300000, script: 30000}, unhandledPromptBehavior: dismiss and notify, webauthn:extension:credBlob: true, webauthn:extension:largeBlob: true, webauthn:extension:minPinLength: true, webauthn:extension:prf: true, webauthn:virtualAuthenticators: true}
Session ID: d6ef9d25607626706e60fe14d26d2d33
	at jdk.internal.reflect.GeneratedConstructorAccessor22.newInstance(Unknown Source)
	at java.base/jdk.internal.reflect.DelegatingConstructorAccessorImpl.newInstance(DelegatingConstructorAccessorImpl.java:45)
	at org.openqa.selenium.remote.http.W3CHttpResponseCodec.createException(W3CHttpResponseCodec.java:187)
	at org.openqa.selenium.remote.http.W3CHttpResponseCodec.decode(W3CHttpResponseCodec.java:122)
	at org.openqa.selenium.remote.http.W3CHttpResponseCodec.decode(W3CHttpResponseCodec.java:49)
	at org.openqa.selenium.remote.HttpCommandExecutor.execute(HttpCommandExecutor.java:158)
	at org.openqa.selenium.remote.RemoteWebDriver.execute(RemoteWebDriver.java:552)
	at com.kms.katalon.selenium.driver.CRemoteWebDriver.execute(CRemoteWebDriver.java:30)
	at org.openqa.selenium.remote.RemoteWebElement.execute(RemoteWebElement.java:285)
	at org.openqa.selenium.remote.RemoteWebElement.sendKeys(RemoteWebElement.java:106)
	at java.base/jdk.internal.reflect.NativeMethodAccessorImpl.invoke0(Native Method)
	at java.base/jdk.internal.reflect.NativeMethodAccessorImpl.invoke(NativeMethodAccessorImpl.java:77)
	at java.base/jdk.internal.reflect.DelegatingMethodAccessorImpl.invoke(DelegatingMethodAccessorImpl.java:43)
	at org.openqa.selenium.support.events.EventFiringWebDriver$EventFiringWebElement.lambda$new$0(EventFiringWebDriver.java:404)
	at jdk.proxy2/jdk.proxy2.$Proxy24.sendKeys(Unknown Source)
	at org.openqa.selenium.support.events.EventFiringWebDriver$EventFiringWebElement.sendKeys(EventFiringWebDriver.java:429)
	at com.kms.katalon.core.webui.keyword.builtin.SetTextKeyword$_setText_closure1.doCall(SetTextKeyword.groovy:71)
	at com.kms.katalon.core.webui.keyword.builtin.SetTextKeyword$_setText_closure1.call(SetTextKeyword.groovy)
	at com.kms.katalon.core.webui.keyword.internal.WebUIKeywordMain.runKeyword(WebUIKeywordMain.groovy:35)
	at com.kms.katalon.core.webui.keyword.builtin.SetTextKeyword.setText(SetTextKeyword.groovy:85)
	at com.kms.katalon.core.webui.keyword.builtin.SetTextKeyword.execute(SetTextKeyword.groovy:39)
	at com.kms.katalon.core.keyword.internal.KeywordExecutor.executeKeywordForPlatform(KeywordExecutor.groovy:74)
	at com.kms.katalon.core.webui.keyword.WebUiBuiltInKeywords.setText(WebUiBuiltInKeywords.groovy:1019)
	at com.test.swaglabs.CustomLogin.WebLoginSixthAccount(CustomLogin.groovy:79)
	at java.base/jdk.internal.reflect.NativeMethodAccessorImpl.invoke0(Native Method)
	at java.base/jdk.internal.reflect.NativeMethodAccessorImpl.invoke(NativeMethodAccessorImpl.java:77)
	at java.base/jdk.internal.reflect.DelegatingMethodAccessorImpl.invoke(DelegatingMethodAccessorImpl.java:43)
	at com.kms.katalon.core.main.CustomKeywordDelegatingMetaClass.invokeStaticMethod(CustomKeywordDelegatingMetaClass.java:55)
	at Login by Sixth Account - visual_user.run(Login by Sixth Account - visual_user:24)
	at com.kms.katalon.core.main.ScriptEngine.run(ScriptEngine.java:194)
	at com.kms.katalon.core.main.ScriptEngine.runScriptAsRawText(ScriptEngine.java:119)
	at com.kms.katalon.core.main.TestCaseExecutor.runScript(TestCaseExecutor.java:448)
	at com.kms.katalon.core.main.TestCaseExecutor.doExecute(TestCaseExecutor.java:439)
	at com.kms.katalon.core.main.TestCaseExecutor.processExecutionPhase(TestCaseExecutor.java:418)
	at com.kms.katalon.core.main.TestCaseExecutor.accessMainPhase(TestCaseExecutor.java:410)
	at com.kms.katalon.core.main.TestCaseExecutor.execute(TestCaseExecutor.java:285)
	at com.kms.katalon.core.main.TestCaseExecutor.execute(TestCaseExecutor.java:369)
	at com.kms.katalon.core.common.CommonExecutor.accessTestCaseMainPhase(CommonExecutor.java:65)
	at com.kms.katalon.core.main.TestSuiteExecutor.accessTestSuiteMainPhase(TestSuiteExecutor.java:150)
	at com.kms.katalon.core.main.TestSuiteExecutor.execute(TestSuiteExecutor.java:106)
	at com.kms.katalon.core.main.TestCaseMain.startTestSuite(TestCaseMain.java:180)
	at TempTestSuite1738333839214.run(TempTestSuite1738333839214.groovy:35)
	at java.base/jdk.internal.reflect.NativeMethodAccessorImpl.invoke0(Native Method)
	at java.base/jdk.internal.reflect.NativeMethodAccessorImpl.invoke(NativeMethodAccessorImpl.java:77)
	at java.base/jdk.internal.reflect.DelegatingMethodAccessorImpl.invoke(DelegatingMethodAccessorImpl.java:43)
</property>
  <property name="failed.exception.class">org.openqa.selenium.NoSuchSessionException</property>
  <property name="failed.exception.message">invalid session id: session deleted as the browser has closed the connection
from disconnected: unable to send message to renderer
  (Session info: chrome=133.0.6847.2)
Build info: version: &apos;3.141.59&apos;, revision: &apos;unknown&apos;, time: &apos;unknown&apos;
System info: host: &apos;LAPTOP-5GQHVTHK&apos;, ip: &apos;192.168.0.101&apos;, os.name: &apos;Windows 11&apos;, os.arch: &apos;amd64&apos;, os.version: &apos;10.0&apos;, java.version: &apos;17.0.7&apos;
Driver info: com.kms.katalon.selenium.driver.CRemoteWebDriver
Capabilities {acceptInsecureCerts: false, browserName: chrome, browserVersion: 133.0.6847.2, chrome: {chromedriverVersion: 133.0.6847.2 (7e95e23d2d1f8..., userDataDir: C:\Program Files\scoped_dir...}, fedcm:accounts: true, goog:chromeOptions: {debuggerAddress: localhost:9225}, javascriptEnabled: true, katalon:caps: {executionId: f2816e11-4aca-474d-8f53-064..., executionSessionId: fbbc086f-113c-4fef-aa46-70e...}, katalon:options: {executionId: f2816e11-4aca-474d-8f53-064..., executionSessionId: fbbc086f-113c-4fef-aa46-70e..., metadata: {accountUuid: fda32340-531c-49aa-a0b7-40d..., organizationId: 1906073, usingTunnel: false}, organizationId: 1906073, runFromTestCloud: true, userId: 1648280, username: innocent.beaver.duja@instan..., usingTunnel: false}, kt:requestId: fbbc086f-113c-4fef-aa46-70e..., kt:rid: fbbc086f-113c-4fef-aa46-70e..., networkConnectionEnabled: false, pageLoadStrategy: normal, platform: WINDOWS, platformName: WINDOWS, proxy: Proxy(), se:bidiEnabled: false, se:cdpEnabled: false, setWindowRect: true, strictFileInteractability: false, timeouts: {implicit: 0, pageLoad: 300000, script: 30000}, unhandledPromptBehavior: dismiss and notify, webauthn:extension:credBlob: true, webauthn:extension:largeBlob: true, webauthn:extension:minPinLength: true, webauthn:extension:prf: true, webauthn:virtualAuthenticators: true}
Session ID: d6ef9d25607626706e60fe14d26d2d33</property>
</record>
<record>
  <date>2025-01-31T14:36:27.597180Z</date>
  <millis>1738334187597</millis>
  <nanos>180000</nanos>
  <sequence>711</sequence>
  <level>END</level>
  <class>com.kms.katalon.core.logging.XmlKeywordLogger</class>
  <method>endTest</method>
  <thread>1</thread>
  <message>End Test Case : Test Cases/Login by Sixth Account - visual_user</message>
  <nestedLevel>0</nestedLevel>
  <escapedJava>false</escapedJava>
  <property name="executionBindingVariables">[]</property>
  <property name="applitools">false</property>
  <property name="remainingRetryCount">2</property>
  <property name="currentRetryCount">1</property>
  <property name="keywordsUsage">{
  &quot;web_ui&quot;: true,
  &quot;web_service&quot;: false,
  &quot;cucumber&quot;: false,
  &quot;builtin&quot;: false,
  &quot;mobile&quot;: false,
  &quot;windows&quot;: false,
  &quot;testng&quot;: false
}</property>
</record>
<record>
  <date>2025-01-31T14:36:27.602168Z</date>
  <millis>1738334187602</millis>
  <nanos>168000</nanos>
  <sequence>712</sequence>
  <level>START</level>
  <class>com.kms.katalon.core.logging.XmlKeywordLogger</class>
  <method>startTest</method>
  <thread>1</thread>
  <message>Start Test Case : Test Cases/Login by Sixth Account - visual_user</message>
  <nestedLevel>1</nestedLevel>
  <escapedJava>false</escapedJava>
  <property name="remainingRetryCount">1</property>
  <property name="name">Test Cases/Login by Sixth Account - visual_user</property>
  <property name="description"></property>
  <property name="iteration"></property>
  <property name="id">Test Cases/Login by Sixth Account - visual_user</property>
  <property name="source">C:\Users\ACER\git\KatalonGitSwagLabsNew\Test Cases\Login by Sixth Account - visual_user.tc</property>
  <property name="tag"></property>
  <property name="isOptional">false</property>
  <property name="currentRetryCount">2</property>
</record>
<record>
  <date>2025-01-31T14:36:27.615163700Z</date>
  <millis>1738334187615</millis>
  <nanos>163700</nanos>
  <sequence>714</sequence>
  <level>START</level>
  <class>com.kms.katalon.core.logging.XmlKeywordLogger</class>
  <method>startKeyword</method>
  <thread>1</thread>
  <message>Start action : openBrowser(&amp;quot;&amp;quot;)</message>
  <nestedLevel>1</nestedLevel>
  <escapedJava>false</escapedJava>
  <property name="startLine">20</property>
  <property name="stepIndex">1</property>
</record>
<record>
  <date>2025-01-31T14:36:27.620653600Z</date>
  <millis>1738334187620</millis>
  <nanos>653600</nanos>
  <sequence>716</sequence>
  <level>WARNING</level>
  <class>com.kms.katalon.core.logging.XmlKeywordLogger</class>
  <method>logMessage</method>
  <thread>1</thread>
  <message>A browser is already opened. Closing browser and opening a new one</message>
  <nestedLevel>1</nestedLevel>
  <escapedJava>false</escapedJava>
</record>
<record>
  <date>2025-01-31T14:36:28.412949500Z</date>
  <millis>1738334188412</millis>
  <nanos>949500</nanos>
  <sequence>717</sequence>
  <level>INFO</level>
  <class>com.kms.katalon.core.logging.XmlKeywordLogger</class>
  <method>logMessage</method>
  <thread>1</thread>
  <message>User set preference: [&amp;apos;os&amp;apos;, &amp;apos;windows&amp;apos;]</message>
  <nestedLevel>1</nestedLevel>
  <escapedJava>false</escapedJava>
</record>
<record>
  <date>2025-01-31T14:36:28.414947400Z</date>
  <millis>1738334188414</millis>
  <nanos>947400</nanos>
  <sequence>718</sequence>
  <level>INFO</level>
  <class>com.kms.katalon.core.logging.XmlKeywordLogger</class>
  <method>logMessage</method>
  <thread>1</thread>
  <message>User set preference: [&amp;apos;browserVersion&amp;apos;, &amp;apos;133&amp;apos;]</message>
  <nestedLevel>1</nestedLevel>
  <escapedJava>false</escapedJava>
</record>
<record>
  <date>2025-01-31T14:36:28.414947400Z</date>
  <millis>1738334188414</millis>
  <nanos>947400</nanos>
  <sequence>719</sequence>
  <level>INFO</level>
  <class>com.kms.katalon.core.logging.XmlKeywordLogger</class>
  <method>logMessage</method>
  <thread>1</thread>
  <message>User set preference: [&amp;apos;browserName&amp;apos;, &amp;apos;chrome&amp;apos;]</message>
  <nestedLevel>1</nestedLevel>
  <escapedJava>false</escapedJava>
</record>
<record>
  <date>2025-01-31T14:36:28.414947400Z</date>
  <millis>1738334188414</millis>
  <nanos>947400</nanos>
  <sequence>720</sequence>
  <level>INFO</level>
  <class>com.kms.katalon.core.logging.XmlKeywordLogger</class>
  <method>logMessage</method>
  <thread>1</thread>
  <message>User set preference: [&amp;apos;katalon:option&amp;apos;, &amp;apos;{organizationId=1906073, usingTunnel=false}&amp;apos;]</message>
  <nestedLevel>1</nestedLevel>
  <escapedJava>false</escapedJava>
</record>
<record>
  <date>2025-01-31T14:36:28.417951500Z</date>
  <millis>1738334188417</millis>
  <nanos>951500</nanos>
  <sequence>721</sequence>
  <level>INFO</level>
  <class>com.kms.katalon.core.logging.XmlKeywordLogger</class>
  <method>logMessage</method>
  <thread>1</thread>
  <message>Connecting to remote web server &amp;apos;testcloud.katalon.com/hub&amp;apos; with type &amp;apos;Selenium&amp;apos;</message>
  <nestedLevel>1</nestedLevel>
  <escapedJava>false</escapedJava>
</record>
<record>
  <date>2025-01-31T14:36:28.419951800Z</date>
  <millis>1738334188419</millis>
  <nanos>951800</nanos>
  <sequence>722</sequence>
  <level>INFO</level>
  <class>com.kms.katalon.core.logging.XmlKeywordLogger</class>
  <method>logMessage</method>
  <thread>1</thread>
  <message>Action delay is set to 0 milliseconds</message>
  <nestedLevel>1</nestedLevel>
  <escapedJava>false</escapedJava>
</record>
<record>
  <date>2025-01-31T14:36:50.721285300Z</date>
  <millis>1738334210721</millis>
  <nanos>285300</nanos>
  <sequence>724</sequence>
  <level>RUN_DATA</level>
  <class>com.kms.katalon.core.logging.XmlKeywordLogger</class>
  <method>logMessage</method>
  <thread>1</thread>
  <message>remoteDriverUrl = testcloud.katalon.com/hub</message>
  <nestedLevel>1</nestedLevel>
  <escapedJava>false</escapedJava>
  <property name="remoteDriverUrl">testcloud.katalon.com/hub</property>
</record>
<record>
  <date>2025-01-31T14:36:50.723794100Z</date>
  <millis>1738334210723</millis>
  <nanos>794100</nanos>
  <sequence>725</sequence>
  <level>RUN_DATA</level>
  <class>com.kms.katalon.core.logging.XmlKeywordLogger</class>
  <method>logMessage</method>
  <thread>1</thread>
  <message>remoteOS = Windows</message>
  <nestedLevel>1</nestedLevel>
  <escapedJava>false</escapedJava>
  <property name="remoteOS">Windows</property>
</record>
<record>
  <date>2025-01-31T14:36:50.725759500Z</date>
  <millis>1738334210725</millis>
  <nanos>759500</nanos>
  <sequence>726</sequence>
  <level>RUN_DATA</level>
  <class>com.kms.katalon.core.logging.XmlKeywordLogger</class>
  <method>logMessage</method>
  <thread>1</thread>
  <message>desiredCapabilities = {
  &amp;quot;timeouts&amp;quot;: {
    &amp;quot;implicit&amp;quot;: 0,
    &amp;quot;pageLoad&amp;quot;: 300000,
    &amp;quot;script&amp;quot;: 30000
  },
  &amp;quot;se:cdpEnabled&amp;quot;: false,
  &amp;quot;platform&amp;quot;: &amp;quot;WINDOWS&amp;quot;,
  &amp;quot;goog:chromeOptions&amp;quot;: {
    &amp;quot;debuggerAddress&amp;quot;: &amp;quot;localhost:9225&amp;quot;
  },
  &amp;quot;webauthn:extension:credBlob&amp;quot;: true,
  &amp;quot;acceptInsecureCerts&amp;quot;: false,
  &amp;quot;browserVersion&amp;quot;: &amp;quot;133.0.0.0&amp;quot;,
  &amp;quot;fedcm:accounts&amp;quot;: true,
  &amp;quot;kt:requestId&amp;quot;: &amp;quot;cd3ee794-127b-49ce-816c-644ef8af76a4&amp;quot;,
  &amp;quot;browserName&amp;quot;: &amp;quot;chrome&amp;quot;,
  &amp;quot;javascriptEnabled&amp;quot;: true,
  &amp;quot;platformName&amp;quot;: &amp;quot;WINDOWS&amp;quot;,
  &amp;quot;setWindowRect&amp;quot;: true,
  &amp;quot;webauthn:extension:largeBlob&amp;quot;: true,
  &amp;quot;networkConnectionEnabled&amp;quot;: false,
  &amp;quot;chrome&amp;quot;: {
    &amp;quot;chromedriverVersion&amp;quot;: &amp;quot;133.0.6847.2 (7e95e23d2d1f87886163822aa701370c1187bfa1-refs/branch-heads/6847@{#6})&amp;quot;,
    &amp;quot;userDataDir&amp;quot;: &amp;quot;C:\\Program Files\\scoped_dir5104_1261311550&amp;quot;
  },
  &amp;quot;kt:rid&amp;quot;: &amp;quot;cd3ee794-127b-49ce-816c-644ef8af76a4&amp;quot;,
  &amp;quot;pageLoadStrategy&amp;quot;: &amp;quot;normal&amp;quot;,
  &amp;quot;unhandledPromptBehavior&amp;quot;: &amp;quot;dismiss and notify&amp;quot;,
  &amp;quot;strictFileInteractability&amp;quot;: false,
  &amp;quot;se:bidiEnabled&amp;quot;: false,
  &amp;quot;proxy&amp;quot;: {
    &amp;quot;proxyType&amp;quot;: &amp;quot;UNSPECIFIED&amp;quot;,
    &amp;quot;autodetect&amp;quot;: false
  },
  &amp;quot;webauthn:extension:minPinLength&amp;quot;: true,
  &amp;quot;webauthn:extension:prf&amp;quot;: true,
  &amp;quot;katalon:caps&amp;quot;: {
    &amp;quot;executionId&amp;quot;: &amp;quot;98dd10d0-fec4-4bd9-805d-c044cda8fb99&amp;quot;,
    &amp;quot;executionSessionId&amp;quot;: &amp;quot;cd3ee794-127b-49ce-816c-644ef8af76a4&amp;quot;
  },
  &amp;quot;katalon:options&amp;quot;: {
    &amp;quot;executionId&amp;quot;: &amp;quot;98dd10d0-fec4-4bd9-805d-c044cda8fb99&amp;quot;,
    &amp;quot;executionSessionId&amp;quot;: &amp;quot;cd3ee794-127b-49ce-816c-644ef8af76a4&amp;quot;,
    &amp;quot;metadata&amp;quot;: {
      &amp;quot;usingTunnel&amp;quot;: false,
      &amp;quot;accountUuid&amp;quot;: &amp;quot;fda32340-531c-49aa-a0b7-40d478ba5457&amp;quot;,
      &amp;quot;organizationId&amp;quot;: &amp;quot;1906073&amp;quot;
    },
    &amp;quot;organizationId&amp;quot;: &amp;quot;1906073&amp;quot;,
    &amp;quot;runFromTestCloud&amp;quot;: true,
    &amp;quot;userId&amp;quot;: 1648280,
    &amp;quot;username&amp;quot;: &amp;quot;innocent.beaver.duja@instantletter.net&amp;quot;,
    &amp;quot;usingTunnel&amp;quot;: false
  },
  &amp;quot;webauthn:virtualAuthenticators&amp;quot;: true
}</message>
  <nestedLevel>1</nestedLevel>
  <escapedJava>false</escapedJava>
  <property name="desiredCapabilities">{
  &quot;timeouts&quot;: {
    &quot;implicit&quot;: 0,
    &quot;pageLoad&quot;: 300000,
    &quot;script&quot;: 30000
  },
  &quot;se:cdpEnabled&quot;: false,
  &quot;platform&quot;: &quot;WINDOWS&quot;,
  &quot;goog:chromeOptions&quot;: {
    &quot;debuggerAddress&quot;: &quot;localhost:9225&quot;
  },
  &quot;webauthn:extension:credBlob&quot;: true,
  &quot;acceptInsecureCerts&quot;: false,
  &quot;browserVersion&quot;: &quot;133.0.0.0&quot;,
  &quot;fedcm:accounts&quot;: true,
  &quot;kt:requestId&quot;: &quot;cd3ee794-127b-49ce-816c-644ef8af76a4&quot;,
  &quot;browserName&quot;: &quot;chrome&quot;,
  &quot;javascriptEnabled&quot;: true,
  &quot;platformName&quot;: &quot;WINDOWS&quot;,
  &quot;setWindowRect&quot;: true,
  &quot;webauthn:extension:largeBlob&quot;: true,
  &quot;networkConnectionEnabled&quot;: false,
  &quot;chrome&quot;: {
    &quot;chromedriverVersion&quot;: &quot;133.0.6847.2 (7e95e23d2d1f87886163822aa701370c1187bfa1-refs/branch-heads/6847@{#6})&quot;,
    &quot;userDataDir&quot;: &quot;C:\\Program Files\\scoped_dir5104_1261311550&quot;
  },
  &quot;kt:rid&quot;: &quot;cd3ee794-127b-49ce-816c-644ef8af76a4&quot;,
  &quot;pageLoadStrategy&quot;: &quot;normal&quot;,
  &quot;unhandledPromptBehavior&quot;: &quot;dismiss and notify&quot;,
  &quot;strictFileInteractability&quot;: false,
  &quot;se:bidiEnabled&quot;: false,
  &quot;proxy&quot;: {
    &quot;proxyType&quot;: &quot;UNSPECIFIED&quot;,
    &quot;autodetect&quot;: false
  },
  &quot;webauthn:extension:minPinLength&quot;: true,
  &quot;webauthn:extension:prf&quot;: true,
  &quot;katalon:caps&quot;: {
    &quot;executionId&quot;: &quot;98dd10d0-fec4-4bd9-805d-c044cda8fb99&quot;,
    &quot;executionSessionId&quot;: &quot;cd3ee794-127b-49ce-816c-644ef8af76a4&quot;
  },
  &quot;katalon:options&quot;: {
    &quot;executionId&quot;: &quot;98dd10d0-fec4-4bd9-805d-c044cda8fb99&quot;,
    &quot;executionSessionId&quot;: &quot;cd3ee794-127b-49ce-816c-644ef8af76a4&quot;,
    &quot;metadata&quot;: {
      &quot;usingTunnel&quot;: false,
      &quot;accountUuid&quot;: &quot;fda32340-531c-49aa-a0b7-40d478ba5457&quot;,
      &quot;organizationId&quot;: &quot;1906073&quot;
    },
    &quot;organizationId&quot;: &quot;1906073&quot;,
    &quot;runFromTestCloud&quot;: true,
    &quot;userId&quot;: 1648280,
    &quot;username&quot;: &quot;innocent.beaver.duja@instantletter.net&quot;,
    &quot;usingTunnel&quot;: false
  },
  &quot;webauthn:virtualAuthenticators&quot;: true
}</property>
</record>
<record>
  <date>2025-01-31T14:36:50.727756600Z</date>
  <millis>1738334210727</millis>
  <nanos>756600</nanos>
  <sequence>727</sequence>
  <level>RUN_DATA</level>
  <class>com.kms.katalon.core.logging.XmlKeywordLogger</class>
  <method>logMessage</method>
  <thread>1</thread>
  <message>sessionId = b15ae67667f8b327f1e65b6f61d316fa</message>
  <nestedLevel>1</nestedLevel>
  <escapedJava>false</escapedJava>
  <property name="sessionId">b15ae67667f8b327f1e65b6f61d316fa</property>
</record>
<record>
  <date>2025-01-31T14:36:51.007513700Z</date>
  <millis>1738334211007</millis>
  <nanos>513700</nanos>
  <sequence>728</sequence>
  <level>RUN_DATA</level>
  <class>com.kms.katalon.core.logging.XmlKeywordLogger</class>
  <method>logMessage</method>
  <thread>1</thread>
  <message>browser = Chrome 133.0.0.0</message>
  <nestedLevel>1</nestedLevel>
  <escapedJava>false</escapedJava>
  <property name="browser">Chrome 133.0.0.0</property>
</record>
<record>
  <date>2025-01-31T14:36:51.008515300Z</date>
  <millis>1738334211008</millis>
  <nanos>515300</nanos>
  <sequence>729</sequence>
  <level>RUN_DATA</level>
  <class>com.kms.katalon.core.logging.XmlKeywordLogger</class>
  <method>logMessage</method>
  <thread>1</thread>
  <message>platform = Windows 11</message>
  <nestedLevel>1</nestedLevel>
  <escapedJava>false</escapedJava>
  <property name="platform">Windows 11</property>
</record>
<record>
  <date>2025-01-31T14:36:51.008515300Z</date>
  <millis>1738334211008</millis>
  <nanos>515300</nanos>
  <sequence>730</sequence>
  <level>RUN_DATA</level>
  <class>com.kms.katalon.core.logging.XmlKeywordLogger</class>
  <method>logMessage</method>
  <thread>1</thread>
  <message>seleniumVersion = 3.141.59</message>
  <nestedLevel>1</nestedLevel>
  <escapedJava>false</escapedJava>
  <property name="seleniumVersion">3.141.59</property>
</record>
<record>
  <date>2025-01-31T14:36:51.009527800Z</date>
  <millis>1738334211009</millis>
  <nanos>527800</nanos>
  <sequence>731</sequence>
  <level>RUN_DATA</level>
  <class>com.kms.katalon.core.logging.XmlKeywordLogger</class>
  <method>logMessage</method>
  <thread>1</thread>
  <message>proxyInformation = ProxyInformation { proxyOption=NO_PROXY, proxyServerType=HTTP, username=, password=********, proxyServerAddress=, proxyServerPort=0, executionList=&amp;quot;&amp;quot;, isApplyToDesiredCapabilities=true }</message>
  <nestedLevel>1</nestedLevel>
  <escapedJava>false</escapedJava>
  <property name="proxyInformation">ProxyInformation { proxyOption=NO_PROXY, proxyServerType=HTTP, username=, password=********, proxyServerAddress=, proxyServerPort=0, executionList=&quot;&quot;, isApplyToDesiredCapabilities=true }</property>
</record>
<record>
  <date>2025-01-31T14:36:51.584835200Z</date>
  <millis>1738334211584</millis>
  <nanos>835200</nanos>
  <sequence>732</sequence>
  <level>PASSED</level>
  <class>com.kms.katalon.core.logging.XmlKeywordLogger</class>
  <method>logMessage</method>
  <thread>1</thread>
  <message>Browser is opened with url: &amp;apos;&amp;apos;</message>
  <nestedLevel>1</nestedLevel>
  <escapedJava>false</escapedJava>
  <property name="testops-method-name">com.kms.katalon.core.webui.keyword.builtin.OpenBrowserKeyword.openBrowser</property>
  <property name="testops-execution-stacktrace"></property>
</record>
<record>
  <date>2025-01-31T14:36:51.585834200Z</date>
  <millis>1738334211585</millis>
  <nanos>834200</nanos>
  <sequence>733</sequence>
  <level>END</level>
  <class>com.kms.katalon.core.logging.XmlKeywordLogger</class>
  <method>endKeyword</method>
  <thread>1</thread>
  <message>End action : openBrowser(&amp;quot;&amp;quot;)</message>
  <nestedLevel>1</nestedLevel>
  <escapedJava>false</escapedJava>
</record>
<record>
  <date>2025-01-31T14:36:51.586867300Z</date>
  <millis>1738334211586</millis>
  <nanos>867300</nanos>
  <sequence>734</sequence>
  <level>START</level>
  <class>com.kms.katalon.core.logging.XmlKeywordLogger</class>
  <method>startKeyword</method>
  <thread>1</thread>
  <message>Start action : navigateToUrl(&amp;quot;https://www.saucedemo.com/&amp;quot;)</message>
  <nestedLevel>1</nestedLevel>
  <escapedJava>false</escapedJava>
  <property name="startLine">22</property>
  <property name="stepIndex">2</property>
</record>
<record>
  <date>2025-01-31T14:36:51.963930400Z</date>
  <millis>1738334211963</millis>
  <nanos>930400</nanos>
  <sequence>737</sequence>
  <level>PASSED</level>
  <class>com.kms.katalon.core.logging.XmlKeywordLogger</class>
  <method>logMessage</method>
  <thread>1</thread>
  <message>Navigate to &amp;apos;https://www.saucedemo.com/&amp;apos; successfully</message>
  <nestedLevel>1</nestedLevel>
  <escapedJava>false</escapedJava>
  <property name="testops-method-name">com.kms.katalon.core.webui.keyword.builtin.NavigateToUrlKeyword.navigateToUrl</property>
  <property name="testops-execution-stacktrace"></property>
</record>
<record>
  <date>2025-01-31T14:36:51.964927300Z</date>
  <millis>1738334211964</millis>
  <nanos>927300</nanos>
  <sequence>738</sequence>
  <level>END</level>
  <class>com.kms.katalon.core.logging.XmlKeywordLogger</class>
  <method>endKeyword</method>
  <thread>1</thread>
  <message>End action : navigateToUrl(&amp;quot;https://www.saucedemo.com/&amp;quot;)</message>
  <nestedLevel>1</nestedLevel>
  <escapedJava>false</escapedJava>
</record>
<record>
  <date>2025-01-31T14:36:51.965927600Z</date>
  <millis>1738334211965</millis>
  <nanos>927600</nanos>
  <sequence>739</sequence>
  <level>START</level>
  <class>com.kms.katalon.core.logging.XmlKeywordLogger</class>
  <method>startKeyword</method>
  <thread>1</thread>
  <message>Start action : com.test.swaglabs.CustomLogin.WebLoginSixthAccount()</message>
  <nestedLevel>1</nestedLevel>
  <escapedJava>false</escapedJava>
  <property name="startLine">24</property>
  <property name="stepIndex">3</property>
</record>
<record>
  <date>2025-01-31T14:36:54.410959Z</date>
  <millis>1738334214410</millis>
  <nanos>959000</nanos>
  <sequence>755</sequence>
  <level>PASSED</level>
  <class>com.kms.katalon.core.logging.XmlKeywordLogger</class>
  <method>logMessage</method>
  <thread>1</thread>
  <message>Text &amp;apos;visual_user&amp;apos; is set on object &amp;apos;Object Repository/Page_Swag Labs/input_Swag Labs_user-name&amp;apos;</message>
  <nestedLevel>1</nestedLevel>
  <escapedJava>false</escapedJava>
  <property name="testops-method-name">com.kms.katalon.core.webui.keyword.builtin.SetTextKeyword.setText</property>
  <property name="testops-execution-stacktrace"></property>
</record>
<record>
  <date>2025-01-31T14:36:55.114881200Z</date>
  <millis>1738334215114</millis>
  <nanos>881200</nanos>
  <sequence>763</sequence>
  <level>WARNING</level>
  <class>com.kms.katalon.core.logging.XmlKeywordLogger</class>
  <method>logMessage</method>
  <thread>1</thread>
  <message>[SELF-HEALING] Failed to find element with id &amp;apos;Object Repository/Page_Swag Labs/input_Swag Labs_password&amp;apos;. Try using Self-healing.</message>
  <nestedLevel>1</nestedLevel>
  <escapedJava>false</escapedJava>
</record>
<record>
  <date>2025-01-31T14:36:55.684278Z</date>
  <millis>1738334215684</millis>
  <nanos>278000</nanos>
  <sequence>766</sequence>
  <level>WARNING</level>
  <class>com.kms.katalon.core.logging.XmlKeywordLogger</class>
  <method>logMessage</method>
  <thread>1</thread>
  <message>[SELF-HEALING] invalid session id
Build info: version: &amp;apos;3.141.59&amp;apos;, revision: &amp;apos;unknown&amp;apos;, time: &amp;apos;unknown&amp;apos;
System info: host: &amp;apos;LAPTOP-5GQHVTHK&amp;apos;, ip: &amp;apos;192.168.0.101&amp;apos;, os.name: &amp;apos;Windows 11&amp;apos;, os.arch: &amp;apos;amd64&amp;apos;, os.version: &amp;apos;10.0&amp;apos;, java.version: &amp;apos;17.0.7&amp;apos;
Driver info: com.kms.katalon.selenium.driver.CRemoteWebDriver
Capabilities {acceptInsecureCerts: false, browserName: chrome, browserVersion: 133.0.6847.2, chrome: {chromedriverVersion: 133.0.6847.2 (7e95e23d2d1f8..., userDataDir: C:\Program Files\scoped_dir...}, fedcm:accounts: true, goog:chromeOptions: {debuggerAddress: localhost:9225}, javascriptEnabled: true, katalon:caps: {executionId: 98dd10d0-fec4-4bd9-805d-c04..., executionSessionId: cd3ee794-127b-49ce-816c-644...}, katalon:options: {executionId: 98dd10d0-fec4-4bd9-805d-c04..., executionSessionId: cd3ee794-127b-49ce-816c-644..., metadata: {accountUuid: fda32340-531c-49aa-a0b7-40d..., organizationId: 1906073, usingTunnel: false}, organizationId: 1906073, runFromTestCloud: true, userId: 1648280, username: innocent.beaver.duja@instan..., usingTunnel: false}, kt:requestId: cd3ee794-127b-49ce-816c-644..., kt:rid: cd3ee794-127b-49ce-816c-644..., networkConnectionEnabled: false, pageLoadStrategy: normal, platform: WINDOWS, platformName: WINDOWS, proxy: Proxy(), se:bidiEnabled: false, se:cdpEnabled: false, setWindowRect: true, strictFileInteractability: false, timeouts: {implicit: 0, pageLoad: 300000, script: 30000}, unhandledPromptBehavior: dismiss and notify, webauthn:extension:credBlob: true, webauthn:extension:largeBlob: true, webauthn:extension:minPinLength: true, webauthn:extension:prf: true, webauthn:virtualAuthenticators: true}
Session ID: b15ae67667f8b327f1e65b6f61d316fa
*** Element info: {Using=xpath, value=//input[@id=&amp;apos;password&amp;apos;]}</message>
  <nestedLevel>1</nestedLevel>
  <escapedJava>false</escapedJava>
  <property name="failed.exception.class">org.openqa.selenium.NoSuchSessionException</property>
  <property name="failed.exception.stacktrace">org.openqa.selenium.NoSuchSessionException: invalid session id
Build info: version: &apos;3.141.59&apos;, revision: &apos;unknown&apos;, time: &apos;unknown&apos;
System info: host: &apos;LAPTOP-5GQHVTHK&apos;, ip: &apos;192.168.0.101&apos;, os.name: &apos;Windows 11&apos;, os.arch: &apos;amd64&apos;, os.version: &apos;10.0&apos;, java.version: &apos;17.0.7&apos;
Driver info: com.kms.katalon.selenium.driver.CRemoteWebDriver
Capabilities {acceptInsecureCerts: false, browserName: chrome, browserVersion: 133.0.6847.2, chrome: {chromedriverVersion: 133.0.6847.2 (7e95e23d2d1f8..., userDataDir: C:\Program Files\scoped_dir...}, fedcm:accounts: true, goog:chromeOptions: {debuggerAddress: localhost:9225}, javascriptEnabled: true, katalon:caps: {executionId: 98dd10d0-fec4-4bd9-805d-c04..., executionSessionId: cd3ee794-127b-49ce-816c-644...}, katalon:options: {executionId: 98dd10d0-fec4-4bd9-805d-c04..., executionSessionId: cd3ee794-127b-49ce-816c-644..., metadata: {accountUuid: fda32340-531c-49aa-a0b7-40d..., organizationId: 1906073, usingTunnel: false}, organizationId: 1906073, runFromTestCloud: true, userId: 1648280, username: innocent.beaver.duja@instan..., usingTunnel: false}, kt:requestId: cd3ee794-127b-49ce-816c-644..., kt:rid: cd3ee794-127b-49ce-816c-644..., networkConnectionEnabled: false, pageLoadStrategy: normal, platform: WINDOWS, platformName: WINDOWS, proxy: Proxy(), se:bidiEnabled: false, se:cdpEnabled: false, setWindowRect: true, strictFileInteractability: false, timeouts: {implicit: 0, pageLoad: 300000, script: 30000}, unhandledPromptBehavior: dismiss and notify, webauthn:extension:credBlob: true, webauthn:extension:largeBlob: true, webauthn:extension:minPinLength: true, webauthn:extension:prf: true, webauthn:virtualAuthenticators: true}
Session ID: b15ae67667f8b327f1e65b6f61d316fa
*** Element info: {Using=xpath, value=//input[@id=&apos;password&apos;]}
	at jdk.internal.reflect.GeneratedConstructorAccessor22.newInstance(Unknown Source)
	at java.base/jdk.internal.reflect.DelegatingConstructorAccessorImpl.newInstance(DelegatingConstructorAccessorImpl.java:45)
	at org.openqa.selenium.remote.http.W3CHttpResponseCodec.createException(W3CHttpResponseCodec.java:187)
	at org.openqa.selenium.remote.http.W3CHttpResponseCodec.decode(W3CHttpResponseCodec.java:122)
	at org.openqa.selenium.remote.http.W3CHttpResponseCodec.decode(W3CHttpResponseCodec.java:49)
	at org.openqa.selenium.remote.HttpCommandExecutor.execute(HttpCommandExecutor.java:158)
	at org.openqa.selenium.remote.RemoteWebDriver.execute(RemoteWebDriver.java:552)
	at com.kms.katalon.selenium.driver.CRemoteWebDriver.execute(CRemoteWebDriver.java:30)
	at org.openqa.selenium.remote.RemoteWebDriver.findElements(RemoteWebDriver.java:353)
	at org.openqa.selenium.remote.RemoteWebDriver.findElementsByXPath(RemoteWebDriver.java:432)
	at org.openqa.selenium.By$ByXPath.findElements(By.java:348)
	at org.openqa.selenium.remote.RemoteWebDriver.findElements(RemoteWebDriver.java:311)
	at jdk.internal.reflect.GeneratedMethodAccessor9.invoke(Unknown Source)
	at java.base/jdk.internal.reflect.DelegatingMethodAccessorImpl.invoke(DelegatingMethodAccessorImpl.java:43)
	at org.openqa.selenium.support.events.EventFiringWebDriver.lambda$new$1(EventFiringWebDriver.java:105)
	at jdk.proxy2/jdk.proxy2.$Proxy23.findElements(Unknown Source)
	at org.openqa.selenium.support.events.EventFiringWebDriver.findElements(EventFiringWebDriver.java:182)
	at com.kms.katalon.core.webui.common.WebUiCommonHelper.findWebElementsWithSmartXPath(WebUiCommonHelper.java:1110)
	at com.kms.katalon.core.webui.common.WebUiCommonHelper.findElementsBySelectedMethod(WebUiCommonHelper.java:923)
	at com.kms.katalon.core.webui.common.WebUiCommonHelper.findElementsWithSelfHealing(WebUiCommonHelper.java:815)
	at com.kms.katalon.core.webui.common.WebUiCommonHelper.findWebElements(WebUiCommonHelper.java:727)
	at com.kms.katalon.core.webui.common.WebUiCommonHelper.findWebElement(WebUiCommonHelper.java:1413)
	at com.kms.katalon.core.webui.keyword.internal.WebUIAbstractKeyword.findWebElement(WebUIAbstractKeyword.groovy:27)
	at com.kms.katalon.core.webui.keyword.internal.WebUIAbstractKeyword.findWebElement(WebUIAbstractKeyword.groovy:26)
	at com.kms.katalon.core.webui.keyword.builtin.SetTextKeyword$_setText_closure1.doCall(SetTextKeyword.groovy:53)
	at com.kms.katalon.core.webui.keyword.builtin.SetTextKeyword$_setText_closure1.call(SetTextKeyword.groovy)
	at com.kms.katalon.core.webui.keyword.internal.WebUIKeywordMain.runKeyword(WebUIKeywordMain.groovy:35)
	at com.kms.katalon.core.webui.keyword.builtin.SetTextKeyword.setText(SetTextKeyword.groovy:85)
	at com.kms.katalon.core.webui.keyword.builtin.SetTextKeyword.execute(SetTextKeyword.groovy:39)
	at com.kms.katalon.core.keyword.internal.KeywordExecutor.executeKeywordForPlatform(KeywordExecutor.groovy:74)
	at com.kms.katalon.core.webui.keyword.WebUiBuiltInKeywords.setText(WebUiBuiltInKeywords.groovy:1019)
	at com.test.swaglabs.CustomLogin.WebLoginSixthAccount(CustomLogin.groovy:80)
	at java.base/jdk.internal.reflect.NativeMethodAccessorImpl.invoke0(Native Method)
	at java.base/jdk.internal.reflect.NativeMethodAccessorImpl.invoke(NativeMethodAccessorImpl.java:77)
	at java.base/jdk.internal.reflect.DelegatingMethodAccessorImpl.invoke(DelegatingMethodAccessorImpl.java:43)
	at com.kms.katalon.core.main.CustomKeywordDelegatingMetaClass.invokeStaticMethod(CustomKeywordDelegatingMetaClass.java:55)
	at Login by Sixth Account - visual_user.run(Login by Sixth Account - visual_user:24)
	at com.kms.katalon.core.main.ScriptEngine.run(ScriptEngine.java:194)
	at com.kms.katalon.core.main.ScriptEngine.runScriptAsRawText(ScriptEngine.java:119)
	at com.kms.katalon.core.main.TestCaseExecutor.runScript(TestCaseExecutor.java:448)
	at com.kms.katalon.core.main.TestCaseExecutor.doExecute(TestCaseExecutor.java:439)
	at com.kms.katalon.core.main.TestCaseExecutor.processExecutionPhase(TestCaseExecutor.java:418)
	at com.kms.katalon.core.main.TestCaseExecutor.accessMainPhase(TestCaseExecutor.java:410)
	at com.kms.katalon.core.main.TestCaseExecutor.execute(TestCaseExecutor.java:285)
	at com.kms.katalon.core.main.TestCaseExecutor.execute(TestCaseExecutor.java:369)
	at com.kms.katalon.core.main.TestCaseExecutor.execute(TestCaseExecutor.java:369)
	at com.kms.katalon.core.common.CommonExecutor.accessTestCaseMainPhase(CommonExecutor.java:65)
	at com.kms.katalon.core.main.TestSuiteExecutor.accessTestSuiteMainPhase(TestSuiteExecutor.java:150)
	at com.kms.katalon.core.main.TestSuiteExecutor.execute(TestSuiteExecutor.java:106)
	at com.kms.katalon.core.main.TestCaseMain.startTestSuite(TestCaseMain.java:180)
	at TempTestSuite1738333839214.run(TempTestSuite1738333839214.groovy:35)
	at java.base/jdk.internal.reflect.NativeMethodAccessorImpl.invoke0(Native Method)
	at java.base/jdk.internal.reflect.NativeMethodAccessorImpl.invoke(NativeMethodAccessorImpl.java:77)
	at java.base/jdk.internal.reflect.DelegatingMethodAccessorImpl.invoke(DelegatingMethodAccessorImpl.java:43)
</property>
  <property name="failed.exception.message">invalid session id
Build info: version: &apos;3.141.59&apos;, revision: &apos;unknown&apos;, time: &apos;unknown&apos;
System info: host: &apos;LAPTOP-5GQHVTHK&apos;, ip: &apos;192.168.0.101&apos;, os.name: &apos;Windows 11&apos;, os.arch: &apos;amd64&apos;, os.version: &apos;10.0&apos;, java.version: &apos;17.0.7&apos;
Driver info: com.kms.katalon.selenium.driver.CRemoteWebDriver
Capabilities {acceptInsecureCerts: false, browserName: chrome, browserVersion: 133.0.6847.2, chrome: {chromedriverVersion: 133.0.6847.2 (7e95e23d2d1f8..., userDataDir: C:\Program Files\scoped_dir...}, fedcm:accounts: true, goog:chromeOptions: {debuggerAddress: localhost:9225}, javascriptEnabled: true, katalon:caps: {executionId: 98dd10d0-fec4-4bd9-805d-c04..., executionSessionId: cd3ee794-127b-49ce-816c-644...}, katalon:options: {executionId: 98dd10d0-fec4-4bd9-805d-c04..., executionSessionId: cd3ee794-127b-49ce-816c-644..., metadata: {accountUuid: fda32340-531c-49aa-a0b7-40d..., organizationId: 1906073, usingTunnel: false}, organizationId: 1906073, runFromTestCloud: true, userId: 1648280, username: innocent.beaver.duja@instan..., usingTunnel: false}, kt:requestId: cd3ee794-127b-49ce-816c-644..., kt:rid: cd3ee794-127b-49ce-816c-644..., networkConnectionEnabled: false, pageLoadStrategy: normal, platform: WINDOWS, platformName: WINDOWS, proxy: Proxy(), se:bidiEnabled: false, se:cdpEnabled: false, setWindowRect: true, strictFileInteractability: false, timeouts: {implicit: 0, pageLoad: 300000, script: 30000}, unhandledPromptBehavior: dismiss and notify, webauthn:extension:credBlob: true, webauthn:extension:largeBlob: true, webauthn:extension:minPinLength: true, webauthn:extension:prf: true, webauthn:virtualAuthenticators: true}
Session ID: b15ae67667f8b327f1e65b6f61d316fa
*** Element info: {Using=xpath, value=//input[@id=&apos;password&apos;]}</property>
</record>
<record>
  <date>2025-01-31T14:36:57.632564300Z</date>
  <millis>1738334217632</millis>
  <nanos>564300</nanos>
  <sequence>770</sequence>
  <level>WARNING</level>
  <class>com.kms.katalon.core.logging.XmlKeywordLogger</class>
  <method>logMessage</method>
  <thread>1</thread>
  <message>[SELF-HEALING] invalid session id
Build info: version: &amp;apos;3.141.59&amp;apos;, revision: &amp;apos;unknown&amp;apos;, time: &amp;apos;unknown&amp;apos;
System info: host: &amp;apos;LAPTOP-5GQHVTHK&amp;apos;, ip: &amp;apos;192.168.0.101&amp;apos;, os.name: &amp;apos;Windows 11&amp;apos;, os.arch: &amp;apos;amd64&amp;apos;, os.version: &amp;apos;10.0&amp;apos;, java.version: &amp;apos;17.0.7&amp;apos;
Driver info: com.kms.katalon.selenium.driver.CRemoteWebDriver
Capabilities {acceptInsecureCerts: false, browserName: chrome, browserVersion: 133.0.6847.2, chrome: {chromedriverVersion: 133.0.6847.2 (7e95e23d2d1f8..., userDataDir: C:\Program Files\scoped_dir...}, fedcm:accounts: true, goog:chromeOptions: {debuggerAddress: localhost:9225}, javascriptEnabled: true, katalon:caps: {executionId: 98dd10d0-fec4-4bd9-805d-c04..., executionSessionId: cd3ee794-127b-49ce-816c-644...}, katalon:options: {executionId: 98dd10d0-fec4-4bd9-805d-c04..., executionSessionId: cd3ee794-127b-49ce-816c-644..., metadata: {accountUuid: fda32340-531c-49aa-a0b7-40d..., organizationId: 1906073, usingTunnel: false}, organizationId: 1906073, runFromTestCloud: true, userId: 1648280, username: innocent.beaver.duja@instan..., usingTunnel: false}, kt:requestId: cd3ee794-127b-49ce-816c-644..., kt:rid: cd3ee794-127b-49ce-816c-644..., networkConnectionEnabled: false, pageLoadStrategy: normal, platform: WINDOWS, platformName: WINDOWS, proxy: Proxy(), se:bidiEnabled: false, se:cdpEnabled: false, setWindowRect: true, strictFileInteractability: false, timeouts: {implicit: 0, pageLoad: 300000, script: 30000}, unhandledPromptBehavior: dismiss and notify, webauthn:extension:credBlob: true, webauthn:extension:largeBlob: true, webauthn:extension:minPinLength: true, webauthn:extension:prf: true, webauthn:virtualAuthenticators: true}
Session ID: b15ae67667f8b327f1e65b6f61d316fa
*** Element info: {Using=xpath, value=//*[@placeholder = &amp;apos;Password&amp;apos; and @type = &amp;apos;password&amp;apos; and @id = &amp;apos;password&amp;apos; and @name = &amp;apos;password&amp;apos;]}</message>
  <nestedLevel>1</nestedLevel>
  <escapedJava>false</escapedJava>
  <property name="failed.exception.class">org.openqa.selenium.NoSuchSessionException</property>
  <property name="failed.exception.stacktrace">org.openqa.selenium.NoSuchSessionException: invalid session id
Build info: version: &apos;3.141.59&apos;, revision: &apos;unknown&apos;, time: &apos;unknown&apos;
System info: host: &apos;LAPTOP-5GQHVTHK&apos;, ip: &apos;192.168.0.101&apos;, os.name: &apos;Windows 11&apos;, os.arch: &apos;amd64&apos;, os.version: &apos;10.0&apos;, java.version: &apos;17.0.7&apos;
Driver info: com.kms.katalon.selenium.driver.CRemoteWebDriver
Capabilities {acceptInsecureCerts: false, browserName: chrome, browserVersion: 133.0.6847.2, chrome: {chromedriverVersion: 133.0.6847.2 (7e95e23d2d1f8..., userDataDir: C:\Program Files\scoped_dir...}, fedcm:accounts: true, goog:chromeOptions: {debuggerAddress: localhost:9225}, javascriptEnabled: true, katalon:caps: {executionId: 98dd10d0-fec4-4bd9-805d-c04..., executionSessionId: cd3ee794-127b-49ce-816c-644...}, katalon:options: {executionId: 98dd10d0-fec4-4bd9-805d-c04..., executionSessionId: cd3ee794-127b-49ce-816c-644..., metadata: {accountUuid: fda32340-531c-49aa-a0b7-40d..., organizationId: 1906073, usingTunnel: false}, organizationId: 1906073, runFromTestCloud: true, userId: 1648280, username: innocent.beaver.duja@instan..., usingTunnel: false}, kt:requestId: cd3ee794-127b-49ce-816c-644..., kt:rid: cd3ee794-127b-49ce-816c-644..., networkConnectionEnabled: false, pageLoadStrategy: normal, platform: WINDOWS, platformName: WINDOWS, proxy: Proxy(), se:bidiEnabled: false, se:cdpEnabled: false, setWindowRect: true, strictFileInteractability: false, timeouts: {implicit: 0, pageLoad: 300000, script: 30000}, unhandledPromptBehavior: dismiss and notify, webauthn:extension:credBlob: true, webauthn:extension:largeBlob: true, webauthn:extension:minPinLength: true, webauthn:extension:prf: true, webauthn:virtualAuthenticators: true}
Session ID: b15ae67667f8b327f1e65b6f61d316fa
*** Element info: {Using=xpath, value=//*[@placeholder = &apos;Password&apos; and @type = &apos;password&apos; and @id = &apos;password&apos; and @name = &apos;password&apos;]}
	at jdk.internal.reflect.GeneratedConstructorAccessor22.newInstance(Unknown Source)
	at java.base/jdk.internal.reflect.DelegatingConstructorAccessorImpl.newInstance(DelegatingConstructorAccessorImpl.java:45)
	at org.openqa.selenium.remote.http.W3CHttpResponseCodec.createException(W3CHttpResponseCodec.java:187)
	at org.openqa.selenium.remote.http.W3CHttpResponseCodec.decode(W3CHttpResponseCodec.java:122)
	at org.openqa.selenium.remote.http.W3CHttpResponseCodec.decode(W3CHttpResponseCodec.java:49)
	at org.openqa.selenium.remote.HttpCommandExecutor.execute(HttpCommandExecutor.java:158)
	at org.openqa.selenium.remote.RemoteWebDriver.execute(RemoteWebDriver.java:552)
	at com.kms.katalon.selenium.driver.CRemoteWebDriver.execute(CRemoteWebDriver.java:30)
	at org.openqa.selenium.remote.RemoteWebDriver.findElements(RemoteWebDriver.java:353)
	at org.openqa.selenium.remote.RemoteWebDriver.findElementsByXPath(RemoteWebDriver.java:432)
	at org.openqa.selenium.By$ByXPath.findElements(By.java:348)
	at org.openqa.selenium.remote.RemoteWebDriver.findElements(RemoteWebDriver.java:311)
	at jdk.internal.reflect.GeneratedMethodAccessor9.invoke(Unknown Source)
	at java.base/jdk.internal.reflect.DelegatingMethodAccessorImpl.invoke(DelegatingMethodAccessorImpl.java:43)
	at org.openqa.selenium.support.events.EventFiringWebDriver.lambda$new$1(EventFiringWebDriver.java:105)
	at jdk.proxy2/jdk.proxy2.$Proxy23.findElements(Unknown Source)
	at org.openqa.selenium.support.events.EventFiringWebDriver.findElements(EventFiringWebDriver.java:182)
	at com.kms.katalon.core.webui.common.WebUiCommonHelper.findElementByNormalMethods(WebUiCommonHelper.java:1033)
	at com.kms.katalon.core.webui.common.WebUiCommonHelper.findElementsBySelectedMethod(WebUiCommonHelper.java:918)
	at com.kms.katalon.core.webui.common.WebUiCommonHelper.findElementsWithSelfHealing(WebUiCommonHelper.java:815)
	at com.kms.katalon.core.webui.common.WebUiCommonHelper.findWebElements(WebUiCommonHelper.java:727)
	at com.kms.katalon.core.webui.common.WebUiCommonHelper.findWebElement(WebUiCommonHelper.java:1413)
	at com.kms.katalon.core.webui.keyword.internal.WebUIAbstractKeyword.findWebElement(WebUIAbstractKeyword.groovy:27)
	at com.kms.katalon.core.webui.keyword.internal.WebUIAbstractKeyword.findWebElement(WebUIAbstractKeyword.groovy:26)
	at com.kms.katalon.core.webui.keyword.builtin.SetTextKeyword$_setText_closure1.doCall(SetTextKeyword.groovy:53)
	at com.kms.katalon.core.webui.keyword.builtin.SetTextKeyword$_setText_closure1.call(SetTextKeyword.groovy)
	at com.kms.katalon.core.webui.keyword.internal.WebUIKeywordMain.runKeyword(WebUIKeywordMain.groovy:35)
	at com.kms.katalon.core.webui.keyword.builtin.SetTextKeyword.setText(SetTextKeyword.groovy:85)
	at com.kms.katalon.core.webui.keyword.builtin.SetTextKeyword.execute(SetTextKeyword.groovy:39)
	at com.kms.katalon.core.keyword.internal.KeywordExecutor.executeKeywordForPlatform(KeywordExecutor.groovy:74)
	at com.kms.katalon.core.webui.keyword.WebUiBuiltInKeywords.setText(WebUiBuiltInKeywords.groovy:1019)
	at com.test.swaglabs.CustomLogin.WebLoginSixthAccount(CustomLogin.groovy:80)
	at java.base/jdk.internal.reflect.NativeMethodAccessorImpl.invoke0(Native Method)
	at java.base/jdk.internal.reflect.NativeMethodAccessorImpl.invoke(NativeMethodAccessorImpl.java:77)
	at java.base/jdk.internal.reflect.DelegatingMethodAccessorImpl.invoke(DelegatingMethodAccessorImpl.java:43)
	at com.kms.katalon.core.main.CustomKeywordDelegatingMetaClass.invokeStaticMethod(CustomKeywordDelegatingMetaClass.java:55)
	at Login by Sixth Account - visual_user.run(Login by Sixth Account - visual_user:24)
	at com.kms.katalon.core.main.ScriptEngine.run(ScriptEngine.java:194)
	at com.kms.katalon.core.main.ScriptEngine.runScriptAsRawText(ScriptEngine.java:119)
	at com.kms.katalon.core.main.TestCaseExecutor.runScript(TestCaseExecutor.java:448)
	at com.kms.katalon.core.main.TestCaseExecutor.doExecute(TestCaseExecutor.java:439)
	at com.kms.katalon.core.main.TestCaseExecutor.processExecutionPhase(TestCaseExecutor.java:418)
	at com.kms.katalon.core.main.TestCaseExecutor.accessMainPhase(TestCaseExecutor.java:410)
	at com.kms.katalon.core.main.TestCaseExecutor.execute(TestCaseExecutor.java:285)
	at com.kms.katalon.core.main.TestCaseExecutor.execute(TestCaseExecutor.java:369)
	at com.kms.katalon.core.main.TestCaseExecutor.execute(TestCaseExecutor.java:369)
	at com.kms.katalon.core.common.CommonExecutor.accessTestCaseMainPhase(CommonExecutor.java:65)
	at com.kms.katalon.core.main.TestSuiteExecutor.accessTestSuiteMainPhase(TestSuiteExecutor.java:150)
	at com.kms.katalon.core.main.TestSuiteExecutor.execute(TestSuiteExecutor.java:106)
	at com.kms.katalon.core.main.TestCaseMain.startTestSuite(TestCaseMain.java:180)
	at TempTestSuite1738333839214.run(TempTestSuite1738333839214.groovy:35)
	at java.base/jdk.internal.reflect.NativeMethodAccessorImpl.invoke0(Native Method)
	at java.base/jdk.internal.reflect.NativeMethodAccessorImpl.invoke(NativeMethodAccessorImpl.java:77)
	at java.base/jdk.internal.reflect.DelegatingMethodAccessorImpl.invoke(DelegatingMethodAccessorImpl.java:43)
</property>
  <property name="failed.exception.message">invalid session id
Build info: version: &apos;3.141.59&apos;, revision: &apos;unknown&apos;, time: &apos;unknown&apos;
System info: host: &apos;LAPTOP-5GQHVTHK&apos;, ip: &apos;192.168.0.101&apos;, os.name: &apos;Windows 11&apos;, os.arch: &apos;amd64&apos;, os.version: &apos;10.0&apos;, java.version: &apos;17.0.7&apos;
Driver info: com.kms.katalon.selenium.driver.CRemoteWebDriver
Capabilities {acceptInsecureCerts: false, browserName: chrome, browserVersion: 133.0.6847.2, chrome: {chromedriverVersion: 133.0.6847.2 (7e95e23d2d1f8..., userDataDir: C:\Program Files\scoped_dir...}, fedcm:accounts: true, goog:chromeOptions: {debuggerAddress: localhost:9225}, javascriptEnabled: true, katalon:caps: {executionId: 98dd10d0-fec4-4bd9-805d-c04..., executionSessionId: cd3ee794-127b-49ce-816c-644...}, katalon:options: {executionId: 98dd10d0-fec4-4bd9-805d-c04..., executionSessionId: cd3ee794-127b-49ce-816c-644..., metadata: {accountUuid: fda32340-531c-49aa-a0b7-40d..., organizationId: 1906073, usingTunnel: false}, organizationId: 1906073, runFromTestCloud: true, userId: 1648280, username: innocent.beaver.duja@instan..., usingTunnel: false}, kt:requestId: cd3ee794-127b-49ce-816c-644..., kt:rid: cd3ee794-127b-49ce-816c-644..., networkConnectionEnabled: false, pageLoadStrategy: normal, platform: WINDOWS, platformName: WINDOWS, proxy: Proxy(), se:bidiEnabled: false, se:cdpEnabled: false, setWindowRect: true, strictFileInteractability: false, timeouts: {implicit: 0, pageLoad: 300000, script: 30000}, unhandledPromptBehavior: dismiss and notify, webauthn:extension:credBlob: true, webauthn:extension:largeBlob: true, webauthn:extension:minPinLength: true, webauthn:extension:prf: true, webauthn:virtualAuthenticators: true}
Session ID: b15ae67667f8b327f1e65b6f61d316fa
*** Element info: {Using=xpath, value=//*[@placeholder = &apos;Password&apos; and @type = &apos;password&apos; and @id = &apos;password&apos; and @name = &apos;password&apos;]}</property>
</record>
<record>
  <date>2025-01-31T14:36:58.261406400Z</date>
  <millis>1738334218261</millis>
  <nanos>406400</nanos>
  <sequence>774</sequence>
  <level>WARNING</level>
  <class>com.kms.katalon.core.logging.XmlKeywordLogger</class>
  <method>logMessage</method>
  <thread>1</thread>
  <message>[SELF-HEALING] invalid session id
Build info: version: &amp;apos;3.141.59&amp;apos;, revision: &amp;apos;unknown&amp;apos;, time: &amp;apos;unknown&amp;apos;
System info: host: &amp;apos;LAPTOP-5GQHVTHK&amp;apos;, ip: &amp;apos;192.168.0.101&amp;apos;, os.name: &amp;apos;Windows 11&amp;apos;, os.arch: &amp;apos;amd64&amp;apos;, os.version: &amp;apos;10.0&amp;apos;, java.version: &amp;apos;17.0.7&amp;apos;
Driver info: com.kms.katalon.selenium.driver.CRemoteWebDriver
Capabilities {acceptInsecureCerts: false, browserName: chrome, browserVersion: 133.0.6847.2, chrome: {chromedriverVersion: 133.0.6847.2 (7e95e23d2d1f8..., userDataDir: C:\Program Files\scoped_dir...}, fedcm:accounts: true, goog:chromeOptions: {debuggerAddress: localhost:9225}, javascriptEnabled: true, katalon:caps: {executionId: 98dd10d0-fec4-4bd9-805d-c04..., executionSessionId: cd3ee794-127b-49ce-816c-644...}, katalon:options: {executionId: 98dd10d0-fec4-4bd9-805d-c04..., executionSessionId: cd3ee794-127b-49ce-816c-644..., metadata: {accountUuid: fda32340-531c-49aa-a0b7-40d..., organizationId: 1906073, usingTunnel: false}, organizationId: 1906073, runFromTestCloud: true, userId: 1648280, username: innocent.beaver.duja@instan..., usingTunnel: false}, kt:requestId: cd3ee794-127b-49ce-816c-644..., kt:rid: cd3ee794-127b-49ce-816c-644..., networkConnectionEnabled: false, pageLoadStrategy: normal, platform: WINDOWS, platformName: WINDOWS, proxy: Proxy(), se:bidiEnabled: false, se:cdpEnabled: false, setWindowRect: true, strictFileInteractability: false, timeouts: {implicit: 0, pageLoad: 300000, script: 30000}, unhandledPromptBehavior: dismiss and notify, webauthn:extension:credBlob: true, webauthn:extension:largeBlob: true, webauthn:extension:minPinLength: true, webauthn:extension:prf: true, webauthn:virtualAuthenticators: true}
Session ID: b15ae67667f8b327f1e65b6f61d316fa
*** Element info: {Using=css selector, value=#password}</message>
  <nestedLevel>1</nestedLevel>
  <escapedJava>false</escapedJava>
  <property name="failed.exception.class">org.openqa.selenium.NoSuchSessionException</property>
  <property name="failed.exception.stacktrace">org.openqa.selenium.NoSuchSessionException: invalid session id
Build info: version: &apos;3.141.59&apos;, revision: &apos;unknown&apos;, time: &apos;unknown&apos;
System info: host: &apos;LAPTOP-5GQHVTHK&apos;, ip: &apos;192.168.0.101&apos;, os.name: &apos;Windows 11&apos;, os.arch: &apos;amd64&apos;, os.version: &apos;10.0&apos;, java.version: &apos;17.0.7&apos;
Driver info: com.kms.katalon.selenium.driver.CRemoteWebDriver
Capabilities {acceptInsecureCerts: false, browserName: chrome, browserVersion: 133.0.6847.2, chrome: {chromedriverVersion: 133.0.6847.2 (7e95e23d2d1f8..., userDataDir: C:\Program Files\scoped_dir...}, fedcm:accounts: true, goog:chromeOptions: {debuggerAddress: localhost:9225}, javascriptEnabled: true, katalon:caps: {executionId: 98dd10d0-fec4-4bd9-805d-c04..., executionSessionId: cd3ee794-127b-49ce-816c-644...}, katalon:options: {executionId: 98dd10d0-fec4-4bd9-805d-c04..., executionSessionId: cd3ee794-127b-49ce-816c-644..., metadata: {accountUuid: fda32340-531c-49aa-a0b7-40d..., organizationId: 1906073, usingTunnel: false}, organizationId: 1906073, runFromTestCloud: true, userId: 1648280, username: innocent.beaver.duja@instan..., usingTunnel: false}, kt:requestId: cd3ee794-127b-49ce-816c-644..., kt:rid: cd3ee794-127b-49ce-816c-644..., networkConnectionEnabled: false, pageLoadStrategy: normal, platform: WINDOWS, platformName: WINDOWS, proxy: Proxy(), se:bidiEnabled: false, se:cdpEnabled: false, setWindowRect: true, strictFileInteractability: false, timeouts: {implicit: 0, pageLoad: 300000, script: 30000}, unhandledPromptBehavior: dismiss and notify, webauthn:extension:credBlob: true, webauthn:extension:largeBlob: true, webauthn:extension:minPinLength: true, webauthn:extension:prf: true, webauthn:virtualAuthenticators: true}
Session ID: b15ae67667f8b327f1e65b6f61d316fa
*** Element info: {Using=css selector, value=#password}
	at jdk.internal.reflect.GeneratedConstructorAccessor22.newInstance(Unknown Source)
	at java.base/jdk.internal.reflect.DelegatingConstructorAccessorImpl.newInstance(DelegatingConstructorAccessorImpl.java:45)
	at org.openqa.selenium.remote.http.W3CHttpResponseCodec.createException(W3CHttpResponseCodec.java:187)
	at org.openqa.selenium.remote.http.W3CHttpResponseCodec.decode(W3CHttpResponseCodec.java:122)
	at org.openqa.selenium.remote.http.W3CHttpResponseCodec.decode(W3CHttpResponseCodec.java:49)
	at org.openqa.selenium.remote.HttpCommandExecutor.execute(HttpCommandExecutor.java:158)
	at org.openqa.selenium.remote.RemoteWebDriver.execute(RemoteWebDriver.java:552)
	at com.kms.katalon.selenium.driver.CRemoteWebDriver.execute(CRemoteWebDriver.java:30)
	at org.openqa.selenium.remote.RemoteWebDriver.findElements(RemoteWebDriver.java:353)
	at org.openqa.selenium.remote.RemoteWebDriver.findElementsByCssSelector(RemoteWebDriver.java:424)
	at org.openqa.selenium.By$ByCssSelector.findElements(By.java:441)
	at org.openqa.selenium.remote.RemoteWebDriver.findElements(RemoteWebDriver.java:311)
	at jdk.internal.reflect.GeneratedMethodAccessor9.invoke(Unknown Source)
	at java.base/jdk.internal.reflect.DelegatingMethodAccessorImpl.invoke(DelegatingMethodAccessorImpl.java:43)
	at org.openqa.selenium.support.events.EventFiringWebDriver.lambda$new$1(EventFiringWebDriver.java:105)
	at jdk.proxy2/jdk.proxy2.$Proxy23.findElements(Unknown Source)
	at org.openqa.selenium.support.events.EventFiringWebDriver.findElements(EventFiringWebDriver.java:182)
	at com.kms.katalon.core.webui.common.WebUiCommonHelper.findElementByNormalMethods(WebUiCommonHelper.java:1033)
	at com.kms.katalon.core.webui.common.WebUiCommonHelper.findElementsBySelectedMethod(WebUiCommonHelper.java:920)
	at com.kms.katalon.core.webui.common.WebUiCommonHelper.findElementsWithSelfHealing(WebUiCommonHelper.java:815)
	at com.kms.katalon.core.webui.common.WebUiCommonHelper.findWebElements(WebUiCommonHelper.java:727)
	at com.kms.katalon.core.webui.common.WebUiCommonHelper.findWebElement(WebUiCommonHelper.java:1413)
	at com.kms.katalon.core.webui.keyword.internal.WebUIAbstractKeyword.findWebElement(WebUIAbstractKeyword.groovy:27)
	at com.kms.katalon.core.webui.keyword.internal.WebUIAbstractKeyword.findWebElement(WebUIAbstractKeyword.groovy:26)
	at com.kms.katalon.core.webui.keyword.builtin.SetTextKeyword$_setText_closure1.doCall(SetTextKeyword.groovy:53)
	at com.kms.katalon.core.webui.keyword.builtin.SetTextKeyword$_setText_closure1.call(SetTextKeyword.groovy)
	at com.kms.katalon.core.webui.keyword.internal.WebUIKeywordMain.runKeyword(WebUIKeywordMain.groovy:35)
	at com.kms.katalon.core.webui.keyword.builtin.SetTextKeyword.setText(SetTextKeyword.groovy:85)
	at com.kms.katalon.core.webui.keyword.builtin.SetTextKeyword.execute(SetTextKeyword.groovy:39)
	at com.kms.katalon.core.keyword.internal.KeywordExecutor.executeKeywordForPlatform(KeywordExecutor.groovy:74)
	at com.kms.katalon.core.webui.keyword.WebUiBuiltInKeywords.setText(WebUiBuiltInKeywords.groovy:1019)
	at com.test.swaglabs.CustomLogin.WebLoginSixthAccount(CustomLogin.groovy:80)
	at java.base/jdk.internal.reflect.NativeMethodAccessorImpl.invoke0(Native Method)
	at java.base/jdk.internal.reflect.NativeMethodAccessorImpl.invoke(NativeMethodAccessorImpl.java:77)
	at java.base/jdk.internal.reflect.DelegatingMethodAccessorImpl.invoke(DelegatingMethodAccessorImpl.java:43)
	at com.kms.katalon.core.main.CustomKeywordDelegatingMetaClass.invokeStaticMethod(CustomKeywordDelegatingMetaClass.java:55)
	at Login by Sixth Account - visual_user.run(Login by Sixth Account - visual_user:24)
	at com.kms.katalon.core.main.ScriptEngine.run(ScriptEngine.java:194)
	at com.kms.katalon.core.main.ScriptEngine.runScriptAsRawText(ScriptEngine.java:119)
	at com.kms.katalon.core.main.TestCaseExecutor.runScript(TestCaseExecutor.java:448)
	at com.kms.katalon.core.main.TestCaseExecutor.doExecute(TestCaseExecutor.java:439)
	at com.kms.katalon.core.main.TestCaseExecutor.processExecutionPhase(TestCaseExecutor.java:418)
	at com.kms.katalon.core.main.TestCaseExecutor.accessMainPhase(TestCaseExecutor.java:410)
	at com.kms.katalon.core.main.TestCaseExecutor.execute(TestCaseExecutor.java:285)
	at com.kms.katalon.core.main.TestCaseExecutor.execute(TestCaseExecutor.java:369)
	at com.kms.katalon.core.main.TestCaseExecutor.execute(TestCaseExecutor.java:369)
	at com.kms.katalon.core.common.CommonExecutor.accessTestCaseMainPhase(CommonExecutor.java:65)
	at com.kms.katalon.core.main.TestSuiteExecutor.accessTestSuiteMainPhase(TestSuiteExecutor.java:150)
	at com.kms.katalon.core.main.TestSuiteExecutor.execute(TestSuiteExecutor.java:106)
	at com.kms.katalon.core.main.TestCaseMain.startTestSuite(TestCaseMain.java:180)
	at TempTestSuite1738333839214.run(TempTestSuite1738333839214.groovy:35)
	at java.base/jdk.internal.reflect.NativeMethodAccessorImpl.invoke0(Native Method)
	at java.base/jdk.internal.reflect.NativeMethodAccessorImpl.invoke(NativeMethodAccessorImpl.java:77)
	at java.base/jdk.internal.reflect.DelegatingMethodAccessorImpl.invoke(DelegatingMethodAccessorImpl.java:43)
</property>
  <property name="failed.exception.message">invalid session id
Build info: version: &apos;3.141.59&apos;, revision: &apos;unknown&apos;, time: &apos;unknown&apos;
System info: host: &apos;LAPTOP-5GQHVTHK&apos;, ip: &apos;192.168.0.101&apos;, os.name: &apos;Windows 11&apos;, os.arch: &apos;amd64&apos;, os.version: &apos;10.0&apos;, java.version: &apos;17.0.7&apos;
Driver info: com.kms.katalon.selenium.driver.CRemoteWebDriver
Capabilities {acceptInsecureCerts: false, browserName: chrome, browserVersion: 133.0.6847.2, chrome: {chromedriverVersion: 133.0.6847.2 (7e95e23d2d1f8..., userDataDir: C:\Program Files\scoped_dir...}, fedcm:accounts: true, goog:chromeOptions: {debuggerAddress: localhost:9225}, javascriptEnabled: true, katalon:caps: {executionId: 98dd10d0-fec4-4bd9-805d-c04..., executionSessionId: cd3ee794-127b-49ce-816c-644...}, katalon:options: {executionId: 98dd10d0-fec4-4bd9-805d-c04..., executionSessionId: cd3ee794-127b-49ce-816c-644..., metadata: {accountUuid: fda32340-531c-49aa-a0b7-40d..., organizationId: 1906073, usingTunnel: false}, organizationId: 1906073, runFromTestCloud: true, userId: 1648280, username: innocent.beaver.duja@instan..., usingTunnel: false}, kt:requestId: cd3ee794-127b-49ce-816c-644..., kt:rid: cd3ee794-127b-49ce-816c-644..., networkConnectionEnabled: false, pageLoadStrategy: normal, platform: WINDOWS, platformName: WINDOWS, proxy: Proxy(), se:bidiEnabled: false, se:cdpEnabled: false, setWindowRect: true, strictFileInteractability: false, timeouts: {implicit: 0, pageLoad: 300000, script: 30000}, unhandledPromptBehavior: dismiss and notify, webauthn:extension:credBlob: true, webauthn:extension:largeBlob: true, webauthn:extension:minPinLength: true, webauthn:extension:prf: true, webauthn:virtualAuthenticators: true}
Session ID: b15ae67667f8b327f1e65b6f61d316fa
*** Element info: {Using=css selector, value=#password}</property>
</record>
<record>
  <date>2025-01-31T14:36:58.750620700Z</date>
  <millis>1738334218750</millis>
  <nanos>620700</nanos>
  <sequence>776</sequence>
  <level>WARNING</level>
  <class>com.kms.katalon.core.logging.XmlKeywordLogger</class>
  <method>logMessage</method>
  <thread>1</thread>
  <message>Cannot take screenshot</message>
  <nestedLevel>1</nestedLevel>
  <escapedJava>false</escapedJava>
  <property name="failed.exception.class">org.openqa.selenium.WebDriverException</property>
  <property name="failed.exception.stacktrace">org.openqa.selenium.WebDriverException: An unknown error has occurred
Build info: version: &apos;3.141.59&apos;, revision: &apos;unknown&apos;, time: &apos;unknown&apos;
System info: host: &apos;LAPTOP-5GQHVTHK&apos;, ip: &apos;192.168.0.101&apos;, os.name: &apos;Windows 11&apos;, os.arch: &apos;amd64&apos;, os.version: &apos;10.0&apos;, java.version: &apos;17.0.7&apos;
Driver info: com.kms.katalon.selenium.driver.CRemoteWebDriver
Capabilities {acceptInsecureCerts: false, browserName: chrome, browserVersion: 133.0.6847.2, chrome: {chromedriverVersion: 133.0.6847.2 (7e95e23d2d1f8..., userDataDir: C:\Program Files\scoped_dir...}, fedcm:accounts: true, goog:chromeOptions: {debuggerAddress: localhost:9225}, javascriptEnabled: true, katalon:caps: {executionId: 98dd10d0-fec4-4bd9-805d-c04..., executionSessionId: cd3ee794-127b-49ce-816c-644...}, katalon:options: {executionId: 98dd10d0-fec4-4bd9-805d-c04..., executionSessionId: cd3ee794-127b-49ce-816c-644..., metadata: {accountUuid: fda32340-531c-49aa-a0b7-40d..., organizationId: 1906073, usingTunnel: false}, organizationId: 1906073, runFromTestCloud: true, userId: 1648280, username: innocent.beaver.duja@instan..., usingTunnel: false}, kt:requestId: cd3ee794-127b-49ce-816c-644..., kt:rid: cd3ee794-127b-49ce-816c-644..., networkConnectionEnabled: false, pageLoadStrategy: normal, platform: WINDOWS, platformName: WINDOWS, proxy: Proxy(), se:bidiEnabled: false, se:cdpEnabled: false, setWindowRect: true, strictFileInteractability: false, timeouts: {implicit: 0, pageLoad: 300000, script: 30000}, unhandledPromptBehavior: dismiss and notify, webauthn:extension:credBlob: true, webauthn:extension:largeBlob: true, webauthn:extension:minPinLength: true, webauthn:extension:prf: true, webauthn:virtualAuthenticators: true}
Session ID: b15ae67667f8b327f1e65b6f61d316fa
	at java.base/jdk.internal.reflect.NativeConstructorAccessorImpl.newInstance0(Native Method)
	at java.base/jdk.internal.reflect.NativeConstructorAccessorImpl.newInstance(NativeConstructorAccessorImpl.java:77)
	at java.base/jdk.internal.reflect.DelegatingConstructorAccessorImpl.newInstance(DelegatingConstructorAccessorImpl.java:45)
	at org.openqa.selenium.remote.http.W3CHttpResponseCodec.createException(W3CHttpResponseCodec.java:187)
	at org.openqa.selenium.remote.http.W3CHttpResponseCodec.decode(W3CHttpResponseCodec.java:122)
	at org.openqa.selenium.remote.http.W3CHttpResponseCodec.decode(W3CHttpResponseCodec.java:49)
	at org.openqa.selenium.remote.HttpCommandExecutor.execute(HttpCommandExecutor.java:158)
	at org.openqa.selenium.remote.RemoteWebDriver.execute(RemoteWebDriver.java:552)
	at com.kms.katalon.selenium.driver.CRemoteWebDriver.execute(CRemoteWebDriver.java:30)
	at org.openqa.selenium.remote.RemoteWebDriver.execute(RemoteWebDriver.java:609)
	at org.openqa.selenium.remote.RemoteWebDriver.getScreenshotAs(RemoteWebDriver.java:295)
	at java.base/jdk.internal.reflect.NativeMethodAccessorImpl.invoke0(Native Method)
	at java.base/jdk.internal.reflect.NativeMethodAccessorImpl.invoke(NativeMethodAccessorImpl.java:77)
	at java.base/jdk.internal.reflect.DelegatingMethodAccessorImpl.invoke(DelegatingMethodAccessorImpl.java:43)
	at org.openqa.selenium.support.events.EventFiringWebDriver.lambda$new$1(EventFiringWebDriver.java:105)
	at jdk.proxy2/jdk.proxy2.$Proxy23.getScreenshotAs(Unknown Source)
	at org.openqa.selenium.support.events.EventFiringWebDriver.getScreenshotAs(EventFiringWebDriver.java:302)
	at com.kms.katalon.core.webui.helper.screenshot.WebUIScreenCaptor.take(WebUIScreenCaptor.java:26)
	at com.kms.katalon.core.helper.screenshot.ScreenCaptor.takeScreenshotAndGetAttributes(ScreenCaptor.java:38)
	at com.kms.katalon.core.webui.keyword.internal.WebUIKeywordMain.stepFailed(WebUIKeywordMain.groovy:117)
	at com.kms.katalon.core.webui.keyword.internal.WebUIKeywordMain.runKeyword(WebUIKeywordMain.groovy:43)
	at com.kms.katalon.core.webui.keyword.builtin.SetTextKeyword.setText(SetTextKeyword.groovy:85)
	at com.kms.katalon.core.webui.keyword.builtin.SetTextKeyword.execute(SetTextKeyword.groovy:39)
	at com.kms.katalon.core.keyword.internal.KeywordExecutor.executeKeywordForPlatform(KeywordExecutor.groovy:74)
	at com.kms.katalon.core.webui.keyword.WebUiBuiltInKeywords.setText(WebUiBuiltInKeywords.groovy:1019)
	at com.test.swaglabs.CustomLogin.WebLoginSixthAccount(CustomLogin.groovy:80)
	at java.base/jdk.internal.reflect.NativeMethodAccessorImpl.invoke0(Native Method)
	at java.base/jdk.internal.reflect.NativeMethodAccessorImpl.invoke(NativeMethodAccessorImpl.java:77)
	at java.base/jdk.internal.reflect.DelegatingMethodAccessorImpl.invoke(DelegatingMethodAccessorImpl.java:43)
	at com.kms.katalon.core.main.CustomKeywordDelegatingMetaClass.invokeStaticMethod(CustomKeywordDelegatingMetaClass.java:55)
	at Login by Sixth Account - visual_user.run(Login by Sixth Account - visual_user:24)
	at com.kms.katalon.core.main.ScriptEngine.run(ScriptEngine.java:194)
	at com.kms.katalon.core.main.ScriptEngine.runScriptAsRawText(ScriptEngine.java:119)
	at com.kms.katalon.core.main.TestCaseExecutor.runScript(TestCaseExecutor.java:448)
	at com.kms.katalon.core.main.TestCaseExecutor.doExecute(TestCaseExecutor.java:439)
	at com.kms.katalon.core.main.TestCaseExecutor.processExecutionPhase(TestCaseExecutor.java:418)
	at com.kms.katalon.core.main.TestCaseExecutor.accessMainPhase(TestCaseExecutor.java:410)
	at com.kms.katalon.core.main.TestCaseExecutor.execute(TestCaseExecutor.java:285)
	at com.kms.katalon.core.main.TestCaseExecutor.execute(TestCaseExecutor.java:369)
	at com.kms.katalon.core.main.TestCaseExecutor.execute(TestCaseExecutor.java:369)
	at com.kms.katalon.core.common.CommonExecutor.accessTestCaseMainPhase(CommonExecutor.java:65)
	at com.kms.katalon.core.main.TestSuiteExecutor.accessTestSuiteMainPhase(TestSuiteExecutor.java:150)
	at com.kms.katalon.core.main.TestSuiteExecutor.execute(TestSuiteExecutor.java:106)
	at com.kms.katalon.core.main.TestCaseMain.startTestSuite(TestCaseMain.java:180)
	at TempTestSuite1738333839214.run(TempTestSuite1738333839214.groovy:35)
	at java.base/jdk.internal.reflect.NativeMethodAccessorImpl.invoke0(Native Method)
	at java.base/jdk.internal.reflect.NativeMethodAccessorImpl.invoke(NativeMethodAccessorImpl.java:77)
	at java.base/jdk.internal.reflect.DelegatingMethodAccessorImpl.invoke(DelegatingMethodAccessorImpl.java:43)
</property>
  <property name="failed.exception.message">An unknown error has occurred
Build info: version: &apos;3.141.59&apos;, revision: &apos;unknown&apos;, time: &apos;unknown&apos;
System info: host: &apos;LAPTOP-5GQHVTHK&apos;, ip: &apos;192.168.0.101&apos;, os.name: &apos;Windows 11&apos;, os.arch: &apos;amd64&apos;, os.version: &apos;10.0&apos;, java.version: &apos;17.0.7&apos;
Driver info: com.kms.katalon.selenium.driver.CRemoteWebDriver
Capabilities {acceptInsecureCerts: false, browserName: chrome, browserVersion: 133.0.6847.2, chrome: {chromedriverVersion: 133.0.6847.2 (7e95e23d2d1f8..., userDataDir: C:\Program Files\scoped_dir...}, fedcm:accounts: true, goog:chromeOptions: {debuggerAddress: localhost:9225}, javascriptEnabled: true, katalon:caps: {executionId: 98dd10d0-fec4-4bd9-805d-c04..., executionSessionId: cd3ee794-127b-49ce-816c-644...}, katalon:options: {executionId: 98dd10d0-fec4-4bd9-805d-c04..., executionSessionId: cd3ee794-127b-49ce-816c-644..., metadata: {accountUuid: fda32340-531c-49aa-a0b7-40d..., organizationId: 1906073, usingTunnel: false}, organizationId: 1906073, runFromTestCloud: true, userId: 1648280, username: innocent.beaver.duja@instan..., usingTunnel: false}, kt:requestId: cd3ee794-127b-49ce-816c-644..., kt:rid: cd3ee794-127b-49ce-816c-644..., networkConnectionEnabled: false, pageLoadStrategy: normal, platform: WINDOWS, platformName: WINDOWS, proxy: Proxy(), se:bidiEnabled: false, se:cdpEnabled: false, setWindowRect: true, strictFileInteractability: false, timeouts: {implicit: 0, pageLoad: 300000, script: 30000}, unhandledPromptBehavior: dismiss and notify, webauthn:extension:credBlob: true, webauthn:extension:largeBlob: true, webauthn:extension:minPinLength: true, webauthn:extension:prf: true, webauthn:virtualAuthenticators: true}
Session ID: b15ae67667f8b327f1e65b6f61d316fa</property>
</record>
<record>
  <date>2025-01-31T14:36:58.755624300Z</date>
  <millis>1738334218755</millis>
  <nanos>624300</nanos>
  <sequence>780</sequence>
  <level>FAILED</level>
  <class>com.kms.katalon.core.logging.XmlKeywordLogger</class>
  <method>logMessage</method>
  <thread>1</thread>
  <message>Unable to set text &amp;apos;secret_sauce&amp;apos; of object &amp;apos;Object Repository/Page_Swag Labs/input_Swag Labs_password&amp;apos; (Root cause: com.kms.katalon.core.exception.StepFailedException: Unable to set text &amp;apos;secret_sauce&amp;apos; of object &amp;apos;Object Repository/Page_Swag Labs/input_Swag Labs_password&amp;apos;
	at com.kms.katalon.core.webui.keyword.internal.WebUIKeywordMain.stepFailed(WebUIKeywordMain.groovy:117)
	at com.kms.katalon.core.webui.keyword.internal.WebUIKeywordMain.runKeyword(WebUIKeywordMain.groovy:43)
	at com.kms.katalon.core.webui.keyword.builtin.SetTextKeyword.setText(SetTextKeyword.groovy:85)
	at com.kms.katalon.core.webui.keyword.builtin.SetTextKeyword.execute(SetTextKeyword.groovy:39)
	at com.kms.katalon.core.keyword.internal.KeywordExecutor.executeKeywordForPlatform(KeywordExecutor.groovy:74)
	at com.kms.katalon.core.webui.keyword.WebUiBuiltInKeywords.setText(WebUiBuiltInKeywords.groovy:1019)
	at com.test.swaglabs.CustomLogin.WebLoginSixthAccount(CustomLogin.groovy:80)
	at java.base/jdk.internal.reflect.NativeMethodAccessorImpl.invoke0(Native Method)
	at java.base/jdk.internal.reflect.NativeMethodAccessorImpl.invoke(NativeMethodAccessorImpl.java:77)
	at java.base/jdk.internal.reflect.DelegatingMethodAccessorImpl.invoke(DelegatingMethodAccessorImpl.java:43)
	at com.kms.katalon.core.main.CustomKeywordDelegatingMetaClass.invokeStaticMethod(CustomKeywordDelegatingMetaClass.java:55)
	at Login by Sixth Account - visual_user.run(Login by Sixth Account - visual_user:24)
	at com.kms.katalon.core.main.ScriptEngine.run(ScriptEngine.java:194)
	at com.kms.katalon.core.main.ScriptEngine.runScriptAsRawText(ScriptEngine.java:119)
	at com.kms.katalon.core.main.TestCaseExecutor.runScript(TestCaseExecutor.java:448)
	at com.kms.katalon.core.main.TestCaseExecutor.doExecute(TestCaseExecutor.java:439)
	at com.kms.katalon.core.main.TestCaseExecutor.processExecutionPhase(TestCaseExecutor.java:418)
	at com.kms.katalon.core.main.TestCaseExecutor.accessMainPhase(TestCaseExecutor.java:410)
	at com.kms.katalon.core.main.TestCaseExecutor.execute(TestCaseExecutor.java:285)
	at com.kms.katalon.core.main.TestCaseExecutor.execute(TestCaseExecutor.java:369)
	at com.kms.katalon.core.main.TestCaseExecutor.execute(TestCaseExecutor.java:369)
	at com.kms.katalon.core.common.CommonExecutor.accessTestCaseMainPhase(CommonExecutor.java:65)
	at com.kms.katalon.core.main.TestSuiteExecutor.accessTestSuiteMainPhase(TestSuiteExecutor.java:150)
	at com.kms.katalon.core.main.TestSuiteExecutor.execute(TestSuiteExecutor.java:106)
	at com.kms.katalon.core.main.TestCaseMain.startTestSuite(TestCaseMain.java:180)
	at TempTestSuite1738333839214.run(TempTestSuite1738333839214.groovy:35)
	at java.base/jdk.internal.reflect.NativeMethodAccessorImpl.invoke0(Native Method)
	at java.base/jdk.internal.reflect.NativeMethodAccessorImpl.invoke(NativeMethodAccessorImpl.java:77)
	at java.base/jdk.internal.reflect.DelegatingMethodAccessorImpl.invoke(DelegatingMethodAccessorImpl.java:43)
Caused by: org.openqa.selenium.NoSuchSessionException: invalid session id: session deleted as the browser has closed the connection
from disconnected: Unable to receive message from renderer
  (Session info: chrome=133.0.6847.2)
Build info: version: &amp;apos;3.141.59&amp;apos;, revision: &amp;apos;unknown&amp;apos;, time: &amp;apos;unknown&amp;apos;
System info: host: &amp;apos;LAPTOP-5GQHVTHK&amp;apos;, ip: &amp;apos;192.168.0.101&amp;apos;, os.name: &amp;apos;Windows 11&amp;apos;, os.arch: &amp;apos;amd64&amp;apos;, os.version: &amp;apos;10.0&amp;apos;, java.version: &amp;apos;17.0.7&amp;apos;
Driver info: com.kms.katalon.selenium.driver.CRemoteWebDriver
Capabilities {acceptInsecureCerts: false, browserName: chrome, browserVersion: 133.0.6847.2, chrome: {chromedriverVersion: 133.0.6847.2 (7e95e23d2d1f8..., userDataDir: C:\Program Files\scoped_dir...}, fedcm:accounts: true, goog:chromeOptions: {debuggerAddress: localhost:9225}, javascriptEnabled: true, katalon:caps: {executionId: 98dd10d0-fec4-4bd9-805d-c04..., executionSessionId: cd3ee794-127b-49ce-816c-644...}, katalon:options: {executionId: 98dd10d0-fec4-4bd9-805d-c04..., executionSessionId: cd3ee794-127b-49ce-816c-644..., metadata: {accountUuid: fda32340-531c-49aa-a0b7-40d..., organizationId: 1906073, usingTunnel: false}, organizationId: 1906073, runFromTestCloud: true, userId: 1648280, username: innocent.beaver.duja@instan..., usingTunnel: false}, kt:requestId: cd3ee794-127b-49ce-816c-644..., kt:rid: cd3ee794-127b-49ce-816c-644..., networkConnectionEnabled: false, pageLoadStrategy: normal, platform: WINDOWS, platformName: WINDOWS, proxy: Proxy(), se:bidiEnabled: false, se:cdpEnabled: false, setWindowRect: true, strictFileInteractability: false, timeouts: {implicit: 0, pageLoad: 300000, script: 30000}, unhandledPromptBehavior: dismiss and notify, webauthn:extension:credBlob: true, webauthn:extension:largeBlob: true, webauthn:extension:minPinLength: true, webauthn:extension:prf: true, webauthn:virtualAuthenticators: true}
Session ID: b15ae67667f8b327f1e65b6f61d316fa
*** Element info: {Using=xpath, value=//input[@id=&amp;apos;password&amp;apos;]}
	at jdk.internal.reflect.GeneratedConstructorAccessor22.newInstance(Unknown Source)
	at java.base/jdk.internal.reflect.DelegatingConstructorAccessorImpl.newInstance(DelegatingConstructorAccessorImpl.java:45)
	at org.openqa.selenium.remote.http.W3CHttpResponseCodec.createException(W3CHttpResponseCodec.java:187)
	at org.openqa.selenium.remote.http.W3CHttpResponseCodec.decode(W3CHttpResponseCodec.java:122)
	at org.openqa.selenium.remote.http.W3CHttpResponseCodec.decode(W3CHttpResponseCodec.java:49)
	at org.openqa.selenium.remote.HttpCommandExecutor.execute(HttpCommandExecutor.java:158)
	at org.openqa.selenium.remote.RemoteWebDriver.execute(RemoteWebDriver.java:552)
	at com.kms.katalon.selenium.driver.CRemoteWebDriver.execute(CRemoteWebDriver.java:30)
	at org.openqa.selenium.remote.RemoteWebDriver.findElements(RemoteWebDriver.java:353)
	at org.openqa.selenium.remote.RemoteWebDriver.findElementsByXPath(RemoteWebDriver.java:432)
	at org.openqa.selenium.By$ByXPath.findElements(By.java:348)
	at org.openqa.selenium.remote.RemoteWebDriver.findElements(RemoteWebDriver.java:311)
	at jdk.internal.reflect.GeneratedMethodAccessor9.invoke(Unknown Source)
	at java.base/jdk.internal.reflect.DelegatingMethodAccessorImpl.invoke(DelegatingMethodAccessorImpl.java:43)
	at org.openqa.selenium.support.events.EventFiringWebDriver.lambda$new$1(EventFiringWebDriver.java:105)
	at jdk.proxy2/jdk.proxy2.$Proxy23.findElements(Unknown Source)
	at org.openqa.selenium.support.events.EventFiringWebDriver.findElements(EventFiringWebDriver.java:182)
	at com.kms.katalon.core.webui.common.WebUiCommonHelper.findElementByNormalMethods(WebUiCommonHelper.java:1033)
	at com.kms.katalon.core.webui.common.WebUiCommonHelper.findElementsBySelectedMethod(WebUiCommonHelper.java:924)
	at com.kms.katalon.core.webui.common.WebUiCommonHelper.findElementsBySelectedMethod(WebUiCommonHelper.java:906)
	at com.kms.katalon.core.webui.common.WebUiCommonHelper.findElementsBySelectedMethod(WebUiCommonHelper.java:901)
	at com.kms.katalon.core.webui.common.WebUiCommonHelper.findElementsByDefault(WebUiCommonHelper.java:897)
	at com.kms.katalon.core.webui.common.WebUiCommonHelper.findElementsWithSelfHealing(WebUiCommonHelper.java:743)
	at com.kms.katalon.core.webui.common.WebUiCommonHelper.findWebElements(WebUiCommonHelper.java:727)
	at com.kms.katalon.core.webui.common.WebUiCommonHelper.findWebElement(WebUiCommonHelper.java:1413)
	at com.kms.katalon.core.webui.keyword.internal.WebUIAbstractKeyword.findWebElement(WebUIAbstractKeyword.groovy:27)
	at com.kms.katalon.core.webui.keyword.internal.WebUIAbstractKeyword.findWebElement(WebUIAbstractKeyword.groovy:26)
	at com.kms.katalon.core.webui.keyword.builtin.SetTextKeyword$_setText_closure1.doCall(SetTextKeyword.groovy:53)
	at com.kms.katalon.core.webui.keyword.builtin.SetTextKeyword$_setText_closure1.call(SetTextKeyword.groovy)
	at com.kms.katalon.core.webui.keyword.internal.WebUIKeywordMain.runKeyword(WebUIKeywordMain.groovy:35)
	at com.kms.katalon.core.webui.keyword.builtin.SetTextKeyword.setText(SetTextKeyword.groovy:85)
	at com.kms.katalon.core.webui.keyword.builtin.SetTextKeyword.execute(SetTextKeyword.groovy:39)
	at com.kms.katalon.core.keyword.internal.KeywordExecutor.executeKeywordForPlatform(KeywordExecutor.groovy:74)
	at com.kms.katalon.core.webui.keyword.WebUiBuiltInKeywords.setText(WebUiBuiltInKeywords.groovy:1019)
	at com.test.swaglabs.CustomLogin.WebLoginSixthAccount(CustomLogin.groovy:80)
	at java.base/jdk.internal.reflect.NativeMethodAccessorImpl.invoke0(Native Method)
	at java.base/jdk.internal.reflect.NativeMethodAccessorImpl.invoke(NativeMethodAccessorImpl.java:77)
	at java.base/jdk.internal.reflect.DelegatingMethodAccessorImpl.invoke(DelegatingMethodAccessorImpl.java:43)
	at com.kms.katalon.core.main.CustomKeywordDelegatingMetaClass.invokeStaticMethod(CustomKeywordDelegatingMetaClass.java:55)
	at Script1738220917712.run(Script1738220917712.groovy:24)
	... 17 more
)</message>
  <nestedLevel>1</nestedLevel>
  <escapedJava>false</escapedJava>
  <property name="failed.exception.class">org.openqa.selenium.NoSuchSessionException</property>
  <property name="failed.exception.stacktrace">org.openqa.selenium.NoSuchSessionException: invalid session id: session deleted as the browser has closed the connection
from disconnected: Unable to receive message from renderer
  (Session info: chrome=133.0.6847.2)
Build info: version: &apos;3.141.59&apos;, revision: &apos;unknown&apos;, time: &apos;unknown&apos;
System info: host: &apos;LAPTOP-5GQHVTHK&apos;, ip: &apos;192.168.0.101&apos;, os.name: &apos;Windows 11&apos;, os.arch: &apos;amd64&apos;, os.version: &apos;10.0&apos;, java.version: &apos;17.0.7&apos;
Driver info: com.kms.katalon.selenium.driver.CRemoteWebDriver
Capabilities {acceptInsecureCerts: false, browserName: chrome, browserVersion: 133.0.6847.2, chrome: {chromedriverVersion: 133.0.6847.2 (7e95e23d2d1f8..., userDataDir: C:\Program Files\scoped_dir...}, fedcm:accounts: true, goog:chromeOptions: {debuggerAddress: localhost:9225}, javascriptEnabled: true, katalon:caps: {executionId: 98dd10d0-fec4-4bd9-805d-c04..., executionSessionId: cd3ee794-127b-49ce-816c-644...}, katalon:options: {executionId: 98dd10d0-fec4-4bd9-805d-c04..., executionSessionId: cd3ee794-127b-49ce-816c-644..., metadata: {accountUuid: fda32340-531c-49aa-a0b7-40d..., organizationId: 1906073, usingTunnel: false}, organizationId: 1906073, runFromTestCloud: true, userId: 1648280, username: innocent.beaver.duja@instan..., usingTunnel: false}, kt:requestId: cd3ee794-127b-49ce-816c-644..., kt:rid: cd3ee794-127b-49ce-816c-644..., networkConnectionEnabled: false, pageLoadStrategy: normal, platform: WINDOWS, platformName: WINDOWS, proxy: Proxy(), se:bidiEnabled: false, se:cdpEnabled: false, setWindowRect: true, strictFileInteractability: false, timeouts: {implicit: 0, pageLoad: 300000, script: 30000}, unhandledPromptBehavior: dismiss and notify, webauthn:extension:credBlob: true, webauthn:extension:largeBlob: true, webauthn:extension:minPinLength: true, webauthn:extension:prf: true, webauthn:virtualAuthenticators: true}
Session ID: b15ae67667f8b327f1e65b6f61d316fa
*** Element info: {Using=xpath, value=//input[@id=&apos;password&apos;]}
	at jdk.internal.reflect.GeneratedConstructorAccessor22.newInstance(Unknown Source)
	at java.base/jdk.internal.reflect.DelegatingConstructorAccessorImpl.newInstance(DelegatingConstructorAccessorImpl.java:45)
	at org.openqa.selenium.remote.http.W3CHttpResponseCodec.createException(W3CHttpResponseCodec.java:187)
	at org.openqa.selenium.remote.http.W3CHttpResponseCodec.decode(W3CHttpResponseCodec.java:122)
	at org.openqa.selenium.remote.http.W3CHttpResponseCodec.decode(W3CHttpResponseCodec.java:49)
	at org.openqa.selenium.remote.HttpCommandExecutor.execute(HttpCommandExecutor.java:158)
	at org.openqa.selenium.remote.RemoteWebDriver.execute(RemoteWebDriver.java:552)
	at com.kms.katalon.selenium.driver.CRemoteWebDriver.execute(CRemoteWebDriver.java:30)
	at org.openqa.selenium.remote.RemoteWebDriver.findElements(RemoteWebDriver.java:353)
	at org.openqa.selenium.remote.RemoteWebDriver.findElementsByXPath(RemoteWebDriver.java:432)
	at org.openqa.selenium.By$ByXPath.findElements(By.java:348)
	at org.openqa.selenium.remote.RemoteWebDriver.findElements(RemoteWebDriver.java:311)
	at jdk.internal.reflect.GeneratedMethodAccessor9.invoke(Unknown Source)
	at java.base/jdk.internal.reflect.DelegatingMethodAccessorImpl.invoke(DelegatingMethodAccessorImpl.java:43)
	at org.openqa.selenium.support.events.EventFiringWebDriver.lambda$new$1(EventFiringWebDriver.java:105)
	at jdk.proxy2/jdk.proxy2.$Proxy23.findElements(Unknown Source)
	at org.openqa.selenium.support.events.EventFiringWebDriver.findElements(EventFiringWebDriver.java:182)
	at com.kms.katalon.core.webui.common.WebUiCommonHelper.findElementByNormalMethods(WebUiCommonHelper.java:1033)
	at com.kms.katalon.core.webui.common.WebUiCommonHelper.findElementsBySelectedMethod(WebUiCommonHelper.java:924)
	at com.kms.katalon.core.webui.common.WebUiCommonHelper.findElementsBySelectedMethod(WebUiCommonHelper.java:906)
	at com.kms.katalon.core.webui.common.WebUiCommonHelper.findElementsBySelectedMethod(WebUiCommonHelper.java:901)
	at com.kms.katalon.core.webui.common.WebUiCommonHelper.findElementsByDefault(WebUiCommonHelper.java:897)
	at com.kms.katalon.core.webui.common.WebUiCommonHelper.findElementsWithSelfHealing(WebUiCommonHelper.java:743)
	at com.kms.katalon.core.webui.common.WebUiCommonHelper.findWebElements(WebUiCommonHelper.java:727)
	at com.kms.katalon.core.webui.common.WebUiCommonHelper.findWebElement(WebUiCommonHelper.java:1413)
	at com.kms.katalon.core.webui.keyword.internal.WebUIAbstractKeyword.findWebElement(WebUIAbstractKeyword.groovy:27)
	at com.kms.katalon.core.webui.keyword.internal.WebUIAbstractKeyword.findWebElement(WebUIAbstractKeyword.groovy:26)
	at com.kms.katalon.core.webui.keyword.builtin.SetTextKeyword$_setText_closure1.doCall(SetTextKeyword.groovy:53)
	at com.kms.katalon.core.webui.keyword.builtin.SetTextKeyword$_setText_closure1.call(SetTextKeyword.groovy)
	at com.kms.katalon.core.webui.keyword.internal.WebUIKeywordMain.runKeyword(WebUIKeywordMain.groovy:35)
	at com.kms.katalon.core.webui.keyword.builtin.SetTextKeyword.setText(SetTextKeyword.groovy:85)
	at com.kms.katalon.core.webui.keyword.builtin.SetTextKeyword.execute(SetTextKeyword.groovy:39)
	at com.kms.katalon.core.keyword.internal.KeywordExecutor.executeKeywordForPlatform(KeywordExecutor.groovy:74)
	at com.kms.katalon.core.webui.keyword.WebUiBuiltInKeywords.setText(WebUiBuiltInKeywords.groovy:1019)
	at com.test.swaglabs.CustomLogin.WebLoginSixthAccount(CustomLogin.groovy:80)
	at java.base/jdk.internal.reflect.NativeMethodAccessorImpl.invoke0(Native Method)
	at java.base/jdk.internal.reflect.NativeMethodAccessorImpl.invoke(NativeMethodAccessorImpl.java:77)
	at java.base/jdk.internal.reflect.DelegatingMethodAccessorImpl.invoke(DelegatingMethodAccessorImpl.java:43)
	at com.kms.katalon.core.main.CustomKeywordDelegatingMetaClass.invokeStaticMethod(CustomKeywordDelegatingMetaClass.java:55)
	at Login by Sixth Account - visual_user.run(Login by Sixth Account - visual_user:24)
	at com.kms.katalon.core.main.ScriptEngine.run(ScriptEngine.java:194)
	at com.kms.katalon.core.main.ScriptEngine.runScriptAsRawText(ScriptEngine.java:119)
	at com.kms.katalon.core.main.TestCaseExecutor.runScript(TestCaseExecutor.java:448)
	at com.kms.katalon.core.main.TestCaseExecutor.doExecute(TestCaseExecutor.java:439)
	at com.kms.katalon.core.main.TestCaseExecutor.processExecutionPhase(TestCaseExecutor.java:418)
	at com.kms.katalon.core.main.TestCaseExecutor.accessMainPhase(TestCaseExecutor.java:410)
	at com.kms.katalon.core.main.TestCaseExecutor.execute(TestCaseExecutor.java:285)
	at com.kms.katalon.core.main.TestCaseExecutor.execute(TestCaseExecutor.java:369)
	at com.kms.katalon.core.main.TestCaseExecutor.execute(TestCaseExecutor.java:369)
	at com.kms.katalon.core.common.CommonExecutor.accessTestCaseMainPhase(CommonExecutor.java:65)
	at com.kms.katalon.core.main.TestSuiteExecutor.accessTestSuiteMainPhase(TestSuiteExecutor.java:150)
	at com.kms.katalon.core.main.TestSuiteExecutor.execute(TestSuiteExecutor.java:106)
	at com.kms.katalon.core.main.TestCaseMain.startTestSuite(TestCaseMain.java:180)
	at TempTestSuite1738333839214.run(TempTestSuite1738333839214.groovy:35)
	at java.base/jdk.internal.reflect.NativeMethodAccessorImpl.invoke0(Native Method)
	at java.base/jdk.internal.reflect.NativeMethodAccessorImpl.invoke(NativeMethodAccessorImpl.java:77)
	at java.base/jdk.internal.reflect.DelegatingMethodAccessorImpl.invoke(DelegatingMethodAccessorImpl.java:43)
</property>
  <property name="failed.exception.message">invalid session id: session deleted as the browser has closed the connection
from disconnected: Unable to receive message from renderer
  (Session info: chrome=133.0.6847.2)
Build info: version: &apos;3.141.59&apos;, revision: &apos;unknown&apos;, time: &apos;unknown&apos;
System info: host: &apos;LAPTOP-5GQHVTHK&apos;, ip: &apos;192.168.0.101&apos;, os.name: &apos;Windows 11&apos;, os.arch: &apos;amd64&apos;, os.version: &apos;10.0&apos;, java.version: &apos;17.0.7&apos;
Driver info: com.kms.katalon.selenium.driver.CRemoteWebDriver
Capabilities {acceptInsecureCerts: false, browserName: chrome, browserVersion: 133.0.6847.2, chrome: {chromedriverVersion: 133.0.6847.2 (7e95e23d2d1f8..., userDataDir: C:\Program Files\scoped_dir...}, fedcm:accounts: true, goog:chromeOptions: {debuggerAddress: localhost:9225}, javascriptEnabled: true, katalon:caps: {executionId: 98dd10d0-fec4-4bd9-805d-c04..., executionSessionId: cd3ee794-127b-49ce-816c-644...}, katalon:options: {executionId: 98dd10d0-fec4-4bd9-805d-c04..., executionSessionId: cd3ee794-127b-49ce-816c-644..., metadata: {accountUuid: fda32340-531c-49aa-a0b7-40d..., organizationId: 1906073, usingTunnel: false}, organizationId: 1906073, runFromTestCloud: true, userId: 1648280, username: innocent.beaver.duja@instan..., usingTunnel: false}, kt:requestId: cd3ee794-127b-49ce-816c-644..., kt:rid: cd3ee794-127b-49ce-816c-644..., networkConnectionEnabled: false, pageLoadStrategy: normal, platform: WINDOWS, platformName: WINDOWS, proxy: Proxy(), se:bidiEnabled: false, se:cdpEnabled: false, setWindowRect: true, strictFileInteractability: false, timeouts: {implicit: 0, pageLoad: 300000, script: 30000}, unhandledPromptBehavior: dismiss and notify, webauthn:extension:credBlob: true, webauthn:extension:largeBlob: true, webauthn:extension:minPinLength: true, webauthn:extension:prf: true, webauthn:virtualAuthenticators: true}
Session ID: b15ae67667f8b327f1e65b6f61d316fa
*** Element info: {Using=xpath, value=//input[@id=&apos;password&apos;]}</property>
</record>
<record>
  <date>2025-01-31T14:36:58.759625700Z</date>
  <millis>1738334218759</millis>
  <nanos>625700</nanos>
  <sequence>782</sequence>
  <level>FAILED</level>
  <class>com.kms.katalon.core.logging.XmlKeywordLogger</class>
  <method>logMessage</method>
  <thread>1</thread>
  <message>Unable to set text &amp;apos;secret_sauce&amp;apos; of object &amp;apos;Object Repository/Page_Swag Labs/input_Swag Labs_password&amp;apos;</message>
  <nestedLevel>1</nestedLevel>
  <escapedJava>false</escapedJava>
  <property name="failed.exception.class">org.openqa.selenium.NoSuchSessionException</property>
  <property name="failed.exception.stacktrace">org.openqa.selenium.NoSuchSessionException: invalid session id: session deleted as the browser has closed the connection
from disconnected: Unable to receive message from renderer
  (Session info: chrome=133.0.6847.2)
Build info: version: &apos;3.141.59&apos;, revision: &apos;unknown&apos;, time: &apos;unknown&apos;
System info: host: &apos;LAPTOP-5GQHVTHK&apos;, ip: &apos;192.168.0.101&apos;, os.name: &apos;Windows 11&apos;, os.arch: &apos;amd64&apos;, os.version: &apos;10.0&apos;, java.version: &apos;17.0.7&apos;
Driver info: com.kms.katalon.selenium.driver.CRemoteWebDriver
Capabilities {acceptInsecureCerts: false, browserName: chrome, browserVersion: 133.0.6847.2, chrome: {chromedriverVersion: 133.0.6847.2 (7e95e23d2d1f8..., userDataDir: C:\Program Files\scoped_dir...}, fedcm:accounts: true, goog:chromeOptions: {debuggerAddress: localhost:9225}, javascriptEnabled: true, katalon:caps: {executionId: 98dd10d0-fec4-4bd9-805d-c04..., executionSessionId: cd3ee794-127b-49ce-816c-644...}, katalon:options: {executionId: 98dd10d0-fec4-4bd9-805d-c04..., executionSessionId: cd3ee794-127b-49ce-816c-644..., metadata: {accountUuid: fda32340-531c-49aa-a0b7-40d..., organizationId: 1906073, usingTunnel: false}, organizationId: 1906073, runFromTestCloud: true, userId: 1648280, username: innocent.beaver.duja@instan..., usingTunnel: false}, kt:requestId: cd3ee794-127b-49ce-816c-644..., kt:rid: cd3ee794-127b-49ce-816c-644..., networkConnectionEnabled: false, pageLoadStrategy: normal, platform: WINDOWS, platformName: WINDOWS, proxy: Proxy(), se:bidiEnabled: false, se:cdpEnabled: false, setWindowRect: true, strictFileInteractability: false, timeouts: {implicit: 0, pageLoad: 300000, script: 30000}, unhandledPromptBehavior: dismiss and notify, webauthn:extension:credBlob: true, webauthn:extension:largeBlob: true, webauthn:extension:minPinLength: true, webauthn:extension:prf: true, webauthn:virtualAuthenticators: true}
Session ID: b15ae67667f8b327f1e65b6f61d316fa
*** Element info: {Using=xpath, value=//input[@id=&apos;password&apos;]}
	at jdk.internal.reflect.GeneratedConstructorAccessor22.newInstance(Unknown Source)
	at java.base/jdk.internal.reflect.DelegatingConstructorAccessorImpl.newInstance(DelegatingConstructorAccessorImpl.java:45)
	at org.openqa.selenium.remote.http.W3CHttpResponseCodec.createException(W3CHttpResponseCodec.java:187)
	at org.openqa.selenium.remote.http.W3CHttpResponseCodec.decode(W3CHttpResponseCodec.java:122)
	at org.openqa.selenium.remote.http.W3CHttpResponseCodec.decode(W3CHttpResponseCodec.java:49)
	at org.openqa.selenium.remote.HttpCommandExecutor.execute(HttpCommandExecutor.java:158)
	at org.openqa.selenium.remote.RemoteWebDriver.execute(RemoteWebDriver.java:552)
	at com.kms.katalon.selenium.driver.CRemoteWebDriver.execute(CRemoteWebDriver.java:30)
	at org.openqa.selenium.remote.RemoteWebDriver.findElements(RemoteWebDriver.java:353)
	at org.openqa.selenium.remote.RemoteWebDriver.findElementsByXPath(RemoteWebDriver.java:432)
	at org.openqa.selenium.By$ByXPath.findElements(By.java:348)
	at org.openqa.selenium.remote.RemoteWebDriver.findElements(RemoteWebDriver.java:311)
	at jdk.internal.reflect.GeneratedMethodAccessor9.invoke(Unknown Source)
	at java.base/jdk.internal.reflect.DelegatingMethodAccessorImpl.invoke(DelegatingMethodAccessorImpl.java:43)
	at org.openqa.selenium.support.events.EventFiringWebDriver.lambda$new$1(EventFiringWebDriver.java:105)
	at jdk.proxy2/jdk.proxy2.$Proxy23.findElements(Unknown Source)
	at org.openqa.selenium.support.events.EventFiringWebDriver.findElements(EventFiringWebDriver.java:182)
	at com.kms.katalon.core.webui.common.WebUiCommonHelper.findElementByNormalMethods(WebUiCommonHelper.java:1033)
	at com.kms.katalon.core.webui.common.WebUiCommonHelper.findElementsBySelectedMethod(WebUiCommonHelper.java:924)
	at com.kms.katalon.core.webui.common.WebUiCommonHelper.findElementsBySelectedMethod(WebUiCommonHelper.java:906)
	at com.kms.katalon.core.webui.common.WebUiCommonHelper.findElementsBySelectedMethod(WebUiCommonHelper.java:901)
	at com.kms.katalon.core.webui.common.WebUiCommonHelper.findElementsByDefault(WebUiCommonHelper.java:897)
	at com.kms.katalon.core.webui.common.WebUiCommonHelper.findElementsWithSelfHealing(WebUiCommonHelper.java:743)
	at com.kms.katalon.core.webui.common.WebUiCommonHelper.findWebElements(WebUiCommonHelper.java:727)
	at com.kms.katalon.core.webui.common.WebUiCommonHelper.findWebElement(WebUiCommonHelper.java:1413)
	at com.kms.katalon.core.webui.keyword.internal.WebUIAbstractKeyword.findWebElement(WebUIAbstractKeyword.groovy:27)
	at com.kms.katalon.core.webui.keyword.internal.WebUIAbstractKeyword.findWebElement(WebUIAbstractKeyword.groovy:26)
	at com.kms.katalon.core.webui.keyword.builtin.SetTextKeyword$_setText_closure1.doCall(SetTextKeyword.groovy:53)
	at com.kms.katalon.core.webui.keyword.builtin.SetTextKeyword$_setText_closure1.call(SetTextKeyword.groovy)
	at com.kms.katalon.core.webui.keyword.internal.WebUIKeywordMain.runKeyword(WebUIKeywordMain.groovy:35)
	at com.kms.katalon.core.webui.keyword.builtin.SetTextKeyword.setText(SetTextKeyword.groovy:85)
	at com.kms.katalon.core.webui.keyword.builtin.SetTextKeyword.execute(SetTextKeyword.groovy:39)
	at com.kms.katalon.core.keyword.internal.KeywordExecutor.executeKeywordForPlatform(KeywordExecutor.groovy:74)
	at com.kms.katalon.core.webui.keyword.WebUiBuiltInKeywords.setText(WebUiBuiltInKeywords.groovy:1019)
	at com.test.swaglabs.CustomLogin.WebLoginSixthAccount(CustomLogin.groovy:80)
	at java.base/jdk.internal.reflect.NativeMethodAccessorImpl.invoke0(Native Method)
	at java.base/jdk.internal.reflect.NativeMethodAccessorImpl.invoke(NativeMethodAccessorImpl.java:77)
	at java.base/jdk.internal.reflect.DelegatingMethodAccessorImpl.invoke(DelegatingMethodAccessorImpl.java:43)
	at com.kms.katalon.core.main.CustomKeywordDelegatingMetaClass.invokeStaticMethod(CustomKeywordDelegatingMetaClass.java:55)
	at Login by Sixth Account - visual_user.run(Login by Sixth Account - visual_user:24)
	at com.kms.katalon.core.main.ScriptEngine.run(ScriptEngine.java:194)
	at com.kms.katalon.core.main.ScriptEngine.runScriptAsRawText(ScriptEngine.java:119)
	at com.kms.katalon.core.main.TestCaseExecutor.runScript(TestCaseExecutor.java:448)
	at com.kms.katalon.core.main.TestCaseExecutor.doExecute(TestCaseExecutor.java:439)
	at com.kms.katalon.core.main.TestCaseExecutor.processExecutionPhase(TestCaseExecutor.java:418)
	at com.kms.katalon.core.main.TestCaseExecutor.accessMainPhase(TestCaseExecutor.java:410)
	at com.kms.katalon.core.main.TestCaseExecutor.execute(TestCaseExecutor.java:285)
	at com.kms.katalon.core.main.TestCaseExecutor.execute(TestCaseExecutor.java:369)
	at com.kms.katalon.core.main.TestCaseExecutor.execute(TestCaseExecutor.java:369)
	at com.kms.katalon.core.common.CommonExecutor.accessTestCaseMainPhase(CommonExecutor.java:65)
	at com.kms.katalon.core.main.TestSuiteExecutor.accessTestSuiteMainPhase(TestSuiteExecutor.java:150)
	at com.kms.katalon.core.main.TestSuiteExecutor.execute(TestSuiteExecutor.java:106)
	at com.kms.katalon.core.main.TestCaseMain.startTestSuite(TestCaseMain.java:180)
	at TempTestSuite1738333839214.run(TempTestSuite1738333839214.groovy:35)
	at java.base/jdk.internal.reflect.NativeMethodAccessorImpl.invoke0(Native Method)
	at java.base/jdk.internal.reflect.NativeMethodAccessorImpl.invoke(NativeMethodAccessorImpl.java:77)
	at java.base/jdk.internal.reflect.DelegatingMethodAccessorImpl.invoke(DelegatingMethodAccessorImpl.java:43)
</property>
  <property name="failed.exception.message">invalid session id: session deleted as the browser has closed the connection
from disconnected: Unable to receive message from renderer
  (Session info: chrome=133.0.6847.2)
Build info: version: &apos;3.141.59&apos;, revision: &apos;unknown&apos;, time: &apos;unknown&apos;
System info: host: &apos;LAPTOP-5GQHVTHK&apos;, ip: &apos;192.168.0.101&apos;, os.name: &apos;Windows 11&apos;, os.arch: &apos;amd64&apos;, os.version: &apos;10.0&apos;, java.version: &apos;17.0.7&apos;
Driver info: com.kms.katalon.selenium.driver.CRemoteWebDriver
Capabilities {acceptInsecureCerts: false, browserName: chrome, browserVersion: 133.0.6847.2, chrome: {chromedriverVersion: 133.0.6847.2 (7e95e23d2d1f8..., userDataDir: C:\Program Files\scoped_dir...}, fedcm:accounts: true, goog:chromeOptions: {debuggerAddress: localhost:9225}, javascriptEnabled: true, katalon:caps: {executionId: 98dd10d0-fec4-4bd9-805d-c04..., executionSessionId: cd3ee794-127b-49ce-816c-644...}, katalon:options: {executionId: 98dd10d0-fec4-4bd9-805d-c04..., executionSessionId: cd3ee794-127b-49ce-816c-644..., metadata: {accountUuid: fda32340-531c-49aa-a0b7-40d..., organizationId: 1906073, usingTunnel: false}, organizationId: 1906073, runFromTestCloud: true, userId: 1648280, username: innocent.beaver.duja@instan..., usingTunnel: false}, kt:requestId: cd3ee794-127b-49ce-816c-644..., kt:rid: cd3ee794-127b-49ce-816c-644..., networkConnectionEnabled: false, pageLoadStrategy: normal, platform: WINDOWS, platformName: WINDOWS, proxy: Proxy(), se:bidiEnabled: false, se:cdpEnabled: false, setWindowRect: true, strictFileInteractability: false, timeouts: {implicit: 0, pageLoad: 300000, script: 30000}, unhandledPromptBehavior: dismiss and notify, webauthn:extension:credBlob: true, webauthn:extension:largeBlob: true, webauthn:extension:minPinLength: true, webauthn:extension:prf: true, webauthn:virtualAuthenticators: true}
Session ID: b15ae67667f8b327f1e65b6f61d316fa
*** Element info: {Using=xpath, value=//input[@id=&apos;password&apos;]}</property>
</record>
<record>
  <date>2025-01-31T14:36:58.761622900Z</date>
  <millis>1738334218761</millis>
  <nanos>622900</nanos>
  <sequence>785</sequence>
  <level>END</level>
  <class>com.kms.katalon.core.logging.XmlKeywordLogger</class>
  <method>endKeyword</method>
  <thread>1</thread>
  <message>End action : com.test.swaglabs.CustomLogin.WebLoginSixthAccount()</message>
  <nestedLevel>1</nestedLevel>
  <escapedJava>false</escapedJava>
</record>
<record>
  <date>2025-01-31T14:36:58.762625400Z</date>
  <millis>1738334218762</millis>
  <nanos>625400</nanos>
  <sequence>788</sequence>
  <level>FAILED</level>
  <class>com.kms.katalon.core.logging.XmlKeywordLogger</class>
  <method>logMessage</method>
  <thread>1</thread>
  <message>Test Cases/Login by Sixth Account - visual_user FAILED.
Reason:
com.kms.katalon.core.exception.StepFailedException: Unable to set text &amp;apos;secret_sauce&amp;apos; of object &amp;apos;Object Repository/Page_Swag Labs/input_Swag Labs_password&amp;apos;
	at com.kms.katalon.core.webui.keyword.internal.WebUIKeywordMain.stepFailed(WebUIKeywordMain.groovy:117)
	at com.kms.katalon.core.webui.keyword.internal.WebUIKeywordMain.runKeyword(WebUIKeywordMain.groovy:43)
	at com.kms.katalon.core.webui.keyword.builtin.SetTextKeyword.setText(SetTextKeyword.groovy:85)
	at com.kms.katalon.core.webui.keyword.builtin.SetTextKeyword.execute(SetTextKeyword.groovy:39)
	at com.kms.katalon.core.keyword.internal.KeywordExecutor.executeKeywordForPlatform(KeywordExecutor.groovy:74)
	at com.kms.katalon.core.webui.keyword.WebUiBuiltInKeywords.setText(WebUiBuiltInKeywords.groovy:1019)
	at com.test.swaglabs.CustomLogin.WebLoginSixthAccount(CustomLogin.groovy:80)
	at java.base/jdk.internal.reflect.NativeMethodAccessorImpl.invoke0(Native Method)
	at java.base/jdk.internal.reflect.NativeMethodAccessorImpl.invoke(NativeMethodAccessorImpl.java:77)
	at java.base/jdk.internal.reflect.DelegatingMethodAccessorImpl.invoke(DelegatingMethodAccessorImpl.java:43)
	at com.kms.katalon.core.main.CustomKeywordDelegatingMetaClass.invokeStaticMethod(CustomKeywordDelegatingMetaClass.java:55)
	at Login by Sixth Account - visual_user.run(Login by Sixth Account - visual_user:24)
	at com.kms.katalon.core.main.ScriptEngine.run(ScriptEngine.java:194)
	at com.kms.katalon.core.main.ScriptEngine.runScriptAsRawText(ScriptEngine.java:119)
	at com.kms.katalon.core.main.TestCaseExecutor.runScript(TestCaseExecutor.java:448)
	at com.kms.katalon.core.main.TestCaseExecutor.doExecute(TestCaseExecutor.java:439)
	at com.kms.katalon.core.main.TestCaseExecutor.processExecutionPhase(TestCaseExecutor.java:418)
	at com.kms.katalon.core.main.TestCaseExecutor.accessMainPhase(TestCaseExecutor.java:410)
	at com.kms.katalon.core.main.TestCaseExecutor.execute(TestCaseExecutor.java:285)
	at com.kms.katalon.core.main.TestCaseExecutor.execute(TestCaseExecutor.java:369)
	at com.kms.katalon.core.main.TestCaseExecutor.execute(TestCaseExecutor.java:369)
	at com.kms.katalon.core.common.CommonExecutor.accessTestCaseMainPhase(CommonExecutor.java:65)
	at com.kms.katalon.core.main.TestSuiteExecutor.accessTestSuiteMainPhase(TestSuiteExecutor.java:150)
	at com.kms.katalon.core.main.TestSuiteExecutor.execute(TestSuiteExecutor.java:106)
	at com.kms.katalon.core.main.TestCaseMain.startTestSuite(TestCaseMain.java:180)
	at TempTestSuite1738333839214.run(TempTestSuite1738333839214.groovy:35)
	at java.base/jdk.internal.reflect.NativeMethodAccessorImpl.invoke0(Native Method)
	at java.base/jdk.internal.reflect.NativeMethodAccessorImpl.invoke(NativeMethodAccessorImpl.java:77)
	at java.base/jdk.internal.reflect.DelegatingMethodAccessorImpl.invoke(DelegatingMethodAccessorImpl.java:43)
Caused by: org.openqa.selenium.NoSuchSessionException: invalid session id: session deleted as the browser has closed the connection
from disconnected: Unable to receive message from renderer
  (Session info: chrome=133.0.6847.2)
Build info: version: &amp;apos;3.141.59&amp;apos;, revision: &amp;apos;unknown&amp;apos;, time: &amp;apos;unknown&amp;apos;
System info: host: &amp;apos;LAPTOP-5GQHVTHK&amp;apos;, ip: &amp;apos;192.168.0.101&amp;apos;, os.name: &amp;apos;Windows 11&amp;apos;, os.arch: &amp;apos;amd64&amp;apos;, os.version: &amp;apos;10.0&amp;apos;, java.version: &amp;apos;17.0.7&amp;apos;
Driver info: com.kms.katalon.selenium.driver.CRemoteWebDriver
Capabilities {acceptInsecureCerts: false, browserName: chrome, browserVersion: 133.0.6847.2, chrome: {chromedriverVersion: 133.0.6847.2 (7e95e23d2d1f8..., userDataDir: C:\Program Files\scoped_dir...}, fedcm:accounts: true, goog:chromeOptions: {debuggerAddress: localhost:9225}, javascriptEnabled: true, katalon:caps: {executionId: 98dd10d0-fec4-4bd9-805d-c04..., executionSessionId: cd3ee794-127b-49ce-816c-644...}, katalon:options: {executionId: 98dd10d0-fec4-4bd9-805d-c04..., executionSessionId: cd3ee794-127b-49ce-816c-644..., metadata: {accountUuid: fda32340-531c-49aa-a0b7-40d..., organizationId: 1906073, usingTunnel: false}, organizationId: 1906073, runFromTestCloud: true, userId: 1648280, username: innocent.beaver.duja@instan..., usingTunnel: false}, kt:requestId: cd3ee794-127b-49ce-816c-644..., kt:rid: cd3ee794-127b-49ce-816c-644..., networkConnectionEnabled: false, pageLoadStrategy: normal, platform: WINDOWS, platformName: WINDOWS, proxy: Proxy(), se:bidiEnabled: false, se:cdpEnabled: false, setWindowRect: true, strictFileInteractability: false, timeouts: {implicit: 0, pageLoad: 300000, script: 30000}, unhandledPromptBehavior: dismiss and notify, webauthn:extension:credBlob: true, webauthn:extension:largeBlob: true, webauthn:extension:minPinLength: true, webauthn:extension:prf: true, webauthn:virtualAuthenticators: true}
Session ID: b15ae67667f8b327f1e65b6f61d316fa
*** Element info: {Using=xpath, value=//input[@id=&amp;apos;password&amp;apos;]}
	at jdk.internal.reflect.GeneratedConstructorAccessor22.newInstance(Unknown Source)
	at java.base/jdk.internal.reflect.DelegatingConstructorAccessorImpl.newInstance(DelegatingConstructorAccessorImpl.java:45)
	at org.openqa.selenium.remote.http.W3CHttpResponseCodec.createException(W3CHttpResponseCodec.java:187)
	at org.openqa.selenium.remote.http.W3CHttpResponseCodec.decode(W3CHttpResponseCodec.java:122)
	at org.openqa.selenium.remote.http.W3CHttpResponseCodec.decode(W3CHttpResponseCodec.java:49)
	at org.openqa.selenium.remote.HttpCommandExecutor.execute(HttpCommandExecutor.java:158)
	at org.openqa.selenium.remote.RemoteWebDriver.execute(RemoteWebDriver.java:552)
	at com.kms.katalon.selenium.driver.CRemoteWebDriver.execute(CRemoteWebDriver.java:30)
	at org.openqa.selenium.remote.RemoteWebDriver.findElements(RemoteWebDriver.java:353)
	at org.openqa.selenium.remote.RemoteWebDriver.findElementsByXPath(RemoteWebDriver.java:432)
	at org.openqa.selenium.By$ByXPath.findElements(By.java:348)
	at org.openqa.selenium.remote.RemoteWebDriver.findElements(RemoteWebDriver.java:311)
	at jdk.internal.reflect.GeneratedMethodAccessor9.invoke(Unknown Source)
	at java.base/jdk.internal.reflect.DelegatingMethodAccessorImpl.invoke(DelegatingMethodAccessorImpl.java:43)
	at org.openqa.selenium.support.events.EventFiringWebDriver.lambda$new$1(EventFiringWebDriver.java:105)
	at jdk.proxy2/jdk.proxy2.$Proxy23.findElements(Unknown Source)
	at org.openqa.selenium.support.events.EventFiringWebDriver.findElements(EventFiringWebDriver.java:182)
	at com.kms.katalon.core.webui.common.WebUiCommonHelper.findElementByNormalMethods(WebUiCommonHelper.java:1033)
	at com.kms.katalon.core.webui.common.WebUiCommonHelper.findElementsBySelectedMethod(WebUiCommonHelper.java:924)
	at com.kms.katalon.core.webui.common.WebUiCommonHelper.findElementsBySelectedMethod(WebUiCommonHelper.java:906)
	at com.kms.katalon.core.webui.common.WebUiCommonHelper.findElementsBySelectedMethod(WebUiCommonHelper.java:901)
	at com.kms.katalon.core.webui.common.WebUiCommonHelper.findElementsByDefault(WebUiCommonHelper.java:897)
	at com.kms.katalon.core.webui.common.WebUiCommonHelper.findElementsWithSelfHealing(WebUiCommonHelper.java:743)
	at com.kms.katalon.core.webui.common.WebUiCommonHelper.findWebElements(WebUiCommonHelper.java:727)
	at com.kms.katalon.core.webui.common.WebUiCommonHelper.findWebElement(WebUiCommonHelper.java:1413)
	at com.kms.katalon.core.webui.keyword.internal.WebUIAbstractKeyword.findWebElement(WebUIAbstractKeyword.groovy:27)
	at com.kms.katalon.core.webui.keyword.internal.WebUIAbstractKeyword.findWebElement(WebUIAbstractKeyword.groovy:26)
	at com.kms.katalon.core.webui.keyword.builtin.SetTextKeyword$_setText_closure1.doCall(SetTextKeyword.groovy:53)
	at com.kms.katalon.core.webui.keyword.builtin.SetTextKeyword$_setText_closure1.call(SetTextKeyword.groovy)
	at com.kms.katalon.core.webui.keyword.internal.WebUIKeywordMain.runKeyword(WebUIKeywordMain.groovy:35)
	... 27 more
</message>
  <exception>
    <message>com.kms.katalon.core.exception.StepFailedException: Unable to set text 'secret_sauce' of object 'Object Repository/Page_Swag Labs/input_Swag Labs_password'</message>
    <frame>
      <class>com.kms.katalon.core.webui.keyword.internal.WebUIKeywordMain</class>
      <method>stepFailed</method>
      <line>117</line>
    </frame>
    <frame>
      <class>com.kms.katalon.core.webui.keyword.internal.WebUIKeywordMain</class>
      <method>runKeyword</method>
      <line>43</line>
    </frame>
    <frame>
      <class>com.kms.katalon.core.webui.keyword.builtin.SetTextKeyword</class>
      <method>setText</method>
      <line>85</line>
    </frame>
    <frame>
      <class>com.kms.katalon.core.webui.keyword.builtin.SetTextKeyword</class>
      <method>execute</method>
      <line>39</line>
    </frame>
    <frame>
      <class>com.kms.katalon.core.keyword.internal.KeywordExecutor</class>
      <method>executeKeywordForPlatform</method>
      <line>74</line>
    </frame>
    <frame>
      <class>com.kms.katalon.core.webui.keyword.WebUiBuiltInKeywords</class>
      <method>setText</method>
      <line>1019</line>
    </frame>
    <frame>
      <class>com.test.swaglabs.CustomLogin</class>
      <method>WebLoginSixthAccount</method>
      <line>80</line>
    </frame>
    <frame>
      <class>jdk.internal.reflect.NativeMethodAccessorImpl</class>
      <method>invoke0</method>
    </frame>
    <frame>
      <class>jdk.internal.reflect.NativeMethodAccessorImpl</class>
      <method>invoke</method>
      <line>77</line>
    </frame>
    <frame>
      <class>jdk.internal.reflect.DelegatingMethodAccessorImpl</class>
      <method>invoke</method>
      <line>43</line>
    </frame>
    <frame>
      <class>com.kms.katalon.core.main.CustomKeywordDelegatingMetaClass</class>
      <method>invokeStaticMethod</method>
      <line>55</line>
    </frame>
    <frame>
      <class>Login by Sixth Account - visual_user</class>
      <method>run</method>
      <line>24</line>
    </frame>
    <frame>
      <class>com.kms.katalon.core.main.ScriptEngine</class>
      <method>run</method>
      <line>194</line>
    </frame>
    <frame>
      <class>com.kms.katalon.core.main.ScriptEngine</class>
      <method>runScriptAsRawText</method>
      <line>119</line>
    </frame>
    <frame>
      <class>com.kms.katalon.core.main.TestCaseExecutor</class>
      <method>runScript</method>
      <line>448</line>
    </frame>
    <frame>
      <class>com.kms.katalon.core.main.TestCaseExecutor</class>
      <method>doExecute</method>
      <line>439</line>
    </frame>
    <frame>
      <class>com.kms.katalon.core.main.TestCaseExecutor</class>
      <method>processExecutionPhase</method>
      <line>418</line>
    </frame>
    <frame>
      <class>com.kms.katalon.core.main.TestCaseExecutor</class>
      <method>accessMainPhase</method>
      <line>410</line>
    </frame>
    <frame>
      <class>com.kms.katalon.core.main.TestCaseExecutor</class>
      <method>execute</method>
      <line>285</line>
    </frame>
    <frame>
      <class>com.kms.katalon.core.main.TestCaseExecutor</class>
      <method>execute</method>
      <line>369</line>
    </frame>
    <frame>
      <class>com.kms.katalon.core.main.TestCaseExecutor</class>
      <method>execute</method>
      <line>369</line>
    </frame>
    <frame>
      <class>com.kms.katalon.core.common.CommonExecutor</class>
      <method>accessTestCaseMainPhase</method>
      <line>65</line>
    </frame>
    <frame>
      <class>com.kms.katalon.core.main.TestSuiteExecutor</class>
      <method>accessTestSuiteMainPhase</method>
      <line>150</line>
    </frame>
    <frame>
      <class>com.kms.katalon.core.main.TestSuiteExecutor</class>
      <method>execute</method>
      <line>106</line>
    </frame>
    <frame>
      <class>com.kms.katalon.core.main.TestCaseMain</class>
      <method>startTestSuite</method>
      <line>180</line>
    </frame>
    <frame>
      <class>TempTestSuite1738333839214</class>
      <method>run</method>
      <line>35</line>
    </frame>
    <frame>
      <class>jdk.internal.reflect.NativeMethodAccessorImpl</class>
      <method>invoke0</method>
    </frame>
    <frame>
      <class>jdk.internal.reflect.NativeMethodAccessorImpl</class>
      <method>invoke</method>
      <line>77</line>
    </frame>
    <frame>
      <class>jdk.internal.reflect.DelegatingMethodAccessorImpl</class>
      <method>invoke</method>
      <line>43</line>
    </frame>
  </exception>
  <nestedLevel>0</nestedLevel>
  <escapedJava>false</escapedJava>
  <property name="failed.exception.stacktrace">org.openqa.selenium.NoSuchSessionException: invalid session id: session deleted as the browser has closed the connection
from disconnected: Unable to receive message from renderer
  (Session info: chrome=133.0.6847.2)
Build info: version: &apos;3.141.59&apos;, revision: &apos;unknown&apos;, time: &apos;unknown&apos;
System info: host: &apos;LAPTOP-5GQHVTHK&apos;, ip: &apos;192.168.0.101&apos;, os.name: &apos;Windows 11&apos;, os.arch: &apos;amd64&apos;, os.version: &apos;10.0&apos;, java.version: &apos;17.0.7&apos;
Driver info: com.kms.katalon.selenium.driver.CRemoteWebDriver
Capabilities {acceptInsecureCerts: false, browserName: chrome, browserVersion: 133.0.6847.2, chrome: {chromedriverVersion: 133.0.6847.2 (7e95e23d2d1f8..., userDataDir: C:\Program Files\scoped_dir...}, fedcm:accounts: true, goog:chromeOptions: {debuggerAddress: localhost:9225}, javascriptEnabled: true, katalon:caps: {executionId: 98dd10d0-fec4-4bd9-805d-c04..., executionSessionId: cd3ee794-127b-49ce-816c-644...}, katalon:options: {executionId: 98dd10d0-fec4-4bd9-805d-c04..., executionSessionId: cd3ee794-127b-49ce-816c-644..., metadata: {accountUuid: fda32340-531c-49aa-a0b7-40d..., organizationId: 1906073, usingTunnel: false}, organizationId: 1906073, runFromTestCloud: true, userId: 1648280, username: innocent.beaver.duja@instan..., usingTunnel: false}, kt:requestId: cd3ee794-127b-49ce-816c-644..., kt:rid: cd3ee794-127b-49ce-816c-644..., networkConnectionEnabled: false, pageLoadStrategy: normal, platform: WINDOWS, platformName: WINDOWS, proxy: Proxy(), se:bidiEnabled: false, se:cdpEnabled: false, setWindowRect: true, strictFileInteractability: false, timeouts: {implicit: 0, pageLoad: 300000, script: 30000}, unhandledPromptBehavior: dismiss and notify, webauthn:extension:credBlob: true, webauthn:extension:largeBlob: true, webauthn:extension:minPinLength: true, webauthn:extension:prf: true, webauthn:virtualAuthenticators: true}
Session ID: b15ae67667f8b327f1e65b6f61d316fa
*** Element info: {Using=xpath, value=//input[@id=&apos;password&apos;]}
	at jdk.internal.reflect.GeneratedConstructorAccessor22.newInstance(Unknown Source)
	at java.base/jdk.internal.reflect.DelegatingConstructorAccessorImpl.newInstance(DelegatingConstructorAccessorImpl.java:45)
	at org.openqa.selenium.remote.http.W3CHttpResponseCodec.createException(W3CHttpResponseCodec.java:187)
	at org.openqa.selenium.remote.http.W3CHttpResponseCodec.decode(W3CHttpResponseCodec.java:122)
	at org.openqa.selenium.remote.http.W3CHttpResponseCodec.decode(W3CHttpResponseCodec.java:49)
	at org.openqa.selenium.remote.HttpCommandExecutor.execute(HttpCommandExecutor.java:158)
	at org.openqa.selenium.remote.RemoteWebDriver.execute(RemoteWebDriver.java:552)
	at com.kms.katalon.selenium.driver.CRemoteWebDriver.execute(CRemoteWebDriver.java:30)
	at org.openqa.selenium.remote.RemoteWebDriver.findElements(RemoteWebDriver.java:353)
	at org.openqa.selenium.remote.RemoteWebDriver.findElementsByXPath(RemoteWebDriver.java:432)
	at org.openqa.selenium.By$ByXPath.findElements(By.java:348)
	at org.openqa.selenium.remote.RemoteWebDriver.findElements(RemoteWebDriver.java:311)
	at jdk.internal.reflect.GeneratedMethodAccessor9.invoke(Unknown Source)
	at java.base/jdk.internal.reflect.DelegatingMethodAccessorImpl.invoke(DelegatingMethodAccessorImpl.java:43)
	at org.openqa.selenium.support.events.EventFiringWebDriver.lambda$new$1(EventFiringWebDriver.java:105)
	at jdk.proxy2/jdk.proxy2.$Proxy23.findElements(Unknown Source)
	at org.openqa.selenium.support.events.EventFiringWebDriver.findElements(EventFiringWebDriver.java:182)
	at com.kms.katalon.core.webui.common.WebUiCommonHelper.findElementByNormalMethods(WebUiCommonHelper.java:1033)
	at com.kms.katalon.core.webui.common.WebUiCommonHelper.findElementsBySelectedMethod(WebUiCommonHelper.java:924)
	at com.kms.katalon.core.webui.common.WebUiCommonHelper.findElementsBySelectedMethod(WebUiCommonHelper.java:906)
	at com.kms.katalon.core.webui.common.WebUiCommonHelper.findElementsBySelectedMethod(WebUiCommonHelper.java:901)
	at com.kms.katalon.core.webui.common.WebUiCommonHelper.findElementsByDefault(WebUiCommonHelper.java:897)
	at com.kms.katalon.core.webui.common.WebUiCommonHelper.findElementsWithSelfHealing(WebUiCommonHelper.java:743)
	at com.kms.katalon.core.webui.common.WebUiCommonHelper.findWebElements(WebUiCommonHelper.java:727)
	at com.kms.katalon.core.webui.common.WebUiCommonHelper.findWebElement(WebUiCommonHelper.java:1413)
	at com.kms.katalon.core.webui.keyword.internal.WebUIAbstractKeyword.findWebElement(WebUIAbstractKeyword.groovy:27)
	at com.kms.katalon.core.webui.keyword.internal.WebUIAbstractKeyword.findWebElement(WebUIAbstractKeyword.groovy:26)
	at com.kms.katalon.core.webui.keyword.builtin.SetTextKeyword$_setText_closure1.doCall(SetTextKeyword.groovy:53)
	at com.kms.katalon.core.webui.keyword.builtin.SetTextKeyword$_setText_closure1.call(SetTextKeyword.groovy)
	at com.kms.katalon.core.webui.keyword.internal.WebUIKeywordMain.runKeyword(WebUIKeywordMain.groovy:35)
	at com.kms.katalon.core.webui.keyword.builtin.SetTextKeyword.setText(SetTextKeyword.groovy:85)
	at com.kms.katalon.core.webui.keyword.builtin.SetTextKeyword.execute(SetTextKeyword.groovy:39)
	at com.kms.katalon.core.keyword.internal.KeywordExecutor.executeKeywordForPlatform(KeywordExecutor.groovy:74)
	at com.kms.katalon.core.webui.keyword.WebUiBuiltInKeywords.setText(WebUiBuiltInKeywords.groovy:1019)
	at com.test.swaglabs.CustomLogin.WebLoginSixthAccount(CustomLogin.groovy:80)
	at java.base/jdk.internal.reflect.NativeMethodAccessorImpl.invoke0(Native Method)
	at java.base/jdk.internal.reflect.NativeMethodAccessorImpl.invoke(NativeMethodAccessorImpl.java:77)
	at java.base/jdk.internal.reflect.DelegatingMethodAccessorImpl.invoke(DelegatingMethodAccessorImpl.java:43)
	at com.kms.katalon.core.main.CustomKeywordDelegatingMetaClass.invokeStaticMethod(CustomKeywordDelegatingMetaClass.java:55)
	at Login by Sixth Account - visual_user.run(Login by Sixth Account - visual_user:24)
	at com.kms.katalon.core.main.ScriptEngine.run(ScriptEngine.java:194)
	at com.kms.katalon.core.main.ScriptEngine.runScriptAsRawText(ScriptEngine.java:119)
	at com.kms.katalon.core.main.TestCaseExecutor.runScript(TestCaseExecutor.java:448)
	at com.kms.katalon.core.main.TestCaseExecutor.doExecute(TestCaseExecutor.java:439)
	at com.kms.katalon.core.main.TestCaseExecutor.processExecutionPhase(TestCaseExecutor.java:418)
	at com.kms.katalon.core.main.TestCaseExecutor.accessMainPhase(TestCaseExecutor.java:410)
	at com.kms.katalon.core.main.TestCaseExecutor.execute(TestCaseExecutor.java:285)
	at com.kms.katalon.core.main.TestCaseExecutor.execute(TestCaseExecutor.java:369)
	at com.kms.katalon.core.main.TestCaseExecutor.execute(TestCaseExecutor.java:369)
	at com.kms.katalon.core.common.CommonExecutor.accessTestCaseMainPhase(CommonExecutor.java:65)
	at com.kms.katalon.core.main.TestSuiteExecutor.accessTestSuiteMainPhase(TestSuiteExecutor.java:150)
	at com.kms.katalon.core.main.TestSuiteExecutor.execute(TestSuiteExecutor.java:106)
	at com.kms.katalon.core.main.TestCaseMain.startTestSuite(TestCaseMain.java:180)
	at TempTestSuite1738333839214.run(TempTestSuite1738333839214.groovy:35)
	at java.base/jdk.internal.reflect.NativeMethodAccessorImpl.invoke0(Native Method)
	at java.base/jdk.internal.reflect.NativeMethodAccessorImpl.invoke(NativeMethodAccessorImpl.java:77)
	at java.base/jdk.internal.reflect.DelegatingMethodAccessorImpl.invoke(DelegatingMethodAccessorImpl.java:43)
</property>
  <property name="failed.exception.class">org.openqa.selenium.NoSuchSessionException</property>
  <property name="failed.exception.message">invalid session id: session deleted as the browser has closed the connection
from disconnected: Unable to receive message from renderer
  (Session info: chrome=133.0.6847.2)
Build info: version: &apos;3.141.59&apos;, revision: &apos;unknown&apos;, time: &apos;unknown&apos;
System info: host: &apos;LAPTOP-5GQHVTHK&apos;, ip: &apos;192.168.0.101&apos;, os.name: &apos;Windows 11&apos;, os.arch: &apos;amd64&apos;, os.version: &apos;10.0&apos;, java.version: &apos;17.0.7&apos;
Driver info: com.kms.katalon.selenium.driver.CRemoteWebDriver
Capabilities {acceptInsecureCerts: false, browserName: chrome, browserVersion: 133.0.6847.2, chrome: {chromedriverVersion: 133.0.6847.2 (7e95e23d2d1f8..., userDataDir: C:\Program Files\scoped_dir...}, fedcm:accounts: true, goog:chromeOptions: {debuggerAddress: localhost:9225}, javascriptEnabled: true, katalon:caps: {executionId: 98dd10d0-fec4-4bd9-805d-c04..., executionSessionId: cd3ee794-127b-49ce-816c-644...}, katalon:options: {executionId: 98dd10d0-fec4-4bd9-805d-c04..., executionSessionId: cd3ee794-127b-49ce-816c-644..., metadata: {accountUuid: fda32340-531c-49aa-a0b7-40d..., organizationId: 1906073, usingTunnel: false}, organizationId: 1906073, runFromTestCloud: true, userId: 1648280, username: innocent.beaver.duja@instan..., usingTunnel: false}, kt:requestId: cd3ee794-127b-49ce-816c-644..., kt:rid: cd3ee794-127b-49ce-816c-644..., networkConnectionEnabled: false, pageLoadStrategy: normal, platform: WINDOWS, platformName: WINDOWS, proxy: Proxy(), se:bidiEnabled: false, se:cdpEnabled: false, setWindowRect: true, strictFileInteractability: false, timeouts: {implicit: 0, pageLoad: 300000, script: 30000}, unhandledPromptBehavior: dismiss and notify, webauthn:extension:credBlob: true, webauthn:extension:largeBlob: true, webauthn:extension:minPinLength: true, webauthn:extension:prf: true, webauthn:virtualAuthenticators: true}
Session ID: b15ae67667f8b327f1e65b6f61d316fa
*** Element info: {Using=xpath, value=//input[@id=&apos;password&apos;]}</property>
</record>
<record>
  <date>2025-01-31T14:36:58.766618300Z</date>
  <millis>1738334218766</millis>
  <nanos>618300</nanos>
  <sequence>790</sequence>
  <level>END</level>
  <class>com.kms.katalon.core.logging.XmlKeywordLogger</class>
  <method>endTest</method>
  <thread>1</thread>
  <message>End Test Case : Test Cases/Login by Sixth Account - visual_user</message>
  <nestedLevel>0</nestedLevel>
  <escapedJava>false</escapedJava>
  <property name="executionBindingVariables">[]</property>
  <property name="applitools">false</property>
  <property name="remainingRetryCount">1</property>
  <property name="currentRetryCount">2</property>
  <property name="keywordsUsage">{
  &quot;web_ui&quot;: true,
  &quot;web_service&quot;: false,
  &quot;cucumber&quot;: false,
  &quot;builtin&quot;: false,
  &quot;mobile&quot;: false,
  &quot;windows&quot;: false,
  &quot;testng&quot;: false
}</property>
</record>
<record>
  <date>2025-01-31T14:36:58.770618500Z</date>
  <millis>1738334218770</millis>
  <nanos>618500</nanos>
  <sequence>791</sequence>
  <level>START</level>
  <class>com.kms.katalon.core.logging.XmlKeywordLogger</class>
  <method>startTest</method>
  <thread>1</thread>
  <message>Start Test Case : Test Cases/Login by Sixth Account - visual_user</message>
  <nestedLevel>1</nestedLevel>
  <escapedJava>false</escapedJava>
  <property name="remainingRetryCount">0</property>
  <property name="name">Test Cases/Login by Sixth Account - visual_user</property>
  <property name="description"></property>
  <property name="iteration"></property>
  <property name="id">Test Cases/Login by Sixth Account - visual_user</property>
  <property name="source">C:\Users\ACER\git\KatalonGitSwagLabsNew\Test Cases\Login by Sixth Account - visual_user.tc</property>
  <property name="tag"></property>
  <property name="isOptional">false</property>
  <property name="currentRetryCount">3</property>
</record>
<record>
  <date>2025-01-31T14:36:58.784619800Z</date>
  <millis>1738334218784</millis>
  <nanos>619800</nanos>
  <sequence>793</sequence>
  <level>START</level>
  <class>com.kms.katalon.core.logging.XmlKeywordLogger</class>
  <method>startKeyword</method>
  <thread>1</thread>
  <message>Start action : openBrowser(&amp;quot;&amp;quot;)</message>
  <nestedLevel>1</nestedLevel>
  <escapedJava>false</escapedJava>
  <property name="startLine">20</property>
  <property name="stepIndex">1</property>
</record>
<record>
  <date>2025-01-31T14:36:58.790618600Z</date>
  <millis>1738334218790</millis>
  <nanos>618600</nanos>
  <sequence>795</sequence>
  <level>WARNING</level>
  <class>com.kms.katalon.core.logging.XmlKeywordLogger</class>
  <method>logMessage</method>
  <thread>1</thread>
  <message>A browser is already opened. Closing browser and opening a new one</message>
  <nestedLevel>1</nestedLevel>
  <escapedJava>false</escapedJava>
</record>
<record>
  <date>2025-01-31T14:36:59.931523500Z</date>
  <millis>1738334219931</millis>
  <nanos>523500</nanos>
  <sequence>796</sequence>
  <level>INFO</level>
  <class>com.kms.katalon.core.logging.XmlKeywordLogger</class>
  <method>logMessage</method>
  <thread>1</thread>
  <message>User set preference: [&amp;apos;os&amp;apos;, &amp;apos;windows&amp;apos;]</message>
  <nestedLevel>1</nestedLevel>
  <escapedJava>false</escapedJava>
</record>
<record>
  <date>2025-01-31T14:36:59.931523500Z</date>
  <millis>1738334219931</millis>
  <nanos>523500</nanos>
  <sequence>797</sequence>
  <level>INFO</level>
  <class>com.kms.katalon.core.logging.XmlKeywordLogger</class>
  <method>logMessage</method>
  <thread>1</thread>
  <message>User set preference: [&amp;apos;browserVersion&amp;apos;, &amp;apos;133&amp;apos;]</message>
  <nestedLevel>1</nestedLevel>
  <escapedJava>false</escapedJava>
</record>
<record>
  <date>2025-01-31T14:36:59.932522700Z</date>
  <millis>1738334219932</millis>
  <nanos>522700</nanos>
  <sequence>798</sequence>
  <level>INFO</level>
  <class>com.kms.katalon.core.logging.XmlKeywordLogger</class>
  <method>logMessage</method>
  <thread>1</thread>
  <message>User set preference: [&amp;apos;browserName&amp;apos;, &amp;apos;chrome&amp;apos;]</message>
  <nestedLevel>1</nestedLevel>
  <escapedJava>false</escapedJava>
</record>
<record>
  <date>2025-01-31T14:36:59.932522700Z</date>
  <millis>1738334219932</millis>
  <nanos>522700</nanos>
  <sequence>799</sequence>
  <level>INFO</level>
  <class>com.kms.katalon.core.logging.XmlKeywordLogger</class>
  <method>logMessage</method>
  <thread>1</thread>
  <message>User set preference: [&amp;apos;katalon:option&amp;apos;, &amp;apos;{organizationId=1906073, usingTunnel=false}&amp;apos;]</message>
  <nestedLevel>1</nestedLevel>
  <escapedJava>false</escapedJava>
</record>
<record>
  <date>2025-01-31T14:36:59.933871100Z</date>
  <millis>1738334219933</millis>
  <nanos>871100</nanos>
  <sequence>800</sequence>
  <level>INFO</level>
  <class>com.kms.katalon.core.logging.XmlKeywordLogger</class>
  <method>logMessage</method>
  <thread>1</thread>
  <message>Connecting to remote web server &amp;apos;testcloud.katalon.com/hub&amp;apos; with type &amp;apos;Selenium&amp;apos;</message>
  <nestedLevel>1</nestedLevel>
  <escapedJava>false</escapedJava>
</record>
<record>
  <date>2025-01-31T14:36:59.934880600Z</date>
  <millis>1738334219934</millis>
  <nanos>880600</nanos>
  <sequence>801</sequence>
  <level>INFO</level>
  <class>com.kms.katalon.core.logging.XmlKeywordLogger</class>
  <method>logMessage</method>
  <thread>1</thread>
  <message>Action delay is set to 0 milliseconds</message>
  <nestedLevel>1</nestedLevel>
  <escapedJava>false</escapedJava>
</record>
<record>
  <date>2025-01-31T14:37:26.573366Z</date>
  <millis>1738334246573</millis>
  <nanos>366000</nanos>
  <sequence>803</sequence>
  <level>RUN_DATA</level>
  <class>com.kms.katalon.core.logging.XmlKeywordLogger</class>
  <method>logMessage</method>
  <thread>1</thread>
  <message>remoteDriverUrl = testcloud.katalon.com/hub</message>
  <nestedLevel>1</nestedLevel>
  <escapedJava>false</escapedJava>
  <property name="remoteDriverUrl">testcloud.katalon.com/hub</property>
</record>
<record>
  <date>2025-01-31T14:37:26.574354400Z</date>
  <millis>1738334246574</millis>
  <nanos>354400</nanos>
  <sequence>804</sequence>
  <level>RUN_DATA</level>
  <class>com.kms.katalon.core.logging.XmlKeywordLogger</class>
  <method>logMessage</method>
  <thread>1</thread>
  <message>remoteOS = Windows</message>
  <nestedLevel>1</nestedLevel>
  <escapedJava>false</escapedJava>
  <property name="remoteOS">Windows</property>
</record>
<record>
  <date>2025-01-31T14:37:26.577360500Z</date>
  <millis>1738334246577</millis>
  <nanos>360500</nanos>
  <sequence>805</sequence>
  <level>RUN_DATA</level>
  <class>com.kms.katalon.core.logging.XmlKeywordLogger</class>
  <method>logMessage</method>
  <thread>1</thread>
  <message>desiredCapabilities = {
  &amp;quot;timeouts&amp;quot;: {
    &amp;quot;implicit&amp;quot;: 0,
    &amp;quot;pageLoad&amp;quot;: 300000,
    &amp;quot;script&amp;quot;: 30000
  },
  &amp;quot;se:cdpEnabled&amp;quot;: false,
  &amp;quot;platform&amp;quot;: &amp;quot;WINDOWS&amp;quot;,
  &amp;quot;goog:chromeOptions&amp;quot;: {
    &amp;quot;debuggerAddress&amp;quot;: &amp;quot;localhost:9225&amp;quot;
  },
  &amp;quot;webauthn:extension:credBlob&amp;quot;: true,
  &amp;quot;acceptInsecureCerts&amp;quot;: false,
  &amp;quot;browserVersion&amp;quot;: &amp;quot;133.0.0.0&amp;quot;,
  &amp;quot;fedcm:accounts&amp;quot;: true,
  &amp;quot;kt:requestId&amp;quot;: &amp;quot;25d4c530-d3cf-4a5c-8efc-30d613d556f5&amp;quot;,
  &amp;quot;browserName&amp;quot;: &amp;quot;chrome&amp;quot;,
  &amp;quot;javascriptEnabled&amp;quot;: true,
  &amp;quot;platformName&amp;quot;: &amp;quot;WINDOWS&amp;quot;,
  &amp;quot;setWindowRect&amp;quot;: true,
  &amp;quot;webauthn:extension:largeBlob&amp;quot;: true,
  &amp;quot;networkConnectionEnabled&amp;quot;: false,
  &amp;quot;chrome&amp;quot;: {
    &amp;quot;chromedriverVersion&amp;quot;: &amp;quot;133.0.6847.2 (7e95e23d2d1f87886163822aa701370c1187bfa1-refs/branch-heads/6847@{#6})&amp;quot;,
    &amp;quot;userDataDir&amp;quot;: &amp;quot;C:\\Program Files\\scoped_dir4024_294417580&amp;quot;
  },
  &amp;quot;kt:rid&amp;quot;: &amp;quot;25d4c530-d3cf-4a5c-8efc-30d613d556f5&amp;quot;,
  &amp;quot;pageLoadStrategy&amp;quot;: &amp;quot;normal&amp;quot;,
  &amp;quot;unhandledPromptBehavior&amp;quot;: &amp;quot;dismiss and notify&amp;quot;,
  &amp;quot;strictFileInteractability&amp;quot;: false,
  &amp;quot;se:bidiEnabled&amp;quot;: false,
  &amp;quot;proxy&amp;quot;: {
    &amp;quot;proxyType&amp;quot;: &amp;quot;UNSPECIFIED&amp;quot;,
    &amp;quot;autodetect&amp;quot;: false
  },
  &amp;quot;webauthn:extension:minPinLength&amp;quot;: true,
  &amp;quot;webauthn:extension:prf&amp;quot;: true,
  &amp;quot;katalon:caps&amp;quot;: {
    &amp;quot;executionId&amp;quot;: &amp;quot;e73fdd53-0e58-4c29-b363-0bb6d2e8e4ce&amp;quot;,
    &amp;quot;executionSessionId&amp;quot;: &amp;quot;25d4c530-d3cf-4a5c-8efc-30d613d556f5&amp;quot;
  },
  &amp;quot;katalon:options&amp;quot;: {
    &amp;quot;executionId&amp;quot;: &amp;quot;e73fdd53-0e58-4c29-b363-0bb6d2e8e4ce&amp;quot;,
    &amp;quot;executionSessionId&amp;quot;: &amp;quot;25d4c530-d3cf-4a5c-8efc-30d613d556f5&amp;quot;,
    &amp;quot;metadata&amp;quot;: {
      &amp;quot;usingTunnel&amp;quot;: false,
      &amp;quot;accountUuid&amp;quot;: &amp;quot;fda32340-531c-49aa-a0b7-40d478ba5457&amp;quot;,
      &amp;quot;organizationId&amp;quot;: &amp;quot;1906073&amp;quot;
    },
    &amp;quot;organizationId&amp;quot;: &amp;quot;1906073&amp;quot;,
    &amp;quot;runFromTestCloud&amp;quot;: true,
    &amp;quot;userId&amp;quot;: 1648280,
    &amp;quot;username&amp;quot;: &amp;quot;innocent.beaver.duja@instantletter.net&amp;quot;,
    &amp;quot;usingTunnel&amp;quot;: false
  },
  &amp;quot;webauthn:virtualAuthenticators&amp;quot;: true
}</message>
  <nestedLevel>1</nestedLevel>
  <escapedJava>false</escapedJava>
  <property name="desiredCapabilities">{
  &quot;timeouts&quot;: {
    &quot;implicit&quot;: 0,
    &quot;pageLoad&quot;: 300000,
    &quot;script&quot;: 30000
  },
  &quot;se:cdpEnabled&quot;: false,
  &quot;platform&quot;: &quot;WINDOWS&quot;,
  &quot;goog:chromeOptions&quot;: {
    &quot;debuggerAddress&quot;: &quot;localhost:9225&quot;
  },
  &quot;webauthn:extension:credBlob&quot;: true,
  &quot;acceptInsecureCerts&quot;: false,
  &quot;browserVersion&quot;: &quot;133.0.0.0&quot;,
  &quot;fedcm:accounts&quot;: true,
  &quot;kt:requestId&quot;: &quot;25d4c530-d3cf-4a5c-8efc-30d613d556f5&quot;,
  &quot;browserName&quot;: &quot;chrome&quot;,
  &quot;javascriptEnabled&quot;: true,
  &quot;platformName&quot;: &quot;WINDOWS&quot;,
  &quot;setWindowRect&quot;: true,
  &quot;webauthn:extension:largeBlob&quot;: true,
  &quot;networkConnectionEnabled&quot;: false,
  &quot;chrome&quot;: {
    &quot;chromedriverVersion&quot;: &quot;133.0.6847.2 (7e95e23d2d1f87886163822aa701370c1187bfa1-refs/branch-heads/6847@{#6})&quot;,
    &quot;userDataDir&quot;: &quot;C:\\Program Files\\scoped_dir4024_294417580&quot;
  },
  &quot;kt:rid&quot;: &quot;25d4c530-d3cf-4a5c-8efc-30d613d556f5&quot;,
  &quot;pageLoadStrategy&quot;: &quot;normal&quot;,
  &quot;unhandledPromptBehavior&quot;: &quot;dismiss and notify&quot;,
  &quot;strictFileInteractability&quot;: false,
  &quot;se:bidiEnabled&quot;: false,
  &quot;proxy&quot;: {
    &quot;proxyType&quot;: &quot;UNSPECIFIED&quot;,
    &quot;autodetect&quot;: false
  },
  &quot;webauthn:extension:minPinLength&quot;: true,
  &quot;webauthn:extension:prf&quot;: true,
  &quot;katalon:caps&quot;: {
    &quot;executionId&quot;: &quot;e73fdd53-0e58-4c29-b363-0bb6d2e8e4ce&quot;,
    &quot;executionSessionId&quot;: &quot;25d4c530-d3cf-4a5c-8efc-30d613d556f5&quot;
  },
  &quot;katalon:options&quot;: {
    &quot;executionId&quot;: &quot;e73fdd53-0e58-4c29-b363-0bb6d2e8e4ce&quot;,
    &quot;executionSessionId&quot;: &quot;25d4c530-d3cf-4a5c-8efc-30d613d556f5&quot;,
    &quot;metadata&quot;: {
      &quot;usingTunnel&quot;: false,
      &quot;accountUuid&quot;: &quot;fda32340-531c-49aa-a0b7-40d478ba5457&quot;,
      &quot;organizationId&quot;: &quot;1906073&quot;
    },
    &quot;organizationId&quot;: &quot;1906073&quot;,
    &quot;runFromTestCloud&quot;: true,
    &quot;userId&quot;: 1648280,
    &quot;username&quot;: &quot;innocent.beaver.duja@instantletter.net&quot;,
    &quot;usingTunnel&quot;: false
  },
  &quot;webauthn:virtualAuthenticators&quot;: true
}</property>
</record>
<record>
  <date>2025-01-31T14:37:26.578352200Z</date>
  <millis>1738334246578</millis>
  <nanos>352200</nanos>
  <sequence>806</sequence>
  <level>RUN_DATA</level>
  <class>com.kms.katalon.core.logging.XmlKeywordLogger</class>
  <method>logMessage</method>
  <thread>1</thread>
  <message>sessionId = f8d309e8ec25b6563921fd86ab44f35e</message>
  <nestedLevel>1</nestedLevel>
  <escapedJava>false</escapedJava>
  <property name="sessionId">f8d309e8ec25b6563921fd86ab44f35e</property>
</record>
<record>
  <date>2025-01-31T14:37:26.927696100Z</date>
  <millis>1738334246927</millis>
  <nanos>696100</nanos>
  <sequence>807</sequence>
  <level>RUN_DATA</level>
  <class>com.kms.katalon.core.logging.XmlKeywordLogger</class>
  <method>logMessage</method>
  <thread>1</thread>
  <message>browser = Chrome 133.0.0.0</message>
  <nestedLevel>1</nestedLevel>
  <escapedJava>false</escapedJava>
  <property name="browser">Chrome 133.0.0.0</property>
</record>
<record>
  <date>2025-01-31T14:37:26.929194600Z</date>
  <millis>1738334246929</millis>
  <nanos>194600</nanos>
  <sequence>808</sequence>
  <level>RUN_DATA</level>
  <class>com.kms.katalon.core.logging.XmlKeywordLogger</class>
  <method>logMessage</method>
  <thread>1</thread>
  <message>platform = Windows 11</message>
  <nestedLevel>1</nestedLevel>
  <escapedJava>false</escapedJava>
  <property name="platform">Windows 11</property>
</record>
<record>
  <date>2025-01-31T14:37:26.930216100Z</date>
  <millis>1738334246930</millis>
  <nanos>216100</nanos>
  <sequence>809</sequence>
  <level>RUN_DATA</level>
  <class>com.kms.katalon.core.logging.XmlKeywordLogger</class>
  <method>logMessage</method>
  <thread>1</thread>
  <message>seleniumVersion = 3.141.59</message>
  <nestedLevel>1</nestedLevel>
  <escapedJava>false</escapedJava>
  <property name="seleniumVersion">3.141.59</property>
</record>
<record>
  <date>2025-01-31T14:37:26.931215Z</date>
  <millis>1738334246931</millis>
  <nanos>215000</nanos>
  <sequence>810</sequence>
  <level>RUN_DATA</level>
  <class>com.kms.katalon.core.logging.XmlKeywordLogger</class>
  <method>logMessage</method>
  <thread>1</thread>
  <message>proxyInformation = ProxyInformation { proxyOption=NO_PROXY, proxyServerType=HTTP, username=, password=********, proxyServerAddress=, proxyServerPort=0, executionList=&amp;quot;&amp;quot;, isApplyToDesiredCapabilities=true }</message>
  <nestedLevel>1</nestedLevel>
  <escapedJava>false</escapedJava>
  <property name="proxyInformation">ProxyInformation { proxyOption=NO_PROXY, proxyServerType=HTTP, username=, password=********, proxyServerAddress=, proxyServerPort=0, executionList=&quot;&quot;, isApplyToDesiredCapabilities=true }</property>
</record>
<record>
  <date>2025-01-31T14:37:27.525996800Z</date>
  <millis>1738334247525</millis>
  <nanos>996800</nanos>
  <sequence>811</sequence>
  <level>PASSED</level>
  <class>com.kms.katalon.core.logging.XmlKeywordLogger</class>
  <method>logMessage</method>
  <thread>1</thread>
  <message>Browser is opened with url: &amp;apos;&amp;apos;</message>
  <nestedLevel>1</nestedLevel>
  <escapedJava>false</escapedJava>
  <property name="testops-method-name">com.kms.katalon.core.webui.keyword.builtin.OpenBrowserKeyword.openBrowser</property>
  <property name="testops-execution-stacktrace"></property>
</record>
<record>
  <date>2025-01-31T14:37:27.528001900Z</date>
  <millis>1738334247528</millis>
  <nanos>1900</nanos>
  <sequence>812</sequence>
  <level>END</level>
  <class>com.kms.katalon.core.logging.XmlKeywordLogger</class>
  <method>endKeyword</method>
  <thread>1</thread>
  <message>End action : openBrowser(&amp;quot;&amp;quot;)</message>
  <nestedLevel>1</nestedLevel>
  <escapedJava>false</escapedJava>
</record>
<record>
  <date>2025-01-31T14:37:27.528997100Z</date>
  <millis>1738334247528</millis>
  <nanos>997100</nanos>
  <sequence>813</sequence>
  <level>START</level>
  <class>com.kms.katalon.core.logging.XmlKeywordLogger</class>
  <method>startKeyword</method>
  <thread>1</thread>
  <message>Start action : navigateToUrl(&amp;quot;https://www.saucedemo.com/&amp;quot;)</message>
  <nestedLevel>1</nestedLevel>
  <escapedJava>false</escapedJava>
  <property name="startLine">22</property>
  <property name="stepIndex">2</property>
</record>
<record>
  <date>2025-01-31T14:37:28.183796200Z</date>
  <millis>1738334248183</millis>
  <nanos>796200</nanos>
  <sequence>816</sequence>
  <level>PASSED</level>
  <class>com.kms.katalon.core.logging.XmlKeywordLogger</class>
  <method>logMessage</method>
  <thread>1</thread>
  <message>Navigate to &amp;apos;https://www.saucedemo.com/&amp;apos; successfully</message>
  <nestedLevel>1</nestedLevel>
  <escapedJava>false</escapedJava>
  <property name="testops-method-name">com.kms.katalon.core.webui.keyword.builtin.NavigateToUrlKeyword.navigateToUrl</property>
  <property name="testops-execution-stacktrace"></property>
</record>
<record>
  <date>2025-01-31T14:37:28.184789500Z</date>
  <millis>1738334248184</millis>
  <nanos>789500</nanos>
  <sequence>817</sequence>
  <level>END</level>
  <class>com.kms.katalon.core.logging.XmlKeywordLogger</class>
  <method>endKeyword</method>
  <thread>1</thread>
  <message>End action : navigateToUrl(&amp;quot;https://www.saucedemo.com/&amp;quot;)</message>
  <nestedLevel>1</nestedLevel>
  <escapedJava>false</escapedJava>
</record>
<record>
  <date>2025-01-31T14:37:28.185791400Z</date>
  <millis>1738334248185</millis>
  <nanos>791400</nanos>
  <sequence>818</sequence>
  <level>START</level>
  <class>com.kms.katalon.core.logging.XmlKeywordLogger</class>
  <method>startKeyword</method>
  <thread>1</thread>
  <message>Start action : com.test.swaglabs.CustomLogin.WebLoginSixthAccount()</message>
  <nestedLevel>1</nestedLevel>
  <escapedJava>false</escapedJava>
  <property name="startLine">24</property>
  <property name="stepIndex">3</property>
</record>
<record>
  <date>2025-01-31T14:37:30.368858400Z</date>
  <millis>1738334250368</millis>
  <nanos>858400</nanos>
  <sequence>834</sequence>
  <level>PASSED</level>
  <class>com.kms.katalon.core.logging.XmlKeywordLogger</class>
  <method>logMessage</method>
  <thread>1</thread>
  <message>Text &amp;apos;visual_user&amp;apos; is set on object &amp;apos;Object Repository/Page_Swag Labs/input_Swag Labs_user-name&amp;apos;</message>
  <nestedLevel>1</nestedLevel>
  <escapedJava>false</escapedJava>
  <property name="testops-method-name">com.kms.katalon.core.webui.keyword.builtin.SetTextKeyword.setText</property>
  <property name="testops-execution-stacktrace"></property>
</record>
<record>
  <date>2025-01-31T14:37:32.800778400Z</date>
  <millis>1738334252800</millis>
  <nanos>778400</nanos>
  <sequence>850</sequence>
  <level>PASSED</level>
  <class>com.kms.katalon.core.logging.XmlKeywordLogger</class>
  <method>logMessage</method>
  <thread>1</thread>
  <message>Text &amp;apos;secret_sauce&amp;apos; is set on object &amp;apos;Object Repository/Page_Swag Labs/input_Swag Labs_password&amp;apos;</message>
  <nestedLevel>1</nestedLevel>
  <escapedJava>false</escapedJava>
  <property name="testops-method-name">com.kms.katalon.core.webui.keyword.builtin.SetTextKeyword.setText</property>
  <property name="testops-execution-stacktrace"></property>
</record>
<record>
  <date>2025-01-31T14:37:33.928144900Z</date>
  <millis>1738334253928</millis>
  <nanos>144900</nanos>
  <sequence>860</sequence>
  <level>PASSED</level>
  <class>com.kms.katalon.core.logging.XmlKeywordLogger</class>
  <method>logMessage</method>
  <thread>1</thread>
  <message>Object: &amp;apos;Object Repository/Page_Swag Labs/input_Swag Labs_login-button&amp;apos; is clicked on</message>
  <nestedLevel>1</nestedLevel>
  <escapedJava>false</escapedJava>
  <property name="testops-method-name">com.kms.katalon.core.webui.keyword.builtin.ClickKeyword.click</property>
  <property name="testops-execution-stacktrace"></property>
</record>
<record>
  <date>2025-01-31T14:37:33.931148200Z</date>
  <millis>1738334253931</millis>
  <nanos>148200</nanos>
  <sequence>861</sequence>
  <level>PASSED</level>
  <class>com.kms.katalon.core.logging.XmlKeywordLogger</class>
  <method>logMessage</method>
  <thread>1</thread>
  <message>com.test.swaglabs.CustomLogin.WebLoginSixthAccount is PASSED</message>
  <nestedLevel>1</nestedLevel>
  <escapedJava>false</escapedJava>
</record>
<record>
  <date>2025-01-31T14:37:33.933163300Z</date>
  <millis>1738334253933</millis>
  <nanos>163300</nanos>
  <sequence>862</sequence>
  <level>END</level>
  <class>com.kms.katalon.core.logging.XmlKeywordLogger</class>
  <method>endKeyword</method>
  <thread>1</thread>
  <message>End action : com.test.swaglabs.CustomLogin.WebLoginSixthAccount()</message>
  <nestedLevel>1</nestedLevel>
  <escapedJava>false</escapedJava>
</record>
<record>
  <date>2025-01-31T14:37:33.933163300Z</date>
  <millis>1738334253933</millis>
  <nanos>163300</nanos>
  <sequence>863</sequence>
  <level>START</level>
  <class>com.kms.katalon.core.logging.XmlKeywordLogger</class>
  <method>startKeyword</method>
  <thread>1</thread>
  <message>Start action : verifyElementPresent(findTestObject(&amp;quot;Page_Swag Labs/span_Name (A to Z)Name (A to Z)Name (Z to A)Price (low to high)Price (high to low)&amp;quot;), 10)</message>
  <nestedLevel>1</nestedLevel>
  <escapedJava>false</escapedJava>
  <property name="startLine">26</property>
  <property name="stepIndex">4</property>
</record>
<record>
  <date>2025-01-31T14:37:34.578991100Z</date>
  <millis>1738334254578</millis>
  <nanos>991100</nanos>
  <sequence>871</sequence>
  <level>PASSED</level>
  <class>com.kms.katalon.core.logging.XmlKeywordLogger</class>
  <method>logMessage</method>
  <thread>1</thread>
  <message>Object &amp;apos;Object Repository/Page_Swag Labs/span_Name (A to Z)Name (A to Z)Name (Z to A)Price (low to high)Price (high to low)&amp;apos; is present</message>
  <nestedLevel>1</nestedLevel>
  <escapedJava>false</escapedJava>
  <property name="testops-is-assertion">true</property>
  <property name="testops-method-name">com.kms.katalon.core.webui.keyword.builtin.VerifyElementPresentKeyword.verifyElementPresent</property>
  <property name="testops-execution-stacktrace"></property>
</record>
<record>
  <date>2025-01-31T14:37:34.582003Z</date>
  <millis>1738334254582</millis>
  <nanos>3000</nanos>
  <sequence>872</sequence>
  <level>END</level>
  <class>com.kms.katalon.core.logging.XmlKeywordLogger</class>
  <method>endKeyword</method>
  <thread>1</thread>
  <message>End action : verifyElementPresent(findTestObject(&amp;quot;Page_Swag Labs/span_Name (A to Z)Name (A to Z)Name (Z to A)Price (low to high)Price (high to low)&amp;quot;), 10)</message>
  <nestedLevel>1</nestedLevel>
  <escapedJava>false</escapedJava>
</record>
<record>
  <date>2025-01-31T14:37:34.582989800Z</date>
  <millis>1738334254582</millis>
  <nanos>989800</nanos>
  <sequence>873</sequence>
  <level>START</level>
  <class>com.kms.katalon.core.logging.XmlKeywordLogger</class>
  <method>startKeyword</method>
  <thread>1</thread>
  <message>Start action : closeBrowser()</message>
  <nestedLevel>1</nestedLevel>
  <escapedJava>false</escapedJava>
  <property name="startLine">29</property>
  <property name="stepIndex">5</property>
</record>
<record>
  <date>2025-01-31T14:37:35.462418700Z</date>
  <millis>1738334255462</millis>
  <nanos>418700</nanos>
  <sequence>875</sequence>
  <level>PASSED</level>
  <class>com.kms.katalon.core.logging.XmlKeywordLogger</class>
  <method>logMessage</method>
  <thread>1</thread>
  <message>Browser is closed</message>
  <nestedLevel>1</nestedLevel>
  <escapedJava>false</escapedJava>
  <property name="testops-method-name">com.kms.katalon.core.webui.keyword.builtin.CloseBrowserKeyword.closeBrowser</property>
  <property name="testops-execution-stacktrace"></property>
</record>
<record>
  <date>2025-01-31T14:37:35.462418700Z</date>
  <millis>1738334255462</millis>
  <nanos>418700</nanos>
  <sequence>876</sequence>
  <level>END</level>
  <class>com.kms.katalon.core.logging.XmlKeywordLogger</class>
  <method>endKeyword</method>
  <thread>1</thread>
  <message>End action : closeBrowser()</message>
  <nestedLevel>1</nestedLevel>
  <escapedJava>false</escapedJava>
</record>
<record>
  <date>2025-01-31T14:37:35.463435800Z</date>
  <millis>1738334255463</millis>
  <nanos>435800</nanos>
  <sequence>877</sequence>
  <level>PASSED</level>
  <class>com.kms.katalon.core.logging.XmlKeywordLogger</class>
  <method>logMessage</method>
  <thread>1</thread>
  <message>Test Cases/Login by Sixth Account - visual_user</message>
  <nestedLevel>1</nestedLevel>
  <escapedJava>false</escapedJava>
</record>
<record>
  <date>2025-01-31T14:37:35.465420900Z</date>
  <millis>1738334255465</millis>
  <nanos>420900</nanos>
  <sequence>878</sequence>
  <level>END</level>
  <class>com.kms.katalon.core.logging.XmlKeywordLogger</class>
  <method>endTest</method>
  <thread>1</thread>
  <message>End Test Case : Test Cases/Login by Sixth Account - visual_user</message>
  <nestedLevel>0</nestedLevel>
  <escapedJava>false</escapedJava>
  <property name="executionBindingVariables">[]</property>
  <property name="applitools">false</property>
  <property name="remainingRetryCount">0</property>
  <property name="currentRetryCount">3</property>
  <property name="keywordsUsage">{
  &quot;web_ui&quot;: true,
  &quot;web_service&quot;: false,
  &quot;cucumber&quot;: false,
  &quot;builtin&quot;: false,
  &quot;mobile&quot;: false,
  &quot;windows&quot;: false,
  &quot;testng&quot;: false
}</property>
</record>
<record>
  <date>2025-01-31T14:37:35.471843Z</date>
  <millis>1738334255471</millis>
  <nanos>843000</nanos>
  <sequence>879</sequence>
  <level>START</level>
  <class>com.kms.katalon.core.logging.XmlKeywordLogger</class>
  <method>startTest</method>
  <thread>1</thread>
  <message>Start Test Case : Test Cases/Login by Third Account - problem_user</message>
  <nestedLevel>1</nestedLevel>
  <escapedJava>false</escapedJava>
  <property name="remainingRetryCount">3</property>
  <property name="name">Test Cases/Login by Third Account - problem_user</property>
  <property name="description"></property>
  <property name="iteration"></property>
  <property name="id">Test Cases/Login by Third Account - problem_user</property>
  <property name="source">C:\Users\ACER\git\KatalonGitSwagLabsNew\Test Cases\Login by Third Account - problem_user.tc</property>
  <property name="tag"></property>
  <property name="isOptional">false</property>
  <property name="currentRetryCount">0</property>
</record>
<record>
  <date>2025-01-31T14:37:35.555069Z</date>
  <millis>1738334255555</millis>
  <nanos>69000</nanos>
  <sequence>881</sequence>
  <level>START</level>
  <class>com.kms.katalon.core.logging.XmlKeywordLogger</class>
  <method>startKeyword</method>
  <thread>1</thread>
  <message>Start action : openBrowser(&amp;quot;&amp;quot;)</message>
  <nestedLevel>1</nestedLevel>
  <escapedJava>false</escapedJava>
  <property name="startLine">20</property>
  <property name="stepIndex">1</property>
</record>
<record>
  <date>2025-01-31T14:37:35.559066300Z</date>
  <millis>1738334255559</millis>
  <nanos>66300</nanos>
  <sequence>883</sequence>
  <level>INFO</level>
  <class>com.kms.katalon.core.logging.XmlKeywordLogger</class>
  <method>logMessage</method>
  <thread>1</thread>
  <message>User set preference: [&amp;apos;os&amp;apos;, &amp;apos;windows&amp;apos;]</message>
  <nestedLevel>1</nestedLevel>
  <escapedJava>false</escapedJava>
</record>
<record>
  <date>2025-01-31T14:37:35.560069200Z</date>
  <millis>1738334255560</millis>
  <nanos>69200</nanos>
  <sequence>884</sequence>
  <level>INFO</level>
  <class>com.kms.katalon.core.logging.XmlKeywordLogger</class>
  <method>logMessage</method>
  <thread>1</thread>
  <message>User set preference: [&amp;apos;browserVersion&amp;apos;, &amp;apos;133&amp;apos;]</message>
  <nestedLevel>1</nestedLevel>
  <escapedJava>false</escapedJava>
</record>
<record>
  <date>2025-01-31T14:37:35.560069200Z</date>
  <millis>1738334255560</millis>
  <nanos>69200</nanos>
  <sequence>885</sequence>
  <level>INFO</level>
  <class>com.kms.katalon.core.logging.XmlKeywordLogger</class>
  <method>logMessage</method>
  <thread>1</thread>
  <message>User set preference: [&amp;apos;browserName&amp;apos;, &amp;apos;chrome&amp;apos;]</message>
  <nestedLevel>1</nestedLevel>
  <escapedJava>false</escapedJava>
</record>
<record>
  <date>2025-01-31T14:37:35.560069200Z</date>
  <millis>1738334255560</millis>
  <nanos>69200</nanos>
  <sequence>886</sequence>
  <level>INFO</level>
  <class>com.kms.katalon.core.logging.XmlKeywordLogger</class>
  <method>logMessage</method>
  <thread>1</thread>
  <message>User set preference: [&amp;apos;katalon:option&amp;apos;, &amp;apos;{organizationId=1906073, usingTunnel=false}&amp;apos;]</message>
  <nestedLevel>1</nestedLevel>
  <escapedJava>false</escapedJava>
</record>
<record>
  <date>2025-01-31T14:37:35.562068500Z</date>
  <millis>1738334255562</millis>
  <nanos>68500</nanos>
  <sequence>887</sequence>
  <level>INFO</level>
  <class>com.kms.katalon.core.logging.XmlKeywordLogger</class>
  <method>logMessage</method>
  <thread>1</thread>
  <message>Connecting to remote web server &amp;apos;testcloud.katalon.com/hub&amp;apos; with type &amp;apos;Selenium&amp;apos;</message>
  <nestedLevel>1</nestedLevel>
  <escapedJava>false</escapedJava>
</record>
<record>
  <date>2025-01-31T14:37:35.563070Z</date>
  <millis>1738334255563</millis>
  <nanos>70000</nanos>
  <sequence>888</sequence>
  <level>INFO</level>
  <class>com.kms.katalon.core.logging.XmlKeywordLogger</class>
  <method>logMessage</method>
  <thread>1</thread>
  <message>Action delay is set to 0 milliseconds</message>
  <nestedLevel>1</nestedLevel>
  <escapedJava>false</escapedJava>
</record>
<record>
  <date>2025-01-31T14:37:59.069095900Z</date>
  <millis>1738334279069</millis>
  <nanos>95900</nanos>
  <sequence>890</sequence>
  <level>RUN_DATA</level>
  <class>com.kms.katalon.core.logging.XmlKeywordLogger</class>
  <method>logMessage</method>
  <thread>1</thread>
  <message>remoteDriverUrl = testcloud.katalon.com/hub</message>
  <nestedLevel>1</nestedLevel>
  <escapedJava>false</escapedJava>
  <property name="remoteDriverUrl">testcloud.katalon.com/hub</property>
</record>
<record>
  <date>2025-01-31T14:37:59.070098500Z</date>
  <millis>1738334279070</millis>
  <nanos>98500</nanos>
  <sequence>891</sequence>
  <level>RUN_DATA</level>
  <class>com.kms.katalon.core.logging.XmlKeywordLogger</class>
  <method>logMessage</method>
  <thread>1</thread>
  <message>remoteOS = Windows</message>
  <nestedLevel>1</nestedLevel>
  <escapedJava>false</escapedJava>
  <property name="remoteOS">Windows</property>
</record>
<record>
  <date>2025-01-31T14:37:59.073099600Z</date>
  <millis>1738334279073</millis>
  <nanos>99600</nanos>
  <sequence>892</sequence>
  <level>RUN_DATA</level>
  <class>com.kms.katalon.core.logging.XmlKeywordLogger</class>
  <method>logMessage</method>
  <thread>1</thread>
  <message>desiredCapabilities = {
  &amp;quot;timeouts&amp;quot;: {
    &amp;quot;implicit&amp;quot;: 0,
    &amp;quot;pageLoad&amp;quot;: 300000,
    &amp;quot;script&amp;quot;: 30000
  },
  &amp;quot;se:cdpEnabled&amp;quot;: false,
  &amp;quot;platform&amp;quot;: &amp;quot;WINDOWS&amp;quot;,
  &amp;quot;goog:chromeOptions&amp;quot;: {
    &amp;quot;debuggerAddress&amp;quot;: &amp;quot;localhost:9225&amp;quot;
  },
  &amp;quot;webauthn:extension:credBlob&amp;quot;: true,
  &amp;quot;acceptInsecureCerts&amp;quot;: false,
  &amp;quot;browserVersion&amp;quot;: &amp;quot;133.0.0.0&amp;quot;,
  &amp;quot;fedcm:accounts&amp;quot;: true,
  &amp;quot;kt:requestId&amp;quot;: &amp;quot;30c47ddc-6330-4eca-8751-f3b76e783b72&amp;quot;,
  &amp;quot;browserName&amp;quot;: &amp;quot;chrome&amp;quot;,
  &amp;quot;javascriptEnabled&amp;quot;: true,
  &amp;quot;platformName&amp;quot;: &amp;quot;WINDOWS&amp;quot;,
  &amp;quot;setWindowRect&amp;quot;: true,
  &amp;quot;webauthn:extension:largeBlob&amp;quot;: true,
  &amp;quot;networkConnectionEnabled&amp;quot;: false,
  &amp;quot;chrome&amp;quot;: {
    &amp;quot;chromedriverVersion&amp;quot;: &amp;quot;133.0.6847.2 (7e95e23d2d1f87886163822aa701370c1187bfa1-refs/branch-heads/6847@{#6})&amp;quot;,
    &amp;quot;userDataDir&amp;quot;: &amp;quot;C:\\Program Files\\scoped_dir3264_1775275985&amp;quot;
  },
  &amp;quot;kt:rid&amp;quot;: &amp;quot;30c47ddc-6330-4eca-8751-f3b76e783b72&amp;quot;,
  &amp;quot;pageLoadStrategy&amp;quot;: &amp;quot;normal&amp;quot;,
  &amp;quot;unhandledPromptBehavior&amp;quot;: &amp;quot;dismiss and notify&amp;quot;,
  &amp;quot;strictFileInteractability&amp;quot;: false,
  &amp;quot;se:bidiEnabled&amp;quot;: false,
  &amp;quot;proxy&amp;quot;: {
    &amp;quot;proxyType&amp;quot;: &amp;quot;UNSPECIFIED&amp;quot;,
    &amp;quot;autodetect&amp;quot;: false
  },
  &amp;quot;webauthn:extension:minPinLength&amp;quot;: true,
  &amp;quot;webauthn:extension:prf&amp;quot;: true,
  &amp;quot;katalon:caps&amp;quot;: {
    &amp;quot;executionId&amp;quot;: &amp;quot;9bbbf138-b287-45ef-925f-af7913454268&amp;quot;,
    &amp;quot;executionSessionId&amp;quot;: &amp;quot;30c47ddc-6330-4eca-8751-f3b76e783b72&amp;quot;
  },
  &amp;quot;katalon:options&amp;quot;: {
    &amp;quot;executionId&amp;quot;: &amp;quot;9bbbf138-b287-45ef-925f-af7913454268&amp;quot;,
    &amp;quot;executionSessionId&amp;quot;: &amp;quot;30c47ddc-6330-4eca-8751-f3b76e783b72&amp;quot;,
    &amp;quot;metadata&amp;quot;: {
      &amp;quot;usingTunnel&amp;quot;: false,
      &amp;quot;accountUuid&amp;quot;: &amp;quot;fda32340-531c-49aa-a0b7-40d478ba5457&amp;quot;,
      &amp;quot;organizationId&amp;quot;: &amp;quot;1906073&amp;quot;
    },
    &amp;quot;organizationId&amp;quot;: &amp;quot;1906073&amp;quot;,
    &amp;quot;runFromTestCloud&amp;quot;: true,
    &amp;quot;userId&amp;quot;: 1648280,
    &amp;quot;username&amp;quot;: &amp;quot;innocent.beaver.duja@instantletter.net&amp;quot;,
    &amp;quot;usingTunnel&amp;quot;: false
  },
  &amp;quot;webauthn:virtualAuthenticators&amp;quot;: true
}</message>
  <nestedLevel>1</nestedLevel>
  <escapedJava>false</escapedJava>
  <property name="desiredCapabilities">{
  &quot;timeouts&quot;: {
    &quot;implicit&quot;: 0,
    &quot;pageLoad&quot;: 300000,
    &quot;script&quot;: 30000
  },
  &quot;se:cdpEnabled&quot;: false,
  &quot;platform&quot;: &quot;WINDOWS&quot;,
  &quot;goog:chromeOptions&quot;: {
    &quot;debuggerAddress&quot;: &quot;localhost:9225&quot;
  },
  &quot;webauthn:extension:credBlob&quot;: true,
  &quot;acceptInsecureCerts&quot;: false,
  &quot;browserVersion&quot;: &quot;133.0.0.0&quot;,
  &quot;fedcm:accounts&quot;: true,
  &quot;kt:requestId&quot;: &quot;30c47ddc-6330-4eca-8751-f3b76e783b72&quot;,
  &quot;browserName&quot;: &quot;chrome&quot;,
  &quot;javascriptEnabled&quot;: true,
  &quot;platformName&quot;: &quot;WINDOWS&quot;,
  &quot;setWindowRect&quot;: true,
  &quot;webauthn:extension:largeBlob&quot;: true,
  &quot;networkConnectionEnabled&quot;: false,
  &quot;chrome&quot;: {
    &quot;chromedriverVersion&quot;: &quot;133.0.6847.2 (7e95e23d2d1f87886163822aa701370c1187bfa1-refs/branch-heads/6847@{#6})&quot;,
    &quot;userDataDir&quot;: &quot;C:\\Program Files\\scoped_dir3264_1775275985&quot;
  },
  &quot;kt:rid&quot;: &quot;30c47ddc-6330-4eca-8751-f3b76e783b72&quot;,
  &quot;pageLoadStrategy&quot;: &quot;normal&quot;,
  &quot;unhandledPromptBehavior&quot;: &quot;dismiss and notify&quot;,
  &quot;strictFileInteractability&quot;: false,
  &quot;se:bidiEnabled&quot;: false,
  &quot;proxy&quot;: {
    &quot;proxyType&quot;: &quot;UNSPECIFIED&quot;,
    &quot;autodetect&quot;: false
  },
  &quot;webauthn:extension:minPinLength&quot;: true,
  &quot;webauthn:extension:prf&quot;: true,
  &quot;katalon:caps&quot;: {
    &quot;executionId&quot;: &quot;9bbbf138-b287-45ef-925f-af7913454268&quot;,
    &quot;executionSessionId&quot;: &quot;30c47ddc-6330-4eca-8751-f3b76e783b72&quot;
  },
  &quot;katalon:options&quot;: {
    &quot;executionId&quot;: &quot;9bbbf138-b287-45ef-925f-af7913454268&quot;,
    &quot;executionSessionId&quot;: &quot;30c47ddc-6330-4eca-8751-f3b76e783b72&quot;,
    &quot;metadata&quot;: {
      &quot;usingTunnel&quot;: false,
      &quot;accountUuid&quot;: &quot;fda32340-531c-49aa-a0b7-40d478ba5457&quot;,
      &quot;organizationId&quot;: &quot;1906073&quot;
    },
    &quot;organizationId&quot;: &quot;1906073&quot;,
    &quot;runFromTestCloud&quot;: true,
    &quot;userId&quot;: 1648280,
    &quot;username&quot;: &quot;innocent.beaver.duja@instantletter.net&quot;,
    &quot;usingTunnel&quot;: false
  },
  &quot;webauthn:virtualAuthenticators&quot;: true
}</property>
</record>
<record>
  <date>2025-01-31T14:37:59.074099800Z</date>
  <millis>1738334279074</millis>
  <nanos>99800</nanos>
  <sequence>893</sequence>
  <level>RUN_DATA</level>
  <class>com.kms.katalon.core.logging.XmlKeywordLogger</class>
  <method>logMessage</method>
  <thread>1</thread>
  <message>sessionId = 87600b982e5ac345bafb407887e5db64</message>
  <nestedLevel>1</nestedLevel>
  <escapedJava>false</escapedJava>
  <property name="sessionId">87600b982e5ac345bafb407887e5db64</property>
</record>
<record>
  <date>2025-01-31T14:37:59.357786600Z</date>
  <millis>1738334279357</millis>
  <nanos>786600</nanos>
  <sequence>894</sequence>
  <level>RUN_DATA</level>
  <class>com.kms.katalon.core.logging.XmlKeywordLogger</class>
  <method>logMessage</method>
  <thread>1</thread>
  <message>browser = Chrome 133.0.0.0</message>
  <nestedLevel>1</nestedLevel>
  <escapedJava>false</escapedJava>
  <property name="browser">Chrome 133.0.0.0</property>
</record>
<record>
  <date>2025-01-31T14:37:59.358788300Z</date>
  <millis>1738334279358</millis>
  <nanos>788300</nanos>
  <sequence>895</sequence>
  <level>RUN_DATA</level>
  <class>com.kms.katalon.core.logging.XmlKeywordLogger</class>
  <method>logMessage</method>
  <thread>1</thread>
  <message>platform = Windows 11</message>
  <nestedLevel>1</nestedLevel>
  <escapedJava>false</escapedJava>
  <property name="platform">Windows 11</property>
</record>
<record>
  <date>2025-01-31T14:37:59.359800400Z</date>
  <millis>1738334279359</millis>
  <nanos>800400</nanos>
  <sequence>896</sequence>
  <level>RUN_DATA</level>
  <class>com.kms.katalon.core.logging.XmlKeywordLogger</class>
  <method>logMessage</method>
  <thread>1</thread>
  <message>seleniumVersion = 3.141.59</message>
  <nestedLevel>1</nestedLevel>
  <escapedJava>false</escapedJava>
  <property name="seleniumVersion">3.141.59</property>
</record>
<record>
  <date>2025-01-31T14:37:59.360787900Z</date>
  <millis>1738334279360</millis>
  <nanos>787900</nanos>
  <sequence>897</sequence>
  <level>RUN_DATA</level>
  <class>com.kms.katalon.core.logging.XmlKeywordLogger</class>
  <method>logMessage</method>
  <thread>1</thread>
  <message>proxyInformation = ProxyInformation { proxyOption=NO_PROXY, proxyServerType=HTTP, username=, password=********, proxyServerAddress=, proxyServerPort=0, executionList=&amp;quot;&amp;quot;, isApplyToDesiredCapabilities=true }</message>
  <nestedLevel>1</nestedLevel>
  <escapedJava>false</escapedJava>
  <property name="proxyInformation">ProxyInformation { proxyOption=NO_PROXY, proxyServerType=HTTP, username=, password=********, proxyServerAddress=, proxyServerPort=0, executionList=&quot;&quot;, isApplyToDesiredCapabilities=true }</property>
</record>
<record>
  <date>2025-01-31T14:37:59.925010700Z</date>
  <millis>1738334279925</millis>
  <nanos>10700</nanos>
  <sequence>898</sequence>
  <level>PASSED</level>
  <class>com.kms.katalon.core.logging.XmlKeywordLogger</class>
  <method>logMessage</method>
  <thread>1</thread>
  <message>Browser is opened with url: &amp;apos;&amp;apos;</message>
  <nestedLevel>1</nestedLevel>
  <escapedJava>false</escapedJava>
  <property name="testops-method-name">com.kms.katalon.core.webui.keyword.builtin.OpenBrowserKeyword.openBrowser</property>
  <property name="testops-execution-stacktrace"></property>
</record>
<record>
  <date>2025-01-31T14:37:59.928007100Z</date>
  <millis>1738334279928</millis>
  <nanos>7100</nanos>
  <sequence>899</sequence>
  <level>END</level>
  <class>com.kms.katalon.core.logging.XmlKeywordLogger</class>
  <method>endKeyword</method>
  <thread>1</thread>
  <message>End action : openBrowser(&amp;quot;&amp;quot;)</message>
  <nestedLevel>1</nestedLevel>
  <escapedJava>false</escapedJava>
</record>
<record>
  <date>2025-01-31T14:37:59.929004500Z</date>
  <millis>1738334279929</millis>
  <nanos>4500</nanos>
  <sequence>900</sequence>
  <level>START</level>
  <class>com.kms.katalon.core.logging.XmlKeywordLogger</class>
  <method>startKeyword</method>
  <thread>1</thread>
  <message>Start action : navigateToUrl(&amp;quot;https://www.saucedemo.com/&amp;quot;)</message>
  <nestedLevel>1</nestedLevel>
  <escapedJava>false</escapedJava>
  <property name="startLine">22</property>
  <property name="stepIndex">2</property>
</record>
<record>
  <date>2025-01-31T14:38:00.646776Z</date>
  <millis>1738334280646</millis>
  <nanos>776000</nanos>
  <sequence>903</sequence>
  <level>PASSED</level>
  <class>com.kms.katalon.core.logging.XmlKeywordLogger</class>
  <method>logMessage</method>
  <thread>1</thread>
  <message>Navigate to &amp;apos;https://www.saucedemo.com/&amp;apos; successfully</message>
  <nestedLevel>1</nestedLevel>
  <escapedJava>false</escapedJava>
  <property name="testops-method-name">com.kms.katalon.core.webui.keyword.builtin.NavigateToUrlKeyword.navigateToUrl</property>
  <property name="testops-execution-stacktrace"></property>
</record>
<record>
  <date>2025-01-31T14:38:00.649771900Z</date>
  <millis>1738334280649</millis>
  <nanos>771900</nanos>
  <sequence>904</sequence>
  <level>END</level>
  <class>com.kms.katalon.core.logging.XmlKeywordLogger</class>
  <method>endKeyword</method>
  <thread>1</thread>
  <message>End action : navigateToUrl(&amp;quot;https://www.saucedemo.com/&amp;quot;)</message>
  <nestedLevel>1</nestedLevel>
  <escapedJava>false</escapedJava>
</record>
<record>
  <date>2025-01-31T14:38:00.650771400Z</date>
  <millis>1738334280650</millis>
  <nanos>771400</nanos>
  <sequence>905</sequence>
  <level>START</level>
  <class>com.kms.katalon.core.logging.XmlKeywordLogger</class>
  <method>startKeyword</method>
  <thread>1</thread>
  <message>Start action : com.test.swaglabs.CustomLogin.WebLoginThirdAccount()</message>
  <nestedLevel>1</nestedLevel>
  <escapedJava>false</escapedJava>
  <property name="startLine">24</property>
  <property name="stepIndex">3</property>
</record>
<record>
  <date>2025-01-31T14:38:02.954114600Z</date>
  <millis>1738334282954</millis>
  <nanos>114600</nanos>
  <sequence>921</sequence>
  <level>PASSED</level>
  <class>com.kms.katalon.core.logging.XmlKeywordLogger</class>
  <method>logMessage</method>
  <thread>1</thread>
  <message>Text &amp;apos;problem_user&amp;apos; is set on object &amp;apos;Object Repository/Page_Swag Labs/input_Swag Labs_user-name&amp;apos;</message>
  <nestedLevel>1</nestedLevel>
  <escapedJava>false</escapedJava>
  <property name="testops-method-name">com.kms.katalon.core.webui.keyword.builtin.SetTextKeyword.setText</property>
  <property name="testops-execution-stacktrace"></property>
</record>
<record>
  <date>2025-01-31T14:38:04.267661100Z</date>
  <millis>1738334284267</millis>
  <nanos>661100</nanos>
  <sequence>932</sequence>
  <level>PASSED</level>
  <class>com.kms.katalon.core.logging.XmlKeywordLogger</class>
  <method>logMessage</method>
  <thread>1</thread>
  <message>Text ****** has been set on object &amp;apos;Object Repository/Page_Swag Labs/input_Swag Labs_password&amp;apos;</message>
  <nestedLevel>1</nestedLevel>
  <escapedJava>false</escapedJava>
  <property name="testops-method-name">com.kms.katalon.core.webui.keyword.builtin.SetEncryptedTextKeyword.setEncryptedText</property>
  <property name="testops-execution-stacktrace"></property>
</record>
<record>
  <date>2025-01-31T14:38:05.334829Z</date>
  <millis>1738334285334</millis>
  <nanos>829000</nanos>
  <sequence>942</sequence>
  <level>PASSED</level>
  <class>com.kms.katalon.core.logging.XmlKeywordLogger</class>
  <method>logMessage</method>
  <thread>1</thread>
  <message>Object: &amp;apos;Object Repository/Page_Swag Labs/input_Swag Labs_login-button&amp;apos; is clicked on</message>
  <nestedLevel>1</nestedLevel>
  <escapedJava>false</escapedJava>
  <property name="testops-method-name">com.kms.katalon.core.webui.keyword.builtin.ClickKeyword.click</property>
  <property name="testops-execution-stacktrace"></property>
</record>
<record>
  <date>2025-01-31T14:38:05.336832200Z</date>
  <millis>1738334285336</millis>
  <nanos>832200</nanos>
  <sequence>943</sequence>
  <level>PASSED</level>
  <class>com.kms.katalon.core.logging.XmlKeywordLogger</class>
  <method>logMessage</method>
  <thread>1</thread>
  <message>com.test.swaglabs.CustomLogin.WebLoginThirdAccount is PASSED</message>
  <nestedLevel>1</nestedLevel>
  <escapedJava>false</escapedJava>
</record>
<record>
  <date>2025-01-31T14:38:05.340836200Z</date>
  <millis>1738334285340</millis>
  <nanos>836200</nanos>
  <sequence>944</sequence>
  <level>END</level>
  <class>com.kms.katalon.core.logging.XmlKeywordLogger</class>
  <method>endKeyword</method>
  <thread>1</thread>
  <message>End action : com.test.swaglabs.CustomLogin.WebLoginThirdAccount()</message>
  <nestedLevel>1</nestedLevel>
  <escapedJava>false</escapedJava>
</record>
<record>
  <date>2025-01-31T14:38:05.340836200Z</date>
  <millis>1738334285340</millis>
  <nanos>836200</nanos>
  <sequence>945</sequence>
  <level>START</level>
  <class>com.kms.katalon.core.logging.XmlKeywordLogger</class>
  <method>startKeyword</method>
  <thread>1</thread>
  <message>Start action : verifyTextPresent(&amp;quot;Add to cart&amp;quot;, false)</message>
  <nestedLevel>1</nestedLevel>
  <escapedJava>false</escapedJava>
  <property name="startLine">26</property>
  <property name="stepIndex">4</property>
</record>
<record>
  <date>2025-01-31T14:38:06.387955200Z</date>
  <millis>1738334286387</millis>
  <nanos>955200</nanos>
  <sequence>949</sequence>
  <level>PASSED</level>
  <class>com.kms.katalon.core.logging.XmlKeywordLogger</class>
  <method>logMessage</method>
  <thread>1</thread>
  <message>Text &amp;apos;Add to cart&amp;apos; is present on page </message>
  <nestedLevel>1</nestedLevel>
  <escapedJava>false</escapedJava>
  <property name="testops-is-assertion">true</property>
  <property name="testops-method-name">com.kms.katalon.core.webui.keyword.builtin.VerifyTextPresentKeyword.verifyTextPresent</property>
  <property name="testops-execution-stacktrace"></property>
</record>
<record>
  <date>2025-01-31T14:38:06.390959200Z</date>
  <millis>1738334286390</millis>
  <nanos>959200</nanos>
  <sequence>950</sequence>
  <level>END</level>
  <class>com.kms.katalon.core.logging.XmlKeywordLogger</class>
  <method>endKeyword</method>
  <thread>1</thread>
  <message>End action : verifyTextPresent(&amp;quot;Add to cart&amp;quot;, false)</message>
  <nestedLevel>1</nestedLevel>
  <escapedJava>false</escapedJava>
</record>
<record>
  <date>2025-01-31T14:38:06.390959200Z</date>
  <millis>1738334286390</millis>
  <nanos>959200</nanos>
  <sequence>951</sequence>
  <level>START</level>
  <class>com.kms.katalon.core.logging.XmlKeywordLogger</class>
  <method>startKeyword</method>
  <thread>1</thread>
  <message>Start action : closeBrowser()</message>
  <nestedLevel>1</nestedLevel>
  <escapedJava>false</escapedJava>
  <property name="startLine">28</property>
  <property name="stepIndex">5</property>
</record>
<record>
  <date>2025-01-31T14:38:07.250021700Z</date>
  <millis>1738334287250</millis>
  <nanos>21700</nanos>
  <sequence>953</sequence>
  <level>PASSED</level>
  <class>com.kms.katalon.core.logging.XmlKeywordLogger</class>
  <method>logMessage</method>
  <thread>1</thread>
  <message>Browser is closed</message>
  <nestedLevel>1</nestedLevel>
  <escapedJava>false</escapedJava>
  <property name="testops-method-name">com.kms.katalon.core.webui.keyword.builtin.CloseBrowserKeyword.closeBrowser</property>
  <property name="testops-execution-stacktrace"></property>
</record>
<record>
  <date>2025-01-31T14:38:07.250021700Z</date>
  <millis>1738334287250</millis>
  <nanos>21700</nanos>
  <sequence>954</sequence>
  <level>END</level>
  <class>com.kms.katalon.core.logging.XmlKeywordLogger</class>
  <method>endKeyword</method>
  <thread>1</thread>
  <message>End action : closeBrowser()</message>
  <nestedLevel>1</nestedLevel>
  <escapedJava>false</escapedJava>
</record>
<record>
  <date>2025-01-31T14:38:07.250021700Z</date>
  <millis>1738334287250</millis>
  <nanos>21700</nanos>
  <sequence>955</sequence>
  <level>PASSED</level>
  <class>com.kms.katalon.core.logging.XmlKeywordLogger</class>
  <method>logMessage</method>
  <thread>1</thread>
  <message>Test Cases/Login by Third Account - problem_user</message>
  <nestedLevel>1</nestedLevel>
  <escapedJava>false</escapedJava>
</record>
<record>
  <date>2025-01-31T14:38:07.250954800Z</date>
  <millis>1738334287250</millis>
  <nanos>954800</nanos>
  <sequence>956</sequence>
  <level>END</level>
  <class>com.kms.katalon.core.logging.XmlKeywordLogger</class>
  <method>endTest</method>
  <thread>1</thread>
  <message>End Test Case : Test Cases/Login by Third Account - problem_user</message>
  <nestedLevel>0</nestedLevel>
  <escapedJava>false</escapedJava>
  <property name="executionBindingVariables">[]</property>
  <property name="applitools">false</property>
  <property name="remainingRetryCount">3</property>
  <property name="currentRetryCount">0</property>
  <property name="keywordsUsage">{
  &quot;web_ui&quot;: true,
  &quot;web_service&quot;: false,
  &quot;cucumber&quot;: false,
  &quot;builtin&quot;: false,
  &quot;mobile&quot;: false,
  &quot;windows&quot;: false,
  &quot;testng&quot;: false
}</property>
</record>
<record>
  <date>2025-01-31T14:38:07.252937400Z</date>
  <millis>1738334287252</millis>
  <nanos>937400</nanos>
  <sequence>957</sequence>
  <level>START</level>
  <class>com.kms.katalon.core.logging.XmlKeywordLogger</class>
  <method>startKeyword</method>
  <thread>1</thread>
  <message>Start listener action : exportKatalonReports</message>
  <nestedLevel>0</nestedLevel>
  <escapedJava>false</escapedJava>
</record>
<record>
  <date>2025-01-31T14:38:07.788721400Z</date>
  <millis>1738334287788</millis>
  <nanos>721400</nanos>
  <sequence>1823</sequence>
  <level>INFO</level>
  <class>com.kms.katalon.core.logging.XmlKeywordLogger</class>
  <method>logMessage</method>
  <thread>1</thread>
  <message>Start generating HTML report folder at: C:\Users\ACER\git\KatalonGitSwagLabsNew\Reports\20250131_213039\Login by Different Account\20250131_213039...</message>
  <nestedLevel>0</nestedLevel>
  <escapedJava>false</escapedJava>
</record>
<record>
  <date>2025-01-31T14:38:08.158390100Z</date>
  <millis>1738334288158</millis>
  <nanos>390100</nanos>
  <sequence>1824</sequence>
  <level>INFO</level>
  <class>com.kms.katalon.core.logging.XmlKeywordLogger</class>
  <method>logMessage</method>
  <thread>1</thread>
  <message>HTML report generated</message>
  <nestedLevel>0</nestedLevel>
  <escapedJava>false</escapedJava>
</record>
<record>
  <date>2025-01-31T14:38:08.158390100Z</date>
  <millis>1738334288158</millis>
  <nanos>390100</nanos>
  <sequence>1825</sequence>
  <level>INFO</level>
  <class>com.kms.katalon.core.logging.XmlKeywordLogger</class>
  <method>logMessage</method>
  <thread>1</thread>
  <message>Start generating CSV report folder at: C:\Users\ACER\git\KatalonGitSwagLabsNew\Reports\20250131_213039\Login by Different Account\20250131_213039...</message>
  <nestedLevel>0</nestedLevel>
  <escapedJava>false</escapedJava>
</record>
<record>
  <date>2025-01-31T14:38:08.185402100Z</date>
  <millis>1738334288185</millis>
  <nanos>402100</nanos>
  <sequence>1826</sequence>
  <level>INFO</level>
  <class>com.kms.katalon.core.logging.XmlKeywordLogger</class>
  <method>logMessage</method>
  <thread>1</thread>
  <message>CSV report generated</message>
  <nestedLevel>0</nestedLevel>
  <escapedJava>false</escapedJava>
</record>
<record>
  <date>2025-01-31T14:38:08.185402100Z</date>
  <millis>1738334288185</millis>
  <nanos>402100</nanos>
  <sequence>1827</sequence>
  <level>INFO</level>
  <class>com.kms.katalon.core.logging.XmlKeywordLogger</class>
  <method>logMessage</method>
  <thread>1</thread>
  <message>Start generating PDF report folder at: C:\Users\ACER\git\KatalonGitSwagLabsNew\Reports\20250131_213039\Login by Different Account\20250131_213039...</message>
  <nestedLevel>0</nestedLevel>
  <escapedJava>false</escapedJava>
</record>
<record>
  <date>2025-01-31T14:38:13.121469900Z</date>
  <millis>1738334293121</millis>
  <nanos>469900</nanos>
  <sequence>1828</sequence>
  <level>INFO</level>
  <class>com.kms.katalon.core.logging.XmlKeywordLogger</class>
  <method>logMessage</method>
  <thread>1</thread>
  <message>PDF report generated</message>
  <nestedLevel>0</nestedLevel>
  <escapedJava>false</escapedJava>
</record>
<record>
  <date>2025-01-31T14:38:15.424356900Z</date>
  <millis>1738334295424</millis>
  <nanos>356900</nanos>
  <sequence>1830</sequence>
  <level>END</level>
  <class>com.kms.katalon.core.logging.XmlKeywordLogger</class>
  <method>endKeyword</method>
  <thread>1</thread>
  <message>End listener action : exportKatalonReports</message>
  <nestedLevel>0</nestedLevel>
  <escapedJava>false</escapedJava>
</record>
<record>
  <date>2025-01-31T14:38:15.425359200Z</date>
  <millis>1738334295425</millis>
  <nanos>359200</nanos>
  <sequence>1831</sequence>
  <level>END</level>
  <class>com.kms.katalon.core.logging.XmlKeywordLogger</class>
  <method>endSuite</method>
  <thread>1</thread>
  <message>End Test Suite : Test Suites/Login by Different Account</message>
  <nestedLevel>0</nestedLevel>
  <escapedJava>false</escapedJava>
</record>
</log>